*************************************************
******************* ORCA 6.1.1 ******************
*************************************************
$Calculation_Status
   &GeometryIndex 19
   &version [&Type "String"] "6.1.1"
   &progName [&Type "String"] "LeanSCF"
   &Status [&Type "String"] "NORMAL TERMINATION"
$End
$Geometry
   &GeometryIndex 1
   &NAtoms [&Type "Integer"] 41
   &NCorelessECP [&Type "Integer"] 0
   &NGhostAtoms [&Type "Integer"] 0
   &CartesianCoordinates [&Type "Coordinates", &Dim(41,4), &Units "Bohr"] 
              C     -6.644855588728   -6.713944354130   -1.518024978023
              C     -4.673122086917   -5.363683404125    0.056894986269
              O     -4.877228401978   -2.730293155749   -0.391013930220
              P     -2.746133747272   -0.952265218714    0.886694537558
              O     -2.298430338501   -1.612842742683    3.605818126842
              N     -3.706405168697    1.922861669097    0.269464231950
              C     -5.424490369156    3.183942663390    2.014579942747
              C     -5.550584443038    5.982549192113    1.314135395653
              C     -8.060983207693    2.012641348295    1.943615472980
              O     -0.364317504564   -1.509565959135   -0.930386763220
              C      1.969631446049   -0.435408623777   -0.683017228125
              C      2.655724581402    1.180685657281    1.268506673136
              C      5.099122879212    2.178878364214    1.343797878757
              C      6.881521450439    1.562113271385   -0.517440501415
              S      9.969383029454    2.925564660983   -0.289519177313
              C     11.204199192643    1.007098589359    2.263119520675
              C      6.191309184546   -0.061815379587   -2.505128223981
              C      8.002074378077   -0.777581070284   -4.576433890227
              C      3.725746818034   -1.051125825670   -2.554070071048
              H     -6.555404136063   -8.756834983288   -1.219659671424
              H     -8.544134496127   -6.050327829283   -1.033651773774
              H     -6.364864977500   -6.319659648123   -3.530047724468
              H     -2.780283781923   -6.018206321151   -0.459978370539
              H     -4.990265998952   -5.741278615835    2.065378030001
              H     -4.376422214857    2.049058544081   -1.519873904970
              H     -4.671968371318    3.043234146787    3.939120406747
              H     -6.306191021946    6.259754214739   -0.594238215607
              H     -6.769278596687    7.011006562279    2.634101220039
              H     -3.672387358184    6.851501676816    1.391488198000
              H     -8.026300156888    0.046582694064    2.586852756561
              H     -8.859738508130    2.050705837249    0.033585649044
              H     -9.351509933501    3.045992523333    3.189474137448
              H      1.343709269498    1.700629478906    2.758329094878
              H      5.596548232896    3.455587884963    2.876833423893
              H     10.125092551156    1.312913593221    3.998214561804
              H     11.139537413067   -0.995964001725    1.759030690287
              H     13.170928302809    1.532822195056    2.614807815411
              H      7.120064320427   -2.054441504562   -5.946471088785
              H      8.618435031719    0.903460868120   -5.612566534264
              H      9.646440228216   -1.758569748288   -3.793213064577
              H      3.155832117874   -2.315777287417   -4.072073903036
$End
$SCF_Mulliken_Population_Analysis
   &GeometryIndex 1
   &NAtoms [&Type "Integer"] 41
   &ATNO [&Type "ArrayOfIntegers", &Dim (41,1)] 
                                                         0

0                                                        6
1                                                        6
2                                                        8
3                                                       15
4                                                        8
5                                                        7
6                                                        6
7                                                        6
8                                                        6
9                                                        8
10                                                       6
11                                                       6
12                                                       6
13                                                       6
14                                                      16
15                                                       6
16                                                       6
17                                                       6
18                                                       6
19                                                       1
20                                                       1
21                                                       1
22                                                       1
23                                                       1
24                                                       1
25                                                       1
26                                                       1
27                                                       1
28                                                       1
29                                                       1
30                                                       1
31                                                       1
32                                                       1
33                                                       1
34                                                       1
35                                                       1
36                                                       1
37                                                       1
38                                                       1
39                                                       1
40                                                       1
   &AtomicCharges [&Type "ArrayOfDoubles", &Dim (41,1)] 
                                                         0

0                                     -8.1104154064084888e-02
1                                      1.3578908319686622e-01
2                                     -4.8222548290132394e-01
3                                      1.0328654094833105e+00
4                                     -5.7928082640821366e-01
5                                     -3.9390605300281933e-01
6                                     -6.2453023314811063e-02
7                                     -2.1515059830570671e-02
8                                     -3.1615719651556518e-02
9                                     -4.2293903351157347e-01
10                                     2.6564192400550901e-01
11                                    -1.2278608986600403e-01
12                                     8.5897487648365356e-03
13                                    -1.3154664713871345e-01
14                                    -1.0330311333627051e-01
15                                    -1.2759185696281072e-01
16                                    -1.0954472489433797e-01
17                                     5.2348046793980529e-02
18                                    -9.0476590731986661e-02
19                                     5.5513328177589694e-02
20                                     4.8228870369894317e-02
21                                     4.7113283477568824e-02
22                                     4.9146809987546280e-02
23                                     4.6888183772785474e-02
24                                     1.8456829033577238e-01
25                                     5.2757648805672908e-02
26                                     3.9114766800703360e-02
27                                     4.6700561249679806e-02
28                                     4.1706546150976909e-02
29                                     4.2437924218926559e-02
30                                     3.8862181691791564e-02
31                                     4.3937293299277203e-02
32                                     3.7302924170976137e-02
33                                     4.1657134689949027e-02
34                                     8.2804128232143892e-02
35                                     8.4179050642419595e-02
36                                     9.2764050220889738e-02
37                                     4.3630762712007720e-02
38                                     5.8756903651463688e-02
39                                     5.8032118941395261e-02
40                                     2.8951401770997975e-02
   &Method [&Type "String"] "SCF"
   &Level [&Type "String"] "Relaxed density"
   &Mult [&Type "Integer"] 1
   &State [&Type "Integer"] -1
   &Irrep [&Type "Integer"] 0
$End
$SCF_Loewdin_Population_Analysis
   &GeometryIndex 1
   &NAtoms [&Type "Integer"] 41
   &ATNO [&Type "ArrayOfIntegers", &Dim (41,1)] 
                                                         0

0                                                        6
1                                                        6
2                                                        8
3                                                       15
4                                                        8
5                                                        7
6                                                        6
7                                                        6
8                                                        6
9                                                        8
10                                                       6
11                                                       6
12                                                       6
13                                                       6
14                                                      16
15                                                       6
16                                                       6
17                                                       6
18                                                       6
19                                                       1
20                                                       1
21                                                       1
22                                                       1
23                                                       1
24                                                       1
25                                                       1
26                                                       1
27                                                       1
28                                                       1
29                                                       1
30                                                       1
31                                                       1
32                                                       1
33                                                       1
34                                                       1
35                                                       1
36                                                       1
37                                                       1
38                                                       1
39                                                       1
40                                                       1
   &AtomicCharges [&Type "ArrayOfDoubles", &Dim (41,1)] 
                                                         0

0                                     -7.4145967233074650e-02
1                                      6.6912645526736370e-02
2                                     -2.7733139568393561e-01
3                                      9.1875188998728952e-01
4                                     -5.5134097271395355e-01
5                                     -2.0752200376133434e-01
6                                      1.0279880426093513e-02
7                                     -6.2068630624345644e-02
8                                     -7.3859652263951858e-02
9                                     -2.1182394183820286e-01
10                                     4.7465832551678133e-02
11                                    -8.1115708109481766e-02
12                                    -1.8801228920787949e-02
13                                    -1.8386653040065504e-01
14                                     2.0866217173268709e-01
15                                    -1.5892820725673573e-01
16                                    -2.3873991378751569e-02
17                                    -5.6340445048922660e-02
18                                    -5.6210454820726952e-02
19                                     4.0481146266486578e-02
20                                     3.2280760208708625e-02
21                                     3.1722127121320720e-02
22                                     1.8391426191517901e-02
23                                     1.8903049312879228e-02
24                                     9.1490416139478947e-02
25                                     2.9398606189360188e-02
26                                     2.9354383264503348e-02
27                                     3.4547892147622217e-02
28                                     2.8912227624499187e-02
29                                     2.3009166052713526e-02
30                                     2.9215701586110421e-02
31                                     3.3609557132827983e-02
32                                     3.6905586863214657e-02
33                                     4.3006992360002050e-02
34                                     2.9107698482105149e-02
35                                     3.1300525085121378e-02
36                                     3.9063711195975070e-02
37                                     3.7330143172800034e-02
38                                     4.1048027515579455e-02
39                                     4.1686046337295224e-02
40                                     4.4391519580110672e-02
   &Method [&Type "String"] "SCF"
   &Level [&Type "String"] "Relaxed density"
   &Mult [&Type "Integer"] 1
   &State [&Type "Integer"] -1
   &Irrep [&Type "Integer"] 0
$End
$SCF_Mayer_Population_Analysis
   &GeometryIndex 1
   &NAtoms [&Type "Integer"] 41 "Total number of atoms"
   &NBondOrdersPrint [&Type "Integer"] 41 "The number of bond orders larger than threshold"
   &bondThresh [&Type "Double"]       1.0000000000000001e-01  "The threshold for printing"
   &components [&Type "ArrayOfIntegers", &Dim (41,4)] "The indices and atomic numbers of the bonding atoms"
                                                         0                           1                           2                           3

0                                                        0                           6                           1                           6
1                                                        0                           6                          19                           1
2                                                        0                           6                          20                           1
3                                                        0                           6                          21                           1
4                                                        1                           6                           2                           8
5                                                        1                           6                          22                           1
6                                                        1                           6                          23                           1
7                                                        2                           8                           3                          15
8                                                        3                          15                           4                           8
9                                                        3                          15                           5                           7
10                                                       3                          15                           9                           8
11                                                       5                           7                           6                           6
12                                                       5                           7                          24                           1
13                                                       6                           6                           7                           6
14                                                       6                           6                           8                           6
15                                                       6                           6                          25                           1
16                                                       7                           6                          26                           1
17                                                       7                           6                          27                           1
18                                                       7                           6                          28                           1
19                                                       8                           6                          29                           1
20                                                       8                           6                          30                           1
21                                                       8                           6                          31                           1
22                                                       9                           8                          10                           6
23                                                      10                           6                          11                           6
24                                                      10                           6                          18                           6
25                                                      11                           6                          12                           6
26                                                      11                           6                          32                           1
27                                                      12                           6                          13                           6
28                                                      12                           6                          33                           1
29                                                      13                           6                          14                          16
30                                                      13                           6                          16                           6
31                                                      14                          16                          15                           6
32                                                      15                           6                          34                           1
33                                                      15                           6                          35                           1
34                                                      15                           6                          36                           1
35                                                      16                           6                          17                           6
36                                                      16                           6                          18                           6
37                                                      17                           6                          37                           1
38                                                      17                           6                          38                           1
39                                                      17                           6                          39                           1
40                                                      18                           6                          40                           1
   &BondOrders [&Type "ArrayOfDoubles", &Dim (41,1)] "The bond orders"
                                                         0

0                                      1.0959259288181162e+00
1                                      9.6532156702043281e-01
2                                      9.7330141846018003e-01
3                                      9.7264515519330885e-01
4                                      8.7519820464635756e-01
5                                      9.5531836322982266e-01
6                                      9.5866242472086627e-01
7                                      1.0844902765433519e+00
8                                      1.8260528062963655e+00
9                                      1.1615479439226708e+00
10                                     1.0124064761385436e+00
11                                     9.2558056900468721e-01
12                                     9.0681190116707266e-01
13                                     1.0692520576614941e+00
14                                     1.0658497617855436e+00
15                                     9.4150489236229851e-01
16                                     9.6778575466053041e-01
17                                     9.7077567192611269e-01
18                                     9.7139101955802043e-01
19                                     9.6395215927331190e-01
20                                     9.6436313185942013e-01
21                                     9.6859399025564341e-01
22                                     9.9576477582879819e-01
23                                     1.3376437427939418e+00
24                                     1.3687250899384249e+00
25                                     1.4012435593477921e+00
26                                     9.8784325215190028e-01
27                                     1.3845938821604358e+00
28                                     9.8742474361335208e-01
29                                     9.9857830879474019e-01
30                                     1.4191260507749721e+00
31                                     9.8512970547307144e-01
32                                     9.7242703552528031e-01
33                                     9.6995710887672071e-01
34                                     9.7158914181724476e-01
35                                     1.0506323939357858e+00
36                                     1.4034277562742405e+00
37                                     9.6251512946205309e-01
38                                     9.5494382259965549e-01
39                                     9.5301718297980531e-01
40                                     1.0026925602392449e+00
   &ATNO [&Type "ArrayOfIntegers", &Dim (41,1)] "Atomic number of the elements"
                                                         0

0                                                        6
1                                                        6
2                                                        8
3                                                       15
4                                                        8
5                                                        7
6                                                        6
7                                                        6
8                                                        6
9                                                        8
10                                                       6
11                                                       6
12                                                       6
13                                                       6
14                                                      16
15                                                       6
16                                                       6
17                                                       6
18                                                       6
19                                                       1
20                                                       1
21                                                       1
22                                                       1
23                                                       1
24                                                       1
25                                                       1
26                                                       1
27                                                       1
28                                                       1
29                                                       1
30                                                       1
31                                                       1
32                                                       1
33                                                       1
34                                                       1
35                                                       1
36                                                       1
37                                                       1
38                                                       1
39                                                       1
40                                                       1
   &NA [&Type "ArrayOfDoubles", &Dim (41,1)] "Mulliken gross atomic population"
                                                         0

0                                      6.0811041540640867e+00
1                                      5.8642109168031382e+00
2                                      8.4822254829013257e+00
3                                      1.3967134590516677e+01
4                                      8.5792808264082172e+00
5                                      7.3939060530028202e+00
6                                      6.0624530233148093e+00
7                                      6.0215150598305751e+00
8                                      6.0316157196515556e+00
9                                      8.4229390335115788e+00
10                                     5.7343580759944937e+00
11                                     6.1227860898660023e+00
12                                     5.9914102512351635e+00
13                                     6.1315466471387117e+00
14                                     1.6103303113336278e+01
15                                     6.1275918569628072e+00
16                                     6.1095447248943415e+00
17                                     5.9476519532060212e+00
18                                     6.0904765907319840e+00
19                                     9.4448667182241008e-01
20                                     9.5177112963010535e-01
21                                     9.5288671652243051e-01
22                                     9.5085319001245372e-01
23                                     9.5311181622721453e-01
24                                     8.1543170966422751e-01
25                                     9.4724235119432731e-01
26                                     9.6088523319929708e-01
27                                     9.5329943875032064e-01
28                                     9.5829345384902298e-01
29                                     9.5756207578107355e-01
30                                     9.6113781830820832e-01
31                                     9.5606270670072291e-01
32                                     9.6269707582902386e-01
33                                     9.5834286531005164e-01
34                                     9.1719587176785622e-01
35                                     9.1582094935758096e-01
36                                     9.0723594977910982e-01
37                                     9.5636923728799228e-01
38                                     9.4124309634853687e-01
39                                     9.4196788105860418e-01
40                                     9.7104859822900147e-01
   &ZA [&Type "ArrayOfDoubles", &Dim (41,1)] "Total nuclear charge"
                                                         0

0                                      6.0000000000000000e+00
1                                      6.0000000000000000e+00
2                                      8.0000000000000000e+00
3                                      1.5000000000000000e+01
4                                      8.0000000000000000e+00
5                                      7.0000000000000000e+00
6                                      6.0000000000000000e+00
7                                      6.0000000000000000e+00
8                                      6.0000000000000000e+00
9                                      8.0000000000000000e+00
10                                     6.0000000000000000e+00
11                                     6.0000000000000000e+00
12                                     6.0000000000000000e+00
13                                     6.0000000000000000e+00
14                                     1.6000000000000000e+01
15                                     6.0000000000000000e+00
16                                     6.0000000000000000e+00
17                                     6.0000000000000000e+00
18                                     6.0000000000000000e+00
19                                     1.0000000000000000e+00
20                                     1.0000000000000000e+00
21                                     1.0000000000000000e+00
22                                     1.0000000000000000e+00
23                                     1.0000000000000000e+00
24                                     1.0000000000000000e+00
25                                     1.0000000000000000e+00
26                                     1.0000000000000000e+00
27                                     1.0000000000000000e+00
28                                     1.0000000000000000e+00
29                                     1.0000000000000000e+00
30                                     1.0000000000000000e+00
31                                     1.0000000000000000e+00
32                                     1.0000000000000000e+00
33                                     1.0000000000000000e+00
34                                     1.0000000000000000e+00
35                                     1.0000000000000000e+00
36                                     1.0000000000000000e+00
37                                     1.0000000000000000e+00
38                                     1.0000000000000000e+00
39                                     1.0000000000000000e+00
40                                     1.0000000000000000e+00
   &QA [&Type "ArrayOfDoubles", &Dim (41,1)] "Mulliken gross atomic charge"
                                                         0

0                                     -8.1104154064086664e-02
1                                      1.3578908319686178e-01
2                                     -4.8222548290132572e-01
3                                      1.0328654094833229e+00
4                                     -5.7928082640821721e-01
5                                     -3.9390605300282022e-01
6                                     -6.2453023314809286e-02
7                                     -2.1515059830575112e-02
8                                     -3.1615719651555629e-02
9                                     -4.2293903351157880e-01
10                                     2.6564192400550635e-01
11                                    -1.2278608986600226e-01
12                                     8.5897487648365356e-03
13                                    -1.3154664713871167e-01
14                                    -1.0330311333627762e-01
15                                    -1.2759185696280717e-01
16                                    -1.0954472489434153e-01
17                                     5.2348046793978753e-02
18                                    -9.0476590731983997e-02
19                                     5.5513328177589916e-02
20                                     4.8228870369894650e-02
21                                     4.7113283477569490e-02
22                                     4.9146809987546280e-02
23                                     4.6888183772785474e-02
24                                     1.8456829033577249e-01
25                                     5.2757648805672686e-02
26                                     3.9114766800702916e-02
27                                     4.6700561249679362e-02
28                                     4.1706546150977020e-02
29                                     4.2437924218926448e-02
30                                     3.8862181691791675e-02
31                                     4.3937293299277091e-02
32                                     3.7302924170976137e-02
33                                     4.1657134689948361e-02
34                                     8.2804128232143781e-02
35                                     8.4179050642419040e-02
36                                     9.2764050220890182e-02
37                                     4.3630762712007720e-02
38                                     5.8756903651463133e-02
39                                     5.8032118941395816e-02
40                                     2.8951401770998531e-02
   &VA [&Type "ArrayOfDoubles", &Dim (41,1)] "Mayer's total valence"
                                                         0

0                                      4.0096197594799534e+00
1                                      3.9637582031112979e+00
2                                      2.0530329927184616e+00
3                                      5.2782983700234496e+00
4                                      2.0075258741009177e+00
5                                      3.0482177523125240e+00
6                                      4.1196496596675161e+00
7                                      3.9588998282137950e+00
8                                      3.9418628076652507e+00
9                                      2.1166276462291065e+00
10                                     3.7920073305359718e+00
11                                     3.8717843086678232e+00
12                                     3.9065524669882103e+00
13                                     3.8585207930513929e+00
14                                     2.0622055637905028e+00
15                                     3.9075808049748146e+00
16                                     4.0545245058096597e+00
17                                     3.9171704491569783e+00
18                                     3.8810637405899602e+00
19                                     9.9015146188141179e-01
20                                     9.9248661169826358e-01
21                                     9.9236629834378376e-01
22                                     9.8721200471605508e-01
23                                     9.9370304739324222e-01
24                                     9.8376224920810784e-01
25                                     9.9053340576015669e-01
26                                     9.9679312720086666e-01
27                                     9.9210552429067689e-01
28                                     9.9467876307188829e-01
29                                     1.0072422292604142e+00
30                                     9.9953533893867264e-01
31                                     9.9308964998242644e-01
32                                     1.0237242198590508e+00
33                                     1.0012850347064861e+00
34                                     9.8655557817610662e-01
35                                     9.8378395784368622e-01
36                                     9.8719700914882358e-01
37                                     9.9875248059672739e-01
38                                     9.9708602203509544e-01
39                                     9.9861319186599173e-01
40                                     1.0076653308373102e+00
   &BVA [&Type "ArrayOfDoubles", &Dim (41,1)] "Mayer's bonded valence"
                                                         0

0                                      4.0096197594799454e+00
1                                      3.9637582031112926e+00
2                                      2.0530329927185136e+00
3                                      5.2782983700235171e+00
4                                      2.0075258741009936e+00
5                                      3.0482177523125138e+00
6                                      4.1196496596675356e+00
7                                      3.9588998282138141e+00
8                                      3.9418628076653057e+00
9                                      2.1166276462291176e+00
10                                     3.7920073305359669e+00
11                                     3.8717843086678441e+00
12                                     3.9065524669882379e+00
13                                     3.8585207930514263e+00
14                                     2.0622055637904815e+00
15                                     3.9075808049748195e+00
16                                     4.0545245058096597e+00
17                                     3.9171704491569299e+00
18                                     3.8810637405899819e+00
19                                     9.9015146188140291e-01
20                                     9.9248661169825614e-01
21                                     9.9236629834379619e-01
22                                     9.8721200471605608e-01
23                                     9.9370304739325044e-01
24                                     9.8376224920810484e-01
25                                     9.9053340576016491e-01
26                                     9.9679312720086322e-01
27                                     9.9210552429067533e-01
28                                     9.9467876307189451e-01
29                                     1.0072422292604208e+00
30                                     9.9953533893868096e-01
31                                     9.9308964998242300e-01
32                                     1.0237242198590619e+00
33                                     1.0012850347064746e+00
34                                     9.8655557817610806e-01
35                                     9.8378395784368866e-01
36                                     9.8719700914882103e-01
37                                     9.9875248059672328e-01
38                                     9.9708602203509256e-01
39                                     9.9861319186597430e-01
40                                     1.0076653308373180e+00
   &FA [&Type "ArrayOfDoubles", &Dim (41,1)] "Mayer's free valence"
                                                         0

0                                      0.0000000000000000e+00
1                                      0.0000000000000000e+00
2                                      0.0000000000000000e+00
3                                      0.0000000000000000e+00
4                                      0.0000000000000000e+00
5                                      0.0000000000000000e+00
6                                      0.0000000000000000e+00
7                                      0.0000000000000000e+00
8                                      0.0000000000000000e+00
9                                      0.0000000000000000e+00
10                                     0.0000000000000000e+00
11                                     0.0000000000000000e+00
12                                     0.0000000000000000e+00
13                                     0.0000000000000000e+00
14                                     0.0000000000000000e+00
15                                     0.0000000000000000e+00
16                                     0.0000000000000000e+00
17                                     0.0000000000000000e+00
18                                     0.0000000000000000e+00
19                                     0.0000000000000000e+00
20                                     0.0000000000000000e+00
21                                     0.0000000000000000e+00
22                                     0.0000000000000000e+00
23                                     0.0000000000000000e+00
24                                     0.0000000000000000e+00
25                                     0.0000000000000000e+00
26                                     0.0000000000000000e+00
27                                     0.0000000000000000e+00
28                                     0.0000000000000000e+00
29                                     0.0000000000000000e+00
30                                     0.0000000000000000e+00
31                                     0.0000000000000000e+00
32                                     0.0000000000000000e+00
33                                     0.0000000000000000e+00
34                                     0.0000000000000000e+00
35                                     0.0000000000000000e+00
36                                     0.0000000000000000e+00
37                                     0.0000000000000000e+00
38                                     0.0000000000000000e+00
39                                     0.0000000000000000e+00
40                                     0.0000000000000000e+00
   &Method [&Type "String"] "SCF"
   &Level [&Type "String"] "Relaxed density"
   &Mult [&Type "Integer"] 1
   &State [&Type "Integer"] -1
   &Irrep [&Type "Integer"] 0
$End
$SCF_Energy
   &GeometryIndex 1
   &Method [&Type "String"] "SCF"
   &totalEnergy [&Type "ArrayOfDoubles", &Dim (1,1)] "Total energy of each state"
                                                         0

0                                     -1.5276710976759898e+03
   &Mult [&Type "ArrayOfIntegers", &Dim (1,1)] "Multiplicity of each state"
                                                         0

0                                                        1
$End
$DFT_Energy
   &GeometryIndex 1
   &nAlphaEl [&Type "Integer"] 81
   &nBetaEl [&Type "Integer"] 81
   &nTotalEl [&Type "Integer"] 162
   &finalEn [&Type "Double"]      -1.5276710976759898e+03  "No Van der Waals correction"
   &eExchange [&Type "Double"]       0.0000000000000000e+00
   &eCorr [&Type "Double"]       0.0000000000000000e+00
   &eXC [&Type "Double"]      -1.1272084326926247e+02
   &eCNL [&Type "Double"]       0.0000000000000000e+00
$End
$Solvation_Details
   &GeometryIndex 1
   &Solvent [&Type "String"] "WATER"
   &Epsilon [&Type "Double"]       8.0150999999999996e+01
   &Refrac [&Type "Double"]       1.3328000000000000e+00
   &RSolv [&Type "Double"]       1.3000000000000000e+00
   &SurfaceType [&Type "String"] "GAUSSIAN VDW"
   &CPCMDielEnergy [&Type "Double"]      -2.1903434999999999e-02
   &NPoints [&Type "Integer"] 3530
   &SurfaceArea [&Type "Double"]       1.3013501562530000e+03
$End
$SCF_Timings
   &GeometryIndex 1
   &TOTAL [&Type "Double"]       9.9474131999999997e+01
   &PREP [&Type "Double"]       2.7467910000000000e+00
   &FOCK [&Type "Double"]       8.1917382000000003e+01
   &DENS [&Type "Double"]       1.1279469999999918e+00
   &ETOT [&Type "Double"]       4.3164509999999989e+00
   &POP [&Type "Double"]       2.5817500000000848e-01
   &TRAFO [&Type "Double"]       1.9052400000000347e-01
   &DIIS [&Type "Double"]       1.7585570000000033e+00
   &SOSCF [&Type "Double"]       1.0559569999999887e+00
   &XC [&Type "Double"]       1.4337380000000005e+01
   &FOCKSTART [&Type "Double"]       4.1346100000000074e-01
   &SOLV [&Type "Double"]       1.8177985999999997e+01
   &SOLV_INIT [&Type "Double"]       9.5860699999999999e-01
   &SOLV_FINAL [&Type "Double"]       9.9999999747524271e-07
   &INT_PREP [&Type "Double"]       6.0000000150495225e-06
   &INT_BF [&Type "Double"]       9.9985199999955832e-01
   &INT_DENS [&Type "Double"]       7.3855700000028435e-01
   &INT_DENSIO [&Type "Double"]       2.5219293528600046e+05
   &INT_FUNC [&Type "Double"]       2.3753699999991618e-01
   &INT_POT [&Type "Double"]       6.6777699999983042e-01
   &INT_POTIO [&Type "Double"]       1.1539570000001280e+00
   &INT_SUM [&Type "Double"]       6.5530000000126876e-03
   &SPLITRIJ [&Type "Double"]       4.4898950000000006e+00
   &COSX [&Type "Double"]       4.5980805000000025e+01
$End
$VdW_Correction
   &GeometryIndex 1
   &vdW [&Type "Double"]      -1.8265713508205786e-02
$End
$Single_Point_Data
   &GeometryIndex 1
   &FinalEnergy [&Type "Double"]      -1.5276893633894981e+03  "Final single point energy"
   &Converged [&Type "Boolean"] true
$End
$SCF_Nuc_Gradient
   &GeometryIndex 1
   &NAtoms [&Type "Integer"] 41
   &gradNorm [&Type "Double"]       6.2527691638613297e-02
   &grad [&Type "ArrayOfDoubles", &Dim (123,1)] 
                                                         0

0                                     -8.9743562879302310e-04
1                                     -5.6495602345996189e-03
2                                      7.1064129735169213e-04
3                                      1.0113142655391223e-02
4                                      1.4181874967466533e-02
5                                      5.3532607548335571e-03
6                                     -1.0892561126670010e-02
7                                     -9.6837771330132300e-03
8                                      2.3131173820769534e-03
9                                      1.5319210532392437e-02
10                                     1.7151301388561951e-02
11                                    -2.6728938810459006e-02
12                                    -8.5657172232469201e-04
13                                    -1.0693704293975754e-02
14                                     1.4333062601398378e-02
15                                    -6.9073050405686499e-03
16                                     1.3971870659941108e-03
17                                    -7.2582365570479017e-04
18                                     1.4334104058504469e-02
19                                    -1.3528789565059821e-02
20                                     1.7590605325644697e-03
21                                    -4.0210396447903866e-03
22                                     2.8460006579263152e-04
23                                    -4.3434999061670813e-03
24                                    -2.6721530765648889e-04
25                                     9.5609330402243243e-04
26                                    -6.4751573621642062e-03
27                                     2.4680022759418704e-03
28                                     2.2762089792701781e-06
29                                     5.5032501326933549e-03
30                                    -1.2047232130870836e-02
31                                     6.1002859889105956e-04
32                                     7.0545393194208633e-03
33                                    -4.5405340734006958e-03
34                                    -5.7843686281171692e-03
35                                    -6.3014266439564417e-03
36                                     4.5434699940293342e-03
37                                     7.1155448741895642e-03
38                                     9.5068578162560181e-03
39                                     2.8943125047719495e-03
40                                    -5.0005933044549294e-03
41                                    -5.5176963093841423e-03
42                                     1.0833225330710815e-03
43                                     2.5471331248530841e-03
44                                     8.3134719345435385e-04
45                                     6.5690777982727912e-04
46                                     1.0058190555563840e-03
47                                     7.1896864384592878e-05
48                                     6.8467457661892028e-03
49                                     5.4348038577084271e-03
50                                     3.2044363209629352e-03
51                                     3.8792329748589772e-03
52                                     1.2777110114750667e-03
53                                    -3.0665269043121288e-04
54                                    -5.8462303352151924e-03
55                                    -6.3939262388160558e-03
56                                    -4.7184392495800654e-03
57                                    -6.9469670709198443e-04
58                                     3.4480403658607452e-03
59                                    -1.0897707815899914e-03
60                                     3.3200657172856697e-03
61                                    -1.7776681902499151e-04
62                                    -2.7357251305647821e-03
63                                    -2.1095044469980982e-03
64                                     5.7284270738520852e-04
65                                     3.6610247458509311e-03
66                                    -5.3812237252093319e-03
67                                     1.5063705936727480e-03
68                                    -1.5435916046076284e-05
69                                    -1.6265472898716025e-03
70                                     3.2048923418040291e-04
71                                    -4.9879136845633627e-03
72                                    -2.6274650291225263e-03
73                                    -2.8346603090898485e-03
74                                     8.9719260929757329e-03
75                                    -4.0340592912462307e-03
76                                     3.4893441137923849e-03
77                                    -1.5591813716564723e-03
78                                     1.7097050133063380e-03
79                                     1.1309180071870371e-03
80                                     3.8352603968591250e-03
81                                     2.4112561012618991e-03
82                                    -7.9534442031250281e-04
83                                    -1.8673981804340004e-03
84                                    -3.2255607323752895e-03
85                                    -5.6251193316862193e-04
86                                     3.8073852609167780e-04
87                                    -1.7677380935837323e-04
88                                     3.7891330273822216e-03
89                                    -5.2230676372652879e-04
90                                     3.4656199506604896e-05
91                                    -5.8848247262481535e-04
92                                     4.3417948903372817e-03
93                                     1.8567494790795837e-03
94                                    -2.2340163832547536e-03
95                                    -1.9604177372681770e-03
96                                     3.8978006151386365e-03
97                                     7.0195404498611018e-04
98                                    -2.2292216500264059e-03
99                                    -1.7863214244692744e-03
100                                   -2.1746838127780716e-03
101                                   -2.0057020544880923e-03
102                                    2.2222871829440187e-03
103                                   -7.7229132948980603e-04
104                                   -2.9853691363739758e-03
105                                    5.3091125855014924e-05
106                                    3.3971522053745200e-03
107                                    1.3135819326388857e-03
108                                   -3.5080875772564844e-03
109                                   -3.0079974984099883e-03
110                                    1.4640095130773946e-03
111                                    2.7425407139122387e-03
112                                    1.3094222770980697e-03
113                                    2.9004668609340173e-04
114                                   -4.7198601052913505e-03
115                                   -2.1400041219592296e-03
116                                    6.0660664244847895e-04
117                                   -5.3306836811902831e-03
118                                   -1.4275213860664342e-03
119                                   -5.6551579012040156e-04
120                                    1.1103055659951928e-03
121                                    1.8199597570914914e-03
122                                    2.1351332422634311e-03
   &Method [&Type "String"] "SCF"
   &Level [&Type "String"] "Relaxed density"
   &Mult [&Type "Integer"] 1
   &State [&Type "Integer"] 0
   &Irrep [&Type "Integer"] 0
$End
$Geometry
   &GeometryIndex 2
   &NAtoms [&Type "Integer"] 41
   &NCorelessECP [&Type "Integer"] 0
   &NGhostAtoms [&Type "Integer"] 0
   &CartesianCoordinates [&Type "Coordinates", &Dim(41,4), &Units "Bohr"] 
              C     -6.569956768953   -6.903500709230   -1.577390317367
              C     -4.629465852638   -5.549961732807    0.029536187220
              O     -4.877753878213   -2.886648811909   -0.376601144668
              P     -2.833341329772   -1.030637150845    0.926600448018
              O     -2.379474478996   -1.584828655683    3.655206165584
              N     -3.769618912582    1.847840661269    0.234499844290
              C     -5.429290410601    3.253246486624    1.972907432094
              C     -5.362295471213    6.045479909665    1.246748946066
              C     -8.135921936887    2.237630617401    1.997842647525
              O     -0.416962096288   -1.561380314134   -0.869391139590
              C      1.913541028925   -0.451263086220   -0.620912662093
              C      2.566890627658    1.155720091419    1.356998518964
              C      4.986731191695    2.191427539936    1.417942627180
              C      6.770920198533    1.617417084505   -0.447268998850
              S      9.845309057453    3.001262093881   -0.227445321325
              C     11.225666275780    0.962667074115    2.154183150920
              C      6.113352250865   -0.003856516816   -2.449127742094
              C      7.956440075763   -0.679159536478   -4.511929284280
              C      3.671075381034   -1.018156509101   -2.502903270096
              H     -6.437469284755   -8.957246891151   -1.301596519465
              H     -8.492614939320   -6.287325599763   -1.078351693814
              H     -6.277569339371   -6.481315569642   -3.592668210607
              H     -2.707284381630   -6.164199452394   -0.488479425508
              H     -4.934572341143   -5.965972388795    2.045566098020
              H     -4.352934078954    1.997923890672   -1.601657480135
              H     -4.632080742418    3.076010730324    3.885871317650
              H     -6.141285206993    6.344161448287   -0.661089567094
              H     -6.485530933126    7.176292326225    2.580728811845
              H     -3.414456884673    6.773748824099    1.270103763157
              H     -8.202659865405    0.272117375972    2.673086135190
              H     -8.973477695611    2.296414563117    0.092808023749
              H     -9.334434825944    3.376859011382    3.259171731822
              H      1.239372213212    1.622314580781    2.865203064158
              H      5.481519436343    3.466982163437    2.964638125804
              H     10.200380560195    1.126520915703    3.952405293282
              H     11.209805776391   -1.014387633852    1.519475072145
              H     13.194327331633    1.550950712489    2.454809082710
              H      7.100488484126   -1.979111180012   -5.885883747203
              H      8.565009788786    1.019618184138   -5.542859878438
              H      9.637329979840   -1.610483195159   -3.718048069541
              H      3.112292016153   -2.283171389245   -4.035694279559
$End
$SCF_Energy
   &GeometryIndex 2
   &Method [&Type "String"] "SCF"
   &totalEnergy [&Type "ArrayOfDoubles", &Dim (1,1)] "Total energy of each state"
                                                         0

0                                     -1.5276761522345512e+03
   &Mult [&Type "ArrayOfIntegers", &Dim (1,1)] "Multiplicity of each state"
                                                         0

0                                                        1
$End
$DFT_Energy
   &GeometryIndex 2
   &nAlphaEl [&Type "Integer"] 81
   &nBetaEl [&Type "Integer"] 81
   &nTotalEl [&Type "Integer"] 162
   &finalEn [&Type "Double"]      -1.5276761522345512e+03  "No Van der Waals correction"
   &eExchange [&Type "Double"]       0.0000000000000000e+00
   &eCorr [&Type "Double"]       0.0000000000000000e+00
   &eXC [&Type "Double"]      -1.1267391413476189e+02
   &eCNL [&Type "Double"]       0.0000000000000000e+00
$End
$Solvation_Details
   &GeometryIndex 2
   &Solvent [&Type "String"] "WATER"
   &Epsilon [&Type "Double"]       8.0150999999999996e+01
   &Refrac [&Type "Double"]       1.3328000000000000e+00
   &RSolv [&Type "Double"]       1.3000000000000000e+00
   &SurfaceType [&Type "String"] "GAUSSIAN VDW"
   &CPCMDielEnergy [&Type "Double"]      -2.1935700999999998e-02
   &NPoints [&Type "Integer"] 3568
   &SurfaceArea [&Type "Double"]       1.3118996332019999e+03
$End
$SCF_Timings
   &GeometryIndex 2
   &TOTAL [&Type "Double"]       8.4604386000000005e+01
   &PREP [&Type "Double"]       2.7845389999999997e+00
   &FOCK [&Type "Double"]       7.5028654999999986e+01
   &DENS [&Type "Double"]       9.7603800000000263e-01
   &ETOT [&Type "Double"]       5.9271100000001553e-01
   &TRAFO [&Type "Double"]       1.9305300000000081e-01
   &DIIS [&Type "Double"]       1.1734030000000040e+00
   &SOSCF [&Type "Double"]       1.0448229999999992e+00
   &XC [&Type "Double"]       1.5822368999999993e+01
   &FOCKSTART [&Type "Double"]       3.8263399999999992e-01
   &SOLV [&Type "Double"]       1.2498002999999999e+01
   &SOLV_INIT [&Type "Double"]       9.6834799999999999e-01
   &INT_PREP [&Type "Double"]       7.0000000143011221e-06
   &INT_BF [&Type "Double"]       8.3697299999997021e-01
   &INT_DENS [&Type "Double"]       5.9155500000003691e-01
   &INT_DENSIO [&Type "Double"]       1.8746774959900041e+05
   &INT_FUNC [&Type "Double"]       2.0628100000019067e-01
   &INT_POT [&Type "Double"]       4.8090899999990988e-01
   &INT_POTIO [&Type "Double"]       4.5696499999998110e+00
   &INT_SUM [&Type "Double"]       5.0840000000036412e-03
   &SPLITRIJ [&Type "Double"]       3.7677790000000044e+00
   &COSX [&Type "Double"]       4.4555599000000008e+01
$End
$VdW_Correction
   &GeometryIndex 2
   &vdW [&Type "Double"]      -1.8192994884125693e-02
$End
$Single_Point_Data
   &GeometryIndex 2
   &FinalEnergy [&Type "Double"]      -1.5276943452294354e+03  "Final single point energy"
   &Converged [&Type "Boolean"] true
$End
$SCF_Nuc_Gradient
   &GeometryIndex 2
   &NAtoms [&Type "Integer"] 41
   &gradNorm [&Type "Double"]       3.2044259556180239e-02
   &grad [&Type "ArrayOfDoubles", &Dim (123,1)] 
                                                         0

0                                      1.1454165520970382e-03
1                                     -3.8510770939963091e-03
2                                      1.4793270818715535e-03
3                                      3.6922967533591583e-03
4                                      7.8807414784467667e-03
5                                      2.2336133964910832e-03
6                                     -8.3295723238215862e-03
7                                     -4.9683588313856764e-03
8                                     -9.6526533873723269e-04
9                                      1.1259137395134591e-02
10                                     9.0722054173923272e-03
11                                    -1.4559494756152352e-02
12                                     6.6226679967013101e-04
13                                    -6.1072026205281236e-03
14                                     7.6326780278349595e-03
15                                     3.9564866858284517e-03
16                                     1.7910800413622021e-03
17                                     9.4837801202737426e-04
18                                     3.8186446138240232e-03
19                                    -6.7636057353752527e-03
20                                     8.5962105692896434e-04
21                                    -2.0814364066859153e-03
22                                    -6.6432554146987264e-04
23                                    -9.6716725940598422e-04
24                                    -6.3475296261034488e-04
25                                     1.3932244589283083e-03
26                                    -1.5154896810317244e-03
27                                    -2.8370942145959301e-03
28                                     1.7947800536593855e-04
29                                     4.8339827604857782e-03
30                                    -3.5865432549321988e-03
31                                     5.9013003863194835e-04
32                                     3.1681969909962970e-03
33                                     4.1713018162005465e-04
34                                    -3.3312580974587556e-03
35                                    -4.7015848551036380e-03
36                                     1.2181640238365860e-03
37                                     2.4873871057715367e-03
38                                     3.3922298638416667e-03
39                                     1.7881733001769834e-04
40                                    -3.3499961699908249e-03
41                                    -3.6057070287060975e-03
42                                     3.2393617090560963e-04
43                                     6.1393811605764295e-04
44                                    -5.5274840549857486e-05
45                                    -2.3583322327804424e-04
46                                     2.0393233785049557e-03
47                                    -1.0646813399483286e-03
48                                     1.4684462218528171e-03
49                                     3.0466787743278954e-03
50                                     2.7863414707633739e-03
51                                     1.7545688522656729e-03
52                                     1.0139033982459675e-03
53                                     3.6686797842177323e-04
54                                    -1.1683426150147828e-03
55                                    -1.5104987769818318e-03
56                                    -8.8241259275309396e-04
57                                    -4.5955860078508856e-04
58                                     9.7599167106703283e-05
59                                    -4.5250084896478898e-04
60                                    -1.0643420852564702e-04
61                                     7.6212041531140444e-04
62                                    -9.5263189122750153e-04
63                                    -9.3895456264281633e-04
64                                     8.2803070602428981e-04
65                                    -1.1318206764859408e-04
66                                    -4.9844265986395415e-04
67                                    -1.0298350680651483e-03
68                                    -7.3419698299089355e-04
69                                    -1.3321591779958339e-03
70                                    -1.0218655024959618e-03
71                                    -4.8455737245429607e-04
72                                    -3.4325296070942392e-03
73                                    -1.9354785820427200e-03
74                                    -4.0477146771566828e-04
75                                    -1.8624602893765035e-03
76                                     2.6488770976790584e-03
77                                     5.4208051190922943e-04
78                                     3.4094339034148685e-04
79                                     6.3398103381065148e-04
80                                     2.7258460272434117e-04
81                                     5.5774829730708135e-04
82                                     4.6103215060030751e-04
83                                     1.0773480795661183e-04
84                                    -3.0591208656540348e-05
85                                     7.3669112169249954e-04
86                                     2.2364030032281170e-04
87                                    -4.7050775237328309e-04
88                                     4.6938669417710780e-04
89                                     3.9597776686624937e-04
90                                    -5.4225337899811092e-04
91                                    -2.1621591760785376e-04
92                                     5.3585931013315664e-04
93                                    -4.2126105012280118e-04
94                                    -3.1826158726079037e-04
95                                     6.4243202281386805e-05
96                                     9.3451430626892949e-04
97                                     1.4180710887114138e-03
98                                     8.4613431113589701e-04
99                                    -1.0330907961365477e-03
100                                   -1.9541583373254136e-04
101                                    3.0619494743637727e-04
102                                    2.3214109382836397e-04
103                                   -2.7480804620235722e-05
104                                    7.2727037785572790e-05
105                                   -8.9935682708768667e-05
106                                    5.8945669411172157e-05
107                                    3.5528660021462705e-05
108                                    1.9409404093896724e-04
109                                   -1.4146889639818231e-03
110                                    1.3293434891331918e-03
111                                    9.4908471710582068e-04
112                                    6.1556884233744024e-05
113                                   -7.0615453308472585e-04
114                                   -2.1792524620379045e-03
115                                    2.5364737407833002e-04
116                                   -6.7545635858471786e-04
117                                   -1.3444997561794412e-03
118                                   -1.8863796183248406e-03
119                                    4.9451841766322367e-04
120                                    5.1166867896774602e-04
121                                    5.3915092983306250e-05
122                                   -8.7274739742353424e-05
   &Method [&Type "String"] "SCF"
   &Level [&Type "String"] "Relaxed density"
   &Mult [&Type "Integer"] 1
   &State [&Type "Integer"] 0
   &Irrep [&Type "Integer"] 0
$End
$Geometry
   &GeometryIndex 3
   &NAtoms [&Type "Integer"] 41
   &NCorelessECP [&Type "Integer"] 0
   &NGhostAtoms [&Type "Integer"] 0
   &CartesianCoordinates [&Type "Coordinates", &Dim(41,4), &Units "Bohr"] 
              C     -6.506691977279   -7.008339743314   -1.565113933503
              C     -4.593329773338   -5.662488482344    0.070833878702
              O     -4.866814482354   -2.982474199288   -0.311601401134
              P     -2.914496060936   -1.065984300803    1.020073936150
              O     -2.497816589978   -1.495760681241    3.763223252841
              N     -3.816115505584    1.805257844720    0.233125555021
              C     -5.482634294722    3.296247868028    1.899874479573
              C     -5.255545430678    6.076931641782    1.182873909347
              C     -8.213114452311    2.362763384306    1.856409865693
              O     -0.452979556757   -1.593122783162   -0.740772418120
              C      1.870617365423   -0.456515057530   -0.489412768285
              C      2.505190061324    1.118683543897    1.525894575382
              C      4.910962373362    2.179853316943    1.575707816372
              C      6.683086776554    1.674985510368   -0.314640926177
              S      9.738635822235    3.091511958381   -0.111522018893
              C     11.334140299531    0.832040749016    1.910199745343
              C      6.039758875466    0.078333891855   -2.346872490989
              C      7.888482357155   -0.531924405977   -4.426225280775
              C      3.616177910138   -0.961665792985   -2.396667128310
              H     -6.343426943970   -9.064107589252   -1.300673587451
              H     -8.441797373157   -6.430182344336   -1.062116900963
              H     -6.193301163063   -6.573735152400   -3.575982151762
              H     -2.652516176242   -6.238287840083   -0.432741848722
              H     -4.893150990589   -6.089380535366    2.088252184962
              H     -4.231649299470    1.988478119562   -1.643934527972
              H     -4.727315974807    3.056616418184    3.826954889730
              H     -5.967573469540    6.400212988905   -0.750640589054
              H     -6.368043090969    7.259938378639    2.482534216859
              H     -3.272587239085    6.701389928797    1.258269470769
              H     -8.348961261462    0.387475956596    2.502391409561
              H     -8.994549918415    2.469788488551   -0.073874161853
              H     -9.404279974523    3.528289804912    3.102858842566
              H      1.175773707045    1.510179859651    3.054461719503
              H      5.417902070429    3.431124874936    3.141253408660
              H     10.421610497465    0.728617302999    3.774994947854
              H     11.360966528026   -1.051513703967    1.031239951107
              H     13.290226406068    1.493000667343    2.150742471473
              H      7.047690971730   -1.840349267805   -5.803011888020
              H      8.474542358529    1.189381331776   -5.437208662295
              H      9.609692138682   -1.410808085282   -3.653403829825
              H      3.053234498965   -2.204463902808   -3.948720277700
$End
$SCF_Energy
   &GeometryIndex 3
   &Method [&Type "String"] "SCF"
   &totalEnergy [&Type "ArrayOfDoubles", &Dim (1,1)] "Total energy of each state"
                                                         0

0                                     -1.5276781857949395e+03
   &Mult [&Type "ArrayOfIntegers", &Dim (1,1)] "Multiplicity of each state"
                                                         0

0                                                        1
$End
$DFT_Energy
   &GeometryIndex 3
   &nAlphaEl [&Type "Integer"] 81
   &nBetaEl [&Type "Integer"] 81
   &nTotalEl [&Type "Integer"] 162
   &finalEn [&Type "Double"]      -1.5276781857949395e+03  "No Van der Waals correction"
   &eExchange [&Type "Double"]       0.0000000000000000e+00
   &eCorr [&Type "Double"]       0.0000000000000000e+00
   &eXC [&Type "Double"]      -1.1266773920000995e+02
   &eCNL [&Type "Double"]       0.0000000000000000e+00
$End
$Solvation_Details
   &GeometryIndex 3
   &Solvent [&Type "String"] "WATER"
   &Epsilon [&Type "Double"]       8.0150999999999996e+01
   &Refrac [&Type "Double"]       1.3328000000000000e+00
   &RSolv [&Type "Double"]       1.3000000000000000e+00
   &SurfaceType [&Type "String"] "GAUSSIAN VDW"
   &CPCMDielEnergy [&Type "Double"]      -2.1615935999999999e-02
   &NPoints [&Type "Integer"] 3593
   &SurfaceArea [&Type "Double"]       1.3169832245390000e+03
$End
$SCF_Timings
   &GeometryIndex 3
   &TOTAL [&Type "Double"]       8.7999227000000005e+01
   &PREP [&Type "Double"]       2.8455439999999999e+00
   &FOCK [&Type "Double"]       7.8145798999999982e+01
   &DENS [&Type "Double"]       9.9531700000000001e-01
   &ETOT [&Type "Double"]       5.9956999999999994e-01
   &TRAFO [&Type "Double"]       2.2517399999998844e-01
   &DIIS [&Type "Double"]       1.1877889999999933e+00
   &SOSCF [&Type "Double"]       1.0761610000000026e+00
   &XC [&Type "Double"]       1.7762144999999993e+01
   &FOCKSTART [&Type "Double"]       3.6290200000000317e-01
   &SOLV [&Type "Double"]       1.2690837999999994e+01
   &SOLV_INIT [&Type "Double"]       1.0527420000000001e+00
   &SOLV_FINAL [&Type "Double"]       9.9999999747524271e-07
   &INT_PREP [&Type "Double"]       2.9999999959784418e-06
   &INT_BF [&Type "Double"]       8.5917700000022279e-01
   &INT_DENS [&Type "Double"]       6.0510399999952469e-01
   &INT_DENSIO [&Type "Double"]       1.9520939667300042e+05
   &INT_FUNC [&Type "Double"]       2.0850599999974051e-01
   &INT_POT [&Type "Double"]       4.8675699999998479e-01
   &INT_POTIO [&Type "Double"]       1.0170400000001560e+00
   &INT_SUM [&Type "Double"]       6.8990000000077600e-03
   &SPLITRIJ [&Type "Double"]       3.8242820000000184e+00
   &COSX [&Type "Double"]       4.5623895000000012e+01
$End
$VdW_Correction
   &GeometryIndex 3
   &vdW [&Type "Double"]      -1.8185001851915912e-02
$End
$Single_Point_Data
   &GeometryIndex 3
   &FinalEnergy [&Type "Double"]      -1.5276963707967914e+03  "Final single point energy"
   &Converged [&Type "Boolean"] true
$End
$SCF_Nuc_Gradient
   &GeometryIndex 3
   &NAtoms [&Type "Integer"] 41
   &gradNorm [&Type "Double"]       1.3313365545693946e-02
   &grad [&Type "ArrayOfDoubles", &Dim (123,1)] 
                                                         0

0                                      1.0912863457641904e-03
1                                     -1.1502336713186555e-03
2                                      6.8175355651337250e-04
3                                      4.2063848594116841e-04
4                                      1.8276538305240766e-03
5                                      3.2902976609703867e-04
6                                     -4.5421835319477090e-03
7                                     -1.6875285529928136e-03
8                                     -2.3785563870748700e-03
9                                      4.8912873850456657e-03
10                                     8.1254970825881073e-04
11                                    -1.0868629236811171e-03
12                                     1.0025771340055592e-03
13                                    -1.4312621274409851e-03
14                                     3.0378547618900830e-04
15                                     4.4749078680857146e-03
16                                     3.3587156657610244e-03
17                                     4.3382712330909413e-04
18                                    -2.6044790417712339e-03
19                                    -7.0367587279612852e-04
20                                    -6.7697080840160861e-04
21                                     1.2629997312404168e-04
22                                    -5.0315145913204561e-04
23                                     4.4694838971119064e-04
24                                     5.1562533364861831e-04
25                                     2.3392902002305712e-04
26                                     5.5927074827236806e-04
27                                    -4.5547531092486300e-03
28                                     6.9509375088930650e-04
29                                     2.5851926923441920e-03
30                                     2.4312674506539889e-03
31                                     1.0208308625417407e-04
32                                    -3.7185921853030105e-04
33                                     8.7115350938102559e-04
34                                    -2.8174980902338190e-04
35                                    -1.0350550535421586e-03
36                                    -1.2088905213446322e-04
37                                    -6.1100390880668577e-04
38                                    -1.2199484642690851e-04
39                                    -1.1426515453923296e-03
40                                    -7.6638382493050350e-04
41                                    -7.2889566217386567e-04
42                                     1.2196602052853850e-04
43                                    -6.4223378341637428e-04
44                                    -7.2861278981088630e-04
45                                    -5.0518342855978562e-04
46                                     1.4175354499297134e-03
47                                    -4.7923532284477164e-04
48                                    -1.3497130879938177e-03
49                                     4.5381909712883693e-04
50                                     8.6480497224279750e-04
51                                     8.0078426506134529e-04
52                                     3.5372249938192221e-04
53                                     1.4686477971810388e-04
54                                     5.7590735583060355e-04
55                                     8.0866397433912462e-04
56                                     1.2508785736276978e-03
57                                    -7.5185234568554202e-05
58                                    -5.4915069490782528e-04
59                                    -3.3084325153626108e-05
60                                    -7.8762062087782208e-04
61                                     4.9316089236663076e-04
62                                     2.1587874465045631e-05
63                                    -1.7897634237515824e-04
64                                     4.0582017950783263e-04
65                                    -8.3861852232613163e-04
66                                     7.6584045996918703e-04
67                                    -1.1714032170109794e-03
68                                    -2.8713418935368364e-04
69                                    -4.1555214065796024e-04
70                                    -8.0132990786035182e-04
71                                     6.9970152454242138e-04
72                                    -1.6296960269792308e-03
73                                    -1.4197262584487043e-03
74                                    -1.4394902574822507e-03
75                                     3.5647157733729404e-05
76                                     6.3185984001938090e-04
77                                     5.5462559616731603e-04
78                                    -1.9697180908359786e-04
79                                     1.0200661560798154e-04
80                                    -7.4624419594773446e-04
81                                    -3.6236642870046473e-05
82                                     3.9973788506348008e-04
83                                     5.0964971221133270e-04
84                                     5.7652502314574968e-04
85                                     5.3658314185040575e-04
86                                    -1.6515470238612040e-06
87                                    -4.8103030614168613e-04
88                                    -8.5205978247585598e-04
89                                     4.6804140460668777e-04
90                                    -2.0458165372092436e-04
91                                     3.5028087788056776e-05
92                                    -7.6054297691849598e-04
93                                    -2.2520195416564614e-04
94                                     2.8843113706497657e-04
95                                     3.8396942989445549e-04
96                                     2.6302614467563326e-04
97                                     8.6087874359515868e-04
98                                     1.0729465007789660e-03
99                                    -5.9041516648347615e-04
100                                    3.7934753630773828e-04
101                                    6.6051525561750706e-04
102                                   -1.2316806833833607e-04
103                                   -9.1378661331243720e-05
104                                    8.6372180637469750e-04
105                                   -1.3540537264816342e-04
106                                   -5.5623309199252324e-04
107                                   -4.5510963398242860e-04
108                                    8.0528924993483655e-04
109                                   -3.1294120001915544e-04
110                                    5.3113295694260016e-04
111                                   -1.4037320092327203e-04
112                                   -1.8526428055350088e-04
113                                   -5.4375552904330833e-04
114                                   -2.6676624044399082e-04
115                                    4.5211225588963062e-04
116                                   -5.5508547021123288e-04
117                                    2.8354751929059619e-04
118                                   -6.5827850631918850e-04
119                                    4.8596883218489552e-04
120                                    2.5345685102202633e-04
121                                   -2.7374379330439349e-04
122                                   -5.8545727280248530e-04
   &Method [&Type "String"] "SCF"
   &Level [&Type "String"] "Relaxed density"
   &Mult [&Type "Integer"] 1
   &State [&Type "Integer"] 0
   &Irrep [&Type "Integer"] 0
$End
$Geometry
   &GeometryIndex 4
   &NAtoms [&Type "Integer"] 41
   &NCorelessECP [&Type "Integer"] 0
   &NGhostAtoms [&Type "Integer"] 0
   &CartesianCoordinates [&Type "Coordinates", &Dim(41,4), &Units "Bohr"] 
              C     -6.501510224824   -7.058456434932   -1.538873731844
              C     -4.592470139921   -5.724046799951    0.106604640585
              O     -4.863700084503   -3.039778830814   -0.268505164141
              P     -2.962229949023   -1.104466184882    1.085448859622
              O     -2.605816882359   -1.469299539076    3.841645866793
              N     -3.830685053479    1.759677235139    0.241726816237
              C     -5.508743438831    3.298488442475    1.849055834933
              C     -5.156811867667    6.072170034654    1.168392222947
              C     -8.260464540879    2.450122351605    1.689106560288
              O     -0.462312848480   -1.649535423715   -0.633608740396
              C      1.846600516337   -0.489715704821   -0.376072854022
              C      2.462680273251    1.069429536939    1.658063003250
              C      4.856639458366    2.160518539622    1.707493177608
              C      6.627090303075    1.708420924684   -0.196433724003
              S      9.651257178020    3.188527103828   -0.003363048178
              C     11.427482029858    0.792180585029    1.682839115534
              C      5.999502706436    0.123063153425   -2.247417441759
              C      7.842514718567   -0.427257532490   -4.345850723531
              C      3.590803042383   -0.951156633659   -2.295908720648
              H     -6.334131849863   -9.113794132785   -1.276939736610
              H     -8.436863588412   -6.488756128697   -1.035086337522
              H     -6.176914930704   -6.623589027913   -3.545888294236
              H     -2.647974002912   -6.285799577677   -0.390008925095
              H     -4.890502205470   -6.147000748610    2.123570748931
              H     -4.113871649797    1.976647093982   -1.652821499929
              H     -4.831083397400    3.002944804735    3.797048817899
              H     -5.773550128598    6.429320198091   -0.790515181016
              H     -6.287282960708    7.281377758716    2.426236155210
              H     -3.159165352263    6.622534210431    1.334110498992
              H     -8.471752188845    0.469295662641    2.289697471351
              H     -8.962307848643    2.613328326311   -0.266403786968
              H     -9.463107837282    3.628018426714    2.911596304137
              H      1.127192230984    1.410688468244    3.191159989993
              H      5.363150397409    3.397701725179    3.283311173186
              H     10.613789791139    0.450960471421    3.563142512047
              H     11.489638384625   -0.982009128779    0.603573496156
              H     13.360089375472    1.523323373118    1.898791716972
              H      7.017327835424   -1.742312455868   -5.723960100399
              H      8.391296661297    1.314498768668   -5.341199928024
              H      9.594168901391   -1.264489781796   -3.598531135070
              H      3.032029185726   -2.181773166979   -3.858192173616
$End
$SCF_Energy
   &GeometryIndex 4
   &Method [&Type "String"] "SCF"
   &totalEnergy [&Type "ArrayOfDoubles", &Dim (1,1)] "Total energy of each state"
                                                         0

0                                     -1.5276787510326355e+03
   &Mult [&Type "ArrayOfIntegers", &Dim (1,1)] "Multiplicity of each state"
                                                         0

0                                                        1
$End
$DFT_Energy
   &GeometryIndex 4
   &nAlphaEl [&Type "Integer"] 81
   &nBetaEl [&Type "Integer"] 81
   &nTotalEl [&Type "Integer"] 162
   &finalEn [&Type "Double"]      -1.5276787510326355e+03  "No Van der Waals correction"
   &eExchange [&Type "Double"]       0.0000000000000000e+00
   &eCorr [&Type "Double"]       0.0000000000000000e+00
   &eXC [&Type "Double"]      -1.1267400505084439e+02
   &eCNL [&Type "Double"]       0.0000000000000000e+00
$End
$Solvation_Details
   &GeometryIndex 4
   &Solvent [&Type "String"] "WATER"
   &Epsilon [&Type "Double"]       8.0150999999999996e+01
   &Refrac [&Type "Double"]       1.3328000000000000e+00
   &RSolv [&Type "Double"]       1.3000000000000000e+00
   &SurfaceType [&Type "String"] "GAUSSIAN VDW"
   &CPCMDielEnergy [&Type "Double"]      -2.1453258999999999e-02
   &NPoints [&Type "Integer"] 3597
   &SurfaceArea [&Type "Double"]       1.3121032627530001e+03
$End
$SCF_Timings
   &GeometryIndex 4
   &TOTAL [&Type "Double"]       8.4113803000000004e+01
   &PREP [&Type "Double"]       3.1185440000000000e+00
   &FOCK [&Type "Double"]       7.4411469000000011e+01
   &DENS [&Type "Double"]       1.0158280000000133e+00
   &ETOT [&Type "Double"]       5.9522999999998838e-01
   &TRAFO [&Type "Double"]       1.8977600000000550e-01
   &DIIS [&Type "Double"]       1.2321069999999992e+00
   &SOSCF [&Type "Double"]       1.0910550000000026e+00
   &XC [&Type "Double"]       1.2379698999999993e+01
   &FOCKSTART [&Type "Double"]       3.7343400000000182e-01
   &SOLV [&Type "Double"]       1.2795305999999986e+01
   &SOLV_INIT [&Type "Double"]       1.1534970000000000e+00
   &SOLV_FINAL [&Type "Double"]       9.9999999747524271e-07
   &INT_PREP [&Type "Double"]       9.9999999747524271e-07
   &INT_BF [&Type "Double"]       8.7560599999985378e-01
   &INT_DENS [&Type "Double"]       6.4035599999987802e-01
   &INT_DENSIO [&Type "Double"]       1.7591478434300038e+05
   &INT_FUNC [&Type "Double"]       2.1008100000000418e-01
   &INT_POT [&Type "Double"]       4.9306599999983902e-01
   &INT_POTIO [&Type "Double"]       1.0007930000001046e+00
   &INT_SUM [&Type "Double"]       4.0600000000097225e-03
   &SPLITRIJ [&Type "Double"]       3.8198909999999993e+00
   &COSX [&Type "Double"]       4.6996484999999993e+01
$End
$VdW_Correction
   &GeometryIndex 4
   &vdW [&Type "Double"]      -1.8188835151222035e-02
$End
$Single_Point_Data
   &GeometryIndex 4
   &FinalEnergy [&Type "Double"]      -1.5276969398677868e+03  "Final single point energy"
   &Converged [&Type "Boolean"] true
$End
$SCF_Nuc_Gradient
   &GeometryIndex 4
   &NAtoms [&Type "Integer"] 41
   &gradNorm [&Type "Double"]       1.0678405561465851e-02
   &grad [&Type "ArrayOfDoubles", &Dim (123,1)] 
                                                         0

0                                      3.0678915261294482e-04
1                                      3.1671896813902577e-04
2                                     -1.1498687012842141e-04
3                                     -2.5600887499457707e-04
4                                     -7.2966993655167872e-04
5                                     -2.2153636392789646e-04
6                                     -1.5530400350705631e-03
7                                     -1.6362798753774495e-04
8                                     -1.7980566570289552e-03
9                                      1.1094635510790229e-03
10                                    -3.1083747740100645e-03
11                                     3.9511426225213152e-03
12                                     5.8377638519237175e-04
13                                     6.1280882187543474e-04
14                                    -2.3681358702346213e-03
15                                     3.2662192956933200e-03
16                                     3.6318666265155531e-03
17                                    -2.4830223686287805e-04
18                                    -3.5022613193643674e-03
19                                     1.2638251959274217e-03
20                                    -6.7940297494462076e-04
21                                     5.7221433629497877e-04
22                                    -2.8377962761604654e-04
23                                     4.6015876662779955e-04
24                                     4.1712403636319414e-04
25                                    -4.4207007345738983e-04
26                                     7.4404430190862789e-04
27                                    -2.9537675998693772e-03
28                                     1.1098719094664372e-03
29                                     6.2827451723005778e-04
30                                     3.0386521533396454e-03
31                                    -3.1839894480365036e-04
32                                    -1.0529561035775930e-03
33                                    -3.9816927012096019e-04
34                                     4.8817937390872325e-04
35                                     6.8322321582614867e-04
36                                    -1.2936687469727100e-05
37                                    -9.8963927195796835e-04
38                                    -9.2563851921795672e-04
39                                    -7.7657426701365298e-04
40                                     3.7322556279947746e-04
41                                     7.9646981054387416e-04
42                                     2.4006997607731699e-04
43                                    -5.9316662371297038e-04
44                                    -8.3427557780749759e-04
45                                    -2.9185417899067105e-04
46                                     3.9604057536808993e-04
47                                     2.4510373849695742e-04
48                                    -6.4961116396874876e-04
49                                    -4.8820245261104540e-04
50                                    -3.9577289960144528e-04
51                                     2.2256707485291679e-04
52                                    -1.0691857543737408e-04
53                                    -1.8016733929117354e-04
54                                    -7.1956660993094461e-05
55                                     5.8625663583490042e-04
56                                     1.1057897251765141e-03
57                                     7.9708737502936532e-05
58                                    -2.4523575629915623e-04
59                                     1.0168103113554903e-04
60                                    -2.9779665102797553e-04
61                                     5.6246290387004884e-05
62                                     1.8725213493752432e-04
63                                     6.7983361059715820e-05
64                                     1.0621821209142617e-05
65                                    -3.0287280367587030e-04
66                                     4.1476680194424149e-04
67                                    -4.5222198032327649e-04
68                                     1.7256113669488512e-04
69                                     9.7897295545605080e-05
70                                    -1.6882911271541784e-04
71                                     3.7133940978890880e-04
72                                    -4.6848151676916183e-04
73                                    -1.0811552215630976e-03
74                                    -7.1871798205302799e-04
75                                     6.4394728448756368e-04
76                                    -2.8311404285411663e-04
77                                     1.5352654184942082e-04
78                                    -2.1957315134089926e-04
79                                    -1.4463182391419606e-04
80                                    -3.7154322906457769e-04
81                                    -9.4973000480205624e-05
82                                     6.2644138749885217e-05
83                                     2.2656781747141838e-04
84                                     1.7668219264971552e-04
85                                     4.0704528609123008e-05
86                                    -6.5551885122143897e-05
87                                    -1.7465605545644207e-04
88                                    -2.4204666297315179e-04
89                                     1.5795502858457732e-04
90                                     8.7354158233851875e-05
91                                     4.0101857560379548e-05
92                                    -4.3807663316997654e-04
93                                    -4.7425810834416686e-06
94                                     2.4157902530322559e-04
95                                     2.1804624843018873e-04
96                                     1.6423296817818169e-04
97                                     2.4895558834539723e-04
98                                     4.0242528735738266e-04
99                                    -3.1407255604385466e-04
100                                    2.6549121193746012e-04
101                                    2.7391149867454345e-04
102                                    5.3482119487480430e-05
103                                   -1.6221658866798493e-04
104                                    4.0199379205835940e-04
105                                   -2.5555258557475582e-04
106                                   -1.0531851862747240e-04
107                                   -5.2644228292561177e-04
108                                    2.7343782046948453e-04
109                                    1.4338025056250355e-04
110                                    7.9457972182881759e-05
111                                   -4.2025912423640564e-04
112                                   -1.3128323507848121e-05
113                                   -1.0545213033651427e-04
114                                    4.0179241728639223e-04
115                                    8.0273749563481998e-06
116                                   -1.7681646257446595e-04
117                                    3.9556665318714394e-04
118                                    3.1424637033471256e-04
119                                    4.5599457881882819e-04
120                                    1.0255945436221448e-04
121                                   -8.9045840465429564e-05
122                                   -2.9221434310439391e-04
   &Method [&Type "String"] "SCF"
   &Level [&Type "String"] "Relaxed density"
   &Mult [&Type "Integer"] 1
   &State [&Type "Integer"] 0
   &Irrep [&Type "Integer"] 0
$End
$Geometry
   &GeometryIndex 5
   &NAtoms [&Type "Integer"] 41
   &NCorelessECP [&Type "Integer"] 0
   &NGhostAtoms [&Type "Integer"] 0
   &CartesianCoordinates [&Type "Coordinates", &Dim(41,4), &Units "Bohr"] 
              C     -6.520573234471   -7.102894566412   -1.466944789516
              C     -4.593330736000   -5.766641887609    0.154184859424
              O     -4.859852979697   -3.084284683872   -0.231404552296
              P     -2.982784440803   -1.136776706571    1.122231217892
              O     -2.671021469434   -1.462329366133    3.888881784556
              N     -3.834594171521    1.716095105294    0.239957037653
              C     -5.520733003550    3.285518696655    1.800926989627
              C     -5.059896810811    6.055923373582    1.174034571400
              C     -8.287565994379    2.524354609599    1.511253613560
              O     -0.458544359055   -1.704135435605   -0.565773705184
              C      1.837815704213   -0.527531054622   -0.305909131227
              C      2.457381616428    0.996829911975    1.752548565419
              C      4.845210358190    2.104675919917    1.805861213113
              C      6.603996861558    1.708576658956   -0.121464236974
              S      9.607336736640    3.229292519035    0.076846274156
              C     11.478266864230    0.782034457676    1.579424009154
              C      5.968915133876    0.163884397941   -2.203735531223
              C      7.781155593421   -0.303473663768   -4.346568175233
              C      3.570534605768   -0.935883362191   -2.249845171679
              H     -6.354649574327   -9.156418154517   -1.195045837479
              H     -8.448942683452   -6.528186172585   -0.948086434491
              H     -6.210445569207   -6.681454862504   -3.477726109872
              H     -2.654151170682   -6.327804556536   -0.356393552317
              H     -4.872363327229   -6.174026490276    2.175745390207
              H     -4.022061366352    1.960079849794   -1.660673710793
              H     -4.934020373119    2.938978491860    3.768786286452
              H     -5.568968738787    6.453291001504   -0.806583424892
              H     -6.217704753352    7.281217621784    2.389452106877
              H     -3.058833605125    6.545671555859    1.445201639149
              H     -8.575314508407    0.537757514678    2.054084072742
              H     -8.904306866093    2.750989869066   -0.465147356404
              H     -9.505863430201    3.707163643360    2.711944177225
              H      1.127582733860    1.288161189082    3.299570591109
              H      5.363051075867    3.306928656210    3.403695917155
              H     10.716741325723    0.317862038999    3.453645420039
              H     11.561421606335   -0.927297947003    0.403578778067
              H     13.394241170668    1.553981098755    1.791451310547
              H      6.949685974638   -1.590284881569   -5.745869025458
              H      8.290708377644    1.473404231712   -5.298696599420
              H      9.557781505410   -1.136145882730   -3.659036011434
              H      3.004695940484   -2.137102776583   -3.831368733967
$End
$SCF_Energy
   &GeometryIndex 5
   &Method [&Type "String"] "SCF"
   &totalEnergy [&Type "ArrayOfDoubles", &Dim (1,1)] "Total energy of each state"
                                                         0

0                                     -1.5276790360612126e+03
   &Mult [&Type "ArrayOfIntegers", &Dim (1,1)] "Multiplicity of each state"
                                                         0

0                                                        1
$End
$DFT_Energy
   &GeometryIndex 5
   &nAlphaEl [&Type "Integer"] 81
   &nBetaEl [&Type "Integer"] 81
   &nTotalEl [&Type "Integer"] 162
   &finalEn [&Type "Double"]      -1.5276790360612126e+03  "No Van der Waals correction"
   &eExchange [&Type "Double"]       0.0000000000000000e+00
   &eCorr [&Type "Double"]       0.0000000000000000e+00
   &eXC [&Type "Double"]      -1.1267877044465327e+02
   &eCNL [&Type "Double"]       0.0000000000000000e+00
$End
$Solvation_Details
   &GeometryIndex 5
   &Solvent [&Type "String"] "WATER"
   &Epsilon [&Type "Double"]       8.0150999999999996e+01
   &Refrac [&Type "Double"]       1.3328000000000000e+00
   &RSolv [&Type "Double"]       1.3000000000000000e+00
   &SurfaceType [&Type "String"] "GAUSSIAN VDW"
   &CPCMDielEnergy [&Type "Double"]      -2.1345123000000001e-02
   &NPoints [&Type "Integer"] 3579
   &SurfaceArea [&Type "Double"]       1.3111851258520001e+03
$End
$SCF_Timings
   &GeometryIndex 5
   &TOTAL [&Type "Double"]       8.1941715000000002e+01
   &PREP [&Type "Double"]       3.0790810000000000e+00
   &FOCK [&Type "Double"]       7.2358577000000011e+01
   &DENS [&Type "Double"]       1.0234719999999840e+00
   &ETOT [&Type "Double"]       6.0526499999999750e-01
   &TRAFO [&Type "Double"]       1.9679499999999805e-01
   &DIIS [&Type "Double"]       1.2088640000000002e+00
   &SOSCF [&Type "Double"]       1.0524520000000201e+00
   &XC [&Type "Double"]       1.3505917000000011e+01
   &FOCKSTART [&Type "Double"]       3.6676700000000162e-01
   &SOLV [&Type "Double"]       1.2739907000000011e+01
   &SOLV_INIT [&Type "Double"]       1.1222840000000001e+00
   &INT_PREP [&Type "Double"]       6.0000000061677383e-06
   &INT_BF [&Type "Double"]       9.0491899999994807e-01
   &INT_DENS [&Type "Double"]       6.4328200000015556e-01
   &INT_DENSIO [&Type "Double"]       1.8373566821400035e+05
   &INT_FUNC [&Type "Double"]       2.1303200000018840e-01
   &INT_POT [&Type "Double"]       5.1466100000009085e-01
   &INT_POTIO [&Type "Double"]       1.0328919999999719e+00
   &INT_SUM [&Type "Double"]       3.9429999999960330e-03
   &SPLITRIJ [&Type "Double"]       3.8607950000000057e+00
   &COSX [&Type "Double"]       4.3659528000000009e+01
$End
$VdW_Correction
   &GeometryIndex 5
   &vdW [&Type "Double"]      -1.8169819627754137e-02
$End
$Single_Point_Data
   &GeometryIndex 5
   &FinalEnergy [&Type "Double"]      -1.5276972058808403e+03  "Final single point energy"
   &Converged [&Type "Boolean"] true
$End
$SCF_Nuc_Gradient
   &GeometryIndex 5
   &NAtoms [&Type "Integer"] 41
   &gradNorm [&Type "Double"]       9.1447638632793458e-03
   &grad [&Type "ArrayOfDoubles", &Dim (123,1)] 
                                                         0

0                                     -2.0579866576255480e-04
1                                      7.9757893721710315e-04
2                                     -4.6426297338491261e-04
3                                     -2.7288627616815330e-04
4                                     -1.4407431588023475e-03
5                                     -3.1901712192388033e-04
6                                      3.3525486249341100e-04
7                                      7.8011770014463984e-04
8                                     -5.6799425314209523e-04
9                                     -1.0378106568009443e-03
10                                    -4.2106556894105709e-03
11                                     4.2467492365981319e-03
12                                     1.4218789080021148e-04
13                                     1.2039956297004296e-03
14                                    -2.4018366027632188e-03
15                                     1.6690858112926392e-03
16                                     3.2129631806868098e-03
17                                    -4.8783272491962026e-04
18                                    -2.2332054787207911e-03
19                                     1.0344600224160730e-03
20                                    -6.7139931063702070e-05
21                                     3.6816629785793446e-04
22                                    -9.7255918865166318e-05
23                                     7.5386977676934676e-05
24                                     1.2742315810621778e-04
25                                    -3.8297867098414885e-04
26                                     2.7477666029119505e-04
27                                    -6.7103359036684213e-04
28                                     1.1258577734521086e-03
29                                    -7.1412561531892843e-04
30                                     1.5644752596596287e-03
31                                    -4.7799164415043572e-04
32                                    -6.1006915317745160e-04
33                                    -1.0662048760298241e-03
34                                     5.5772006631409174e-04
35                                     8.4265856341174893e-04
36                                     1.6135273767335569e-04
37                                    -3.7690754026442001e-04
38                                    -8.4228891436732606e-04
39                                    -1.5223729028800620e-04
40                                     5.6814691869011124e-04
41                                     1.2895221024737055e-03
42                                     1.7660948726006987e-04
43                                    -2.3851752000817681e-05
44                                    -3.2110028025073527e-04
45                                     1.4526342891230668e-04
46                                    -5.6564482903640487e-04
47                                     3.8632343436083218e-04
48                                     1.9295444460392950e-04
49                                    -7.5736333605208822e-04
50                                    -7.8939939845989418e-04
51                                    -3.0869057062570839e-04
52                                    -1.2981623837524437e-04
53                                    -3.1934511053031495e-04
54                                    -3.5646014674369810e-04
55                                    -1.9340981152573866e-04
56                                     4.5220724786440320e-04
57                                     9.6486216282796710e-05
58                                     1.8857924623193161e-05
59                                     1.0959294911149105e-04
60                                     9.5793934344188075e-05
61                                    -1.8458034759180213e-04
62                                     1.5493739938562330e-04
63                                     1.4409855889844440e-04
64                                    -1.7074662365322037e-04
65                                     1.2060407301236816e-04
66                                     2.9131323400576748e-05
67                                     1.3577088650200755e-04
68                                     3.3214224597602265e-04
69                                     2.2116685484910786e-04
70                                     2.1977368010177035e-04
71                                    -5.9950367951379266e-06
72                                     1.6882981406378844e-05
73                                    -7.4910914140687446e-04
74                                    -1.2048256278761617e-05
75                                     6.0977064687336340e-04
76                                    -4.3859111682723029e-04
77                                    -1.1769208965612601e-04
78                                    -1.3540656524741769e-04
79                                    -1.5165600382534069e-04
80                                     2.9085741330371300e-05
81                                    -6.4965401163767677e-05
82                                    -1.3000454922987366e-04
83                                    -6.6328072813820124e-05
84                                    -9.9056052342173003e-05
85                                    -1.6190848809209414e-04
86                                    -1.1621491677308951e-04
87                                     6.3293825440297513e-05
88                                     1.2937050230725280e-04
89                                     2.8019367216455544e-05
90                                     1.1437925900539594e-04
91                                    -8.9596199570117282e-05
92                                     1.6126750411997906e-05
93                                     1.2410033714713037e-04
94                                     4.7315217923927917e-05
95                                     2.9255237213072990e-05
96                                     1.9698016445377886e-04
97                                    -8.4262223656564081e-05
98                                    -6.1569766095420371e-05
99                                    -1.3020512011392635e-05
100                                   -9.1211526904040721e-06
101                                   -3.1692949837009874e-05
102                                    2.4473566711046289e-05
103                                    7.9907621747732366e-05
104                                   -6.2916209356106716e-05
105                                   -1.7832744736739800e-04
106                                    1.6071018741482091e-04
107                                   -2.6722702141909093e-04
108                                   -1.3658095738427567e-04
109                                    2.2746943685794674e-04
110                                   -1.0392330699589440e-04
111                                   -2.8710394874209712e-04
112                                    8.4771282186293340e-05
113                                    1.7755453086094577e-04
114                                    5.1270747436014247e-04
115                                   -1.9446212391793126e-04
116                                    8.7997854131440087e-07
117                                    1.0694444801718735e-04
118                                    6.0122126278483511e-04
119                                    1.7117591336593706e-04
120                                   -2.0194641222765318e-05
121                                    3.4648322851691275e-05
122                                    1.3021306532732360e-05
   &Method [&Type "String"] "SCF"
   &Level [&Type "String"] "Relaxed density"
   &Mult [&Type "Integer"] 1
   &State [&Type "Integer"] 0
   &Irrep [&Type "Integer"] 0
$End
$Geometry
   &GeometryIndex 6
   &NAtoms [&Type "Integer"] 41
   &NCorelessECP [&Type "Integer"] 0
   &NGhostAtoms [&Type "Integer"] 0
   &CartesianCoordinates [&Type "Coordinates", &Dim(41,4), &Units "Bohr"] 
              C     -6.636298271401   -7.183512039900   -1.361670274779
              C     -4.650635553041   -5.871426295165    0.207152540095
              O     -4.872219060411   -3.189887902227   -0.193568566335
              P     -3.010874280079   -1.252773717023    1.174587421739
              O     -2.788894736704   -1.547256015599    3.956176265612
              N     -3.797545300608    1.595523301404    0.251733053863
              C     -5.475328329698    3.225380696799    1.744377993189
              C     -4.753973099472    5.977413174744    1.301408596872
              C     -8.254972927362    2.707806018920    1.167897106573
              O     -0.446814751160   -1.874628252669   -0.448824682089
              C      1.819398380896   -0.647421842864   -0.206965086653
              C      2.437720373935    0.857197275410    1.864537013849
              C      4.795737425533    2.031452845922    1.896040948142
              C      6.529282890526    1.721307864425   -0.070774810467
              S      9.470603918034    3.361410437815    0.097642260991
              C     11.499275919056    0.969273261024    1.481930974005
              C      5.895573190783    0.196386683139   -2.169843173269
              C      7.658283492895   -0.159374697946   -4.372391406962
              C      3.529236764031   -0.974478971357   -2.189586094340
              H     -6.503238468936   -9.236638453173   -1.075671246249
              H     -8.541184081085   -6.569237695791   -0.808373903939
              H     -6.358304699698   -6.785963364980   -3.380641609745
              H     -2.732769383115   -6.464144474973   -0.339035554055
              H     -4.895286147217   -6.253861878483    2.236627312136
              H     -3.816275455033    1.902624500640   -1.645639009586
              H     -5.102786576317    2.744320857458    3.734044620533
              H     -5.019277124121    6.495030999556   -0.697373088886
              H     -5.942447955692    7.236848962162    2.449256335798
              H     -2.763806014190    6.299417830168    1.802343723906
              H     -8.730174188180    0.719504683449    1.542163791611
              H     -8.672819931470    3.105574150551   -0.831918162707
              H     -9.489318770233    3.902034979684    2.338917235165
              H      1.119542448096    1.080541358615    3.431939339937
              H      5.317804361879    3.216861352838    3.503708591490
              H     10.803272282465    0.415396853509    3.355530941102
              H     11.654032672169   -0.702028230343    0.262417534464
              H     13.372318519495    1.841535835060    1.676170290260
              H      6.825951743809   -1.428942386516   -5.785327846774
              H      8.086550855809    1.660309405638   -5.281420437638
              H      9.477906716843   -0.961139391457   -3.769327448443
              H      2.962753167866   -2.160437756258   -3.781217752753
$End
$SCF_Energy
   &GeometryIndex 6
   &Method [&Type "String"] "SCF"
   &totalEnergy [&Type "ArrayOfDoubles", &Dim (1,1)] "Total energy of each state"
                                                         0

0                                     -1.5276792420139143e+03
   &Mult [&Type "ArrayOfIntegers", &Dim (1,1)] "Multiplicity of each state"
                                                         0

0                                                        1
$End
$DFT_Energy
   &GeometryIndex 6
   &nAlphaEl [&Type "Integer"] 81
   &nBetaEl [&Type "Integer"] 81
   &nTotalEl [&Type "Integer"] 162
   &finalEn [&Type "Double"]      -1.5276792420139143e+03  "No Van der Waals correction"
   &eExchange [&Type "Double"]       0.0000000000000000e+00
   &eCorr [&Type "Double"]       0.0000000000000000e+00
   &eXC [&Type "Double"]      -1.1268438398319280e+02
   &eCNL [&Type "Double"]       0.0000000000000000e+00
$End
$Solvation_Details
   &GeometryIndex 6
   &Solvent [&Type "String"] "WATER"
   &Epsilon [&Type "Double"]       8.0150999999999996e+01
   &Refrac [&Type "Double"]       1.3328000000000000e+00
   &RSolv [&Type "Double"]       1.3000000000000000e+00
   &SurfaceType [&Type "String"] "GAUSSIAN VDW"
   &CPCMDielEnergy [&Type "Double"]      -2.1312647000000001e-02
   &NPoints [&Type "Integer"] 3572
   &SurfaceArea [&Type "Double"]       1.3102630665390000e+03
$End
$SCF_Timings
   &GeometryIndex 6
   &TOTAL [&Type "Double"]       8.6636524999999992e+01
   &PREP [&Type "Double"]       2.7912490000000001e+00
   &FOCK [&Type "Double"]       7.7065443000000016e+01
   &DENS [&Type "Double"]       1.0041279999999944e+00
   &ETOT [&Type "Double"]       6.0405799999998422e-01
   &POP [&Type "Double"]       9.9999999747524271e-07
   &TRAFO [&Type "Double"]       1.9210700000000003e-01
   &DIIS [&Type "Double"]       1.1845850000000002e+00
   &SOSCF [&Type "Double"]       1.0431010000000036e+00
   &XC [&Type "Double"]       1.2227131000000009e+01
   &FOCKSTART [&Type "Double"]       3.5811999999999111e-01
   &SOLV [&Type "Double"]       1.5689177000000003e+01
   &SOLV_INIT [&Type "Double"]       1.0122389999999999e+00
   &INT_PREP [&Type "Double"]       3.9999999970063982e-06
   &INT_BF [&Type "Double"]       8.6263300000016585e-01
   &INT_DENS [&Type "Double"]       6.0860299999991163e-01
   &INT_DENSIO [&Type "Double"]       1.9012329381700035e+05
   &INT_FUNC [&Type "Double"]       2.0823199999979636e-01
   &INT_POT [&Type "Double"]       4.7423499999996999e-01
   &INT_POTIO [&Type "Double"]       9.8963499999990567e-01
   &INT_SUM [&Type "Double"]       3.0370000000097264e-03
   &SPLITRIJ [&Type "Double"]       3.8569580000000161e+00
   &COSX [&Type "Double"]       4.6781917000000007e+01
$End
$VdW_Correction
   &GeometryIndex 6
   &vdW [&Type "Double"]      -1.8192147921147390e-02
$End
$Single_Point_Data
   &GeometryIndex 6
   &FinalEnergy [&Type "Double"]      -1.5276974341618354e+03  "Final single point energy"
   &Converged [&Type "Boolean"] true
$End
$SCF_Nuc_Gradient
   &GeometryIndex 6
   &NAtoms [&Type "Integer"] 41
   &gradNorm [&Type "Double"]       1.0333786649319660e-02
   &grad [&Type "ArrayOfDoubles", &Dim (123,1)] 
                                                         0

0                                     -7.0328573498486789e-04
1                                      9.9304230105754301e-04
2                                     -6.2351061851732294e-04
3                                     -1.6945026810497089e-04
4                                     -1.6526315726300960e-03
5                                     -4.4894284649745923e-04
6                                      2.6479976996499335e-03
7                                      1.9568700365812180e-03
8                                      1.6513091974684508e-03
9                                     -3.7669073543057270e-03
10                                    -4.4768450578592106e-03
11                                     1.9177616698513786e-03
12                                    -6.1817402338526246e-04
13                                     1.6537162623876029e-03
14                                    -1.0891214891318990e-03
15                                    -5.1954013625505046e-05
16                                     2.0750573069246931e-03
17                                    -3.8827804315186726e-04
18                                     8.0933499890570228e-05
19                                    -6.1208553790004802e-04
20                                     9.2536696245551075e-04
21                                     7.2442353130509489e-05
22                                     3.0128846356676303e-04
23                                    -9.1628601860040636e-04
24                                    -1.3091097086481951e-04
25                                     1.1427368457769737e-04
26                                    -2.1284042493906349e-04
27                                     2.6863343273319492e-03
28                                     1.0573238368848149e-03
29                                    -2.3955278914928979e-03
30                                    -1.2711697418203789e-03
31                                    -9.8763491870754888e-04
32                                     9.6139927419278820e-04
33                                    -1.2295130812681832e-03
34                                     3.5295542480517602e-04
35                                     4.3145820178826401e-04
36                                     3.3902516241781429e-04
37                                     5.5539519789452388e-04
38                                    -3.6837469507169511e-04
39                                     7.4366266935901567e-04
40                                     6.0697238779204251e-04
41                                     1.0667146766323717e-03
42                                    -2.1388510911920260e-05
43                                     6.7704146031140658e-04
44                                     5.1403613527058385e-04
45                                     5.8908792795639767e-04
46                                    -1.3366196923263155e-03
47                                     3.3428762185601672e-04
48                                     9.4154244898386936e-04
49                                    -6.3055699708892629e-04
50                                    -9.0395332397939765e-04
51                                    -9.4291658959924749e-04
52                                    -2.3623156847152180e-04
53                                    -2.3219213081317511e-04
54                                    -2.8100113228466219e-04
55                                    -8.9306485489431371e-04
56                                    -8.6278110197942834e-04
57                                     6.1458998045751031e-05
58                                     3.2516388555107084e-04
59                                     6.1027664004093392e-05
60                                     4.9572500230715731e-04
61                                    -4.1382998205283396e-04
62                                     1.5057841805481323e-05
63                                     2.1208514174161428e-04
64                                    -3.0011917703588975e-04
65                                     5.7416845977850597e-04
66                                    -3.8876834733480621e-04
67                                     8.5059707626361752e-04
68                                     4.1760531344460462e-04
69                                     1.8322414073084205e-04
70                                     6.0445264172167190e-04
71                                    -4.6753163745799463e-04
72                                     3.0737677577014614e-04
73                                    -2.0203760791070118e-04
74                                     9.9577768163208171e-04
75                                     8.0897819420519022e-05
76                                    -4.1260633554440448e-04
77                                    -4.0196893349665692e-04
78                                     7.3099635298257183e-05
79                                     4.4657403333793071e-05
80                                     5.1433365142468737e-04
81                                    -3.8423396913580109e-06
82                                    -2.8563464196544727e-04
83                                    -4.2224330954328504e-04
84                                    -3.9312342912602995e-04
85                                    -4.2975472697236704e-04
86                                     9.9803818648754248e-05
87                                     1.2879409876374653e-04
88                                     5.2265203638338488e-04
89                                    -1.7807081045892684e-04
90                                     1.6967083899765972e-04
91                                    -2.4668961529782877e-04
92                                     4.9729592166225392e-04
93                                     1.9077938794754672e-04
94                                    -2.5385314700846357e-04
95                                    -1.7052458712099534e-04
96                                     2.8972129452270055e-06
97                                    -4.3537571761573631e-04
98                                    -7.0325496601203138e-04
99                                     4.0416463942992106e-04
100                                   -2.7548676890160452e-04
101                                   -4.3498620630826024e-04
102                                   -5.7405745858030730e-06
103                                    3.1226349925205660e-04
104                                   -6.1781674546028322e-04
105                                    1.4917622587617396e-04
106                                    3.4942361448648960e-04
107                                    5.2942010380456299e-04
108                                   -6.0175832953175017e-04
109                                    2.2804481043780134e-04
110                                   -3.1406647807682731e-04
111                                    8.3371525790546422e-05
112                                    1.0610450384572866e-04
113                                    4.5110689841988916e-04
114                                    4.0834590094606163e-04
115                                   -3.0063722494719214e-04
116                                    2.7282095209174768e-04
117                                   -3.0491192112551857e-04
118                                    5.6691805425776063e-04
119                                   -4.9113738174973783e-04
120                                   -1.6727712021991173e-04
121                                    1.2748121405776114e-04
122                                    4.1265759602244958e-04
   &Method [&Type "String"] "SCF"
   &Level [&Type "String"] "Relaxed density"
   &Mult [&Type "Integer"] 1
   &State [&Type "Integer"] 0
   &Irrep [&Type "Integer"] 0
$End
$Geometry
   &GeometryIndex 7
   &NAtoms [&Type "Integer"] 41
   &NCorelessECP [&Type "Integer"] 0
   &NGhostAtoms [&Type "Integer"] 0
   &CartesianCoordinates [&Type "Coordinates", &Dim(41,4), &Units "Bohr"] 
              C     -6.639855104408   -7.220889952732   -1.302840618446
              C     -4.634577317413   -5.882491177980    0.219715154532
              O     -4.871993478557   -3.207508513252   -0.208723980449
              P     -3.012850612488   -1.248461582408    1.137574478459
              O     -2.780846431509   -1.534720032599    3.921126416960
              N     -3.824224163366    1.586389772693    0.200366531331
              C     -5.466987891823    3.236909349904    1.709063342561
              C     -4.746919741931    5.984105347073    1.228681369428
              C     -8.259523143102    2.724816257195    1.188815110342
              O     -0.448121738619   -1.864733053594   -0.482152650368
              C      1.816358079511   -0.635939427416   -0.221777622164
              C      2.440938695305    0.815913713630    1.885373370614
              C      4.798188680927    1.988453360430    1.943986921474
              C      6.527665525252    1.725489914771   -0.033823801552
              S      9.475385001709    3.349171282417    0.173007538001
              C     11.493920167711    0.909250844088    1.485026752310
              C      5.891850813613    0.250648219613   -2.165179547604
              C      7.664000200728   -0.070185316517   -4.366307848422
              C      3.524452133012   -0.916619879150   -2.212866178868
              H     -6.496942204435   -9.270635869891   -0.996845775167
              H     -8.538323056676   -6.604077246759   -0.727907195532
              H     -6.396885053360   -6.843399897885   -3.330968517429
              H     -2.723984110362   -6.479095875622   -0.350214035381
              H     -4.849436889345   -6.245651147420    2.256762229481
              H     -3.883964904328    1.873727125537   -1.700248281825
              H     -5.060973678827    2.777569652774    3.697336274707
              H     -5.059265571832    6.487771235491   -0.767373201253
              H     -5.901889876086    7.257088549190    2.396497640092
              H     -2.743453542756    6.305045423615    1.676859106821
              H     -8.734729838329    0.740866899455    1.589176821569
              H     -8.715204908144    3.108506564179   -0.806152612286
              H     -9.467443669671    3.933208120528    2.373334321419
              H      1.126547941131    1.002704812404    3.461770056102
              H      5.320461671153    3.134984961110    3.580019743901
              H     10.797557632421    0.303564957098    3.343350238574
              H     11.636318779552   -0.727358191108    0.216677619519
              H     13.374159072513    1.761388718291    1.702996068384
              H      6.831816873253   -1.304076957396   -5.811421064348
              H      8.104799211183    1.766254041184   -5.235201841090
              H      9.474359549063   -0.899704368390   -3.769995666474
              H      2.959616918226   -2.068280670345   -3.830482932257
$End
$SCF_Energy
   &GeometryIndex 7
   &Method [&Type "String"] "SCF"
   &totalEnergy [&Type "ArrayOfDoubles", &Dim (1,1)] "Total energy of each state"
                                                         0

0                                     -1.5276794259529875e+03
   &Mult [&Type "ArrayOfIntegers", &Dim (1,1)] "Multiplicity of each state"
                                                         0

0                                                        1
$End
$DFT_Energy
   &GeometryIndex 7
   &nAlphaEl [&Type "Integer"] 81
   &nBetaEl [&Type "Integer"] 81
   &nTotalEl [&Type "Integer"] 162
   &finalEn [&Type "Double"]      -1.5276794259529875e+03  "No Van der Waals correction"
   &eExchange [&Type "Double"]       0.0000000000000000e+00
   &eCorr [&Type "Double"]       0.0000000000000000e+00
   &eXC [&Type "Double"]      -1.1268247031315776e+02
   &eCNL [&Type "Double"]       0.0000000000000000e+00
$End
$Solvation_Details
   &GeometryIndex 7
   &Solvent [&Type "String"] "WATER"
   &Epsilon [&Type "Double"]       8.0150999999999996e+01
   &Refrac [&Type "Double"]       1.3328000000000000e+00
   &RSolv [&Type "Double"]       1.3000000000000000e+00
   &SurfaceType [&Type "String"] "GAUSSIAN VDW"
   &CPCMDielEnergy [&Type "Double"]      -2.1284258000000000e-02
   &NPoints [&Type "Integer"] 3574
   &SurfaceArea [&Type "Double"]       1.3097241610900001e+03
$End
$SCF_Timings
   &GeometryIndex 7
   &TOTAL [&Type "Double"]       7.3608655000000013e+01
   &PREP [&Type "Double"]       2.9290259999999999e+00
   &FOCK [&Type "Double"]       6.4305361999999988e+01
   &DENS [&Type "Double"]       8.1860299999998887e-01
   &ETOT [&Type "Double"]       5.0005000000000699e-01
   &TRAFO [&Type "Double"]       2.1039199999999525e-01
   &DIIS [&Type "Double"]       1.1675510000000067e+00
   &SOSCF [&Type "Double"]       6.7286000000000001e-01
   &XC [&Type "Double"]       1.0279429999999998e+01
   &FOCKSTART [&Type "Double"]       3.2332400000000927e-01
   &SOLV [&Type "Double"]       1.0790353999999990e+01
   &SOLV_INIT [&Type "Double"]       1.0942279999999998e+00
   &SOLV_FINAL [&Type "Double"]       9.9999999747524271e-07
   &INT_PREP [&Type "Double"]       4.0000000058881824e-06
   &INT_BF [&Type "Double"]       7.2247700000012038e-01
   &INT_DENS [&Type "Double"]       5.1944899999991989e-01
   &INT_DENSIO [&Type "Double"]       1.2829998140200027e+05
   &INT_FUNC [&Type "Double"]       1.7362399999989186e-01
   &INT_POT [&Type "Double"]       4.3116500000000002e-01
   &INT_POTIO [&Type "Double"]       8.2053700000006380e-01
   &INT_SUM [&Type "Double"]       4.6769999999991541e-03
   &SPLITRIJ [&Type "Double"]       3.2344449999999996e+00
   &COSX [&Type "Double"]       3.9349936000000000e+01
$End
$VdW_Correction
   &GeometryIndex 7
   &vdW [&Type "Double"]      -1.8165595905046017e-02
$End
$Single_Point_Data
   &GeometryIndex 7
   &FinalEnergy [&Type "Double"]      -1.5276975915488924e+03  "Final single point energy"
   &Converged [&Type "Boolean"] true
$End
$SCF_Nuc_Gradient
   &GeometryIndex 7
   &NAtoms [&Type "Integer"] 41
   &gradNorm [&Type "Double"]       7.0233266265797515e-03
   &grad [&Type "ArrayOfDoubles", &Dim (123,1)] 
                                                         0

0                                     -3.9235410271813264e-04
1                                      5.1592377139381173e-04
2                                     -3.5443438287782161e-04
3                                     -5.5913845330769317e-05
4                                     -9.3672417276387439e-04
5                                     -2.8174988643760802e-04
6                                      1.7258371175489777e-03
7                                      1.2469709631027586e-03
8                                      1.6201089560570672e-03
9                                     -2.5923135245458956e-03
10                                    -2.8369952337112350e-03
11                                     4.0942311997506581e-04
12                                    -4.7492515527274508e-04
13                                     8.6673766283035822e-04
14                                    -2.4135998935825867e-04
15                                    -1.2459566602634315e-05
16                                     1.3856209754443498e-03
17                                    -1.5689298372920248e-04
18                                     5.0939986613135707e-04
19                                    -1.0434849353214472e-03
20                                     7.1981831563517360e-04
21                                    -1.7765079883153164e-04
22                                     2.8650574517331102e-04
23                                    -6.0660480713504387e-04
24                                    -1.6612239175540057e-04
25                                     2.0654993170460129e-04
26                                    -2.8816061483924471e-04
27                                     2.2912559323828930e-03
28                                     1.0657331951380914e-03
29                                    -1.7399612960026581e-03
30                                    -1.5587840303636152e-03
31                                    -6.7149480479482293e-04
32                                     8.2060713048315835e-04
33                                    -5.3967470020237446e-04
34                                    -2.5875266277940377e-05
35                                    -3.6804232658413628e-05
36                                     1.2202998391210910e-04
37                                     2.3938255093944658e-04
38                                     9.3606639767129584e-05
39                                     4.7845887348881401e-04
40                                     2.9412774723376714e-04
41                                     2.5704054813322267e-04
42                                    -8.3686286021897557e-05
43                                     4.0533833670867617e-04
44                                     4.1955250664821319e-04
45                                     4.2611391438952698e-04
46                                    -8.4815298109229152e-04
47                                     6.4207585777662315e-05
48                                     5.8850867252556091e-04
49                                     1.0415390225269883e-04
50                                    -4.4226936153667377e-04
51                                    -5.8918450101137548e-04
52                                    -2.5692682715316989e-04
53                                     8.5055939252323844e-05
54                                     1.2855161661897650e-04
55                                    -6.3052974109713733e-04
56                                    -7.3580136899808947e-04
57                                     4.9056432401342507e-06
58                                     2.1432224631202121e-04
59                                     2.0186313610110912e-05
60                                     2.9316450196075074e-04
61                                    -2.6106467845864992e-04
62                                    -1.2889898388387713e-05
63                                     1.4929212776775222e-04
64                                    -1.5774618565627104e-04
65                                     3.4588332716825522e-04
66                                    -2.4195774908029009e-04
67                                     5.9551297307119532e-04
68                                     2.2719045183040534e-04
69                                    -2.1329472151936104e-05
70                                     3.7018056075040196e-04
71                                    -3.0244998014877062e-04
72                                     7.4774590881615148e-05
73                                    -9.6990798682328828e-05
74                                     5.6106882705221227e-04
75                                    -2.2641295795894128e-06
76                                    -6.8477983321600579e-05
77                                    -2.5072261323166466e-04
78                                     1.0422152713290615e-04
79                                     3.4131641964178731e-05
80                                     3.6280604583928389e-04
81                                     3.1279561322548531e-05
82                                    -8.5994216311145676e-05
83                                    -2.6084368670318929e-04
84                                    -2.1963279212413968e-04
85                                    -2.3888037304879744e-04
86                                     3.4080934314763034e-05
87                                     6.3639001963017658e-05
88                                     3.1256786855757648e-04
89                                    -1.0152381307405666e-04
90                                     3.3734872303534336e-05
91                                    -1.7881139988373660e-04
92                                     3.0892414735469065e-04
93                                     1.4855734230569869e-04
94                                    -1.8031204680092223e-04
95                                    -1.0877529419703742e-04
96                                    -1.2605285732272841e-05
97                                    -1.5033595142076983e-04
98                                    -3.8163597417654164e-04
99                                     3.0658457219414931e-04
100                                   -1.4882848083842850e-04
101                                   -2.8263033488015092e-04
102                                   -2.3538970879698879e-05
103                                    2.1255829530105689e-04
104                                   -3.4168717835732579e-04
105                                    3.1710586795305868e-05
106                                    1.7252154182247664e-04
107                                    3.0288851066120231e-04
108                                   -3.6716347295380009e-04
109                                    1.4105521347251919e-04
110                                   -1.7460698794564131e-04
111                                    1.3587996421331235e-04
112                                    1.8985742161834134e-05
113                                    2.4181028164767246e-04
114                                    9.6371960647489727e-05
115                                   -1.6489566673110509e-04
116                                    1.8572320081838967e-04
117                                   -7.4944100730002904e-05
118                                    2.4782667664332214e-04
119                                   -2.8779258891111083e-04
120                                   -1.3776742721440541e-04
121                                    4.5814145501638670e-05
122                                    3.0961450916074806e-04
   &Method [&Type "String"] "SCF"
   &Level [&Type "String"] "Relaxed density"
   &Mult [&Type "Integer"] 1
   &State [&Type "Integer"] 0
   &Irrep [&Type "Integer"] 0
$End
$Geometry
   &GeometryIndex 8
   &NAtoms [&Type "Integer"] 41
   &NCorelessECP [&Type "Integer"] 0
   &NGhostAtoms [&Type "Integer"] 0
   &CartesianCoordinates [&Type "Coordinates", &Dim(41,4), &Units "Bohr"] 
              C     -6.714855142799   -7.292584592232   -1.189349558800
              C     -4.641711924527   -5.940805215050    0.229333798039
              O     -4.879509798580   -3.273231020789   -0.236080520943
              P     -3.022574564175   -1.296026141146    1.096844392343
              O     -2.810957410348   -1.568013135522    3.886294192739
              N     -3.832308699821    1.523173971596    0.125615510953
              C     -5.406872507276    3.235484001674    1.638059096264
              C     -4.608182274750    5.959264226561    1.143118568685
              C     -8.218534705190    2.807134617694    1.141714968899
              O     -0.443973379784   -1.931223253446   -0.486448212116
              C      1.809041846680   -0.679448741648   -0.208956024208
              C      2.438179789473    0.698993344036    1.946237232303
              C      4.777707467104    1.901478509748    2.029515983997
              C      6.491182794150    1.732674517286    0.026868049861
              S      9.421575072510    3.382399520290    0.267236045103
              C     11.472716369330    0.926569936693    1.493084891929
              C      5.854550426886    0.330831738917   -2.150152085130
              C      7.619332329441    0.107889283535   -4.371122299993
              C      3.500676882691   -0.860849308720   -2.224485084296
              H     -6.575656454754   -9.338736415224   -0.856380889230
              H     -8.585023111161   -6.648527105390   -0.550695665062
              H     -6.554522451185   -6.947480579708   -3.232661575697
              H     -2.759739033843   -6.566861728329   -0.405405288979
              H     -4.782937300934   -6.273018194379    2.279160004886
              H     -3.907820679611    1.793012273736   -1.778103182287
              H     -5.002218799123    2.777765667201    3.627195958377
              H     -4.939373364551    6.470351917019   -0.849115960636
              H     -5.702307489290    7.268967941528    2.329963947343
              H     -2.587434255072    6.221614590842    1.554372730166
              H     -8.747586871864    0.836555978199    1.546292758963
              H     -8.681266064554    3.206955059242   -0.849557009989
              H     -9.380853560517    4.050259274450    2.337076270591
              H      1.137416694957    0.808384170282    3.542517227226
              H      5.296233821613    2.995590184370    3.702888119541
              H     10.782916894422    0.241479642856    3.327553774862
              H     11.638028181376   -0.661635047209    0.165583807872
              H     13.344151101429    1.790128593966    1.746763811387
              H      6.784574332687   -1.064909478715   -5.866026782275
              H      8.048269152588    1.981721967812   -5.163771235080
              H      9.431773935840   -0.747589941906   -3.816713233067
              H      2.937892769428   -1.957741067913   -3.881232798879
$End
$SCF_Energy
   &GeometryIndex 8
   &Method [&Type "String"] "SCF"
   &totalEnergy [&Type "ArrayOfDoubles", &Dim (1,1)] "Total energy of each state"
                                                         0

0                                     -1.5276795911607321e+03
   &Mult [&Type "ArrayOfIntegers", &Dim (1,1)] "Multiplicity of each state"
                                                         0

0                                                        1
$End
$DFT_Energy
   &GeometryIndex 8
   &nAlphaEl [&Type "Integer"] 81
   &nBetaEl [&Type "Integer"] 81
   &nTotalEl [&Type "Integer"] 162
   &finalEn [&Type "Double"]      -1.5276795911607321e+03  "No Van der Waals correction"
   &eExchange [&Type "Double"]       0.0000000000000000e+00
   &eCorr [&Type "Double"]       0.0000000000000000e+00
   &eXC [&Type "Double"]      -1.1267929699945560e+02
   &eCNL [&Type "Double"]       0.0000000000000000e+00
$End
$Solvation_Details
   &GeometryIndex 8
   &Solvent [&Type "String"] "WATER"
   &Epsilon [&Type "Double"]       8.0150999999999996e+01
   &Refrac [&Type "Double"]       1.3328000000000000e+00
   &RSolv [&Type "Double"]       1.3000000000000000e+00
   &SurfaceType [&Type "String"] "GAUSSIAN VDW"
   &CPCMDielEnergy [&Type "Double"]      -2.1237196000000000e-02
   &NPoints [&Type "Integer"] 3563
   &SurfaceArea [&Type "Double"]       1.3102111286700001e+03
$End
$SCF_Timings
   &GeometryIndex 8
   &TOTAL [&Type "Double"]       8.3151925000000006e+01
   &PREP [&Type "Double"]       2.8516550000000001e+00
   &FOCK [&Type "Double"]       7.3691168000000005e+01
   &DENS [&Type "Double"]       9.9755199999999888e-01
   &ETOT [&Type "Double"]       6.0628299999999768e-01
   &TRAFO [&Type "Double"]       1.8953199999999448e-01
   &DIIS [&Type "Double"]       1.1731330000000035e+00
   &SOSCF [&Type "Double"]       1.0513950000000154e+00
   &XC [&Type "Double"]       1.5321430999999997e+01
   &FOCKSTART [&Type "Double"]       3.6088900000001090e-01
   &SOLV [&Type "Double"]       1.2500252999999997e+01
   &SOLV_INIT [&Type "Double"]       1.0093740000000000e+00
   &SOLV_FINAL [&Type "Double"]       9.9999999747524271e-07
   &INT_PREP [&Type "Double"]       5.9999999972859541e-06
   &INT_BF [&Type "Double"]       8.6297400000023039e-01
   &INT_DENS [&Type "Double"]       3.5698200000000533e+00
   &INT_DENSIO [&Type "Double"]       1.8405381534200039e+05
   &INT_FUNC [&Type "Double"]       2.1404199999932594e-01
   &INT_POT [&Type "Double"]       4.7904099999976602e-01
   &INT_POTIO [&Type "Double"]       9.9669500000018196e-01
   &INT_SUM [&Type "Double"]       3.2509999999952299e-03
   &SPLITRIJ [&Type "Double"]       3.7626749999999891e+00
   &COSX [&Type "Double"]       4.3484923999999978e+01
$End
$VdW_Correction
   &GeometryIndex 8
   &vdW [&Type "Double"]      -1.8157210972762454e-02
$End
$Single_Point_Data
   &GeometryIndex 8
   &FinalEnergy [&Type "Double"]      -1.5276977483717048e+03  "Final single point energy"
   &Converged [&Type "Boolean"] true
$End
$SCF_Nuc_Gradient
   &GeometryIndex 8
   &NAtoms [&Type "Integer"] 41
   &gradNorm [&Type "Double"]       4.3862128633239076e-03
   &grad [&Type "ArrayOfDoubles", &Dim (123,1)] 
                                                         0

0                                      1.0516058318430014e-04
1                                     -1.0160733039303199e-04
2                                      7.8307487193388992e-05
3                                      1.3152271213410095e-04
4                                      1.5695780510983025e-05
5                                     -2.2376083967677986e-04
6                                      3.6840862272463762e-04
7                                      3.1436878868531165e-04
8                                      1.5675127305874417e-03
9                                     -1.0213560152075273e-03
10                                    -1.6762414459439761e-04
11                                    -1.7158296496920268e-03
12                                    -1.6598222198796307e-04
13                                    -1.6788911674998707e-04
14                                     8.8828428330674182e-04
15                                     1.9880039487336020e-04
16                                    -1.3870194539475434e-04
17                                     1.6990429291281907e-04
18                                     8.7064672890661994e-04
19                                    -1.1639780320570146e-03
20                                     2.1621232395432189e-04
21                                    -3.3631526082940767e-04
22                                     2.2940160303180440e-04
23                                     1.6122240605605276e-05
24                                    -9.3469049717015982e-05
25                                     1.5888593795629932e-04
26                                    -2.8056268845016568e-04
27                                     1.1287919794930820e-03
28                                     9.5101045382693357e-04
29                                    -9.3765388920779593e-04
30                                    -1.3870533168567991e-03
31                                    -6.5188391635530069e-04
32                                     7.2128223512523684e-04
33                                     4.7635241569194032e-04
34                                    -8.0527892736357207e-05
35                                    -6.1328585619188137e-04
36                                    -3.2460897683644072e-04
37                                     8.6910780632754205e-05
38                                     4.2682736098334197e-04
39                                     2.6152377949248114e-04
40                                    -2.2283209056222367e-04
41                                    -5.2303078713771575e-04
42                                    -2.0231594020977381e-04
43                                     2.0446806283879750e-05
44                                     2.8831895998939492e-04
45                                     1.4233314201630030e-04
46                                     8.5970883642913254e-05
47                                    -2.3387813505771138e-04
48                                    -1.3038183626506690e-04
49                                     4.8399515385165909e-04
50                                     3.2623322668264124e-04
51                                     1.0292249519189208e-05
52                                    -1.4094445421604458e-04
53                                     3.4117353535045543e-04
54                                     6.2953738637067113e-04
55                                     2.3954433485296623e-05
56                                    -3.9275433744306366e-04
57                                    -5.8701051770383586e-05
58                                     2.0131412150037648e-05
59                                    -1.0878781884851935e-05
60                                    -3.9017400674857763e-05
61                                    -2.6914588499085292e-05
62                                    -4.3783373121603856e-05
63                                     2.7279634547774721e-05
64                                     3.4575000815535533e-05
65                                    -1.1678233482333604e-05
66                                     3.1598028626042595e-05
67                                     1.2365354418516231e-04
68                                    -7.6751640181409305e-07
69                                    -2.8257083733907763e-04
70                                     5.3107008550594970e-05
71                                    -1.6410658790101221e-05
72                                    -1.9946772125183367e-04
73                                     1.7584152822790929e-04
74                                     2.4535741450016511e-05
75                                    -1.2158195147091222e-04
76                                     3.0269097985280723e-04
77                                    -4.6009074922123951e-06
78                                     5.2787667225253449e-05
79                                    -7.8757256165668747e-07
80                                     2.2633235867554446e-05
81                                     5.2661788565396673e-05
82                                     1.2482419159551923e-04
83                                    -2.8706929213691339e-05
84                                     4.7500787887125675e-05
85                                     6.0073195077152083e-05
86                                    -6.0593325728737583e-05
87                                    -2.3538709503123974e-05
88                                    -4.7459411898332805e-05
89                                     3.0924740180743517e-06
90                                    -8.9522221059497206e-05
91                                     4.8910879642392229e-06
92                                    -2.1389210530653723e-07
93                                     2.4091614672054883e-05
94                                    -1.6615199568441656e-05
95                                     1.0572312915186309e-05
96                                    -7.0569377576523956e-05
97                                     4.2458653525243395e-05
98                                     4.4329684927971641e-05
99                                     1.5936881446145749e-04
100                                   -1.2936588466190015e-06
101                                   -4.0646389591225549e-05
102                                   -4.0449830826725064e-05
103                                   -5.7483170925381174e-05
104                                    1.5041317419761881e-05
105                                   -1.3721154097194043e-05
106                                   -8.9819216934450264e-05
107                                    9.4598155484461208e-05
108                                    4.5919696027274098e-07
109                                    5.1875636075913322e-06
110                                   -6.1668121838852314e-06
111                                    2.1498613072397078e-04
112                                   -1.1907071370086557e-04
113                                   -4.0970756675436483e-05
114                                   -2.5977284650493832e-04
115                                    9.1211892119640576e-05
116                                    8.1310816035831646e-06
117                                    2.5604293013993895e-05
118                                   -1.5297696585439866e-04
119                                   -1.4593104115129214e-04
120                                   -9.9312290714305765e-05
121                                   -6.0877292889620062e-05
122                                    6.8992132708941363e-05
   &Method [&Type "String"] "SCF"
   &Level [&Type "String"] "Relaxed density"
   &Mult [&Type "Integer"] 1
   &State [&Type "Integer"] 0
   &Irrep [&Type "Integer"] 0
$End
$Geometry
   &GeometryIndex 9
   &NAtoms [&Type "Integer"] 41
   &NCorelessECP [&Type "Integer"] 0
   &NGhostAtoms [&Type "Integer"] 0
   &CartesianCoordinates [&Type "Coordinates", &Dim(41,4), &Units "Bohr"] 
              C     -6.814708299281   -7.354114439619   -1.095105837918
              C     -4.664948923028   -6.018170590464    0.222652346839
              O     -4.883697718616   -3.353326594744   -0.262932864861
              P     -3.037690348631   -1.374064200763    1.089736302815
              O     -2.885041422226   -1.633741238611    3.885706214046
              N     -3.813476453581    1.436994663799    0.080154542564
              C     -5.330980593608    3.216924158943    1.572986676250
              C     -4.405839453265    5.905006395399    1.104692941037
              C     -8.150775588565    2.911775342076    1.033257604913
              O     -0.431136657783   -2.041717917550   -0.429137216520
              C      1.800352598412   -0.744694191728   -0.156946275892
              C      2.433253358209    0.589721916460    2.025435221695
              C      4.747286902126    1.838771273191    2.108367325084
              C      6.433773823895    1.756451358248    0.077058182317
              S      9.336580870175    3.453525653182    0.319531780882
              C     11.442480586726    1.011426977219    1.475283524109
              C      5.794809214676    0.398806254419   -2.125700884256
              C      7.537186732802    0.267069787940   -4.372814885761
              C      3.464348534341   -0.837339670326   -2.199933711022
              H     -6.692754536388   -9.399285187975   -0.748220697683
              H     -8.646750215372   -6.673187204725   -0.385898966017
              H     -6.737651025203   -7.029279370782   -3.147250389160
              H     -2.820307403529   -6.682648179526   -0.481204263479
              H     -4.729314733254   -6.330564639521    2.280116652792
              H     -3.853916108236    1.702579520273   -1.825596826372
              H     -4.978228916855    2.736996610938    3.566993742666
              H     -4.694661635835    6.442407239492   -0.887884572508
              H     -5.452669451676    7.254163311825    2.290588798440
              H     -2.379167501347    6.076659406127    1.536278646670
              H     -8.765547612066    0.960917659529    1.413997660855
              H     -8.567430757509    3.346993533104   -0.961363826154
              H     -9.278688235464    4.193456495427    2.221531203178
              H      1.153846655304    0.627594780460    3.642815154563
              H      5.265057359025    2.901295886476    3.802536856153
              H     10.773123595294    0.263226754655    3.293359947555
              H     11.636861802858   -0.538204394179    0.105656354910
              H     13.298160156011    1.903970606307    1.747412616200
              H      6.693783600023   -0.858381123484   -5.899641960462
              H      7.942738662072    2.170871453492   -5.104194472221
              H      9.360181186663   -0.597336826270   -3.867017116566
              H      2.901557971604   -1.901551306509   -3.878271794016
$End
$SCF_Energy
   &GeometryIndex 9
   &Method [&Type "String"] "SCF"
   &totalEnergy [&Type "ArrayOfDoubles", &Dim (1,1)] "Total energy of each state"
                                                         0

0                                     -1.5276796651585178e+03
   &Mult [&Type "ArrayOfIntegers", &Dim (1,1)] "Multiplicity of each state"
                                                         0

0                                                        1
$End
$DFT_Energy
   &GeometryIndex 9
   &nAlphaEl [&Type "Integer"] 81
   &nBetaEl [&Type "Integer"] 81
   &nTotalEl [&Type "Integer"] 162
   &finalEn [&Type "Double"]      -1.5276796651585178e+03  "No Van der Waals correction"
   &eExchange [&Type "Double"]       0.0000000000000000e+00
   &eCorr [&Type "Double"]       0.0000000000000000e+00
   &eXC [&Type "Double"]      -1.1267722778078252e+02
   &eCNL [&Type "Double"]       0.0000000000000000e+00
$End
$Solvation_Details
   &GeometryIndex 9
   &Solvent [&Type "String"] "WATER"
   &Epsilon [&Type "Double"]       8.0150999999999996e+01
   &Refrac [&Type "Double"]       1.3328000000000000e+00
   &RSolv [&Type "Double"]       1.3000000000000000e+00
   &SurfaceType [&Type "String"] "GAUSSIAN VDW"
   &CPCMDielEnergy [&Type "Double"]      -2.1234952000000001e-02
   &NPoints [&Type "Integer"] 3585
   &SurfaceArea [&Type "Double"]       1.3131519477370000e+03
$End
$SCF_Timings
   &GeometryIndex 9
   &TOTAL [&Type "Double"]       8.5729804000000001e+01
   &PREP [&Type "Double"]       2.8420239999999999e+00
   &FOCK [&Type "Double"]       7.6358421999999990e+01
   &DENS [&Type "Double"]       9.9319600000001174e-01
   &ETOT [&Type "Double"]       6.1863800000000424e-01
   &TRAFO [&Type "Double"]       2.0163599999999704e-01
   &DIIS [&Type "Double"]       1.1435050000000011e+00
   &SOSCF [&Type "Double"]       1.1159950000000016e+00
   &XC [&Type "Double"]       1.5294092000000026e+01
   &FOCKSTART [&Type "Double"]       3.5656500000001001e-01
   &SOLV [&Type "Double"]       1.2702690999999987e+01
   &SOLV_INIT [&Type "Double"]       1.0366080000000000e+00
   &SOLV_FINAL [&Type "Double"]       1.0000000116860974e-06
   &INT_PREP [&Type "Double"]       3.0000000066365828e-06
   &INT_BF [&Type "Double"]       8.5654300000050476e-01
   &INT_DENS [&Type "Double"]       5.8672499999934224e-01
   &INT_DENSIO [&Type "Double"]       1.8941047723800037e+05
   &INT_FUNC [&Type "Double"]       2.1007499999993051e-01
   &INT_POT [&Type "Double"]       4.5216699999987142e-01
   &INT_POTIO [&Type "Double"]       9.8412199999968841e-01
   &INT_SUM [&Type "Double"]       5.0819999999855980e-03
   &SPLITRIJ [&Type "Double"]       3.7982849999999924e+00
   &COSX [&Type "Double"]       4.5866813000000022e+01
$End
$VdW_Correction
   &GeometryIndex 9
   &vdW [&Type "Double"]      -1.8197472088178374e-02
$End
$Single_Point_Data
   &GeometryIndex 9
   &FinalEnergy [&Type "Double"]      -1.5276978626306059e+03  "Final single point energy"
   &Converged [&Type "Boolean"] true
$End
$SCF_Nuc_Gradient
   &GeometryIndex 9
   &NAtoms [&Type "Integer"] 41
   &gradNorm [&Type "Double"]       5.3419704086402411e-03
   &grad [&Type "ArrayOfDoubles", &Dim (123,1)] 
                                                         0

0                                      3.2475296556094883e-04
1                                     -3.8753569939318166e-04
2                                      2.5102508359531772e-04
3                                      3.6138371217630410e-04
4                                      4.5986470193086710e-04
5                                     -2.1984467609947419e-04
6                                     -4.9640832370308273e-04
7                                     -2.3306715669476540e-04
8                                      1.3190115843000267e-03
9                                     -5.0183008174246209e-05
10                                     1.5989964315853995e-03
11                                    -2.6317880729753861e-03
12                                    -1.5986116436109870e-04
13                                    -8.1258860284527516e-04
14                                     1.3805162095580979e-03
15                                     4.6771631961199151e-04
16                                    -1.3667600212073370e-03
17                                     2.9882055199061141e-04
18                                     8.4791917967310705e-04
19                                    -7.5327980795024765e-04
20                                    -2.1385526540841911e-04
21                                    -2.9198057623561251e-04
22                                     1.1827123243367132e-04
23                                     4.0724488794544413e-04
24                                    -7.4867795483533997e-05
25                                     1.1096882772557951e-05
26                                    -9.2786503838664843e-05
27                                    -2.2462972854354492e-05
28                                     4.8306054490612901e-04
29                                    -5.2747663567536741e-04
30                                    -8.8701190066038226e-04
31                                    -3.5347879504397939e-04
32                                     5.6138195483749825e-04
33                                     1.0928406378125433e-03
34                                     3.3911546046329772e-04
35                                    -6.4835625475356438e-04
36                                    -4.5001461070501482e-04
37                                    -1.2764764113343759e-04
38                                     5.2625669506719511e-04
39                                     1.1249747217070662e-04
40                                    -2.8579303156179279e-04
41                                    -9.3092278793817525e-04
42                                    -2.1404047520319730e-04
43                                    -3.4229453534757778e-04
44                                     1.7572986056460529e-04
45                                    -1.1915769442046690e-04
46                                     6.9463642943495959e-04
47                                    -3.2305971484026299e-04
48                                    -6.6241732693748424e-04
49                                     4.6180972990950630e-04
50                                     6.9927329584810148e-04
51                                     4.5714916639499165e-04
52                                    -1.4742922359289066e-05
53                                     4.1774785045281629e-04
54                                     7.5582240960920253e-04
55                                     3.5854818125361361e-04
56                                    -2.3559691338932061e-05
57                                    -7.3475252571187364e-05
58                                    -8.7751741755086560e-05
59                                    -7.4677427671233351e-06
60                                    -1.9088341892382308e-04
61                                     1.4072690531152682e-04
62                                    -1.5542374177299609e-05
63                                    -8.3999214433723348e-05
64                                     1.1534628393592911e-04
65                                    -2.0731185370019391e-04
66                                     1.3165338039251037e-04
67                                    -2.2428566291320177e-04
68                                    -1.1093390207885158e-04
69                                    -3.7079211579968641e-04
70                                    -1.1438790510305467e-04
71                                     1.6051872183300451e-04
72                                    -2.7805934090054525e-04
73                                     4.0989880004447811e-04
74                                    -2.3430132779875734e-04
75                                    -1.5767615148430566e-04
76                                     3.9485388434927873e-04
77                                     1.4991939008492306e-04
78                                    -1.7960384351470326e-05
79                                    -4.1728274868536438e-05
80                                    -1.9534461496250173e-04
81                                     1.3457495412424846e-05
82                                     1.2816168387544849e-04
83                                     1.0920345697945804e-04
84                                     1.7632295923554036e-04
85                                     2.2488080814731480e-04
86                                    -1.1918052801866607e-04
87                                    -6.9544596538977866e-05
88                                    -2.1304341106627415e-04
89                                     4.7761767166854673e-05
90                                    -8.1592491449364061e-05
91                                     1.6390006948457467e-04
92                                    -1.6911101599923812e-04
93                                    -1.0462095301831362e-04
94                                     8.7004001854827878e-05
95                                     4.2124323968597695e-05
96                                     5.4768830242562032e-05
97                                     3.9241514539758591e-05
98                                     2.3679651909885147e-04
99                                     3.5447693739255442e-05
100                                    8.6948320809355042e-05
101                                    8.9919935531428480e-05
102                                   -2.2652519987643533e-05
103                                   -2.6170711833391517e-04
104                                    1.9094029432360950e-04
105                                    1.9838588571569516e-05
106                                   -2.3777385668472469e-04
107                                   -4.6407907015546523e-05
108                                    2.0473341545823302e-04
109                                   -6.4891011990820066e-05
110                                    7.0740248970943163e-05
111                                    1.9714722373774581e-04
112                                   -1.6784328143409471e-04
113                                   -1.9301387973468789e-04
114                                   -4.2938761374930966e-04
115                                    2.2401851341134101e-04
116                                   -7.8718985919092515e-05
117                                    8.8370101500865488e-05
118                                   -3.3746916609543424e-04
119                                   -6.4696369280571933e-05
120                                   -3.2771733338037067e-05
121                                   -1.1231075157762491e-04
122                                   -8.1252502648629019e-05
   &Method [&Type "String"] "SCF"
   &Level [&Type "String"] "Relaxed density"
   &Mult [&Type "Integer"] 1
   &State [&Type "Integer"] 0
   &Irrep [&Type "Integer"] 0
$End
$Geometry
   &GeometryIndex 10
   &NAtoms [&Type "Integer"] 41
   &NCorelessECP [&Type "Integer"] 0
   &NGhostAtoms [&Type "Integer"] 0
   &CartesianCoordinates [&Type "Coordinates", &Dim(41,4), &Units "Bohr"] 
              C     -6.960302301377   -7.431445598326   -0.996473995129
              C     -4.713157184014   -6.140648557694    0.199538370582
              O     -4.886653337086   -3.476655256263   -0.303594214530
              P     -3.063615166947   -1.507851252974    1.102396344954
              O     -3.018778174701   -1.745832607360    3.904494787311
              N     -3.763570806215    1.298427605550    0.037313980769
              C     -5.192749159246    3.179585106011    1.492605020772
              C     -4.051460692760    5.793042065028    1.088414272583
              C     -8.006570135895    3.084424992778    0.857139961731
              O     -0.412111507571   -2.232446270548   -0.305200505494
              C      1.780909368928   -0.860881895040   -0.061606608421
              C      2.415508840972    0.440899952816    2.139736370915
              C      4.684228045970    1.771077663086    2.201367101414
              C      6.323621735962    1.797585422980    0.129898231967
              S      9.172245838707    3.587589679975    0.346654004846
              C     11.368721324961    1.204815915273    1.453996322197
              C      5.681582171986    0.472920221342   -2.091971024479
              C      7.375162966129    0.461460164159   -4.380651851173
              C      3.394090133233   -0.842435492954   -2.144666696057
              H     -6.873020031470   -9.476809426673   -0.639815910224
              H     -8.735210796731   -6.696499734001   -0.200547143362
              H     -6.982041369901   -7.122202989778   -3.052572866957
              H     -2.924058856793   -6.861283046652   -0.588186344863
              H     -4.682310258922   -6.436438201874    2.260588844830
              H     -3.726080521619    1.560042529471   -1.868760170379
              H     -4.944330911380    2.657944710886    3.492000203480
              H     -4.235691553460    6.372567892560   -0.904976314970
              H     -5.029730635261    7.204483990707    2.260525521324
              H     -2.032179326171    5.805182113743    1.584327922338
              H     -8.766973819141    1.176723113299    1.190564573970
              H     -8.324252776209    3.571331084831   -1.143892390058
              H     -9.080953238354    4.429591313150    2.024757398456
              H      1.168934773550    0.393205420414    3.783033974734
              H      5.201264396080    2.812465106621    3.908889122055
              H     10.738109223255    0.409989062559    3.266221901973
              H     11.607045463571   -0.318012371604    0.060894846326
              H     13.195441637523    2.155325922653    1.726652482176
              H      6.510764245898   -0.609192531769   -5.935144702165
              H      7.741666280155    2.399184291898   -5.038916372768
              H      9.218522184223   -0.400997935185   -3.949581247644
              H      2.827983949015   -1.880232210892   -3.838419467366
$End
$SCF_Energy
   &GeometryIndex 10
   &Method [&Type "String"] "SCF"
   &totalEnergy [&Type "ArrayOfDoubles", &Dim (1,1)] "Total energy of each state"
                                                         0

0                                     -1.5276796894539561e+03
   &Mult [&Type "ArrayOfIntegers", &Dim (1,1)] "Multiplicity of each state"
                                                         0

0                                                        1
$End
$DFT_Energy
   &GeometryIndex 10
   &nAlphaEl [&Type "Integer"] 81
   &nBetaEl [&Type "Integer"] 81
   &nTotalEl [&Type "Integer"] 162
   &finalEn [&Type "Double"]      -1.5276796894539561e+03  "No Van der Waals correction"
   &eExchange [&Type "Double"]       0.0000000000000000e+00
   &eCorr [&Type "Double"]       0.0000000000000000e+00
   &eXC [&Type "Double"]      -1.1267685017160454e+02
   &eCNL [&Type "Double"]       0.0000000000000000e+00
$End
$Solvation_Details
   &GeometryIndex 10
   &Solvent [&Type "String"] "WATER"
   &Epsilon [&Type "Double"]       8.0150999999999996e+01
   &Refrac [&Type "Double"]       1.3328000000000000e+00
   &RSolv [&Type "Double"]       1.3000000000000000e+00
   &SurfaceType [&Type "String"] "GAUSSIAN VDW"
   &CPCMDielEnergy [&Type "Double"]      -2.1259515000000000e-02
   &NPoints [&Type "Integer"] 3599
   &SurfaceArea [&Type "Double"]       1.3203209333020000e+03
$End
$SCF_Timings
   &GeometryIndex 10
   &TOTAL [&Type "Double"]       8.4249786999999998e+01
   &PREP [&Type "Double"]       6.5039389999999999e+00
   &FOCK [&Type "Double"]       7.1278751999999997e+01
   &DENS [&Type "Double"]       9.7231299999998555e-01
   &ETOT [&Type "Double"]       5.8504599999998952e-01
   &TRAFO [&Type "Double"]       1.8538299999999808e-01
   &DIIS [&Type "Double"]       1.1617289999999993e+00
   &SOSCF [&Type "Double"]       1.0423030000000111e+00
   &XC [&Type "Double"]       1.2196993999999993e+01
   &FOCKSTART [&Type "Double"]       3.5143900000001427e-01
   &SOLV [&Type "Double"]       1.2671227000000011e+01
   &SOLV_INIT [&Type "Double"]       4.6619589999999995e+00
   &INT_PREP [&Type "Double"]       4.0000000112172529e-06
   &INT_BF [&Type "Double"]       8.3800900000011325e-01
   &INT_DENS [&Type "Double"]       5.8965699999958154e-01
   &INT_DENSIO [&Type "Double"]       1.9874658448900035e+05
   &INT_FUNC [&Type "Double"]       2.0573500000026534e-01
   &INT_POT [&Type "Double"]       4.6805900000016898e-01
   &INT_POTIO [&Type "Double"]       9.6718199999976662e-01
   &INT_SUM [&Type "Double"]       4.8470000000087055e-03
   &SPLITRIJ [&Type "Double"]       3.7638559999999845e+00
   &COSX [&Type "Double"]       4.7729473999999996e+01
$End
$VdW_Correction
   &GeometryIndex 10
   &vdW [&Type "Double"]      -1.8330621069563506e-02
$End
$Single_Point_Data
   &GeometryIndex 10
   &FinalEnergy [&Type "Double"]      -1.5276980200750256e+03  "Final single point energy"
   &Converged [&Type "Boolean"] true
$End
$SCF_Nuc_Gradient
   &GeometryIndex 10
   &NAtoms [&Type "Integer"] 41
   &gradNorm [&Type "Double"]       6.2064112579416934e-03
   &grad [&Type "ArrayOfDoubles", &Dim (123,1)] 
                                                         0

0                                      3.4961686415864999e-04
1                                     -5.2299839489602983e-04
2                                      1.0039743213917191e-04
3                                      4.6514632483267258e-04
4                                      7.3155111005689577e-04
5                                     -6.5233482139325640e-06
6                                     -1.0641480647954043e-03
7                                     -8.9447456972716380e-04
8                                      5.7475006180676236e-04
9                                      9.3640386121200529e-04
10                                     2.8065218694441462e-03
11                                    -2.3578648835291972e-03
12                                    -2.6992943734110216e-04
13                                    -1.0597005102409996e-03
14                                     1.3032360262241105e-03
15                                     9.2817378696601017e-04
16                                    -2.1177474492845077e-03
17                                     2.9309619570058954e-04
18                                     3.3175541779862251e-04
19                                     8.3168346357754245e-05
20                                    -7.3553065494424790e-04
21                                     6.7966599256331683e-05
22                                    -2.0227431454645709e-04
23                                     6.6415181980922049e-04
24                                    -2.4986534716683797e-04
25                                    -9.2685736735722299e-05
26                                     1.8919895506476378e-04
27                                    -1.2198506644669998e-03
28                                     1.5160687461233393e-04
29                                     1.1790854029629480e-05
30                                    -2.0481961762042601e-06
31                                     1.1164837959886162e-04
32                                     2.8484302656478825e-04
33                                     1.0728313961614905e-03
34                                     6.9150780352044620e-04
35                                    -4.8434482087543099e-04
36                                    -3.0774015804857632e-04
37                                    -2.4648157342680658e-04
38                                     3.2486461372810161e-04
39                                     5.7947064341413768e-05
40                                    -1.5119944194797819e-04
41                                    -8.0150384098213491e-04
42                                    -1.1573447106087661e-04
43                                    -5.5896934223167408e-04
44                                     5.0075955389392799e-05
45                                    -4.4366493998059496e-04
46                                     9.1334199604550207e-04
47                                    -2.7091006949626667e-04
48                                    -8.7829597387327246e-04
49                                    -5.0518743247042776e-05
50                                     6.7404990912633489e-04
51                                     7.5968873900370373e-04
52                                     2.0595743700685967e-04
53                                     2.8944330513824980e-04
54                                     3.9512999156978161e-04
55                                     4.6412421775313681e-04
56                                     3.5652141093894644e-04
57                                    -5.0438286690841904e-05
58                                    -1.2358560930083825e-04
59                                    -3.9848349902844934e-07
60                                    -1.8423572171906162e-04
61                                     2.8962370498847680e-04
62                                     4.6197058417982242e-05
63                                    -1.7798802881671799e-04
64                                     1.2896731268248986e-04
65                                    -2.5491998667877887e-04
66                                     5.8814173013351824e-05
67                                    -4.9236446533476000e-04
68                                    -1.8482765850732653e-04
69                                    -2.7359925897715468e-04
70                                    -2.1247812535246286e-04
71                                     2.2238030919447975e-04
72                                    -2.1197848849411781e-04
73                                     5.5268442666551749e-04
74                                    -3.1144249991795511e-04
75                                    -1.9024839017230461e-05
76                                     2.9725142542965467e-04
77                                     2.0195474954347767e-04
78                                    -1.4595447557254091e-04
79                                    -1.1740069273263870e-04
80                                    -2.8994855529969208e-04
81                                    -5.6778777060835495e-05
82                                    -2.4858640718688156e-05
83                                     2.1841115986273317e-04
84                                     2.2665478705710508e-04
85                                     2.9718360041822069e-04
86                                    -1.8957324838389744e-04
87                                     6.0063292301361742e-05
88                                    -3.1398785826499862e-04
89                                     1.2431970641801644e-04
90                                    -2.4447959593551936e-05
91                                     2.5426673238305146e-04
92                                    -1.9782413586904430e-04
93                                    -2.0560660225402264e-04
94                                     1.0779900872607661e-04
95                                     1.6071117446156315e-05
96                                     1.3180562561202402e-04
97                                    -5.9121708805908111e-05
98                                     3.5919194365308181e-04
99                                    -1.0489038551905299e-04
100                                    8.9439362146013368e-05
101                                    1.4938151677382395e-04
102                                   -4.2135083436267229e-06
103                                   -2.7932306877780999e-04
104                                    2.2176651785833101e-04
105                                    1.9900352543417957e-04
106                                   -2.7081921371006521e-04
107                                   -8.4976895993181932e-05
108                                    2.6795777289442011e-04
109                                   -1.0463191853117717e-04
110                                    7.5883517811046108e-05
111                                    1.0055069527557635e-04
112                                   -1.0952657050346440e-04
113                                   -2.4322572907585678e-04
114                                   -4.5384596242847456e-04
115                                    2.4470330589997709e-04
116                                   -1.1698535777857916e-04
117                                    1.1486717124760932e-05
118                                   -3.4516406645300192e-04
119                                   -4.4663337308037447e-05
120                                    4.3282874486408196e-05
121                                   -7.1034897465785727e-05
122                                   -1.7651365696748101e-04
   &Method [&Type "String"] "SCF"
   &Level [&Type "String"] "Relaxed density"
   &Mult [&Type "Integer"] 1
   &State [&Type "Integer"] 0
   &Irrep [&Type "Integer"] 0
$End
$Geometry
   &GeometryIndex 11
   &NAtoms [&Type "Integer"] 41
   &NCorelessECP [&Type "Integer"] 0
   &NGhostAtoms [&Type "Integer"] 0
   &CartesianCoordinates [&Type "Coordinates", &Dim(41,4), &Units "Bohr"] 
              C     -7.089281918953   -7.514147106562   -0.911776496215
              C     -4.759211985218   -6.276864420961    0.177091710397
              O     -4.881540486339   -3.612746774481   -0.335727991255
              P     -3.104816007335   -1.657621662304    1.147529411272
              O     -3.206832045708   -1.859908959288    3.950225438289
              N     -3.701618787142    1.143995987334    0.018629977439
              C     -5.051231162736    3.127621897117    1.410527833517
              C     -3.634394967439    5.623880674167    1.171698572352
              C     -7.800636693815    3.314742678447    0.558277590167
              O     -0.396530319857   -2.449659815835   -0.111035437918
              C      1.746808921817   -0.993022213889    0.083486077447
              C      2.382466602402    0.297805774049    2.289848769409
              C      4.593178362847    1.724566676398    2.312457291534
              C      6.171063238925    1.855049562395    0.197138928266
              S      8.946014076882    3.762889588676    0.363725169462
              C     11.273881226581    1.450632556228    1.344082593952
              C      5.525957360185    0.539535470574   -2.030473318062
              C      7.155885884631    0.634334271894   -4.362472178930
              C      3.295513352577   -0.872821801455   -2.042996724913
              H     -7.035435400830   -9.560224301182   -0.553081507897
              H     -8.807312191288   -6.734068105216   -0.038933541983
              H     -7.196170874053   -7.209664748003   -2.965520850277
              H     -3.024688310147   -7.044870395452   -0.683537890894
              H     -4.642151180176   -6.564863281945    2.236014174583
              H     -3.519875522327    1.407934004112   -1.877579649481
              H     -5.011642839467    2.540153519028    3.406460245438
              H     -3.587686584886    6.256492138319   -0.813002069686
              H     -4.568494584358    7.102809565655    2.295678547089
              H     -1.674959304200    5.426154333969    1.838257308883
              H     -8.755115350345    1.479206429493    0.772416215431
              H     -7.912014595584    3.875757441345   -1.445060266233
              H     -8.835296860633    4.727941709643    1.679875834602
              H      1.171958527660    0.175521307924    3.956371839784
              H      5.111927490047    2.762657890847    4.021250602772
              H     10.734922358861    0.592150942512    3.156185542249
              H     11.529724010699   -0.028490455762   -0.091983239289
              H     13.066546216769    2.472328959665    1.580999392098
              H      6.263837471651   -0.396056824385   -5.928113837811
              H      7.480242385634    2.597709133631   -4.962033067457
              H      9.022806559626   -0.213379563120   -4.008848929104
              H      2.724203943940   -1.903462121379   -3.739018333363
$End
$SCF_Energy
   &GeometryIndex 11
   &Method [&Type "String"] "SCF"
   &totalEnergy [&Type "ArrayOfDoubles", &Dim (1,1)] "Total energy of each state"
                                                         0

0                                     -1.5276794556697994e+03
   &Mult [&Type "ArrayOfIntegers", &Dim (1,1)] "Multiplicity of each state"
                                                         0

0                                                        1
$End
$DFT_Energy
   &GeometryIndex 11
   &nAlphaEl [&Type "Integer"] 81
   &nBetaEl [&Type "Integer"] 81
   &nTotalEl [&Type "Integer"] 162
   &finalEn [&Type "Double"]      -1.5276794556697994e+03  "No Van der Waals correction"
   &eExchange [&Type "Double"]       0.0000000000000000e+00
   &eCorr [&Type "Double"]       0.0000000000000000e+00
   &eXC [&Type "Double"]      -1.1267881700853835e+02
   &eCNL [&Type "Double"]       0.0000000000000000e+00
$End
$Solvation_Details
   &GeometryIndex 11
   &Solvent [&Type "String"] "WATER"
   &Epsilon [&Type "Double"]       8.0150999999999996e+01
   &Refrac [&Type "Double"]       1.3328000000000000e+00
   &RSolv [&Type "Double"]       1.3000000000000000e+00
   &SurfaceType [&Type "String"] "GAUSSIAN VDW"
   &CPCMDielEnergy [&Type "Double"]      -2.1339903000000000e-02
   &NPoints [&Type "Integer"] 3604
   &SurfaceArea [&Type "Double"]       1.3209406761109999e+03
$End
$SCF_Timings
   &GeometryIndex 11
   &TOTAL [&Type "Double"]       8.5539926000000008e+01
   &PREP [&Type "Double"]       2.8363440000000000e+00
   &FOCK [&Type "Double"]       7.6062384999999992e+01
   &DENS [&Type "Double"]       9.9121300000001611e-01
   &ETOT [&Type "Double"]       5.8362000000000513e-01
   &POP [&Type "Double"]       9.9999999747524271e-07
   &TRAFO [&Type "Double"]       1.8992299999999851e-01
   &DIIS [&Type "Double"]       1.1521830000000008e+00
   &SOSCF [&Type "Double"]       1.0379099999999930e+00
   &XC [&Type "Double"]       1.2279412999999991e+01
   &FOCKSTART [&Type "Double"]       3.7666300000000019e-01
   &SOLV [&Type "Double"]       1.2702849999999970e+01
   &SOLV_INIT [&Type "Double"]       1.0178689999999997e+00
   &SOLV_FINAL [&Type "Double"]       9.9999999747524271e-07
   &INT_PREP [&Type "Double"]       4.0000000005591119e-06
   &INT_BF [&Type "Double"]       8.6197900000011529e-01
   &INT_DENS [&Type "Double"]       6.2284999999990731e-01
   &INT_DENSIO [&Type "Double"]       1.9183423026600041e+05
   &INT_FUNC [&Type "Double"]       2.0373599999988379e-01
   &INT_POT [&Type "Double"]       4.9749299999969132e-01
   &INT_POTIO [&Type "Double"]       9.8004700000018374e-01
   &INT_SUM [&Type "Double"]       2.5799999999751577e-03
   &SPLITRIJ [&Type "Double"]       3.8218400000000217e+00
   &COSX [&Type "Double"]       4.8791739000000021e+01
$End
$VdW_Correction
   &GeometryIndex 11
   &vdW [&Type "Double"]      -1.8571373350824691e-02
$End
$Single_Point_Data
   &GeometryIndex 11
   &FinalEnergy [&Type "Double"]      -1.5276980270431502e+03  "Final single point energy"
   &Converged [&Type "Boolean"] true
$End
$SCF_Nuc_Gradient
   &GeometryIndex 11
   &NAtoms [&Type "Integer"] 41
   &gradNorm [&Type "Double"]       5.1923800230931350e-03
   &grad [&Type "ArrayOfDoubles", &Dim (123,1)] 
                                                         0

0                                      2.1227139187261524e-04
1                                     -3.5750799644721117e-04
2                                     -1.7743801411641336e-04
3                                      1.0042193445633411e-04
4                                      5.9875960698890112e-04
5                                      1.4593601731413710e-04
6                                     -4.8116980427798843e-04
7                                     -1.1630316489283185e-03
8                                     -4.3437842117063302e-05
9                                      8.2179683185722207e-04
10                                     2.6112440626659974e-03
11                                    -1.2860318413238268e-03
12                                    -4.4817344560294176e-04
13                                    -6.3666483818032983e-04
14                                     8.5911131874073321e-04
15                                     1.3254368909102886e-03
16                                    -1.9638950575378510e-03
17                                     2.6820321054447032e-04
18                                    -4.9281918390767037e-04
19                                     3.3976221597421829e-04
20                                    -8.7173992476164786e-04
21                                     4.0694512455826445e-04
22                                    -3.9411014965200924e-04
23                                     3.5995881665211926e-04
24                                    -1.2779976875931613e-04
25                                     1.3872958165795241e-04
26                                     3.1718037936152773e-04
27                                    -1.4683720424760439e-03
28                                    -1.0294095004246812e-04
29                                     3.3018546688389481e-04
30                                     2.6612297643001652e-04
31                                     4.9687217677852008e-04
32                                    -1.3455749159810697e-05
33                                     5.7053478181575649e-04
34                                     5.5248853123148302e-04
35                                     7.6733605981934281e-05
36                                     3.0424728249862004e-05
37                                    -3.3044181424342589e-04
38                                    -7.3319906231001598e-05
39                                     1.0373129884953011e-04
40                                     1.2266450755224416e-04
41                                    -2.4066978045728671e-04
42                                     3.9348173966391399e-05
43                                    -4.9809723186160747e-04
44                                    -9.0160683478500444e-05
45                                    -4.1962506454303646e-04
46                                     5.6189118935131080e-04
47                                    -1.1259949276429113e-04
48                                    -6.7501425648408097e-04
49                                    -2.8962943670131645e-04
50                                     1.9365207773901119e-04
51                                     7.4487448293048236e-04
52                                     1.7843273812407251e-04
53                                     6.9038231030522945e-05
54                                    -1.4233132535218255e-04
55                                     2.4826391023350638e-04
56                                     3.4679949937843792e-04
57                                    -1.7747286426332872e-06
58                                    -6.2447411620542291e-05
59                                    -2.7720246133723482e-06
60                                    -6.1123055776856337e-05
61                                     2.3959007936514583e-04
62                                     3.1026246787852548e-05
63                                    -1.6152724699132717e-04
64                                     6.6298630991555590e-05
65                                    -1.1123949723080563e-04
66                                    -1.6536207468570554e-05
67                                    -3.6258620828610112e-04
68                                    -1.2390248154716112e-04
69                                     7.1914704988253447e-06
70                                    -1.2875276191058577e-04
71                                     9.6199590726891114e-05
72                                    -2.7820477236136366e-06
73                                     5.4645218266042759e-04
74                                    -3.1324985405861449e-05
75                                     1.6279391809301808e-04
76                                     1.3434194422644419e-04
77                                     1.4291096093840860e-04
78                                    -6.4090450290614276e-05
79                                    -4.2281181875660376e-05
80                                    -1.4352714661161573e-04
81                                    -7.0873906159645648e-05
82                                    -1.7429189304384092e-04
83                                     2.3496831158854623e-04
84                                     8.9700052995847468e-05
85                                     9.2592512204954785e-05
86                                    -5.1356575453411384e-05
87                                     1.0207659118538570e-04
88                                    -2.3293483125238872e-04
89                                     4.0802876260477434e-05
90                                     3.7447280922069375e-06
91                                     1.5207607379265876e-04
92                                    -5.1588296453886770e-05
93                                    -2.2217364322717480e-04
94                                     1.8131835747479732e-05
95                                    -3.7895726241329649e-05
96                                     3.4369070118534211e-05
97                                    -1.4987874467429081e-04
98                                     1.6204130387655679e-04
99                                    -1.4800263015583487e-04
100                                    5.7232085971510994e-05
101                                    9.8585812441802126e-05
102                                   -7.9908454142986666e-05
103                                   -7.7261882772579392e-05
104                                    9.9403451382810724e-05
105                                    1.9236080394859629e-04
106                                   -1.1713267984214744e-04
107                                   -1.6632392362365722e-04
108                                    1.5178277938107928e-04
109                                   -4.9925755752775974e-05
110                                    3.7614508958733797e-05
111                                   -6.7942140813854183e-05
112                                    1.2635348545433594e-05
113                                   -1.2774181826317668e-04
114                                   -3.1848540343818273e-04
115                                    9.4150543038740804e-05
116                                   -8.7130668015898417e-05
117                                    3.9758375296117603e-05
118                                   -1.5782858041814312e-04
119                                    7.6958932703374242e-05
120                                    6.4838265384399411e-05
121                                    2.9031251097882525e-05
122                                   -1.4365422894160087e-04
   &Method [&Type "String"] "SCF"
   &Level [&Type "String"] "Relaxed density"
   &Mult [&Type "Integer"] 1
   &State [&Type "Integer"] 0
   &Irrep [&Type "Integer"] 0
$End
$Geometry
   &GeometryIndex 12
   &NAtoms [&Type "Integer"] 41
   &NCorelessECP [&Type "Integer"] 0
   &NGhostAtoms [&Type "Integer"] 0
   &CartesianCoordinates [&Type "Coordinates", &Dim(41,4), &Units "Bohr"] 
              C     -7.014394408843   -7.473432788386   -0.960170741209
              C     -4.727788162486   -6.206332283936    0.183595018435
              O     -4.883669673237   -3.539880142408   -0.312156603988
              P     -3.081829690367   -1.582743372276    1.134190870627
              O     -3.098366674208   -1.799486962837    3.936246933821
              N     -3.736212699499    1.225161656758    0.041427779202
              C     -5.133238066532    3.154146658769    1.464870713646
              C     -3.846770913578    5.712416444499    1.152907057782
              C     -7.915332691417    3.205945799826    0.705346322029
              O     -0.404649004688   -2.341331589161   -0.210918949942
              C      1.763710741766   -0.927848687971    0.002946819897
              C      2.389592564631    0.380210627807    2.201677206513
              C      4.630241976833    1.759974069680    2.241962503132
              C      6.246629817702    1.827759434292    0.153488849020
              S      9.060837772308    3.675570202481    0.344893523788
              C     11.317492992806    1.325294594526    1.402009142756
              C      5.608963953446    0.498016825448   -2.068738928605
              C      7.274011966096    0.529323733520   -4.376767751246
              C      3.349770993520   -0.868112127513   -2.099268405721
              H     -6.932768124926   -9.520491724426   -0.613143853398
              H     -8.763085514489   -6.730049841331   -0.117649720272
              H     -7.082666299912   -7.158001567440   -3.013547589647
              H     -2.963481357186   -6.937665751140   -0.646970583004
              H     -4.646197069141   -6.504944982824    2.242317458111
              H     -3.623227989849    1.488751191325   -1.860287117805
              H     -4.998577802650    2.587886779729    3.462778431072
              H     -3.889487303004    6.320018697269   -0.839380001386
              H     -4.817138874758    7.160546425765    2.285872464306
              H     -1.861626536440    5.616714626914    1.762705397724
              H     -8.783207324293    1.336053089429    0.979178494221
              H     -8.118580838646    3.728736677318   -1.300822767918
              H     -8.970947385655    4.591383340984    1.841644221234
              H      1.151904422834    0.307662438633    3.850328619294
              H      5.144642541195    2.807411070401    3.946192513945
              H     10.737663787543    0.520819390321    3.225824564818
              H     11.548904165190   -0.190485565626    0.001263944914
              H     13.132611439030    2.306640319853    1.636301769083
              H      6.393780420239   -0.520999701089   -5.935413585464
              H      7.632123498375    2.476662785033   -5.008743764497
              H      9.125863023197   -0.330706639889   -3.979092629566
              H      2.784498347990   -1.910593190121   -3.789863890037
$End
$SCF_Energy
   &GeometryIndex 12
   &Method [&Type "String"] "SCF"
   &totalEnergy [&Type "ArrayOfDoubles", &Dim (1,1)] "Total energy of each state"
                                                         0

0                                     -1.5276796771314775e+03
   &Mult [&Type "ArrayOfIntegers", &Dim (1,1)] "Multiplicity of each state"
                                                         0

0                                                        1
$End
$DFT_Energy
   &GeometryIndex 12
   &nAlphaEl [&Type "Integer"] 81
   &nBetaEl [&Type "Integer"] 81
   &nTotalEl [&Type "Integer"] 162
   &finalEn [&Type "Double"]      -1.5276796771314775e+03  "No Van der Waals correction"
   &eExchange [&Type "Double"]       0.0000000000000000e+00
   &eCorr [&Type "Double"]       0.0000000000000000e+00
   &eXC [&Type "Double"]      -1.1267907293061236e+02
   &eCNL [&Type "Double"]       0.0000000000000000e+00
$End
$Solvation_Details
   &GeometryIndex 12
   &Solvent [&Type "String"] "WATER"
   &Epsilon [&Type "Double"]       8.0150999999999996e+01
   &Refrac [&Type "Double"]       1.3328000000000000e+00
   &RSolv [&Type "Double"]       1.3000000000000000e+00
   &SurfaceType [&Type "String"] "GAUSSIAN VDW"
   &CPCMDielEnergy [&Type "Double"]      -2.1245462000000000e-02
   &NPoints [&Type "Integer"] 3601
   &SurfaceArea [&Type "Double"]       1.3231724829620000e+03
$End
$SCF_Timings
   &GeometryIndex 12
   &TOTAL [&Type "Double"]       8.7383272000000005e+01
   &PREP [&Type "Double"]       2.8295889999999999e+00
   &FOCK [&Type "Double"]       7.8056479000000010e+01
   &DENS [&Type "Double"]       9.9422799999997835e-01
   &ETOT [&Type "Double"]       5.9057099999999352e-01
   &TRAFO [&Type "Double"]       1.9379999999999953e-01
   &DIIS [&Type "Double"]       1.1759909999999998e+00
   &SOSCF [&Type "Double"]       1.0202709999999939e+00
   &XC [&Type "Double"]       1.2424962000000006e+01
   &FOCKSTART [&Type "Double"]       3.5518099999997998e-01
   &SOLV [&Type "Double"]       1.2802075999999994e+01
   &SOLV_INIT [&Type "Double"]       1.0215509999999999e+00
   &SOLV_FINAL [&Type "Double"]       1.0000000116860974e-06
   &INT_PREP [&Type "Double"]       5.0000000193506366e-06
   &INT_BF [&Type "Double"]       8.7397699999923617e-01
   &INT_DENS [&Type "Double"]       6.2597700000054068e-01
   &INT_DENSIO [&Type "Double"]       1.9512507412100033e+05
   &INT_FUNC [&Type "Double"]       2.0484699999974687e-01
   &INT_POT [&Type "Double"]       4.7524800000028478e-01
   &INT_POTIO [&Type "Double"]       9.6973499999992718e-01
   &INT_SUM [&Type "Double"]       9.8899999999524368e-04
   &SPLITRIJ [&Type "Double"]       3.7490439999999952e+00
   &COSX [&Type "Double"]       5.0475962999999993e+01
$End
$VdW_Correction
   &GeometryIndex 12
   &vdW [&Type "Double"]      -1.8445650726423984e-02
$End
$Single_Point_Data
   &GeometryIndex 12
   &FinalEnergy [&Type "Double"]      -1.5276981227822039e+03  "Final single point energy"
   &Converged [&Type "Boolean"] true
$End
$SCF_Nuc_Gradient
   &GeometryIndex 12
   &NAtoms [&Type "Integer"] 41
   &gradNorm [&Type "Double"]       2.4412616374970284e-03
   &grad [&Type "ArrayOfDoubles", &Dim (123,1)] 
                                                         0

0                                      3.4239278066333660e-05
1                                     -1.4561063222871283e-04
2                                     -1.2376504324667584e-04
3                                      5.0083266116388116e-05
4                                      2.9501929177751034e-04
5                                      5.6039156550498405e-05
6                                     -2.8452917486100648e-04
7                                     -6.8940353266046738e-04
8                                      1.6927813501575675e-05
9                                      5.7071646500071673e-04
10                                     1.0699828660272815e-03
11                                    -2.5380768759932702e-04
12                                    -1.1862647798946698e-04
13                                    -2.7677220367448385e-04
14                                     1.3047901034651916e-04
15                                     6.9651969434039859e-04
16                                    -9.0848560460159221e-04
17                                    -1.5052734068225556e-04
18                                    -4.7183039150352796e-04
19                                     3.7228832790285859e-04
20                                    -2.7817901584444428e-04
21                                     2.8978077961130868e-04
22                                    -1.6521133907561572e-04
23                                     6.8734238255834261e-05
24                                    -1.4122041567557955e-04
25                                    -3.3257480862598489e-05
26                                     1.8577365543493004e-04
27                                    -6.9431732370093559e-04
28                                     1.5916392387963550e-05
29                                     2.8477022783732903e-04
30                                     3.5732710728242421e-04
31                                     2.0079106364028930e-04
32                                    -9.8253018554737685e-05
33                                    -2.1446575477360607e-05
34                                     1.3224613660752944e-05
35                                     4.4325286456325972e-05
36                                    -1.3022657090955769e-06
37                                    -4.9374316140652040e-05
38                                    -7.3230201433237713e-05
39                                     1.2014281985328715e-04
40                                     6.9761602237520580e-05
41                                     2.9304586725092274e-05
42                                     6.2606162721270530e-05
43                                    -2.1894068325970810e-04
44                                     3.0701507757718253e-05
45                                    -2.5757370004188523e-04
46                                     2.4923657049596607e-04
47                                    -1.2314483462143620e-04
48                                    -3.2194152797579423e-04
49                                    -1.3960463031298354e-04
50                                    -1.3442454092174485e-04
51                                     4.1111863442172856e-04
52                                     5.6913258362223619e-05
53                                     5.5757080923262789e-05
54                                    -1.4368214441243753e-04
55                                     1.5286407609869536e-04
56                                     1.8666160747981750e-04
57                                    -1.0160970492267296e-05
58                                    -1.7827023235707982e-05
59                                    -7.2731513677917678e-07
60                                     1.5536157345778010e-05
61                                     8.7997530369700284e-05
62                                     2.3351548432115531e-05
63                                    -6.7349010285429418e-05
64                                     1.9663781750903064e-05
65                                    -1.7268841333968657e-05
66                                    -2.8254250882502074e-05
67                                    -1.2379025682878776e-04
68                                    -4.1106522947693798e-05
69                                    -4.3445073557944053e-06
70                                    -4.8177638616746978e-05
71                                    -4.4436333223171000e-06
72                                     3.6569751773356452e-05
73                                     3.3114946881175578e-04
74                                     1.5265681255541288e-05
75                                     5.6667890777646366e-05
76                                     5.1789387768233249e-05
77                                     9.7579851907236088e-05
78                                    -9.4789767985290491e-05
79                                    -8.4257387951227909e-06
80                                    -5.7907501860262711e-05
81                                    -4.0929781839742023e-05
82                                    -1.2699560548190647e-04
83                                     1.2597088230475301e-04
84                                     7.5592451717213579e-06
85                                     3.5143514275692763e-05
86                                    -1.5594987440793235e-06
87                                     1.3904059354175681e-04
88                                    -4.1198807215985252e-05
89                                     5.5568318924778134e-05
90                                     2.3833076281171809e-05
91                                     8.9568935633212244e-05
92                                     1.6364872877438320e-05
93                                    -6.7390363565990725e-05
94                                     1.8426766304584433e-05
95                                    -4.4249343501271931e-05
96                                    -1.6143395694318407e-05
97                                    -1.7242131204519358e-06
98                                     3.1555739250633004e-05
99                                    -7.9151752422264673e-05
100                                   -2.2439738127132136e-05
101                                    4.4410946540146613e-05
102                                    4.1719926558852807e-05
103                                   -5.1997073072556419e-05
104                                   -1.0579541188468251e-06
105                                    1.0438871288431922e-04
106                                   -6.7173810857520900e-05
107                                    7.5045586362121517e-06
108                                    3.1515992283461459e-05
109                                   -2.5842091182254975e-05
110                                    1.4058988037728097e-05
111                                   -1.8192629923380728e-05
112                                   -5.4913466667058723e-06
113                                   -3.0977702889714319e-05
114                                   -1.7344101013018037e-04
115                                    2.9374584609933332e-05
116                                   -6.3859325791755295e-05
117                                   -4.0994722289140168e-05
118                                   -1.2291366658427424e-05
119                                    2.2010954820771596e-05
120                                    4.8246528218351293e-05
121                                    2.0923071947669498e-05
122                                   -4.4627202186909066e-05
   &Method [&Type "String"] "SCF"
   &Level [&Type "String"] "Relaxed density"
   &Mult [&Type "Integer"] 1
   &State [&Type "Integer"] 0
   &Irrep [&Type "Integer"] 0
$End
$Geometry
   &GeometryIndex 13
   &NAtoms [&Type "Integer"] 41
   &NCorelessECP [&Type "Integer"] 0
   &NGhostAtoms [&Type "Integer"] 0
   &CartesianCoordinates [&Type "Coordinates", &Dim(41,4), &Units "Bohr"] 
              C     -6.988144309987   -7.466728129155   -0.972519395742
              C     -4.716000794298   -6.189097496294    0.187287478049
              O     -4.883459517009   -3.522033974681   -0.303740538009
              P     -3.078777334035   -1.563698611506    1.134877290718
              O     -3.075537089121   -1.780706904940    3.936481680411
              N     -3.749992580937    1.244593829293    0.049269842226
              C     -5.157575349912    3.160909468358    1.478152824903
              C     -3.897325154871    5.731440961821    1.155968745523
              C     -7.942926555216    3.187209650551    0.729422832917
              O     -0.407781451043   -2.313727888900   -0.229790367719
              C      1.766765256177   -0.911361939183   -0.012644169657
              C      2.394889484205    0.398492540147    2.184509236635
              C      4.643537852441    1.765647580658    2.226887603879
              C      6.265527248753    1.819372188224    0.142618672429
              S      9.089187707394    3.652914579829    0.336830788940
              C     11.328034956005    1.293786306024    1.414097553084
              C      5.626070372791    0.487530757833   -2.077967035691
              C      7.294432872149    0.504398095848   -4.383234396243
              C      3.359431031903   -0.866596363635   -2.110675397019
              H     -6.895676500603   -9.513925855012   -0.629422558527
              H     -8.746806012724   -6.736899975804   -0.139323051736
              H     -7.044773304794   -7.147770818392   -3.025600836192
              H     -2.942271711093   -6.907338500467   -0.634203313052
              H     -4.644120801460   -6.490594112687    2.245872198643
              H     -3.653468966297    1.504861342433   -1.853749577856
              H     -5.009418268821    2.597267534453    3.475621303145
              H     -3.944109276515    6.330332196844   -0.838586386369
              H     -4.882163711353    7.175539546560    2.281546016743
              H     -1.911897015069    5.657542816767    1.767720357588
              H     -8.796522440886    1.312066686933    1.012208686547
              H     -8.158391872969    3.701703976043   -1.277522393277
              H     -9.004126569742    4.567998408467    1.866065449206
              H      1.153579341064    0.336646071520    3.830600461533
              H      5.160620971528    2.813971989949    3.929725636336
              H     10.740792060222    0.508276188540    3.243694356354
              H     11.547741794284   -0.234062816850    0.024965583334
              H     13.150012491059    2.263817601112    1.641437663609
              H      6.408809775075   -0.540533009148   -5.942240666187
              H      7.670198482505    2.448193465741   -5.015850884795
              H      9.139322365134   -0.368923841163   -3.982051887161
              H      2.792312544963   -1.910513583929   -3.799705671858
$End
$SCF_Energy
   &GeometryIndex 13
   &Method [&Type "String"] "SCF"
   &totalEnergy [&Type "ArrayOfDoubles", &Dim (1,1)] "Total energy of each state"
                                                         0

0                                     -1.5276797224004476e+03
   &Mult [&Type "ArrayOfIntegers", &Dim (1,1)] "Multiplicity of each state"
                                                         0

0                                                        1
$End
$DFT_Energy
   &GeometryIndex 13
   &nAlphaEl [&Type "Integer"] 81
   &nBetaEl [&Type "Integer"] 81
   &nTotalEl [&Type "Integer"] 162
   &finalEn [&Type "Double"]      -1.5276797224004476e+03  "No Van der Waals correction"
   &eExchange [&Type "Double"]       0.0000000000000000e+00
   &eCorr [&Type "Double"]       0.0000000000000000e+00
   &eXC [&Type "Double"]      -1.1267915550647183e+02
   &eCNL [&Type "Double"]       0.0000000000000000e+00
$End
$Solvation_Details
   &GeometryIndex 13
   &Solvent [&Type "String"] "WATER"
   &Epsilon [&Type "Double"]       8.0150999999999996e+01
   &Refrac [&Type "Double"]       1.3328000000000000e+00
   &RSolv [&Type "Double"]       1.3000000000000000e+00
   &SurfaceType [&Type "String"] "GAUSSIAN VDW"
   &CPCMDielEnergy [&Type "Double"]      -2.1212265000000001e-02
   &NPoints [&Type "Integer"] 3598
   &SurfaceArea [&Type "Double"]       1.3230501386779999e+03
$End
$SCF_Timings
   &GeometryIndex 13
   &TOTAL [&Type "Double"]       7.3112134000000012e+01
   &PREP [&Type "Double"]       2.8371670000000000e+00
   &FOCK [&Type "Double"]       6.4661743999999999e+01
   &DENS [&Type "Double"]       7.9323800000000233e-01
   &ETOT [&Type "Double"]       4.8619700000000599e-01
   &POP [&Type "Double"]       9.9999999747524271e-07
   &TRAFO [&Type "Double"]       2.0619200000000681e-01
   &DIIS [&Type "Double"]       6.1747200000000113e-01
   &SOSCF [&Type "Double"]       1.0509819999999888e+00
   &XC [&Type "Double"]       1.0020472999999990e+01
   &FOCKSTART [&Type "Double"]       3.1089200000000572e-01
   &SOLV [&Type "Double"]       1.4118811999999988e+01
   &SOLV_INIT [&Type "Double"]       1.0241780000000000e+00
   &INT_PREP [&Type "Double"]       4.0000000005591119e-06
   &INT_BF [&Type "Double"]       7.1403999999990297e-01
   &INT_DENS [&Type "Double"]       5.1752399999998389e-01
   &INT_DENSIO [&Type "Double"]       1.3214418206800034e+05
   &INT_FUNC [&Type "Double"]       1.6885599999993595e-01
   &INT_POT [&Type "Double"]       3.7022999999990525e-01
   &INT_POTIO [&Type "Double"]       7.9695900000014852e-01
   &INT_SUM [&Type "Double"]       1.1296000000005080e-02
   &SPLITRIJ [&Type "Double"]       3.1611300000000142e+00
   &COSX [&Type "Double"]       3.9179532999999992e+01
$End
$VdW_Correction
   &GeometryIndex 13
   &vdW [&Type "Double"]      -1.8413748455022645e-02
$End
$Single_Point_Data
   &GeometryIndex 13
   &FinalEnergy [&Type "Double"]      -1.5276981361489027e+03  "Final single point energy"
   &Converged [&Type "Boolean"] true
$End
$SCF_Nuc_Gradient
   &GeometryIndex 13
   &NAtoms [&Type "Integer"] 41
   &gradNorm [&Type "Double"]       1.0082434412346055e-03
   &grad [&Type "ArrayOfDoubles", &Dim (123,1)] 
                                                         0

0                                     -2.6094597090839667e-05
1                                     -3.1785916330789480e-05
2                                     -5.2987423848550895e-05
3                                     -4.0408277000225102e-05
4                                      1.3344677544143430e-04
5                                     -3.2987029642649007e-06
6                                     -5.3540077408287238e-05
7                                     -3.3448074782455267e-04
8                                      1.6090702071170612e-05
9                                      2.5706736840156699e-04
10                                     2.8406801107939722e-04
11                                     8.0583028251064856e-05
12                                    -8.0272134829559552e-05
13                                    -8.2762750070740251e-05
14                                    -8.7765696809791139e-05
15                                     1.8794909833864593e-04
16                                    -2.9218113859772100e-04
17                                    -1.5583610529546740e-04
18                                    -2.1891277409836688e-04
19                                     1.6893195966864979e-04
20                                     5.8221266042103248e-05
21                                     1.3051620958673236e-04
22                                    -2.4358541925283829e-05
23                                    -1.5914600294602188e-04
24                                    -2.3309710583929456e-05
25                                    -6.7210759959587503e-05
26                                     7.3710568542083378e-05
27                                    -2.5880843823481212e-04
28                                    -4.2876146558724576e-05
29                                     1.2039571205167065e-04
30                                     1.7762875994073039e-04
31                                     1.7928180007329651e-04
32                                    -1.2086529149056159e-04
33                                    -1.2725690155941357e-04
34                                    -9.2187595036580207e-05
35                                     9.2649435071290626e-05
36                                     7.7917534702025596e-05
37                                     3.4156143867496891e-05
38                                    -7.9294002690645426e-05
39                                     7.0339981624145947e-05
40                                     2.2035849967239808e-05
41                                     1.1753979668444221e-04
42                                     5.9481959888501158e-05
43                                    -4.1433543843269526e-05
44                                     3.6102929561569104e-05
45                                    -1.3871510024014049e-04
46                                     5.3481416650476692e-05
47                                    -7.6792217521479052e-05
48                                    -5.5106000725804789e-05
49                                    -8.9995705919366346e-05
50                                    -1.4312841650900382e-04
51                                     1.4415516418846052e-04
52                                    -6.0241266226401569e-06
53                                     4.1005544899800287e-05
54                                    -1.0779819590577260e-04
55                                     1.4967949320747115e-05
56                                     4.6460680303562018e-05
57                                    -6.4977770845436776e-06
58                                     1.0250410934276660e-05
59                                    -5.2082281214515738e-06
60                                     2.5949924099477134e-05
61                                     1.3244607900058136e-05
62                                     1.0112865405669727e-05
63                                    -1.4678155819097511e-05
64                                     9.5389920474194280e-07
65                                     1.1075637879652702e-05
66                                    -1.3223496228831008e-05
67                                     5.7938361724280750e-06
68                                    -7.8693315265997336e-06
69                                     1.9875078681712142e-05
70                                    -1.4072390629703365e-05
71                                    -2.2204238406441052e-05
72                                     6.8226027431754005e-05
73                                     1.8076896185039077e-04
74                                     6.0523485178048890e-05
75                                     7.7435678506768775e-06
76                                    -1.9391280974950301e-06
77                                     1.7499015797282268e-05
78                                    -4.9662195127184457e-05
79                                     2.6360529415267395e-05
80                                     2.9320271241861976e-05
81                                    -2.1443969773970211e-05
82                                    -6.3592225359233577e-05
83                                     6.3074326887834441e-05
84                                    -4.2365308930549347e-05
85                                     5.0685844841552070e-06
86                                     3.7861107244700380e-05
87                                     6.3726730334048086e-05
88                                     2.8665959146365885e-07
89                                     3.0980046603594910e-05
90                                     1.3519991032228833e-05
91                                     3.1241538470554903e-05
92                                     2.9382714998055738e-05
93                                     9.2386613729838468e-06
94                                     8.4421885823089939e-06
95                                    -1.7183194844522743e-05
96                                     1.0652911356219365e-05
97                                     6.5555320412984629e-06
98                                    -2.6046410199261034e-05
99                                    -2.3347566196200200e-05
100                                   -3.1894947855356293e-05
101                                    1.5036300002241007e-05
102                                    4.0235295714887714e-05
103                                   -1.8181715999667807e-05
104                                   -1.8096926245416586e-05
105                                    5.9488413135261553e-05
106                                   -2.6032156449780530e-05
107                                    4.4440715797261492e-05
108                                   -1.0408257398039900e-05
109                                   -1.3513649705333090e-06
110                                   -6.3218770850526873e-06
111                                   -9.6261426506707548e-06
112                                    1.1072565676387722e-06
113                                    1.4694918806876392e-05
114                                   -8.5413298194979116e-05
115                                    1.6362805573680987e-05
116                                   -5.4219681096483531e-05
117                                   -4.1183406505094629e-05
118                                    5.0956551149845778e-05
119                                    1.1803737255552488e-07
120                                    2.4359024098580135e-05
121                                    1.4597588680011634e-05
122                                   -1.0615364803477349e-05
   &Method [&Type "String"] "SCF"
   &Level [&Type "String"] "Relaxed density"
   &Mult [&Type "Integer"] 1
   &State [&Type "Integer"] 0
   &Irrep [&Type "Integer"] 0
$End
$Geometry
   &GeometryIndex 14
   &NAtoms [&Type "Integer"] 41
   &NCorelessECP [&Type "Integer"] 0
   &NGhostAtoms [&Type "Integer"] 0
   &CartesianCoordinates [&Type "Coordinates", &Dim(41,4), &Units "Bohr"] 
              C     -6.981415952468   -7.475327609607   -0.971043158629
              C     -4.712633224156   -6.193254584491    0.189857135308
              O     -4.884696789370   -3.526131904639   -0.301335924247
              P     -3.082212651008   -1.566437232505    1.136501648459
              O     -3.076780067629   -1.778721408115    3.938300639432
              N     -3.757624351479    1.240299939932    0.048251671248
              C     -5.157607458806    3.161022986540    1.477114601831
              C     -3.884453737571    5.726124246617    1.160141980358
              C     -7.940993400352    3.202491132580    0.721310953221
              O     -0.410051702757   -2.315846239424   -0.228242571916
              C      1.763882020086   -0.913329341412   -0.010643277313
              C      2.391965107098    0.395621044849    2.187098823438
              C      4.639704687247    1.764369710888    2.229649590444
              C      6.260791282809    1.820762140076    0.144795294602
              S      9.083408833144    3.656190016931    0.339471426465
              C     11.324362454116    1.295494625718    1.410540918702
              C      5.621342306106    0.490497471339   -2.076642695575
              C      7.288169813707    0.509114510854   -4.382768542671
              C      3.355664854467   -0.865563974139   -2.109480195242
              H     -6.884070665974   -9.522386310670   -0.628603485817
              H     -8.742494390740   -6.750381030075   -0.138893777980
              H     -7.037059140380   -7.156213232744   -3.024092619308
              H     -2.936897724227   -6.907256287598   -0.630764879985
              H     -4.640713689188   -6.494186725733    2.248489604545
              H     -3.666837952871    1.494963244630   -1.855749256069
              H     -5.016821978541    2.593659116192    3.473914724109
              H     -3.915788041465    6.322845848453   -0.835238102018
              H     -4.868778231942    7.176874809251    2.277558246130
              H     -1.903015662607    5.643380917311    1.783826054240
              H     -8.806426693203    1.332214383599    1.000336631429
              H     -8.148798141115    3.719218805719   -1.285818112552
              H     -8.997104316822    4.588299282392    1.856547966411
              H      1.151056162525    0.331689529630    3.833384941888
              H      5.157246557350    2.812040049742    3.932718152603
              H     10.741091532223    0.510164250507    3.241421465352
              H     11.538356491832   -0.231662227477    0.019933941064
              H     13.147424216970    2.264530930852    1.632907445489
              H      6.394971579445   -0.521408733139   -5.946936374765
              H      7.678286768686    2.453522676925   -5.004397039069
              H      9.127452123461   -0.378906782272   -3.987391949344
              H      2.788099192295   -1.908378085282   -3.798998158606
$End
$SCF_Energy
   &GeometryIndex 14
   &Method [&Type "String"] "SCF"
   &totalEnergy [&Type "ArrayOfDoubles", &Dim (1,1)] "Total energy of each state"
                                                         0

0                                     -1.5276797245611258e+03
   &Mult [&Type "ArrayOfIntegers", &Dim (1,1)] "Multiplicity of each state"
                                                         0

0                                                        1
$End
$DFT_Energy
   &GeometryIndex 14
   &nAlphaEl [&Type "Integer"] 81
   &nBetaEl [&Type "Integer"] 81
   &nTotalEl [&Type "Integer"] 162
   &finalEn [&Type "Double"]      -1.5276797245611258e+03  "No Van der Waals correction"
   &eExchange [&Type "Double"]       0.0000000000000000e+00
   &eCorr [&Type "Double"]       0.0000000000000000e+00
   &eXC [&Type "Double"]      -1.1267928087662224e+02
   &eCNL [&Type "Double"]       0.0000000000000000e+00
$End
$Solvation_Details
   &GeometryIndex 14
   &Solvent [&Type "String"] "WATER"
   &Epsilon [&Type "Double"]       8.0150999999999996e+01
   &Refrac [&Type "Double"]       1.3328000000000000e+00
   &RSolv [&Type "Double"]       1.3000000000000000e+00
   &SurfaceType [&Type "String"] "GAUSSIAN VDW"
   &CPCMDielEnergy [&Type "Double"]      -2.1190732000000000e-02
   &NPoints [&Type "Integer"] 3598
   &SurfaceArea [&Type "Double"]       1.3231801703080000e+03
$End
$SCF_Timings
   &GeometryIndex 14
   &TOTAL [&Type "Double"]       5.6155031000000001e+01
   &PREP [&Type "Double"]       2.8369740000000001e+00
   &FOCK [&Type "Double"]       4.8897823999999993e+01
   &DENS [&Type "Double"]       4.7023399999999782e-01
   &ETOT [&Type "Double"]       3.3415700000000292e-01
   &TRAFO [&Type "Double"]       8.9162999999999215e-02
   &DIIS [&Type "Double"]       1.4258300000000013e-01
   &SOSCF [&Type "Double"]       8.8827299999998921e-01
   &XC [&Type "Double"]       7.0500800000000030e+00
   &FOCKSTART [&Type "Double"]       2.1905499999999689e-01
   &SOLV [&Type "Double"]       7.3709920000000029e+00
   &SOLV_INIT [&Type "Double"]       9.6534199999999992e-01
   &INT_PREP [&Type "Double"]       2.9999999959784418e-06
   &INT_BF [&Type "Double"]       4.9403499999982792e-01
   &INT_DENS [&Type "Double"]       3.5291300000029402e-01
   &INT_DENSIO [&Type "Double"]       7.6356060394000131e+04
   &INT_FUNC [&Type "Double"]       1.1956300000042397e-01
   &INT_POT [&Type "Double"]       2.8052299999991526e-01
   &INT_POTIO [&Type "Double"]       5.3772299999980788e-01
   &INT_SUM [&Type "Double"]       1.8389999999985918e-03
   &SPLITRIJ [&Type "Double"]       2.1759960000000027e+00
   &COSX [&Type "Double"]       3.4784931000000000e+01
$End
$VdW_Correction
   &GeometryIndex 14
   &vdW [&Type "Double"]      -1.8416979055783191e-02
$End
$Single_Point_Data
   &GeometryIndex 14
   &FinalEnergy [&Type "Double"]      -1.5276981415401815e+03  "Final single point energy"
   &Converged [&Type "Boolean"] true
$End
$SCF_Nuc_Gradient
   &GeometryIndex 14
   &NAtoms [&Type "Integer"] 41
   &gradNorm [&Type "Double"]       6.6852823316886621e-04
   &grad [&Type "ArrayOfDoubles", &Dim (123,1)] 
                                                         0

0                                     -4.9277966328161813e-05
1                                      3.4706055731016416e-05
2                                      3.7453186204550800e-06
3                                     -8.9178773407261783e-05
4                                      3.0271925772447182e-05
5                                     -1.6997988746985342e-05
6                                      7.1992075219272052e-05
7                                     -8.9175623996670997e-05
8                                     -2.8307407326577665e-05
9                                      2.7308314871954631e-05
10                                    -1.7548544707377575e-04
11                                     1.9638470771985090e-04
12                                    -4.2568806737773491e-05
13                                     5.8481123047587335e-05
14                                    -1.6479587523648056e-04
15                                    -6.2127731958053721e-05
16                                     1.2627672196300696e-04
17                                    -7.2324276874945193e-05
18                                    -3.5533947987628881e-05
19                                    -2.7723039927306773e-05
20                                     1.9312096645826936e-04
21                                     2.3859213497804251e-05
22                                     2.4873638491079449e-05
23                                    -2.2594385063374065e-04
24                                     2.5526761868400601e-05
25                                    -4.2310523179394670e-05
26                                    -2.1887149176572105e-05
27                                    -5.6878500621539632e-06
28                                     1.5468396134689899e-05
29                                     2.9031650347693112e-05
30                                     1.0242426798100583e-04
31                                     4.1125414392309533e-05
32                                    -6.1191554574636191e-05
33                                    -1.6182372831719723e-04
34                                    -9.5552789722793666e-05
35                                     6.7687773335574889e-05
36                                     8.9556452699188379e-05
37                                     5.5685019133321968e-05
38                                    -6.2592576000962652e-05
39                                     1.9323228071929037e-05
40                                    -4.6402303867071581e-05
41                                     1.3529485884729750e-04
42                                     4.1165251355456566e-05
43                                     5.5205635686965859e-05
44                                     5.6749777561879990e-06
45                                    -2.0854894891410311e-05
46                                    -6.7669230649947633e-05
47                                    -1.5219959398325830e-05
48                                     7.0372962771471538e-05
49                                     1.5776565606513244e-05
50                                    -9.9209366930456415e-05
51                                     5.7348116673876554e-06
52                                    -6.2942673599636988e-05
53                                     3.2355133273659115e-05
54                                    -1.0250424919788826e-04
55                                    -2.4752227916978411e-05
56                                    -6.9195781849966501e-05
57                                    -1.7342089170629205e-06
58                                     2.1383592407227455e-05
59                                    -1.1464156099740414e-05
60                                     2.4959808057775853e-05
61                                    -2.6299816128124235e-05
62                                    -4.6142041889091926e-06
63                                     1.4895117162306921e-05
64                                    -6.3825184506191676e-06
65                                     2.2324807033706510e-05
66                                    -9.5208980443831103e-06
67                                     6.1641897604128803e-05
68                                     5.9026363113799486e-06
69                                     3.9159256752527465e-05
70                                    -8.7445086316649534e-07
71                                    -3.0060547364008848e-05
72                                     7.1388285345806908e-05
73                                     5.8972855714416932e-05
74                                     7.3092164101717577e-05
75                                     7.4431916749559803e-06
76                                    -2.4994074484990026e-05
77                                    -2.1420020520060872e-05
78                                    -6.2629326983575686e-06
79                                     3.6863114476859574e-05
80                                     7.2365849503589329e-05
81                                    -4.2646510306397695e-06
82                                    -2.7620475793342079e-05
83                                     1.4982585494335049e-05
84                                    -3.8765477949847166e-05
85                                    -2.8392697823802820e-05
86                                     5.4528618198475440e-05
87                                    -2.5348830059952113e-07
88                                     2.6252485296218879e-05
89                                     7.6710088704673268e-06
90                                    -1.0991556853937328e-06
91                                    -1.6389464768816242e-05
92                                     3.7490605620191774e-05
93                                     3.3451325349162727e-05
94                                    -9.3991987645281139e-06
95                                     1.4131829289771752e-05
96                                     9.2375300282987605e-06
97                                    -6.0036071310924741e-06
98                                    -3.3891525998777295e-05
99                                     5.8788670946514988e-06
100                                   -2.4540866287129127e-05
101                                   -8.4113278468826014e-06
102                                    2.2430117066039480e-05
103                                    5.8847241486061847e-06
104                                   -2.6669049742850286e-05
105                                    7.6970002189365270e-06
106                                    1.2745128872889635e-05
107                                    3.2055735914860399e-05
108                                   -2.8214681082673520e-05
109                                    9.1154637756703501e-06
110                                   -1.3873595136883948e-05
111                                   -1.0553423681781558e-05
112                                    1.3310960997348694e-05
113                                    3.0571755573643110e-05
114                                   -3.1826477890728878e-05
115                                    1.6191522023055541e-07
116                                   -4.7989284750363700e-05
117                                   -2.0398475092603757e-05
118                                    8.7021574767175470e-05
119                                   -5.3477889979051653e-06
120                                    8.6478978468493384e-06
121                                    1.1686767611524802e-05
122                                    1.2994303713429214e-05
   &Method [&Type "String"] "SCF"
   &Level [&Type "String"] "Relaxed density"
   &Mult [&Type "Integer"] 1
   &State [&Type "Integer"] 0
   &Irrep [&Type "Integer"] 0
$End
$Geometry
   &GeometryIndex 15
   &NAtoms [&Type "Integer"] 41
   &NCorelessECP [&Type "Integer"] 0
   &NGhostAtoms [&Type "Integer"] 0
   &CartesianCoordinates [&Type "Coordinates", &Dim(41,4), &Units "Bohr"] 
              C     -6.971428055961   -7.489047314211   -0.973532587844
              C     -4.708163824694   -6.201151138758    0.191384629769
              O     -4.887162802897   -3.533853941451   -0.299115533927
              P     -3.088397433834   -1.571449982059    1.138405546551
              O     -3.082005893105   -1.778980114247    3.940636065874
              N     -3.768508597098    1.232632401601    0.045792803683
              C     -5.154144331903    3.161947494156    1.475932654417
              C     -3.861905174789    5.718249399178    1.163381208950
              C     -7.936414471696    3.225725138135    0.716871975515
              O     -0.414041534061   -2.320029663183   -0.224086652607
              C      1.757746932943   -0.914628578073   -0.006987443013
              C      2.384788764078    0.396006383005    2.190181378922
              C      4.630738981443    1.767470963035    2.232290813427
              C      6.251516817457    1.825125253621    0.147143734076
              S      9.072530417111    3.663207550911    0.341504550831
              C     11.317083446917    1.301588874021    1.404356058355
              C      5.613510389206    0.493611285954   -2.073677218062
              C      7.280809773426    0.511171505692   -4.379446128578
              C      3.349400772654   -0.865188701357   -2.106029725593
              H     -6.868215207642   -9.536065761565   -0.632475925105
              H     -8.736265763705   -6.770259032868   -0.143994332563
              H     -7.024535671494   -7.168815069502   -3.026524348939
              H     -2.929252065157   -6.909654487868   -0.627100467296
              H     -4.638336874771   -6.502438540540    2.250039209310
              H     -3.688863531891    1.478948022320   -1.859854710326
              H     -5.019887592413    2.590882874001    3.472055729342
              H     -3.881048865192    6.313491282502   -0.832639015599
              H     -4.839119324482    7.177751022003    2.275662398157
              H     -1.883071542672    5.621384460329    1.793591773419
              H     -8.817259528947    1.362044855301    0.992126489399
              H     -8.137950555109    3.746486674235   -1.289887231575
              H     -8.982990381518    4.618163134289    1.852860654003
              H      1.144117193321    0.330849145388    3.836631605566
              H      5.147472724183    2.816614606192    3.934694923707
              H     10.737475038940    0.513445746615    3.235199967260
              H     11.527194503843   -0.222948462484    0.010302557381
              H     13.140576563551    2.270419383125    1.623956270515
              H      6.377466701827   -0.498559218798   -5.951341877505
              H      7.693890425438    2.455404619208   -4.986164362854
              H      9.110031154297   -0.400496742078   -3.989924807352
              H      2.782618443296   -1.909055363568   -3.795186894027
$End
$SCF_Energy
   &GeometryIndex 15
   &Method [&Type "String"] "SCF"
   &totalEnergy [&Type "ArrayOfDoubles", &Dim (1,1)] "Total energy of each state"
                                                         0

0                                     -1.5276797187126947e+03
   &Mult [&Type "ArrayOfIntegers", &Dim (1,1)] "Multiplicity of each state"
                                                         0

0                                                        1
$End
$DFT_Energy
   &GeometryIndex 15
   &nAlphaEl [&Type "Integer"] 81
   &nBetaEl [&Type "Integer"] 81
   &nTotalEl [&Type "Integer"] 162
   &finalEn [&Type "Double"]      -1.5276797187126947e+03  "No Van der Waals correction"
   &eExchange [&Type "Double"]       0.0000000000000000e+00
   &eCorr [&Type "Double"]       0.0000000000000000e+00
   &eXC [&Type "Double"]      -1.1267912892560182e+02
   &eCNL [&Type "Double"]       0.0000000000000000e+00
$End
$Solvation_Details
   &GeometryIndex 15
   &Solvent [&Type "String"] "WATER"
   &Epsilon [&Type "Double"]       8.0150999999999996e+01
   &Refrac [&Type "Double"]       1.3328000000000000e+00
   &RSolv [&Type "Double"]       1.3000000000000000e+00
   &SurfaceType [&Type "String"] "GAUSSIAN VDW"
   &CPCMDielEnergy [&Type "Double"]      -2.1176437999999999e-02
   &NPoints [&Type "Integer"] 3595
   &SurfaceArea [&Type "Double"]       1.3233674150560000e+03
$End
$SCF_Timings
   &GeometryIndex 15
   &TOTAL [&Type "Double"]       6.0379128999999999e+01
   &PREP [&Type "Double"]       2.8558200000000000e+00
   &FOCK [&Type "Double"]       5.2343722000000000e+01
   &DENS [&Type "Double"]       4.9444599999999639e-01
   &ETOT [&Type "Double"]       3.5050100000000484e-01
   &TRAFO [&Type "Double"]       1.9907399999999953e-01
   &DIIS [&Type "Double"]       3.9940200000000026e-01
   &SOSCF [&Type "Double"]       6.7060099999999778e-01
   &XC [&Type "Double"]       1.0659443999999999e+01
   &FOCKSTART [&Type "Double"]       2.1209599999999629e-01
   &SOLV [&Type "Double"]       7.4189599999999967e+00
   &SOLV_INIT [&Type "Double"]       1.0450279999999998e+00
   &SOLV_FINAL [&Type "Double"]       9.9999999747524271e-07
   &INT_PREP [&Type "Double"]       9.9999999747524271e-07
   &INT_BF [&Type "Double"]       5.0862600000001557e-01
   &INT_DENS [&Type "Double"]       3.7085600000010110e-01
   &INT_DENSIO [&Type "Double"]       8.0281748693000191e+04
   &INT_FUNC [&Type "Double"]       1.1938700000020042e-01
   &INT_POT [&Type "Double"]       3.0719699999993111e-01
   &INT_POTIO [&Type "Double"]       5.3764699999989141e-01
   &INT_SUM [&Type "Double"]       7.2109999999963037e-03
   &SPLITRIJ [&Type "Double"]       2.2048530000000093e+00
   &COSX [&Type "Double"]       3.5083252000000002e+01
$End
$VdW_Correction
   &GeometryIndex 15
   &vdW [&Type "Double"]      -1.8426662325226335e-02
$End
$Single_Point_Data
   &GeometryIndex 15
   &FinalEnergy [&Type "Double"]      -1.5276981453750200e+03  "Final single point energy"
   &Converged [&Type "Boolean"] true
$End
$SCF_Nuc_Gradient
   &GeometryIndex 15
   &NAtoms [&Type "Integer"] 41
   &gradNorm [&Type "Double"]       8.8665503340919639e-04
   &grad [&Type "ArrayOfDoubles", &Dim (123,1)] 
                                                         0

0                                     -3.7131460479775412e-05
1                                      6.9445960882130560e-05
2                                      5.7904137794092495e-05
3                                     -8.1597152933998539e-05
4                                     -6.0698794996445635e-05
5                                      9.1656179235150662e-06
6                                      1.3191897980936203e-04
7                                      1.4571290631512163e-04
8                                     -7.9051756472747330e-05
9                                     -1.3150165529387202e-04
10                                    -4.3543366521239633e-04
11                                     1.2259139727782004e-04
12                                    -1.2528192136640392e-05
13                                     1.0812713509292708e-04
14                                    -8.8788637735909780e-05
15                                    -1.6044356919361937e-04
16                                     3.8144476620151368e-04
17                                     4.1708657607802957e-05
18                                     1.2174460237505564e-04
19                                    -1.8117754133538538e-04
20                                     1.6715737630242704e-04
21                                    -8.3038949481884568e-05
22                                     4.8059463996865163e-05
23                                    -1.1618387964955293e-04
24                                     4.6511218274217876e-05
25                                     1.0646081614040795e-05
26                                    -6.9244559096851108e-05
27                                     1.2743707505194929e-04
28                                     2.8104485800108346e-05
29                                    -4.6259183256346640e-05
30                                    -2.3410381440093122e-05
31                                    -1.3814902689187891e-05
32                                     5.5294181704434162e-06
33                                    -6.4478099237338550e-05
34                                    -4.7605418846751975e-05
35                                     1.8129403386437093e-05
36                                     4.8361129996820701e-05
37                                     2.1881630401496476e-05
38                                    -1.4108945135774929e-06
39                                    -4.8265010612576681e-05
40                                    -1.0778441675486594e-04
41                                     6.5803810093185261e-05
42                                     1.2989753973232840e-05
43                                     9.8028125629337178e-05
44                                    -4.9387180564909182e-05
45                                     8.6890279910280274e-05
46                                    -1.1651891617837077e-04
47                                     5.8143411604625921e-05
48                                     1.1956622140042935e-04
49                                     1.0369800636891739e-04
50                                     2.0089359160306581e-05
51                                    -6.5510106259993427e-05
52                                    -1.0282882669508134e-04
53                                     3.4363956833717621e-05
54                                    -5.0541035447437658e-05
55                                    -1.9640288373312583e-05
56                                    -1.2653486450485830e-04
57                                     2.5252323121794154e-06
58                                     1.5726556845844122e-05
59                                    -1.6775687604002322e-05
60                                     4.8644666142451669e-06
61                                    -4.0114648218984338e-05
62                                    -1.6174462773456601e-05
63                                     2.3105482822755538e-05
64                                    -3.5003030865076842e-06
65                                     7.2149777227050260e-06
66                                    -2.6367387236338115e-06
67                                     5.9786202470862789e-05
68                                    -3.4304108791639741e-06
69                                     4.0251832650282983e-05
70                                    -8.9784441257544101e-07
71                                    -2.2630562793795486e-05
72                                     4.0221241088042305e-05
73                                    -6.0987122361605851e-05
74                                     3.9470614645049619e-05
75                                     1.1451015018697436e-05
76                                    -2.1689902703846333e-05
77                                    -3.3338066026476812e-05
78                                     2.8230049563198441e-05
79                                     2.1338568393877285e-05
80                                     6.1372043232353401e-05
81                                     1.5806118236718909e-05
82                                     2.5444807708331593e-05
83                                    -2.1554798881713637e-05
84                                    -1.3278236183906963e-05
85                                    -4.0682858345778149e-05
86                                     3.7641607598451757e-05
87                                    -5.9158923514526318e-05
88                                     3.2349009170146370e-05
89                                    -9.2935673162254241e-06
90                                    -1.1154713102550081e-05
91                                    -4.5970983851574797e-05
92                                     2.5435386905266309e-05
93                                     2.5959788074047121e-05
94                                    -2.3070338137540626e-05
95                                     4.6555315108557212e-05
96                                     6.7977497330722689e-06
97                                    -1.5238847337572495e-05
98                                    -2.8973897774154885e-05
99                                     2.4371446267868946e-05
100                                   -5.3542674787496357e-06
101                                   -2.0793060498229485e-05
102                                   -2.6244032434057557e-06
103                                    1.4921571942352414e-05
104                                   -1.7935204014393040e-05
105                                   -4.3937422877217289e-05
106                                    3.3318408385899284e-05
107                                   -1.5138331287103239e-05
108                                   -2.0190955020059943e-05
109                                    7.1500273982344052e-06
110                                   -1.2165314167221165e-05
111                                   -1.1377889663959415e-05
112                                    2.4089042536364472e-05
113                                    1.5458231480519608e-05
114                                    4.7408061119370271e-06
115                                    2.9383175018409988e-08
116                                   -4.4049902593467162e-05
117                                    9.9765503640672411e-06
118                                    9.1073693939501402e-05
119                                   -1.1426219083093445e-05
120                                   -1.0916261019179227e-05
121                                    2.6340129890102941e-06
122                                    1.6805717941349538e-05
   &Method [&Type "String"] "SCF"
   &Level [&Type "String"] "Relaxed density"
   &Mult [&Type "Integer"] 1
   &State [&Type "Integer"] 0
   &Irrep [&Type "Integer"] 0
$End
$Geometry
   &GeometryIndex 16
   &NAtoms [&Type "Integer"] 41
   &NCorelessECP [&Type "Integer"] 0
   &NGhostAtoms [&Type "Integer"] 0
   &CartesianCoordinates [&Type "Coordinates", &Dim(41,4), &Units "Bohr"] 
              C     -6.961267173578   -7.498685782435   -0.982416702614
              C     -4.705207392316   -6.206400752358    0.191674102187
              O     -4.890051942800   -3.538767280257   -0.296307596084
              P     -3.093633690796   -1.574097908712    1.140742988385
              O     -3.086499496220   -1.779239190547    3.943291046255
              N     -3.776684938541    1.227934579503    0.045013487811
              C     -5.150916683307    3.163896129482    1.477140115130
              C     -3.846556178235    5.714127342206    1.165174546184
              C     -7.933563862897    3.241738652936    0.720653337897
              O     -0.418064575817   -2.322477388648   -0.220066161458
              C      1.752299687635   -0.914979289688   -0.003887821109
              C      2.376967472325    0.400983928215    2.190883290384
              C      4.621579669465    1.774363333818    2.231818094753
              C      6.243778008909    1.829065584522    0.147567674566
              S      9.063401323519    3.669231638158    0.340746445473
              C     11.311550748843    1.308201822906    1.397567185013
              C      5.608368791927    0.492460570034   -2.070812823949
              C      7.278314181098    0.504923738082   -4.374783421163
              C      3.345496504947   -0.868284719572   -2.101847277405
              H     -6.854047143008   -9.545877699990   -0.643471164082
              H     -8.730797919650   -6.785205692300   -0.158177450039
              H     -7.008271562565   -7.176073514246   -3.035236857650
              H     -2.921973230074   -6.909609910577   -0.622034176766
              H     -4.641534266665   -6.509785033037    2.250237233510
              H     -3.707216222302    1.468353359438   -1.861875724778
              H     -5.017934722918    2.591261987803    3.472948021432
              H     -3.864183824024    6.309433443777   -0.830961937050
              H     -4.815710108870    7.178463866167    2.278160935475
              H     -1.867447532986    5.607773881659    1.793158598063
              H     -8.822924763062    1.381928155606    0.994952302327
              H     -8.134318074803    3.765297086275   -1.285529480429
              H     -8.972622250073    4.638164905740    1.858666916381
              H      1.135380810149    0.338107746750    3.836816348567
              H      5.136298716568    2.827522550212    3.932369970640
              H     10.734115843762    0.516331787814    3.227526452692
              H     11.521629659377   -0.213667874055    0.000538366031
              H     13.134445167437    2.278184441690    1.617173140445
              H      6.368009892916   -0.489900033675   -5.952222782910
              H      7.711090012849    2.447731952438   -4.971828993858
              H      9.098124223558   -0.426560185903   -3.986956713968
              H      2.780576859120   -1.915870267027   -3.789369778626
$End
$SCF_Energy
   &GeometryIndex 16
   &Method [&Type "String"] "SCF"
   &totalEnergy [&Type "ArrayOfDoubles", &Dim (1,1)] "Total energy of each state"
                                                         0

0                                     -1.5276797166258846e+03
   &Mult [&Type "ArrayOfIntegers", &Dim (1,1)] "Multiplicity of each state"
                                                         0

0                                                        1
$End
$DFT_Energy
   &GeometryIndex 16
   &nAlphaEl [&Type "Integer"] 81
   &nBetaEl [&Type "Integer"] 81
   &nTotalEl [&Type "Integer"] 162
   &finalEn [&Type "Double"]      -1.5276797166258846e+03  "No Van der Waals correction"
   &eExchange [&Type "Double"]       0.0000000000000000e+00
   &eCorr [&Type "Double"]       0.0000000000000000e+00
   &eXC [&Type "Double"]      -1.1267894905403685e+02
   &eCNL [&Type "Double"]       0.0000000000000000e+00
$End
$Solvation_Details
   &GeometryIndex 16
   &Solvent [&Type "String"] "WATER"
   &Epsilon [&Type "Double"]       8.0150999999999996e+01
   &Refrac [&Type "Double"]       1.3328000000000000e+00
   &RSolv [&Type "Double"]       1.3000000000000000e+00
   &SurfaceType [&Type "String"] "GAUSSIAN VDW"
   &CPCMDielEnergy [&Type "Double"]      -2.1174677999999999e-02
   &NPoints [&Type "Integer"] 3600
   &SurfaceArea [&Type "Double"]       1.3234556449869999e+03
$End
$SCF_Timings
   &GeometryIndex 16
   &TOTAL [&Type "Double"]       6.2387117000000003e+01
   &PREP [&Type "Double"]       2.7695029999999998e+00
   &FOCK [&Type "Double"]       5.4858936000000000e+01
   &DENS [&Type "Double"]       5.7236999999999938e-01
   &ETOT [&Type "Double"]       3.7768999999999586e-01
   &POP [&Type "Double"]       9.9999999747524271e-07
   &TRAFO [&Type "Double"]       9.3279999999992924e-02
   &DIIS [&Type "Double"]       1.4402199999999965e-01
   &SOSCF [&Type "Double"]       1.0727690000000010e+00
   &XC [&Type "Double"]       8.1425289999999979e+00
   &FOCKSTART [&Type "Double"]       2.4048600000000420e-01
   &SOLV [&Type "Double"]       8.3305559999999996e+00
   &SOLV_INIT [&Type "Double"]       9.9063400000000001e-01
   &SOLV_FINAL [&Type "Double"]       1.0000000116860974e-06
   &INT_PREP [&Type "Double"]       1.9999999985031991e-06
   &INT_BF [&Type "Double"]       5.7366699999998438e-01
   &INT_DENS [&Type "Double"]       4.0738399999976416e-01
   &INT_DENSIO [&Type "Double"]       9.7003758956000180e+04
   &INT_FUNC [&Type "Double"]       1.3711599999989588e-01
   &INT_POT [&Type "Double"]       3.0252000000005985e-01
   &INT_POTIO [&Type "Double"]       6.3230300000012640e-01
   &INT_SUM [&Type "Double"]       3.1030000000153990e-03
   &SPLITRIJ [&Type "Double"]       2.4328630000000127e+00
   &COSX [&Type "Double"]       3.8136064000000005e+01
$End
$VdW_Correction
   &GeometryIndex 16
   &vdW [&Type "Double"]      -1.8435694294735731e-02
$End
$Single_Point_Data
   &GeometryIndex 16
   &FinalEnergy [&Type "Double"]      -1.5276981523201794e+03  "Final single point energy"
   &Converged [&Type "Boolean"] true
$End
$SCF_Nuc_Gradient
   &GeometryIndex 16
   &NAtoms [&Type "Integer"] 41
   &gradNorm [&Type "Double"]       8.3952868050722477e-04
   &grad [&Type "ArrayOfDoubles", &Dim (123,1)] 
                                                         0

0                                     -1.3083004440507827e-05
1                                      6.2055812411100593e-05
2                                      6.2943957290819081e-05
3                                     -4.0199336041377829e-05
4                                     -1.0811429573669590e-04
5                                      4.0651519732428055e-05
6                                      1.2212948517217865e-04
7                                      2.2228664057166649e-04
8                                     -9.5440457854807867e-05
9                                     -1.6005208585354795e-04
10                                    -3.9107244369444123e-04
11                                     1.1471858273508564e-05
12                                     2.7925080171540428e-06
13                                     7.2026510030550974e-05
14                                     1.7794190662533636e-05
15                                    -9.3775120642497392e-05
16                                     3.7336945679185127e-04
17                                     9.8535397005000615e-05
18                                     1.3603028334347112e-04
19                                    -1.8177260535839605e-04
20                                     3.8516824807403307e-05
21                                    -1.1417583525510854e-04
22                                     4.2705210159006725e-05
23                                     4.8270032024244161e-05
24                                     3.8527965590294441e-05
25                                     4.3661651917200725e-05
26                                    -4.1262264092819403e-05
27                                     1.0601997642243923e-04
28                                     2.9673382284826037e-05
29                                    -7.7661797968659832e-05
30                                    -7.3437096437911078e-05
31                                    -4.2753129913372054e-05
32                                     4.9545059183234635e-05
33                                     4.8127676341895712e-05
34                                     1.2763764039639390e-06
35                                    -2.6957361753463098e-05
36                                    -1.4525918752517682e-05
37                                    -1.7762601946307141e-05
38                                     4.2095879603188297e-05
39                                    -6.1189986387452362e-05
40                                    -1.1080070877258137e-04
41                                    -3.5857935656407447e-06
42                                    -1.0724376560304383e-05
43                                     7.1646983722068347e-05
44                                    -7.5939350828346509e-05
45                                     1.2372386089408170e-04
46                                    -9.1849547429169508e-05
47                                     8.5621472351376246e-05
48                                     6.7322464671638465e-05
49                                     1.2229462663622241e-04
50                                     7.7692595266637510e-05
51                                    -5.6184024666648609e-05
52                                    -9.5140391809414896e-05
53                                     3.3783179737171068e-05
54                                     6.6614391884821817e-06
55                                     1.2084298771213981e-05
56                                    -1.0432658183501148e-04
57                                     4.2432080829525374e-06
58                                     3.7399754050744612e-06
59                                    -1.8588597523441122e-05
60                                    -1.2002900359656579e-05
61                                    -2.8649620370722874e-05
62                                    -1.8342932308196669e-05
63                                     1.0697315295438029e-05
64                                     1.7568654592134788e-06
65                                    -9.5986502291825685e-06
66                                    -2.2239123211015949e-06
67                                     2.9049016927938576e-05
68                                    -1.9660397542981923e-05
69                                     2.9774736395653254e-05
70                                     6.4994304315463421e-07
71                                    -1.2311303014152708e-05
72                                     1.4260205918648116e-07
73                                    -1.0941490045629680e-04
74                                    -5.7207198068010909e-06
75                                     1.1308868260213761e-05
76                                    -1.0827110674257482e-05
77                                    -1.2120507197130906e-05
78                                     3.2981555054702004e-05
79                                    -4.5091535612804996e-06
80                                     2.4971885912683689e-05
81                                     2.6346389622969421e-05
82                                     4.4811596661906164e-05
83                                    -3.2407021300326909e-05
84                                     9.9084373958933090e-06
85                                    -2.5050067319806033e-05
86                                     6.6241371497095610e-06
87                                    -6.8862593706872164e-05
88                                     1.7600473066076933e-05
89                                    -9.5686277076769377e-06
90                                    -8.1608271115846429e-06
91                                    -3.9290800531844852e-05
92                                     7.5522542663584275e-06
93                                     7.3635034165639253e-06
94                                    -2.4128723984919314e-05
95                                     5.1341012186666263e-05
96                                    -5.9565998895467206e-06
97                                    -1.5003294981692778e-05
98                                    -1.2871791494665333e-05
99                                     2.7249222265726098e-05
100                                    7.5677283163787408e-06
101                                   -1.6447414916961378e-05
102                                   -1.5787019498377850e-05
103                                    9.5466675219762519e-06
104                                   -8.1892741450975166e-06
105                                   -6.1520792452896998e-05
106                                    3.4205445151590863e-05
107                                   -4.5735371133991129e-05
108                                   -5.3785007778238192e-06
109                                   -2.0786139588903120e-06
110                                   -6.3730642371359469e-06
111                                   -9.5435753220774540e-06
112                                    2.5090540110777058e-05
113                                   -4.9484815343392387e-06
114                                    1.0680426381646684e-05
115                                    5.9336922959790466e-06
116                                   -3.5804587599487227e-05
117                                    2.5804538918441881e-05
118                                    6.5229582365959813e-05
119                                   -1.4087866820557701e-05
120                                   -2.1052994943854214e-05
121                                   -4.4502037646177545e-08
122                                    1.0538972825500169e-05
   &Method [&Type "String"] "SCF"
   &Level [&Type "String"] "Relaxed density"
   &Mult [&Type "Integer"] 1
   &State [&Type "Integer"] 0
   &Irrep [&Type "Integer"] 0
$End
$Geometry
   &GeometryIndex 17
   &NAtoms [&Type "Integer"] 41
   &NCorelessECP [&Type "Integer"] 0
   &NGhostAtoms [&Type "Integer"] 0
   &CartesianCoordinates [&Type "Coordinates", &Dim(41,4), &Units "Bohr"] 
              C     -6.950043931637   -7.505209380830   -0.997807469979
              C     -4.703975572425   -6.209535710009    0.191876120963
              O     -4.893501487654   -3.541494324241   -0.292085105342
              P     -3.098433757885   -1.575054969148    1.144414073263
              O     -3.090890614765   -1.778960230217    3.947156284475
              N     -3.783130836599    1.225347885563    0.046388692249
              C     -5.148444875662    3.166320689850    1.480797193864
              C     -3.836299082249    5.712334866716    1.167794028346
              C     -7.932058091841    3.252923237437    0.729178680368
              O     -0.422162046177   -2.323927315369   -0.214948694840
              C      1.747153659336   -0.914706951653   -0.000570439911
              C      2.368222557897    0.410094714876    2.189989520922
              C      4.611899536190    1.784836947438    2.228805898711
              C      6.236946140687    1.832788820726    0.146502930731
              S      9.055001271080    3.675193286398    0.337438033729
              C     11.307665518416    1.316079476461    1.388381710085
              C      5.605263530504    0.487240593784   -2.067609292249
              C      7.279162258188    0.491176623695   -4.368805443702
              C      3.343414532460   -0.875038702964   -2.096315551344
              H     -6.840376960083   -9.552716913063   -0.661442281909
              H     -8.725933139150   -6.796660275011   -0.182900981778
              H     -6.985792594588   -7.179232817606   -3.050351802872
              H     -2.914551344749   -6.907126882098   -0.613124538975
              H     -4.651620809733   -6.516549021520    2.250244330808
              H     -3.721693798700    1.462257257923   -1.861269600032
              H     -5.014256801631    2.592988710355    3.476401317730
              H     -3.858006346568    6.309287902835   -0.827926407392
              H     -4.797644521014    7.178634491297    2.284987849704
              H     -1.855540498611    5.599341602721    1.789441607168
              H     -8.825620348454    1.395197891650    1.003869451035
              H     -8.134574920757    3.778553227711   -1.276347335989
              H     -8.965399443453    4.651703802893    1.869498403458
              H      1.124867022651    0.352472187846    3.834847405180
              H      5.123699800774    2.844402957862    3.926264057595
              H     10.732748627458    0.520019805582    3.217353225930
              H     11.519882726343   -0.203267832752   -0.011143102180
              H     13.129159475497    2.288602807109    1.608609055400
              H      6.363712519104   -0.492717560617   -5.950185443671
              H      7.730078302409    2.431561936582   -4.959804113677
              H      9.089708292003   -0.458043183578   -3.979766860923
              H      2.781366072283   -1.929119692429   -3.780801669284
$End
$SCF_Energy
   &GeometryIndex 17
   &Method [&Type "String"] "SCF"
   &totalEnergy [&Type "ArrayOfDoubles", &Dim (1,1)] "Total energy of each state"
                                                         0

0                                     -1.5276797102825665e+03
   &Mult [&Type "ArrayOfIntegers", &Dim (1,1)] "Multiplicity of each state"
                                                         0

0                                                        1
$End
$DFT_Energy
   &GeometryIndex 17
   &nAlphaEl [&Type "Integer"] 81
   &nBetaEl [&Type "Integer"] 81
   &nTotalEl [&Type "Integer"] 162
   &finalEn [&Type "Double"]      -1.5276797102825665e+03  "No Van der Waals correction"
   &eExchange [&Type "Double"]       0.0000000000000000e+00
   &eCorr [&Type "Double"]       0.0000000000000000e+00
   &eXC [&Type "Double"]      -1.1267887382826626e+02
   &eCNL [&Type "Double"]       0.0000000000000000e+00
$End
$Solvation_Details
   &GeometryIndex 17
   &Solvent [&Type "String"] "WATER"
   &Epsilon [&Type "Double"]       8.0150999999999996e+01
   &Refrac [&Type "Double"]       1.3328000000000000e+00
   &RSolv [&Type "Double"]       1.3000000000000000e+00
   &SurfaceType [&Type "String"] "GAUSSIAN VDW"
   &CPCMDielEnergy [&Type "Double"]      -2.1180746000000000e-02
   &NPoints [&Type "Integer"] 3599
   &SurfaceArea [&Type "Double"]       1.3234568359370001e+03
$End
$SCF_Timings
   &GeometryIndex 17
   &TOTAL [&Type "Double"]       6.4649219000000002e+01
   &PREP [&Type "Double"]       2.9162129999999999e+00
   &FOCK [&Type "Double"]       5.7059233000000006e+01
   &DENS [&Type "Double"]       5.5517700000000758e-01
   &ETOT [&Type "Double"]       3.8827899999999715e-01
   &POP [&Type "Double"]       9.9999999747524271e-07
   &TRAFO [&Type "Double"]       9.7108000000005745e-02
   &DIIS [&Type "Double"]       1.5233399999999975e-01
   &SOSCF [&Type "Double"]       1.1325399999999934e+00
   &XC [&Type "Double"]       8.0015510000000063e+00
   &FOCKSTART [&Type "Double"]       2.5549300000000352e-01
   &SOLV [&Type "Double"]       1.1905234000000000e+01
   &SOLV_INIT [&Type "Double"]       1.0012789999999998e+00
   &INT_PREP [&Type "Double"]       9.9999999747524271e-07
   &INT_BF [&Type "Double"]       5.7232400000000894e-01
   &INT_DENS [&Type "Double"]       4.1043000000004426e-01
   &INT_DENSIO [&Type "Double"]       1.0358850395700018e+05
   &INT_FUNC [&Type "Double"]       1.3570200000000732e-01
   &INT_POT [&Type "Double"]       2.9771199999987807e-01
   &INT_POTIO [&Type "Double"]       6.3100500000000892e-01
   &INT_SUM [&Type "Double"]       2.6039999999944996e-03
   &SPLITRIJ [&Type "Double"]       2.4513579999999977e+00
   &COSX [&Type "Double"]       3.6804577999999992e+01
$End
$VdW_Correction
   &GeometryIndex 17
   &vdW [&Type "Double"]      -1.8444552121783812e-02
$End
$Single_Point_Data
   &GeometryIndex 17
   &FinalEnergy [&Type "Double"]      -1.5276981548346882e+03  "Final single point energy"
   &Converged [&Type "Boolean"] true
$End
$SCF_Nuc_Gradient
   &GeometryIndex 17
   &NAtoms [&Type "Integer"] 41
   &gradNorm [&Type "Double"]       6.1959534933815554e-04
   &grad [&Type "ArrayOfDoubles", &Dim (123,1)] 
                                                         0

0                                      8.0415418432221237e-06
1                                      3.5854728347235293e-05
2                                      3.7148328620431957e-05
3                                     -1.3181750953161723e-06
4                                     -1.1184377730180550e-04
5                                      5.6399038497275625e-05
6                                      8.7955157962679240e-05
7                                      1.7855908760149779e-04
8                                     -7.3032054755698756e-05
9                                     -1.4123840661955480e-04
10                                    -1.7650343435477489e-04
11                                    -8.0867040973386749e-05
12                                     7.0206711969596829e-06
13                                     5.2951674044471932e-06
14                                     1.0173432582989918e-04
15                                     4.4045338780500062e-05
16                                     2.1742714848707920e-04
17                                     1.0392302615802753e-04
18                                     6.1384577446297207e-05
19                                    -9.8635012837804353e-05
20                                    -9.1889622733566903e-05
21                                    -7.9036290639653939e-05
22                                     1.6213745089680664e-05
23                                     1.7437859638966063e-04
24                                     1.6735749766615379e-05
25                                     4.4105463934034593e-05
26                                     1.4778530904951196e-05
27                                     4.5127580290718950e-05
28                                     2.0094330446399001e-05
29                                    -8.0780570249203539e-05
30                                    -9.0421720822659300e-05
31                                    -4.0668349483169195e-05
32                                     5.5265922744902426e-05
33                                     1.2263513503320096e-04
34                                     3.9648626421332216e-05
35                                    -4.2460710718759435e-05
36                                    -6.2438244278721492e-05
37                                    -4.3878786164927356e-05
38                                     5.5624344083054104e-05
39                                    -3.3406827397640377e-05
40                                    -5.8469612821492945e-05
41                                    -4.4009762385356754e-05
42                                    -2.8931924514694697e-05
43                                     2.0271513684558170e-05
44                                    -6.3819798735206116e-05
45                                     1.0199630418888437e-04
46                                    -3.5693074450326951e-05
47                                     6.7849106240256644e-05
48                                    -4.2420961456080810e-06
49                                     7.3776871685890048e-05
50                                     7.2924828159961244e-05
51                                    -1.5257720780122511e-05
52                                    -4.5361850801081308e-05
53                                     2.5261809690792520e-05
54                                     4.7049554135888152e-05
55                                     3.6528957565211788e-05
56                                    -3.7874041191898820e-05
57                                     3.3735115137592800e-06
58                                    -6.6874762194780249e-06
59                                    -1.7754773931228616e-05
60                                    -1.8907120001213272e-05
61                                    -6.1659067643144382e-06
62                                    -1.5467058820231688e-05
63                                    -8.1000971209019617e-06
64                                     6.6041186735857829e-06
65                                    -2.0353009587371261e-05
66                                    -4.0240310054585502e-06
67                                    -2.7510903475510699e-06
68                                    -3.4324755667168168e-05
69                                     1.3838063303785335e-05
70                                     4.6347509773534199e-06
71                                    -3.1055299744368046e-06
72                                    -4.2216563902066403e-05
73                                    -1.0550590909990282e-04
74                                    -3.1771900140544884e-05
75                                     6.0302284141489180e-06
76                                    -3.8570055644785117e-06
77                                     1.5737081883849929e-05
78                                     1.9967299378297523e-05
79                                    -2.4805850991953707e-05
80                                    -1.2598993324323286e-05
81                                     1.9874169465345138e-05
82                                     3.7632630367741927e-05
83                                    -1.9380635532120840e-05
84                                     2.8788671172626804e-05
85                                     9.0345135770068721e-08
86                                    -2.0776968261315855e-05
87                                    -3.7420785663490149e-05
88                                    -1.5886993399047921e-06
89                                    -1.6311269719063626e-06
90                                     2.4489550766645387e-07
91                                    -1.2564145872986396e-05
92                                    -1.8183318866410352e-06
93                                    -8.2192532822909914e-06
94                                    -1.5896732225252028e-05
95                                     3.5278851509800126e-05
96                                    -1.6501211577435568e-05
97                                    -1.2765024487213883e-05
98                                    -2.3182785529284045e-07
99                                     1.9942628004472067e-05
100                                    9.8810175502422000e-06
101                                   -8.1150600444607223e-06
102                                   -1.9556625998317596e-05
103                                   -1.4809703422937384e-06
104                                   -1.3883457596807252e-06
105                                   -4.7727207610544640e-05
106                                    1.7412809176937798e-05
107                                   -5.3610445392100232e-05
108                                    9.0999788250979423e-06
109                                   -9.8889211769662605e-06
110                                   -1.2636368255116030e-06
111                                   -3.6194814174460353e-06
112                                    1.4483810740939908e-05
113                                   -1.9737111763772835e-05
114                                   -1.3228825396029739e-07
115                                    1.2280944499124322e-05
116                                   -2.2946897850407541e-05
117                                    2.3343198009159325e-05
118                                    2.4973724746400961e-05
119                                   -1.4826260300019386e-05
120                                   -2.3778276137798840e-05
121                                   -7.5821346338944968e-07
122                                   -4.6752402058115319e-07
   &Method [&Type "String"] "SCF"
   &Level [&Type "String"] "Relaxed density"
   &Mult [&Type "Integer"] 1
   &State [&Type "Integer"] 0
   &Irrep [&Type "Integer"] 0
$End
$Geometry
   &GeometryIndex 18
   &NAtoms [&Type "Integer"] 41
   &NCorelessECP [&Type "Integer"] 0
   &NGhostAtoms [&Type "Integer"] 0
   &CartesianCoordinates [&Type "Coordinates", &Dim(41,4), &Units "Bohr"] 
              C     -6.941877928427   -7.508502556810   -1.007625627401
              C     -4.703667023311   -6.210301511780    0.194254046587
              O     -4.895886389201   -3.542282954357   -0.287440102588
              P     -3.101298134818   -1.574190138306    1.147691562210
              O     -3.093946971314   -1.776350157609    3.950541936675
              N     -3.786594202679    1.224819731485    0.047349771755
              C     -5.148583599749    3.168361701233    1.481984460104
              C     -3.833342928398    5.712554758142    1.167958650056
              C     -7.932449295713    3.257841406713    0.732018624616
              O     -0.424704985506   -2.324359888014   -0.210404729288
              C      1.744418986384   -0.914743832217    0.002843319420
              C      2.364151401002    0.413857168846    2.191494376443
              C      4.607800603471    1.788700856114    2.229196393549
              C      6.233984072945    1.833522712347    0.147694816408
              S      9.051186016963    3.677005188612    0.337697734684
              C     11.307791581195    1.318233777255    1.380066955370
              C      5.603414831168    0.484199163404   -2.064633532441
              C      7.278565480157    0.484843405583   -4.364886766828
              C      3.341912242397   -0.878574543779   -2.091993185613
              H     -6.831082983307   -9.556080900439   -0.672121382739
              H     -8.722601381998   -6.802803448898   -0.200797058601
              H     -6.968071125927   -7.180922423901   -3.060042723514
              H     -2.909347210181   -6.904127572623   -0.603079320477
              H     -4.660704109994   -6.519586640735    2.252513447022
              H     -3.726177118939    1.461207963071   -1.860380222822
              H     -5.014095179044    2.595361241509    3.477678648754
              H     -3.858145290961    6.311040629238   -0.827272402774
              H     -4.791120760056    7.178857646491    2.288228544722
              H     -1.851686411431    5.596823637675    1.786117191258
              H     -8.827010762788    1.400764392695    1.007520812625
              H     -8.135536186558    3.783694484605   -1.273402007346
              H     -8.963873067129    4.657890473738    1.872498538285
              H      1.120367010781    0.358478259210    3.836114554405
              H      5.118719520648    2.850581537953    3.925468343687
              H     10.736282746506    0.517148884330    3.207913664614
              H     11.521301455216   -0.197936305128   -0.022706106830
              H     13.128167518618    2.292805626404    1.600569266609
              H      6.359366198096   -0.491397630430   -5.948846112030
              H      7.739798229393    2.424210633367   -4.950914387411
              H      9.083634930665   -0.475218891240   -3.976717641009
              H      2.780940240720   -1.935425921548   -3.775118614483
$End
$SCF_Energy
   &GeometryIndex 18
   &Method [&Type "String"] "SCF"
   &totalEnergy [&Type "ArrayOfDoubles", &Dim (1,1)] "Total energy of each state"
                                                         0

0                                     -1.5276797098040072e+03
   &Mult [&Type "ArrayOfIntegers", &Dim (1,1)] "Multiplicity of each state"
                                                         0

0                                                        1
$End
$DFT_Energy
   &GeometryIndex 18
   &nAlphaEl [&Type "Integer"] 81
   &nBetaEl [&Type "Integer"] 81
   &nTotalEl [&Type "Integer"] 162
   &finalEn [&Type "Double"]      -1.5276797098040072e+03  "No Van der Waals correction"
   &eExchange [&Type "Double"]       0.0000000000000000e+00
   &eCorr [&Type "Double"]       0.0000000000000000e+00
   &eXC [&Type "Double"]      -1.1267896075056233e+02
   &eCNL [&Type "Double"]       0.0000000000000000e+00
$End
$Solvation_Details
   &GeometryIndex 18
   &Solvent [&Type "String"] "WATER"
   &Epsilon [&Type "Double"]       8.0150999999999996e+01
   &Refrac [&Type "Double"]       1.3328000000000000e+00
   &RSolv [&Type "Double"]       1.3000000000000000e+00
   &SurfaceType [&Type "String"] "GAUSSIAN VDW"
   &CPCMDielEnergy [&Type "Double"]      -2.1185644999999999e-02
   &NPoints [&Type "Integer"] 3603
   &SurfaceArea [&Type "Double"]       1.3234211145960001e+03
$End
$SCF_Timings
   &GeometryIndex 18
   &TOTAL [&Type "Double"]       5.4765279000000000e+01
   &PREP [&Type "Double"]       2.8219770000000000e+00
   &FOCK [&Type "Double"]       4.7568517999999997e+01
   &DENS [&Type "Double"]       4.0469800000000333e-01
   &ETOT [&Type "Double"]       2.7462399999999754e-01
   &TRAFO [&Type "Double"]       9.0174999999995009e-02
   &DIIS [&Type "Double"]       1.4658999999999978e-01
   &SOSCF [&Type "Double"]       6.7539400000000427e-01
   &XC [&Type "Double"]       6.0656820000000060e+00
   &FOCKSTART [&Type "Double"]       1.8627100000000230e-01
   &SOLV [&Type "Double"]       6.4518169999999966e+00
   &SOLV_INIT [&Type "Double"]       1.0056659999999999e+00
   &INT_PREP [&Type "Double"]       3.9999999970063982e-06
   &INT_BF [&Type "Double"]       4.3449399999985516e-01
   &INT_DENS [&Type "Double"]       3.2437100000005969e-01
   &INT_DENSIO [&Type "Double"]       6.1410691456000117e+04
   &INT_FUNC [&Type "Double"]       1.0197300000004894e-01
   &INT_POT [&Type "Double"]       2.6867600000013603e-01
   &INT_POTIO [&Type "Double"]       4.5120999999992151e-01
   &INT_SUM [&Type "Double"]       2.8499999999986869e-03
   &SPLITRIJ [&Type "Double"]       1.8907129999999892e+00
   &COSX [&Type "Double"]       3.6076824999999999e+01
$End
$VdW_Correction
   &GeometryIndex 18
   &vdW [&Type "Double"]      -1.8447309722800682e-02
$End
$Single_Point_Data
   &GeometryIndex 18
   &FinalEnergy [&Type "Double"]      -1.5276981571137301e+03  "Final single point energy"
   &Converged [&Type "Boolean"] true
$End
$SCF_Nuc_Gradient
   &GeometryIndex 18
   &NAtoms [&Type "Integer"] 41
   &gradNorm [&Type "Double"]       4.2501409721745797e-04
   &grad [&Type "ArrayOfDoubles", &Dim (123,1)] 
                                                         0

0                                      1.0219390395030790e-05
1                                      8.7823328305786070e-06
2                                      6.7246883531402235e-06
3                                      3.4815562507576771e-06
4                                     -7.7566856015533247e-05
5                                      3.8778285520641039e-05
6                                      6.9927276738941316e-05
7                                      7.8957122315766182e-05
8                                     -2.6670690102466770e-05
9                                     -1.2722223903049670e-04
10                                     1.6275241909010363e-05
11                                    -7.7362022335354170e-05
12                                     7.5715490969963255e-06
13                                    -3.1005737978860061e-05
14                                     9.1207550123606224e-05
15                                     1.2644278401344558e-04
16                                     5.8606419204878277e-05
17                                     6.1664603034320407e-05
18                                    -1.6727898663425323e-05
19                                    -2.3636661668127382e-05
20                                    -1.0657626513589919e-04
21                                    -1.4473623079659003e-05
22                                    -4.8697402601173074e-06
23                                     1.6323701522564767e-04
24                                    -5.3494039028986680e-06
25                                     2.3946531232296411e-05
26                                     4.4666396020680261e-05
27                                     2.7668208691271431e-05
28                                     1.2173993397074334e-05
29                                    -6.3875261128745737e-05
30                                    -7.7728534414223417e-05
31                                    -3.4550093416763230e-05
32                                     3.2730148447086133e-05
33                                     9.9903121383976759e-05
34                                     5.0990767420157137e-05
35                                    -3.3689653461471005e-05
36                                    -5.9578594504217276e-05
37                                    -3.5164799599072593e-05
38                                     3.5018481290648512e-05
39                                     1.3974756236558304e-05
40                                    -6.2574682487127171e-06
41                                    -3.1711205238929444e-05
42                                    -3.0514800504542590e-05
43                                    -1.4697790635851289e-05
44                                    -2.5771524993259065e-05
45                                     5.5733259530122927e-05
46                                     2.1543234517538791e-07
47                                     2.3674780404692113e-05
48                                    -4.0436801468029696e-05
49                                     9.1381020217863297e-06
50                                     2.0704986142552068e-05
51                                     1.4942187845458806e-05
52                                     3.2744831838890138e-06
53                                     1.4941613967383300e-05
54                                     4.9743681186177927e-05
55                                     3.4529581149318746e-05
56                                     6.9230166986251093e-06
57                                     8.7475798449373606e-07
58                                    -6.3476776254446642e-06
59                                    -1.5393829135587316e-05
60                                    -1.1526720670107444e-05
61                                     8.4078544957684302e-06
62                                    -1.0060670385279875e-05
63                                    -1.5689542923564306e-05
64                                     7.9845359607516879e-06
65                                    -1.6890411451505404e-05
66                                    -8.4867638981145637e-06
67                                    -7.7641238596645653e-06
68                                    -3.4745071150600962e-05
69                                     6.2011348463111772e-06
70                                     9.6065353465636313e-06
71                                    -3.4942231471972712e-06
72                                    -5.9391001818592207e-05
73                                    -6.2888962202512828e-05
74                                    -2.5202965999865467e-05
75                                    -1.5246334243442883e-06
76                                    -2.2517990355567372e-06
77                                     2.4731465879824286e-05
78                                     6.1882012301213272e-06
79                                    -2.4039637191278411e-05
80                                    -1.7642294635446779e-05
81                                     5.9984974851377804e-06
82                                     9.5805840199734593e-06
83                                     2.2402475114332466e-06
84                                     2.1463613842302991e-05
85                                     1.2558667854253871e-05
86                                    -2.2524585554329738e-05
87                                     2.8622348241028590e-06
88                                    -1.0849545470253592e-05
89                                     6.8677326637072174e-06
90                                     4.6632105001477412e-06
91                                     1.2266543171449036e-05
92                                     2.4049020021999581e-06
93                                    -1.2325863322968149e-05
94                                    -4.0757506681571892e-06
95                                     1.3954377358462490e-05
96                                    -9.7246832672372741e-06
97                                    -1.8873927283183107e-05
98                                     9.4099192253306504e-06
99                                     1.3851000383190577e-05
100                                    2.0137203567031911e-06
101                                   -9.3087343884448873e-07
102                                   -1.5478795102660405e-05
103                                   -6.6488500664198716e-06
104                                   -5.3073298083664168e-06
105                                   -1.8976758752306606e-05
106                                    2.9573292913110010e-06
107                                   -3.0923819877560166e-05
108                                    9.1977980781580507e-06
109                                   -1.1329693309929008e-05
110                                   -1.8624760284839212e-06
111                                   -1.1184862916380054e-06
112                                    7.2375307168905313e-06
113                                   -1.8056802940641904e-05
114                                   -1.3348896766628927e-05
115                                    1.4085880993645791e-05
116                                   -9.1179150012736976e-06
117                                    4.9179963048775815e-06
118                                   -1.7093596289785676e-07
119                                   -1.5923925389876496e-05
120                                   -1.6202111402922909e-05
121                                   -5.9915319600157481e-07
122                                   -6.1463854656709503e-06
   &Method [&Type "String"] "SCF"
   &Level [&Type "String"] "Relaxed density"
   &Mult [&Type "Integer"] 1
   &State [&Type "Integer"] 0
   &Irrep [&Type "Integer"] 0
$End
$Geometry
   &GeometryIndex 19
   &NAtoms [&Type "Integer"] 41
   &NCorelessECP [&Type "Integer"] 0
   &NGhostAtoms [&Type "Integer"] 0
   &CartesianCoordinates [&Type "Coordinates", &Dim(41,4), &Units "Bohr"] 
              C     -6.934242807022   -7.509341033216   -1.018511089349
              C     -4.704434394944   -6.209238537444    0.196945280972
              O     -4.897909519536   -3.541275372653   -0.282904749634
              P     -3.103025935810   -1.572550880923    1.151276940932
              O     -3.095797652112   -1.773529740441    3.954097883790
              N     -3.788326428574    1.225827204241    0.049747035115
              C     -5.149686087329    3.170165025666    1.484314564433
              C     -3.834887202763    5.714263458433    1.168185417867
              C     -7.933951266149    3.258600433069    0.735965715470
              O     -0.426509742192   -2.323953958637   -0.206274467657
              C      1.742814806094   -0.914428503584    0.005620047569
              C      2.361382909272    0.417933812664    2.192285118328
              C      4.605331856901    1.792478119274    2.228697888482
              C      6.232613268181    1.833671769493    0.148030667566
              S      9.049482893347    3.677617380472    0.336768332821
              C     11.308882290683    1.318972519649    1.372538982215
              C      5.602921844329    0.480574223887   -2.062427112037
              C      7.279283214236    0.477241168519   -4.361727178300
              C      3.341375399145   -0.882139111369   -2.088438792705
              H     -6.823120468951   -9.556960882008   -0.683502541092
              H     -8.720158790379   -6.806004365171   -0.221167886960
              H     -6.949130845758   -7.180461517821   -3.070803311315
              H     -2.904843634696   -6.899915139156   -0.591198390924
              H     -4.672346561474   -6.520703952820    2.255090262299
              H     -3.726004827935    1.463354214871   -1.857727506136
              H     -5.013877935717    2.598167725768    3.480180032811
              H     -3.862847143911    6.313536163660   -0.826704479578
              H     -4.791409970943    7.179780604985    2.290588055604
              H     -1.852511869842    5.598600515247    1.783933475617
              H     -8.827684802826    1.401507686763    1.013749039813
              H     -8.138348465421    3.782808439524   -1.269729871414
              H     -8.964852168171    4.659635034769    1.875689482999
              H      1.116937736019    0.365575618388    3.836453715288
              H      5.115507293664    2.856847631121    3.923618631683
              H     10.740935073711    0.515117018781    3.200273448883
              H     11.522453769535   -0.195555599901   -0.031983297940
              H     13.128677525658    2.294932417147    1.591762685049
              H      6.357793037267   -0.494991093219   -5.946803753188
              H      7.747721079304    2.415423997208   -4.945721276927
              H      9.080530650769   -0.489820656809   -3.973054771233
              H      2.781263893238   -1.941761876222   -3.770098493556
$End
$SCF_Mulliken_Population_Analysis
   &GeometryIndex 19
   &NAtoms [&Type "Integer"] 41
   &ATNO [&Type "ArrayOfIntegers", &Dim (41,1)] 
                                                         0

0                                                        6
1                                                        6
2                                                        8
3                                                       15
4                                                        8
5                                                        7
6                                                        6
7                                                        6
8                                                        6
9                                                        8
10                                                       6
11                                                       6
12                                                       6
13                                                       6
14                                                      16
15                                                       6
16                                                       6
17                                                       6
18                                                       6
19                                                       1
20                                                       1
21                                                       1
22                                                       1
23                                                       1
24                                                       1
25                                                       1
26                                                       1
27                                                       1
28                                                       1
29                                                       1
30                                                       1
31                                                       1
32                                                       1
33                                                       1
34                                                       1
35                                                       1
36                                                       1
37                                                       1
38                                                       1
39                                                       1
40                                                       1
   &AtomicCharges [&Type "ArrayOfDoubles", &Dim (41,1)] 
                                                         0

0                                     -8.8730343906192388e-02
1                                      1.3961796031797480e-01
2                                     -4.8431002568555037e-01
3                                      1.0375671902101598e+00
4                                     -5.6024237304082902e-01
5                                     -4.1909008597114461e-01
6                                     -2.7765453658417982e-02
7                                     -2.6722443487936509e-02
8                                     -2.6788211212862123e-02
9                                     -4.5378964546037714e-01
10                                     2.3233067901838478e-01
11                                    -1.0217341697368099e-01
12                                     9.8925787270909282e-03
13                                    -1.3641664525597275e-01
14                                    -1.1406905950164870e-01
15                                    -1.3203222111403523e-01
16                                    -9.5064730988575263e-02
17                                     4.7461890551852903e-02
18                                    -8.5539287701664968e-02
19                                     5.8573091229523033e-02
20                                     5.3787562902430697e-02
21                                     5.3638926532874720e-02
22                                     5.5846969732002760e-02
23                                     4.9741755174414815e-02
24                                     1.8801442451342143e-01
25                                     4.3418144577908491e-02
26                                     3.9468701723313737e-02
27                                     4.7581594805461647e-02
28                                     3.9126986755577464e-02
29                                     4.0526175889827210e-02
30                                     3.8704731751169508e-02
31                                     4.7049510951287621e-02
32                                     3.5513169707025449e-02
33                                     3.7019536553423826e-02
34                                     8.4109589782817462e-02
35                                     8.7842121229769532e-02
36                                     9.4724923982823839e-02
37                                     4.7828188925832293e-02
38                                     5.4645836016346649e-02
39                                     6.1028212185979536e-02
40                                     2.7673490210413987e-02
   &Method [&Type "String"] "SCF"
   &Level [&Type "String"] "Relaxed density"
   &Mult [&Type "Integer"] 1
   &State [&Type "Integer"] -1
   &Irrep [&Type "Integer"] 0
$End
$SCF_Loewdin_Population_Analysis
   &GeometryIndex 19
   &NAtoms [&Type "Integer"] 41
   &ATNO [&Type "ArrayOfIntegers", &Dim (41,1)] 
                                                         0

0                                                        6
1                                                        6
2                                                        8
3                                                       15
4                                                        8
5                                                        7
6                                                        6
7                                                        6
8                                                        6
9                                                        8
10                                                       6
11                                                       6
12                                                       6
13                                                       6
14                                                      16
15                                                       6
16                                                       6
17                                                       6
18                                                       6
19                                                       1
20                                                       1
21                                                       1
22                                                       1
23                                                       1
24                                                       1
25                                                       1
26                                                       1
27                                                       1
28                                                       1
29                                                       1
30                                                       1
31                                                       1
32                                                       1
33                                                       1
34                                                       1
35                                                       1
36                                                       1
37                                                       1
38                                                       1
39                                                       1
40                                                       1
   &AtomicCharges [&Type "ArrayOfDoubles", &Dim (41,1)] 
                                                         0

0                                     -7.5493684614595047e-02
1                                      7.9414797840187568e-02
2                                     -2.8432231652658757e-01
3                                      9.0432823699074483e-01
4                                     -5.3916876125333779e-01
5                                     -2.0246602021338322e-01
6                                      1.7443329711017697e-02
7                                     -6.5611120971613701e-02
8                                     -6.9505666153879098e-02
9                                     -2.3694695481748340e-01
10                                     4.6186256683991012e-02
11                                    -7.8926779351850662e-02
12                                    -2.3495552377947426e-02
13                                    -1.8925649259154564e-01
14                                     2.1076279520520202e-01
15                                    -1.6121102614051974e-01
16                                    -2.2397945478771497e-02
17                                    -5.8199745596744457e-02
18                                    -5.8616099196505900e-02
19                                     4.3220854807112463e-02
20                                     3.4430364551735093e-02
21                                     3.4555236331920591e-02
22                                     2.3182888062079354e-02
23                                     2.1158830222996250e-02
24                                     9.5414698100735551e-02
25                                     2.5656502448196061e-02
26                                     2.9593799073573623e-02
27                                     3.4461891358492869e-02
28                                     2.8199761647265786e-02
29                                     2.8296526263437149e-02
30                                     2.9243617391224497e-02
31                                     3.3922012379625666e-02
32                                     3.7467770721225424e-02
33                                     4.1147963666031462e-02
34                                     3.1404450385827398e-02
35                                     3.0134806497047251e-02
36                                     4.0322570250898138e-02
37                                     3.8201274265869278e-02
38                                     3.8093876686320582e-02
39                                     4.4416572417588340e-02
40                                     4.4956481324721631e-02
   &Method [&Type "String"] "SCF"
   &Level [&Type "String"] "Relaxed density"
   &Mult [&Type "Integer"] 1
   &State [&Type "Integer"] -1
   &Irrep [&Type "Integer"] 0
$End
$SCF_Mayer_Population_Analysis
   &GeometryIndex 19
   &NAtoms [&Type "Integer"] 41 "Total number of atoms"
   &NBondOrdersPrint [&Type "Integer"] 41 "The number of bond orders larger than threshold"
   &bondThresh [&Type "Double"]       1.0000000000000001e-01  "The threshold for printing"
   &components [&Type "ArrayOfIntegers", &Dim (41,4)] "The indices and atomic numbers of the bonding atoms"
                                                         0                           1                           2                           3

0                                                        0                           6                           1                           6
1                                                        0                           6                          19                           1
2                                                        0                           6                          20                           1
3                                                        0                           6                          21                           1
4                                                        1                           6                           2                           8
5                                                        1                           6                          22                           1
6                                                        1                           6                          23                           1
7                                                        2                           8                           3                          15
8                                                        3                          15                           4                           8
9                                                        3                          15                           5                           7
10                                                       3                          15                           9                           8
11                                                       5                           7                           6                           6
12                                                       5                           7                          24                           1
13                                                       6                           6                           7                           6
14                                                       6                           6                           8                           6
15                                                       6                           6                          25                           1
16                                                       7                           6                          26                           1
17                                                       7                           6                          27                           1
18                                                       7                           6                          28                           1
19                                                       8                           6                          29                           1
20                                                       8                           6                          30                           1
21                                                       8                           6                          31                           1
22                                                       9                           8                          10                           6
23                                                      10                           6                          11                           6
24                                                      10                           6                          18                           6
25                                                      11                           6                          12                           6
26                                                      11                           6                          32                           1
27                                                      12                           6                          13                           6
28                                                      12                           6                          33                           1
29                                                      13                           6                          14                          16
30                                                      13                           6                          16                           6
31                                                      14                          16                          15                           6
32                                                      15                           6                          34                           1
33                                                      15                           6                          35                           1
34                                                      15                           6                          36                           1
35                                                      16                           6                          17                           6
36                                                      16                           6                          18                           6
37                                                      17                           6                          37                           1
38                                                      17                           6                          38                           1
39                                                      17                           6                          39                           1
40                                                      18                           6                          40                           1
   &BondOrders [&Type "ArrayOfDoubles", &Dim (41,1)] "The bond orders"
                                                         0

0                                      1.0989032981842901e+00
1                                      9.6395668110217647e-01
2                                      9.7304866222820607e-01
3                                      9.7216128275889846e-01
4                                      8.6281322442232944e-01
5                                      9.5892391139146915e-01
6                                      9.5433600796598628e-01
7                                      1.1202143099642305e+00
8                                      1.8329849909399072e+00
9                                      1.1901529886918158e+00
10                                     9.7120056612730599e-01
11                                     9.1126999746644577e-01
12                                     9.0784122603996131e-01
13                                     1.0667145223531609e+00
14                                     1.0651141875215666e+00
15                                     9.3799624464128373e-01
16                                     9.6719064836931168e-01
17                                     9.7004599410419712e-01
18                                     9.6974901599034125e-01
19                                     9.7009860096970346e-01
20                                     9.6578267012622909e-01
21                                     9.6948201659397848e-01
22                                     9.8591912599713449e-01
23                                     1.3599585791236994e+00
24                                     1.3693059149501263e+00
25                                     1.3713634522060452e+00
26                                     9.8415850237199376e-01
27                                     1.4033325227711577e+00
28                                     9.8734598174181287e-01
29                                     9.9603242932325586e-01
30                                     1.3965717550348189e+00
31                                     9.8428639477627577e-01
32                                     9.7043743050807085e-01
33                                     9.6913094265371680e-01
34                                     9.6983415463319589e-01
35                                     1.0522879175917266e+00
36                                     1.4037360193901320e+00
37                                     9.6148984656886050e-01
38                                     9.4965924144233782e-01
39                                     9.5277442344105379e-01
40                                     1.0014536676691721e+00
   &ATNO [&Type "ArrayOfIntegers", &Dim (41,1)] "Atomic number of the elements"
                                                         0

0                                                        6
1                                                        6
2                                                        8
3                                                       15
4                                                        8
5                                                        7
6                                                        6
7                                                        6
8                                                        6
9                                                        8
10                                                       6
11                                                       6
12                                                       6
13                                                       6
14                                                      16
15                                                       6
16                                                       6
17                                                       6
18                                                       6
19                                                       1
20                                                       1
21                                                       1
22                                                       1
23                                                       1
24                                                       1
25                                                       1
26                                                       1
27                                                       1
28                                                       1
29                                                       1
30                                                       1
31                                                       1
32                                                       1
33                                                       1
34                                                       1
35                                                       1
36                                                       1
37                                                       1
38                                                       1
39                                                       1
40                                                       1
   &NA [&Type "ArrayOfDoubles", &Dim (41,1)] "Mulliken gross atomic population"
                                                         0

0                                      6.0887303439061924e+00
1                                      5.8603820396820296e+00
2                                      8.4843100256855521e+00
3                                      1.3962432809789842e+01
4                                      8.5602423730408361e+00
5                                      7.4190900859711428e+00
6                                      6.0277654536584198e+00
7                                      6.0267224434879365e+00
8                                      6.0267882112128648e+00
9                                      8.4537896454603807e+00
10                                     5.7676693209816170e+00
11                                     6.1021734169736828e+00
12                                     5.9901074212729091e+00
13                                     6.1364166452559754e+00
14                                     1.6114069059501649e+01
15                                     6.1320322211140326e+00
16                                     6.0950647309885824e+00
17                                     5.9525381094481489e+00
18                                     6.0855392877016659e+00
19                                     9.4142690877047741e-01
20                                     9.4621243709756964e-01
21                                     9.4636107346712550e-01
22                                     9.4415303026799702e-01
23                                     9.5025824482558485e-01
24                                     8.1198557548657890e-01
25                                     9.5658185542209107e-01
26                                     9.6053129827668671e-01
27                                     9.5241840519453869e-01
28                                     9.6087301324442287e-01
29                                     9.5947382411017246e-01
30                                     9.6129526824883071e-01
31                                     9.5295048904871271e-01
32                                     9.6448683029297466e-01
33                                     9.6298046344657662e-01
34                                     9.1589041021718265e-01
35                                     9.1215787877023125e-01
36                                     9.0527507601717605e-01
37                                     9.5217181107416793e-01
38                                     9.4535416398365346e-01
39                                     9.3897178781402046e-01
40                                     9.7232650978958624e-01
   &ZA [&Type "ArrayOfDoubles", &Dim (41,1)] "Total nuclear charge"
                                                         0

0                                      6.0000000000000000e+00
1                                      6.0000000000000000e+00
2                                      8.0000000000000000e+00
3                                      1.5000000000000000e+01
4                                      8.0000000000000000e+00
5                                      7.0000000000000000e+00
6                                      6.0000000000000000e+00
7                                      6.0000000000000000e+00
8                                      6.0000000000000000e+00
9                                      8.0000000000000000e+00
10                                     6.0000000000000000e+00
11                                     6.0000000000000000e+00
12                                     6.0000000000000000e+00
13                                     6.0000000000000000e+00
14                                     1.6000000000000000e+01
15                                     6.0000000000000000e+00
16                                     6.0000000000000000e+00
17                                     6.0000000000000000e+00
18                                     6.0000000000000000e+00
19                                     1.0000000000000000e+00
20                                     1.0000000000000000e+00
21                                     1.0000000000000000e+00
22                                     1.0000000000000000e+00
23                                     1.0000000000000000e+00
24                                     1.0000000000000000e+00
25                                     1.0000000000000000e+00
26                                     1.0000000000000000e+00
27                                     1.0000000000000000e+00
28                                     1.0000000000000000e+00
29                                     1.0000000000000000e+00
30                                     1.0000000000000000e+00
31                                     1.0000000000000000e+00
32                                     1.0000000000000000e+00
33                                     1.0000000000000000e+00
34                                     1.0000000000000000e+00
35                                     1.0000000000000000e+00
36                                     1.0000000000000000e+00
37                                     1.0000000000000000e+00
38                                     1.0000000000000000e+00
39                                     1.0000000000000000e+00
40                                     1.0000000000000000e+00
   &QA [&Type "ArrayOfDoubles", &Dim (41,1)] "Mulliken gross atomic charge"
                                                         0

0                                     -8.8730343906192388e-02
1                                      1.3961796031797036e-01
2                                     -4.8431002568555215e-01
3                                      1.0375671902101580e+00
4                                     -5.6024237304083613e-01
5                                     -4.1909008597114283e-01
6                                     -2.7765453658419759e-02
7                                     -2.6722443487936509e-02
8                                     -2.6788211212864788e-02
9                                     -4.5378964546038070e-01
10                                     2.3233067901838300e-01
11                                    -1.0217341697368276e-01
12                                     9.8925787270909282e-03
13                                    -1.3641664525597541e-01
14                                    -1.1406905950164870e-01
15                                    -1.3203222111403257e-01
16                                    -9.5064730988582369e-02
17                                     4.7461890551851127e-02
18                                    -8.5539287701665856e-02
19                                     5.8573091229522589e-02
20                                     5.3787562902430364e-02
21                                     5.3638926532874498e-02
22                                     5.5846969732002982e-02
23                                     4.9741755174415148e-02
24                                     1.8801442451342110e-01
25                                     4.3418144577908935e-02
26                                     3.9468701723313293e-02
27                                     4.7581594805461314e-02
28                                     3.9126986755577131e-02
29                                     4.0526175889827543e-02
30                                     3.8704731751169286e-02
31                                     4.7049510951287288e-02
32                                     3.5513169707025338e-02
33                                     3.7019536553423382e-02
34                                     8.4109589782817351e-02
35                                     8.7842121229768755e-02
36                                     9.4724923982823950e-02
37                                     4.7828188925832071e-02
38                                     5.4645836016346538e-02
39                                     6.1028212185979536e-02
40                                     2.7673490210413765e-02
   &VA [&Type "ArrayOfDoubles", &Dim (41,1)] "Mayer's total valence"
                                                         0

0                                      4.0053502130914236e+00
1                                      3.9410500713944985e+00
2                                      2.0544284169446740e+00
3                                      5.2877016895675375e+00
4                                      2.0238906198055919e+00
5                                      3.0631930914821925e+00
6                                      4.0939332583413552e+00
7                                      3.9465114673288664e+00
8                                      3.9391278435264288e+00
9                                      2.0716570221094854e+00
10                                     3.8385249568976678e+00
11                                     3.8548819087100137e+00
12                                     3.8878925011500867e+00
13                                     3.8496451422870712e+00
14                                     2.0661320483733689e+00
15                                     3.9041782659506272e+00
16                                     4.0310154761255710e+00
17                                     3.9072346222790086e+00
18                                     3.8733319962293358e+00
19                                     9.8941372636197256e-01
20                                     9.9176072670248405e-01
21                                     9.9115770789902879e-01
22                                     9.8592767130771930e-01
23                                     9.9635325194111513e-01
24                                     9.7855691085869334e-01
25                                     1.0053157530532408e+00
26                                     9.9637873445407565e-01
27                                     9.9137330459667250e-01
28                                     9.9958409067862253e-01
29                                     9.9786770596001340e-01
30                                     9.9686276440205457e-01
31                                     9.9132228504263165e-01
32                                     1.0342618027965975e+00
33                                     1.0055606585888601e+00
34                                     9.8447936707752348e-01
35                                     9.8619593242742176e-01
36                                     9.8573483383639515e-01
37                                     9.9778422770067976e-01
38                                     1.0041200060112088e+00
39                                     9.9995973037132402e-01
40                                     1.0081533177282600e+00
   &BVA [&Type "ArrayOfDoubles", &Dim (41,1)] "Mayer's bonded valence"
                                                         0

0                                      4.0053502130913898e+00
1                                      3.9410500713944412e+00
2                                      2.0544284169446101e+00
3                                      5.2877016895674700e+00
4                                      2.0238906198055506e+00
5                                      3.0631930914821766e+00
6                                      4.0939332583413055e+00
7                                      3.9465114673288313e+00
8                                      3.9391278435264026e+00
9                                      2.0716570221094841e+00
10                                     3.8385249568976740e+00
11                                     3.8548819087100528e+00
12                                     3.8878925011501027e+00
13                                     3.8496451422870703e+00
14                                     2.0661320483732837e+00
15                                     3.9041782659506299e+00
16                                     4.0310154761255497e+00
17                                     3.9072346222789687e+00
18                                     3.8733319962294095e+00
19                                     9.8941372636196667e-01
20                                     9.9176072670247029e-01
21                                     9.9115770789902746e-01
22                                     9.8592767130771164e-01
23                                     9.9635325194110769e-01
24                                     9.7855691085869267e-01
25                                     1.0053157530532284e+00
26                                     9.9637873445407565e-01
27                                     9.9137330459666417e-01
28                                     9.9958409067862164e-01
29                                     9.9786770596000718e-01
30                                     9.9686276440204669e-01
31                                     9.9132228504262698e-01
32                                     1.0342618027966020e+00
33                                     1.0055606585888524e+00
34                                     9.8447936707752093e-01
35                                     9.8619593242741632e-01
36                                     9.8573483383639537e-01
37                                     9.9778422770067343e-01
38                                     1.0041200060112043e+00
39                                     9.9995973037131480e-01
40                                     1.0081533177282738e+00
   &FA [&Type "ArrayOfDoubles", &Dim (41,1)] "Mayer's free valence"
                                                         0

0                                      0.0000000000000000e+00
1                                      0.0000000000000000e+00
2                                      0.0000000000000000e+00
3                                      0.0000000000000000e+00
4                                      0.0000000000000000e+00
5                                      0.0000000000000000e+00
6                                      0.0000000000000000e+00
7                                      0.0000000000000000e+00
8                                      0.0000000000000000e+00
9                                      0.0000000000000000e+00
10                                     0.0000000000000000e+00
11                                     0.0000000000000000e+00
12                                     0.0000000000000000e+00
13                                     0.0000000000000000e+00
14                                     0.0000000000000000e+00
15                                     0.0000000000000000e+00
16                                     0.0000000000000000e+00
17                                     0.0000000000000000e+00
18                                     0.0000000000000000e+00
19                                     0.0000000000000000e+00
20                                     0.0000000000000000e+00
21                                     0.0000000000000000e+00
22                                     0.0000000000000000e+00
23                                     0.0000000000000000e+00
24                                     0.0000000000000000e+00
25                                     0.0000000000000000e+00
26                                     0.0000000000000000e+00
27                                     0.0000000000000000e+00
28                                     0.0000000000000000e+00
29                                     0.0000000000000000e+00
30                                     0.0000000000000000e+00
31                                     0.0000000000000000e+00
32                                     0.0000000000000000e+00
33                                     0.0000000000000000e+00
34                                     0.0000000000000000e+00
35                                     0.0000000000000000e+00
36                                     0.0000000000000000e+00
37                                     0.0000000000000000e+00
38                                     0.0000000000000000e+00
39                                     0.0000000000000000e+00
40                                     0.0000000000000000e+00
   &Method [&Type "String"] "SCF"
   &Level [&Type "String"] "Relaxed density"
   &Mult [&Type "Integer"] 1
   &State [&Type "Integer"] -1
   &Irrep [&Type "Integer"] 0
$End
$SCF_Energy
   &GeometryIndex 19
   &Method [&Type "String"] "SCF"
   &totalEnergy [&Type "ArrayOfDoubles", &Dim (1,1)] "Total energy of each state"
                                                         0

0                                     -1.5276797073750402e+03
   &Mult [&Type "ArrayOfIntegers", &Dim (1,1)] "Multiplicity of each state"
                                                         0

0                                                        1
$End
$DFT_Energy
   &GeometryIndex 19
   &nAlphaEl [&Type "Integer"] 81
   &nBetaEl [&Type "Integer"] 81
   &nTotalEl [&Type "Integer"] 162
   &finalEn [&Type "Double"]      -1.5276797073750402e+03  "No Van der Waals correction"
   &eExchange [&Type "Double"]       0.0000000000000000e+00
   &eCorr [&Type "Double"]       0.0000000000000000e+00
   &eXC [&Type "Double"]      -1.1267910328760135e+02
   &eCNL [&Type "Double"]       0.0000000000000000e+00
$End
$Solvation_Details
   &GeometryIndex 19
   &Solvent [&Type "String"] "WATER"
   &Epsilon [&Type "Double"]       8.0150999999999996e+01
   &Refrac [&Type "Double"]       1.3328000000000000e+00
   &RSolv [&Type "Double"]       1.3000000000000000e+00
   &SurfaceType [&Type "String"] "GAUSSIAN VDW"
   &CPCMDielEnergy [&Type "Double"]      -2.1189416999999999e-02
   &NPoints [&Type "Integer"] 3600
   &SurfaceArea [&Type "Double"]       1.3233405772970000e+03
$End
$SCF_Timings
   &GeometryIndex 19
   &TOTAL [&Type "Double"]       5.1690742999999998e+01
   &PREP [&Type "Double"]       2.8407869999999997e+00
   &FOCK [&Type "Double"]       4.4277385000000010e+01
   &DENS [&Type "Double"]       4.0121299999999849e-01
   &ETOT [&Type "Double"]       2.8108199999999961e-01
   &POP [&Type "Double"]       3.7852799999999576e-01
   &TRAFO [&Type "Double"]       9.2266999999999655e-02
   &DIIS [&Type "Double"]       1.5885499999999908e-01
   &SOSCF [&Type "Double"]       7.1453499999999259e-01
   &XC [&Type "Double"]       6.0721259999999901e+00
   &FOCKSTART [&Type "Double"]       1.8728200000000950e-01
   &SOLV [&Type "Double"]       6.3198749999999979e+00
   &SOLV_INIT [&Type "Double"]       1.0053019999999999e+00
   &INT_PREP [&Type "Double"]       2.0000000091613401e-06
   &INT_BF [&Type "Double"]       4.3025799999983683e-01
   &INT_DENS [&Type "Double"]       3.1880800000005749e-01
   &INT_DENSIO [&Type "Double"]       5.7984434611000128e+04
   &INT_FUNC [&Type "Double"]       1.0447700000000282e-01
   &INT_POT [&Type "Double"]       2.5985000000021863e-01
   &INT_POTIO [&Type "Double"]       4.5933699999991795e-01
   &INT_SUM [&Type "Double"]       8.8700000000052626e-04
   &SPLITRIJ [&Type "Double"]       5.4661840000000019e+00
   &COSX [&Type "Double"]       2.9521488000000012e+01
$End
$VdW_Correction
   &GeometryIndex 19
   &vdW [&Type "Double"]      -1.8448344513125076e-02
$End
$Single_Point_Data
   &GeometryIndex 19
   &FinalEnergy [&Type "Double"]      -1.5276981557195534e+03  "Final single point energy"
   &Converged [&Type "Boolean"] true
$End
$SCF_Dipole_Moment
   &GeometryIndex 19
   &dipoleMagnitude [&Type "Double", &Units "a.u."]       1.4929517287076561e+00
   &dipoleElecContrib [&Type "ArrayOfDoubles", &Dim (3,1)] "Electronic contribution"
                                                         0

0                                      8.0900505564990564e+00
1                                     -1.6067327647159340e+00
2                                      3.5096807002192119e+00
   &dipoleNucContrib [&Type "ArrayOfDoubles", &Dim (3,1)] "Nuclear contribution"
                                                         0

0                                     -8.2620039835807244e+00
1                                      1.2732670199803333e+00
2                                     -4.9547196201981789e+00
   &dipoleTotal [&Type "ArrayOfDoubles", &Dim (3,1)] "Total"
                                                         0

0                                     -1.7195342708166805e-01
1                                     -3.3346574473560064e-01
2                                     -1.4450389199789671e+00
   &doAtomicDipole [&Type "Boolean"] false
   &Method [&Type "String"] "SCF"
   &Level [&Type "String"] "Relaxed density"
   &Mult [&Type "Integer"] 1
   &State [&Type "Integer"] -1
   &Irrep [&Type "Integer"] 0
$End
$Calculation_Info
   &GeometryIndex 19
   &Mult [&Type "Integer"] 1
   &Charge [&Type "Integer"] 0
   &NumOfAtoms [&Type "Integer"] 41
   &NumOfElectrons [&Type "Integer"] 162
   &NumOfBasisFuncts [&Type "Integer"] 384
   &NumOfAuxCBasisFuncts [&Type "Integer"] 0
   &NumOfAuxJBasisFuncts [&Type "Integer"] 1177
   &NumOfAuxJKBasisFuncts [&Type "Integer"] 0
   &NumOfCABSBasisFuncts [&Type "Integer"] 0
$End
$Calculation_Timings
   &GeometryIndex 19
   &GTOINT [&Type "Double"]       1.0409163899999939e+02
   &SCF [&Type "Double"]       1.5566903750000004e+03
   &SCFGRAD [&Type "Double"]       4.1550136300000020e+02
   &GSTEP [&Type "Double"]       2.0924540000000036e+00
   &PROP [&Type "Double"]       1.0127760000000308e+00
   &SUM [&Type "Double"]       2.0793886069999999e+03
$End
