*************************************************
******************* ORCA 6.1.1 ******************
*************************************************
$Calculation_Status
   &GeometryIndex 26
   &version [&Type "String"] "6.1.1"
   &progName [&Type "String"] "LeanSCF"
   &Status [&Type "String"] "NORMAL TERMINATION"
$End
$Geometry
   &GeometryIndex 1
   &NAtoms [&Type "Integer"] 28
   &NCorelessECP [&Type "Integer"] 0
   &NGhostAtoms [&Type "Integer"] 0
   &CartesianCoordinates [&Type "Coordinates", &Dim(28,4), &Units "Bohr"] 
              C     -1.981472866846    3.809535290600    2.448689096348
              C     -2.126262870645    2.371254563346   -0.035254239426
              N     -0.605151837565    0.041220482776    0.007148550506
              C     -1.272448509570   -1.862428964328    1.942916312105
              C     -3.993118310572   -2.770057207696    1.725474105231
              C      0.392152320140   -0.861219744259   -2.243612482507
              C     -1.255603585299   -0.800100501985   -4.590386985493
              N      2.659125408142   -1.691767362536   -2.568753450979
              P      4.880131040217   -1.779751348373   -0.519802753568
              C      5.613735632234    1.417769053981    0.317192780353
              O      4.533947045278   -3.420801163783    1.776233868839
              F      7.165922814745   -2.896187299758   -2.075702265275
              H     -0.017799708401    4.147243164630    3.004134409165
              H     -2.914518814888    2.782076772977    3.981298413755
              H     -2.924361037716    5.641728995833    2.264743626903
              H     -1.393582789344    3.624951868510   -1.515383027504
              H     -4.096672846067    1.963100325763   -0.520078029974
              H     -0.056204801593   -3.522937516506    1.756951178957
              H     -0.922829370465   -1.095736855075    3.832798442918
              H     -5.340725820523   -1.255370355300    2.129742952499
              H     -4.342156132124   -4.290610884951    3.084378946031
              H     -4.393092377255   -3.499857478650   -0.167759228114
              H     -1.024579557653    1.024561643049   -5.533025410157
              H     -3.242868500540   -1.066876069386   -4.096028222688
              H     -0.691871974563   -2.301264417476   -5.895489698096
              H      7.344505600469    1.468156276979    1.444766286243
              H      5.912040032961    2.556623846946   -1.380750660723
              H      4.093761874135    2.266744809085    1.425557465756
$End
$SCF_Mulliken_Population_Analysis
   &GeometryIndex 1
   &NAtoms [&Type "Integer"] 28
   &ATNO [&Type "ArrayOfIntegers", &Dim (28,1)] 
                                                         0

0                                                        6
1                                                        6
2                                                        7
3                                                        6
4                                                        6
5                                                        6
6                                                        6
7                                                        7
8                                                       15
9                                                        6
10                                                       8
11                                                       9
12                                                       1
13                                                       1
14                                                       1
15                                                       1
16                                                       1
17                                                       1
18                                                       1
19                                                       1
20                                                       1
21                                                       1
22                                                       1
23                                                       1
24                                                       1
25                                                       1
26                                                       1
27                                                       1
   &AtomicCharges [&Type "ArrayOfDoubles", &Dim (28,1)] 
                                                         0

0                                     -6.3979242138406889e-02
1                                      5.4282641539380450e-02
2                                     -3.9976837708054624e-01
3                                      5.9818582749230131e-02
4                                     -7.2308987526557900e-02
5                                      3.8428079008494542e-02
6                                      2.8283600106159490e-02
7                                     -3.5215908239696425e-01
8                                      8.8916161808669081e-01
9                                     -2.5469563875525303e-01
10                                    -5.9989506901560929e-01
11                                    -3.2095158090214859e-01
12                                     5.1203079513986838e-02
13                                     4.8742234798393791e-02
14                                     5.4000676383489488e-02
15                                     5.8385724842576869e-02
16                                     4.2799535228052576e-02
17                                     4.9618988980517864e-02
18                                     5.0023277241084463e-02
19                                     4.5259105334679806e-02
20                                     4.9701618362392619e-02
21                                     4.4977570419589830e-02
22                                     8.5289618424589597e-02
23                                     5.5778526233179138e-02
24                                     6.7806718528984344e-02
25                                     9.7736210128485324e-02
26                                     9.2261399290790247e-02
27                                     1.0019917261461098e-01
   &Method [&Type "String"] "SCF"
   &Level [&Type "String"] "Relaxed density"
   &Mult [&Type "Integer"] 1
   &State [&Type "Integer"] -1
   &Irrep [&Type "Integer"] 0
$End
$SCF_Loewdin_Population_Analysis
   &GeometryIndex 1
   &NAtoms [&Type "Integer"] 28
   &ATNO [&Type "ArrayOfIntegers", &Dim (28,1)] 
                                                         0

0                                                        6
1                                                        6
2                                                        7
3                                                        6
4                                                        6
5                                                        6
6                                                        6
7                                                        7
8                                                       15
9                                                        6
10                                                       8
11                                                       9
12                                                       1
13                                                       1
14                                                       1
15                                                       1
16                                                       1
17                                                       1
18                                                       1
19                                                       1
20                                                       1
21                                                       1
22                                                       1
23                                                       1
24                                                       1
25                                                       1
26                                                       1
27                                                       1
   &AtomicCharges [&Type "ArrayOfDoubles", &Dim (28,1)] 
                                                         0

0                                     -6.4936005928105445e-02
1                                      3.6299460726273658e-02
2                                     -1.1047654144471863e-01
3                                      3.7108896680140724e-02
4                                     -7.6336440929161142e-02
5                                      1.2717354686386351e-01
6                                     -6.7234525209096674e-02
7                                     -3.3529597701866809e-01
8                                      8.8994227448276497e-01
9                                     -2.2478207617151380e-01
10                                    -5.8372404145737633e-01
11                                    -2.2967581719838748e-01
12                                     3.1954417437982330e-02
13                                     2.9526024828563924e-02
14                                     3.9681556390383621e-02
15                                     3.6001280388909818e-02
16                                     1.7822408100281795e-02
17                                     2.5681173319988759e-02
18                                     2.5325460028615798e-02
19                                     2.7067263636480487e-02
20                                     3.7120168553614663e-02
21                                     2.9721974864067691e-02
22                                     5.9015343140350507e-02
23                                     3.9641318292829353e-02
24                                     4.8957559443667420e-02
25                                     5.2251455759782406e-02
26                                     4.9639366366528548e-02
27                                     5.2530476051837693e-02
   &Method [&Type "String"] "SCF"
   &Level [&Type "String"] "Relaxed density"
   &Mult [&Type "Integer"] 1
   &State [&Type "Integer"] -1
   &Irrep [&Type "Integer"] 0
$End
$SCF_Mayer_Population_Analysis
   &GeometryIndex 1
   &NAtoms [&Type "Integer"] 28 "Total number of atoms"
   &NBondOrdersPrint [&Type "Integer"] 27 "The number of bond orders larger than threshold"
   &bondThresh [&Type "Double"]       1.0000000000000001e-01  "The threshold for printing"
   &components [&Type "ArrayOfIntegers", &Dim (27,4)] "The indices and atomic numbers of the bonding atoms"
                                                         0                           1                           2                           3

0                                                        0                           6                           1                           6
1                                                        0                           6                          12                           1
2                                                        0                           6                          13                           1
3                                                        0                           6                          14                           1
4                                                        1                           6                           2                           7
5                                                        1                           6                          15                           1
6                                                        1                           6                          16                           1
7                                                        2                           7                           3                           6
8                                                        2                           7                           5                           6
9                                                        3                           6                           4                           6
10                                                       3                           6                          17                           1
11                                                       3                           6                          18                           1
12                                                       4                           6                          19                           1
13                                                       4                           6                          20                           1
14                                                       4                           6                          21                           1
15                                                       5                           6                           6                           6
16                                                       5                           6                           7                           7
17                                                       6                           6                          22                           1
18                                                       6                           6                          23                           1
19                                                       6                           6                          24                           1
20                                                       7                           7                           8                          15
21                                                       8                          15                           9                           6
22                                                       8                          15                          10                           8
23                                                       8                          15                          11                           9
24                                                       9                           6                          25                           1
25                                                       9                           6                          26                           1
26                                                       9                           6                          27                           1
   &BondOrders [&Type "ArrayOfDoubles", &Dim (27,1)] "The bond orders"
                                                         0

0                                      1.0945395262658757e+00
1                                      9.7122732512649590e-01
2                                      9.6458023088545775e-01
3                                      9.6683328057593632e-01
4                                      9.4008889461691436e-01
5                                      9.5913431818617523e-01
6                                      9.4799417886807769e-01
7                                      9.3098752909634486e-01
8                                      1.1649840556525479e+00
9                                      1.0887690987686691e+00
10                                     9.4226100774717070e-01
11                                     9.5733257724947729e-01
12                                     9.6429254322595648e-01
13                                     9.6693612677373086e-01
14                                     9.6845982953049481e-01
15                                     1.0363326979830652e+00
16                                     1.7905656287317553e+00
17                                     9.4259618954742774e-01
18                                     9.5447777885046103e-01
19                                     9.5691185801613055e-01
20                                     1.1543002148925920e+00
21                                     1.0376862170909686e+00
22                                     1.8234181494160537e+00
23                                     9.8589321284554421e-01
24                                     9.5077557796371182e-01
25                                     9.4324934423819162e-01
26                                     9.4411171393758364e-01
   &ATNO [&Type "ArrayOfIntegers", &Dim (28,1)] "Atomic number of the elements"
                                                         0

0                                                        6
1                                                        6
2                                                        7
3                                                        6
4                                                        6
5                                                        6
6                                                        6
7                                                        7
8                                                       15
9                                                        6
10                                                       8
11                                                       9
12                                                       1
13                                                       1
14                                                       1
15                                                       1
16                                                       1
17                                                       1
18                                                       1
19                                                       1
20                                                       1
21                                                       1
22                                                       1
23                                                       1
24                                                       1
25                                                       1
26                                                       1
27                                                       1
   &NA [&Type "ArrayOfDoubles", &Dim (28,1)] "Mulliken gross atomic population"
                                                         0

0                                      6.0639792421384104e+00
1                                      5.9457173584606222e+00
2                                      7.3997683770805454e+00
3                                      5.9401814172507672e+00
4                                      6.0723089875265623e+00
5                                      5.9615719209915019e+00
6                                      5.9717163998938387e+00
7                                      7.3521590823969598e+00
8                                      1.4110838381913307e+01
9                                      6.2546956387552521e+00
10                                     8.5998950690156057e+00
11                                     9.3209515809021486e+00
12                                     9.4879692048601305e-01
13                                     9.5125776520160610e-01
14                                     9.4599932361651062e-01
15                                     9.4161427515742357e-01
16                                     9.5720046477194709e-01
17                                     9.5038101101948269e-01
18                                     9.4997672275891587e-01
19                                     9.5474089466532019e-01
20                                     9.5029838163760727e-01
21                                     9.5502242958041017e-01
22                                     9.1471038157541029e-01
23                                     9.4422147376682086e-01
24                                     9.3219328147101599e-01
25                                     9.0226378987151468e-01
26                                     9.0773860070920998e-01
27                                     8.9980082738538925e-01
   &ZA [&Type "ArrayOfDoubles", &Dim (28,1)] "Total nuclear charge"
                                                         0

0                                      6.0000000000000000e+00
1                                      6.0000000000000000e+00
2                                      7.0000000000000000e+00
3                                      6.0000000000000000e+00
4                                      6.0000000000000000e+00
5                                      6.0000000000000000e+00
6                                      6.0000000000000000e+00
7                                      7.0000000000000000e+00
8                                      1.5000000000000000e+01
9                                      6.0000000000000000e+00
10                                     8.0000000000000000e+00
11                                     9.0000000000000000e+00
12                                     1.0000000000000000e+00
13                                     1.0000000000000000e+00
14                                     1.0000000000000000e+00
15                                     1.0000000000000000e+00
16                                     1.0000000000000000e+00
17                                     1.0000000000000000e+00
18                                     1.0000000000000000e+00
19                                     1.0000000000000000e+00
20                                     1.0000000000000000e+00
21                                     1.0000000000000000e+00
22                                     1.0000000000000000e+00
23                                     1.0000000000000000e+00
24                                     1.0000000000000000e+00
25                                     1.0000000000000000e+00
26                                     1.0000000000000000e+00
27                                     1.0000000000000000e+00
   &QA [&Type "ArrayOfDoubles", &Dim (28,1)] "Mulliken gross atomic charge"
                                                         0

0                                     -6.3979242138410441e-02
1                                      5.4282641539377785e-02
2                                     -3.9976837708054536e-01
3                                      5.9818582749232796e-02
4                                     -7.2308987526562341e-02
5                                      3.8428079008498095e-02
6                                      2.8283600106161266e-02
7                                     -3.5215908239695981e-01
8                                      8.8916161808669258e-01
9                                     -2.5469563875525214e-01
10                                    -5.9989506901560574e-01
11                                    -3.2095158090214859e-01
12                                     5.1203079513986949e-02
13                                     4.8742234798393902e-02
14                                     5.4000676383489377e-02
15                                     5.8385724842576425e-02
16                                     4.2799535228052910e-02
17                                     4.9618988980517309e-02
18                                     5.0023277241084130e-02
19                                     4.5259105334679806e-02
20                                     4.9701618362392730e-02
21                                     4.4977570419589830e-02
22                                     8.5289618424589708e-02
23                                     5.5778526233179138e-02
24                                     6.7806718528984011e-02
25                                     9.7736210128485324e-02
26                                     9.2261399290790025e-02
27                                     1.0019917261461075e-01
   &VA [&Type "ArrayOfDoubles", &Dim (28,1)] "Mayer's total valence"
                                                         0

0                                      4.0173573556849673e+00
1                                      4.0111016659146701e+00
2                                      3.0941638618935792e+00
3                                      4.0002382279169924e+00
4                                      3.9995129235317952e+00
5                                      4.1959773345580027e+00
6                                      3.8744118657311684e+00
7                                      3.0156920281790227e+00
8                                      5.1831967284509677e+00
9                                      3.9055383426761834e+00
10                                     1.9601340132059022e+00
11                                     1.0467388292096413e+00
12                                     9.9905790860018440e-01
13                                     9.9253223730862050e-01
14                                     9.8955128182060748e-01
15                                     9.8295368779319481e-01
16                                     9.8334430994797428e-01
17                                     1.0335357793545326e+00
18                                     9.8862767616141467e-01
19                                     9.9188212379622598e-01
20                                     9.9044751145512833e-01
21                                     9.9326428650995979e-01
22                                     9.9804496485749861e-01
23                                     9.9959353372733695e-01
24                                     1.0105353122899050e+00
25                                     9.9428101877292696e-01
26                                     9.8853857293503866e-01
27                                     1.0174133724950851e+00
   &BVA [&Type "ArrayOfDoubles", &Dim (28,1)] "Mayer's bonded valence"
                                                         0

0                                      4.0173573556849913e+00
1                                      4.0111016659146888e+00
2                                      3.0941638618935547e+00
3                                      4.0002382279170368e+00
4                                      3.9995129235317890e+00
5                                      4.1959773345579938e+00
6                                      3.8744118657311852e+00
7                                      3.0156920281790178e+00
8                                      5.1831967284510654e+00
9                                      3.9055383426762225e+00
10                                     1.9601340132059573e+00
11                                     1.0467388292096835e+00
12                                     9.9905790860019250e-01
13                                     9.9253223730861806e-01
14                                     9.8955128182060881e-01
15                                     9.8295368779318970e-01
16                                     9.8334430994797795e-01
17                                     1.0335357793545328e+00
18                                     9.8862767616141833e-01
19                                     9.9188212379623941e-01
20                                     9.9044751145512611e-01
21                                     9.9326428650995524e-01
22                                     9.9804496485749661e-01
23                                     9.9959353372733373e-01
24                                     1.0105353122899061e+00
25                                     9.9428101877292629e-01
26                                     9.8853857293504188e-01
27                                     1.0174133724950967e+00
   &FA [&Type "ArrayOfDoubles", &Dim (28,1)] "Mayer's free valence"
                                                         0

0                                      0.0000000000000000e+00
1                                      0.0000000000000000e+00
2                                      0.0000000000000000e+00
3                                      0.0000000000000000e+00
4                                      0.0000000000000000e+00
5                                      0.0000000000000000e+00
6                                      0.0000000000000000e+00
7                                      0.0000000000000000e+00
8                                      0.0000000000000000e+00
9                                      0.0000000000000000e+00
10                                     0.0000000000000000e+00
11                                     0.0000000000000000e+00
12                                     0.0000000000000000e+00
13                                     0.0000000000000000e+00
14                                     0.0000000000000000e+00
15                                     0.0000000000000000e+00
16                                     0.0000000000000000e+00
17                                     0.0000000000000000e+00
18                                     0.0000000000000000e+00
19                                     0.0000000000000000e+00
20                                     0.0000000000000000e+00
21                                     0.0000000000000000e+00
22                                     0.0000000000000000e+00
23                                     0.0000000000000000e+00
24                                     0.0000000000000000e+00
25                                     0.0000000000000000e+00
26                                     0.0000000000000000e+00
27                                     0.0000000000000000e+00
   &Method [&Type "String"] "SCF"
   &Level [&Type "String"] "Relaxed density"
   &Mult [&Type "Integer"] 1
   &State [&Type "Integer"] -1
   &Irrep [&Type "Integer"] 0
$End
$SCF_Energy
   &GeometryIndex 1
   &Method [&Type "String"] "SCF"
   &totalEnergy [&Type "ArrayOfDoubles", &Dim (1,1)] "Total energy of each state"
                                                         0

0                                     -9.0169458515245390e+02
   &Mult [&Type "ArrayOfIntegers", &Dim (1,1)] "Multiplicity of each state"
                                                         0

0                                                        1
$End
$DFT_Energy
   &GeometryIndex 1
   &nAlphaEl [&Type "Integer"] 52
   &nBetaEl [&Type "Integer"] 52
   &nTotalEl [&Type "Integer"] 103
   &finalEn [&Type "Double"]      -9.0169458515245390e+02  "No Van der Waals correction"
   &eExchange [&Type "Double"]       0.0000000000000000e+00
   &eCorr [&Type "Double"]       0.0000000000000000e+00
   &eXC [&Type "Double"]      -7.0069294838800388e+01
   &eCNL [&Type "Double"]       0.0000000000000000e+00
$End
$Solvation_Details
   &GeometryIndex 1
   &Solvent [&Type "String"] "WATER"
   &Epsilon [&Type "Double"]       8.0150999999999996e+01
   &Refrac [&Type "Double"]       1.3328000000000000e+00
   &RSolv [&Type "Double"]       1.3000000000000000e+00
   &SurfaceType [&Type "String"] "GAUSSIAN VDW"
   &CPCMDielEnergy [&Type "Double"]      -2.4664149000000000e-02
   &NPoints [&Type "Integer"] 2380
   &SurfaceArea [&Type "Double"]       8.6670834849000005e+02
$End
$SCF_Timings
   &GeometryIndex 1
   &TOTAL [&Type "Double"]       5.1628799999999998e+01
   &PREP [&Type "Double"]       2.0516880000000000e+00
   &FOCK [&Type "Double"]       4.3887487000000000e+01
   &DENS [&Type "Double"]       8.6853399999999681e-01
   &ETOT [&Type "Double"]       4.9798499999999368e-01
   &POP [&Type "Double"]       1.8421700000000385e-01
   &TRAFO [&Type "Double"]       1.4588999999999785e-01
   &DIIS [&Type "Double"]       1.3620130000000001e+00
   &SOSCF [&Type "Double"]       8.3383499999999700e-01
   &XC [&Type "Double"]       1.1254981999999988e+01
   &FOCKSTART [&Type "Double"]       3.1657500000000960e-01
   &SOLV [&Type "Double"]       7.7343269999999942e+00
   &SOLV_INIT [&Type "Double"]       5.1550399999999996e-01
   &INT_PREP [&Type "Double"]       9.0000000021461801e-06
   &INT_BF [&Type "Double"]       7.6153200000013843e-01
   &INT_DENS [&Type "Double"]       5.0734299999996679e-01
   &INT_DENSIO [&Type "Double"]       8.7787461195000142e+04
   &INT_FUNC [&Type "Double"]       1.9093899999995489e-01
   &INT_POT [&Type "Double"]       4.7587500000012639e-01
   &INT_POTIO [&Type "Double"]       8.7588199999993055e-01
   &INT_SUM [&Type "Double"]       2.5810000000046074e-03
   &SPLITRIJ [&Type "Double"]       2.6278640000000002e+00
   &COSX [&Type "Double"]       2.2692630000000005e+01
$End
$VdW_Correction
   &GeometryIndex 1
   &vdW [&Type "Double"]      -1.2967051492425143e-02
$End
$Single_Point_Data
   &GeometryIndex 1
   &FinalEnergy [&Type "Double"]      -9.0170755220394631e+02  "Final single point energy"
   &Converged [&Type "Boolean"] true
$End
$SCF_Nuc_Gradient
   &GeometryIndex 1
   &NAtoms [&Type "Integer"] 28
   &gradNorm [&Type "Double"]       8.6652695300764762e-02
   &grad [&Type "ArrayOfDoubles", &Dim (84,1)] 
                                                         0

0                                      1.4367308106500347e-03
1                                      4.5373720375332348e-03
2                                      5.0726559848239094e-04
3                                     -4.0742109540276789e-03
4                                      4.3903933573292142e-03
5                                      2.3096931060411796e-03
6                                     -6.2890669542517864e-03
7                                      2.7840331660592917e-03
8                                     -9.7680071553586743e-03
9                                      2.5560258974586720e-03
10                                     1.1432570297037667e-03
11                                     4.2343945564627889e-03
12                                     2.3815299281569941e-04
13                                    -3.5045020386157101e-03
14                                    -2.0237430185026223e-03
15                                     5.4457649766235438e-03
16                                    -5.0778099677733319e-03
17                                     2.0565472583766252e-02
18                                    -1.0941330253152648e-03
19                                    -1.0652356716788301e-03
20                                    -8.9354989351772048e-03
21                                     2.6516052228132508e-02
22                                     9.6830692027614733e-03
23                                     2.0390783047983613e-02
24                                     1.7866274811082698e-03
25                                     2.9662876068359020e-03
26                                    -6.5300255084030770e-02
27                                    -1.5165975712898025e-02
28                                    -1.2531508072172383e-03
29                                     9.5933931931482964e-03
30                                    -1.8608661105413602e-03
31                                    -2.6347560024643783e-03
32                                     9.2037498333144736e-03
33                                    -1.2648905028399193e-02
34                                    -4.4444094439844081e-03
35                                     1.2988259347865579e-02
36                                    -3.9668564849666080e-03
37                                    -6.1014107012561357e-04
38                                    -3.0782530374485811e-04
39                                     1.7169344015604189e-03
40                                     1.4479584635024106e-03
41                                    -3.7661700849129969e-03
42                                     1.7867055648663921e-03
43                                    -2.4180144942129952e-03
44                                     1.2314903769067372e-03
45                                    -2.2587157941358518e-03
46                                     2.6301657135545825e-03
47                                     3.5764179919626779e-03
48                                     7.0959986402734133e-03
49                                    -1.5309497669735835e-04
50                                     1.0778014500314656e-03
51                                    -7.8855148105692850e-03
52                                    -3.1599546765049866e-03
53                                     2.6427292329306499e-03
54                                    -1.8692786081243641e-03
55                                    -2.6689794373114255e-03
56                                    -2.9811230522685315e-03
57                                     4.0731003312185921e-03
58                                    -2.5825515551253933e-03
59                                    -6.2585058218372848e-04
60                                     1.0149973468791459e-04
61                                     2.5106279101749823e-03
62                                    -2.6096685785979637e-03
63                                     7.1501270964198407e-04
64                                     2.0244121397113750e-03
65                                     3.7546216660284243e-03
66                                     1.3163188770511861e-03
67                                    -4.3288917317742580e-03
68                                     3.6292093090782448e-03
69                                     4.2400085589789976e-03
70                                    -2.3012944515558840e-03
71                                    -2.7618658288019912e-04
72                                    -3.7822432788764517e-03
73                                    -2.3168671397724261e-04
74                                     8.8502288642008876e-04
75                                    -3.5302957166670999e-03
76                                     1.1199881353263158e-03
77                                    -2.5475227437973197e-03
78                                    -6.2970760410096616e-04
79                                    -2.9097765389877392e-03
80                                     3.3967960029395567e-03
81                                     6.0308369874617863e-03
82                                     4.1066847125548166e-03
83                                    -8.4524906347032585e-04
   &Method [&Type "String"] "SCF"
   &Level [&Type "String"] "Relaxed density"
   &Mult [&Type "Integer"] 1
   &State [&Type "Integer"] 0
   &Irrep [&Type "Integer"] 0
$End
$Geometry
   &GeometryIndex 2
   &NAtoms [&Type "Integer"] 28
   &NCorelessECP [&Type "Integer"] 0
   &NGhostAtoms [&Type "Integer"] 0
   &CartesianCoordinates [&Type "Coordinates", &Dim(28,4), &Units "Bohr"] 
              C     -2.170441064178    3.851724665930    2.314737279040
              C     -2.287490361626    2.337966168537   -0.126847733313
              N     -0.639131709352    0.117449796397   -0.044579275615
              C     -1.127813334396   -1.757938268702    1.949957945649
              C     -3.792794623445   -2.864505339573    1.876259062761
              C      0.336652594679   -0.754775585832   -2.312040573031
              C     -1.283738123708   -0.553319734581   -4.660538880357
              N      2.574012482468   -1.682006167434   -2.575658340120
              P      4.759628635290   -1.899154564188   -0.431671159321
              C      5.741357168197    1.226161256017    0.419610918133
              O      4.325891487315   -3.587121903261    1.805767035993
              F      7.029488188471   -3.040536798503   -2.023737727697
              H     -0.206100478738    4.318052854891    2.809713066323
              H     -3.013975021511    2.821991762524    3.911385865337
              H     -3.223209178721    5.627799799714    2.091139110867
              H     -1.645421394415    3.563074663948   -1.677766544415
              H     -4.261371578167    1.808724441774   -0.554934666980
              H      0.238177394240   -3.304294969272    1.752448276015
              H     -0.757493080040   -0.895724428035    3.805903300364
              H     -5.248399614607   -1.436421970256    2.283318650314
              H     -3.970478432723   -4.359055377073    3.309353151730
              H     -4.209311165438   -3.707032445472    0.021609470650
              H     -0.979106723595    1.300544359324   -5.554372224547
              H     -3.297526742684   -0.750259412704   -4.200385757595
              H     -0.739563757631   -2.027466308181   -6.009812687739
              H      7.469777628192    1.134685017605    1.568519501314
              H      6.128501745688    2.366333171243   -1.273639746097
              H      4.249879117127    2.145105239576    1.526262663442
$End
$SCF_Energy
   &GeometryIndex 2
   &Method [&Type "String"] "SCF"
   &totalEnergy [&Type "ArrayOfDoubles", &Dim (1,1)] "Total energy of each state"
                                                         0

0                                     -9.0170371313231738e+02
   &Mult [&Type "ArrayOfIntegers", &Dim (1,1)] "Multiplicity of each state"
                                                         0

0                                                        1
$End
$DFT_Energy
   &GeometryIndex 2
   &nAlphaEl [&Type "Integer"] 52
   &nBetaEl [&Type "Integer"] 52
   &nTotalEl [&Type "Integer"] 104
   &finalEn [&Type "Double"]      -9.0170371313231738e+02  "No Van der Waals correction"
   &eExchange [&Type "Double"]       0.0000000000000000e+00
   &eCorr [&Type "Double"]       0.0000000000000000e+00
   &eXC [&Type "Double"]      -7.0046938358448315e+01
   &eCNL [&Type "Double"]       0.0000000000000000e+00
$End
$Solvation_Details
   &GeometryIndex 2
   &Solvent [&Type "String"] "WATER"
   &Epsilon [&Type "Double"]       8.0150999999999996e+01
   &Refrac [&Type "Double"]       1.3328000000000000e+00
   &RSolv [&Type "Double"]       1.3000000000000000e+00
   &SurfaceType [&Type "String"] "GAUSSIAN VDW"
   &CPCMDielEnergy [&Type "Double"]      -2.3793503000000001e-02
   &NPoints [&Type "Integer"] 2344
   &SurfaceArea [&Type "Double"]       8.6989729429600004e+02
$End
$SCF_Timings
   &GeometryIndex 2
   &TOTAL [&Type "Double"]       4.9415819999999997e+01
   &PREP [&Type "Double"]       2.0684649999999998e+00
   &FOCK [&Type "Double"]       4.1947502999999998e+01
   &DENS [&Type "Double"]       8.2292900000000202e-01
   &ETOT [&Type "Double"]       4.7323300000000135e-01
   &POP [&Type "Double"]       1.0000000045806701e-06
   &TRAFO [&Type "Double"]       1.4912500000000328e-01
   &DIIS [&Type "Double"]       9.1680700000000126e-01
   &SOSCF [&Type "Double"]       1.0414079999999970e+00
   &XC [&Type "Double"]       1.0447137999999995e+01
   &FOCKSTART [&Type "Double"]       2.8321099999999300e-01
   &SOLV [&Type "Double"]       6.8990329999999895e+00
   &SOLV_INIT [&Type "Double"]       4.9529799999999991e-01
   &SOLV_FINAL [&Type "Double"]       1.0000000045806701e-06
   &INT_PREP [&Type "Double"]       5.9999999999504894e-06
   &INT_BF [&Type "Double"]       7.0983500000004618e-01
   &INT_DENS [&Type "Double"]       4.7415500000002364e-01
   &INT_DENSIO [&Type "Double"]       8.3193803673000104e+04
   &INT_FUNC [&Type "Double"]       1.7927300000002067e-01
   &INT_POT [&Type "Double"]       4.1245100000005142e-01
   &INT_POTIO [&Type "Double"]       8.1554400000004001e-01
   &INT_SUM [&Type "Double"]       2.9469999999909291e-03
   &SPLITRIJ [&Type "Double"]       2.4114289999999952e+00
   &COSX [&Type "Double"]       2.2879049000000009e+01
$End
$VdW_Correction
   &GeometryIndex 2
   &vdW [&Type "Double"]      -1.2762688530421649e-02
$End
$Single_Point_Data
   &GeometryIndex 2
   &FinalEnergy [&Type "Double"]      -9.0171647582084779e+02  "Final single point energy"
   &Converged [&Type "Boolean"] true
$End
$SCF_Nuc_Gradient
   &GeometryIndex 2
   &NAtoms [&Type "Integer"] 28
   &gradNorm [&Type "Double"]       4.7964008224887847e-02
   &grad [&Type "ArrayOfDoubles", &Dim (84,1)] 
                                                         0

0                                      1.1703102964668170e-03
1                                      1.2942009429932509e-03
2                                     -1.1224703849325255e-03
3                                      1.9584510544852691e-03
4                                      1.2652697517403140e-03
5                                      8.0144602040313180e-04
6                                     -8.2665314377049909e-04
7                                      2.3718140789245352e-03
8                                      1.1851461643398145e-03
9                                      1.2208742571332837e-03
10                                     3.4949194310575256e-03
11                                    -2.1609553741704325e-03
12                                     6.1620932512834845e-04
13                                    -3.2941666083879115e-03
14                                    -4.0889144871180939e-04
15                                     3.7773297329306240e-03
16                                    -5.1109348077563429e-03
17                                     6.7721522085827839e-03
18                                    -1.5279273821482715e-03
19                                    -3.8083538115592144e-03
20                                    -4.2019717385776588e-03
21                                     1.1277004238344601e-02
22                                     1.0318087754502683e-02
23                                     1.1761444488405926e-02
24                                     3.1950447417687352e-03
25                                     1.7224655377967594e-03
26                                    -3.6579023572877976e-02
27                                    -9.4511794756244431e-03
28                                    -2.3217535354734266e-03
29                                     5.9214644643500744e-03
30                                    -3.5892915302243736e-03
31                                    -2.1117026289820011e-03
32                                     6.8903772719434830e-03
33                                    -9.0604990245823063e-03
34                                    -2.0890881646429414e-03
35                                     8.8611066317889030e-03
36                                    -6.0252423330230402e-04
37                                     1.6427555515938694e-05
38                                     3.7714967796910871e-04
39                                     3.0035683519011799e-05
40                                    -2.1104504909117956e-04
41                                    -3.2324485582564520e-04
42                                     3.4740839350027767e-04
43                                    -1.4230624936888828e-04
44                                     2.5887781092559905e-04
45                                    -4.2037952516236902e-04
46                                     1.6378938501550580e-03
47                                     5.5684713321320584e-04
48                                     1.1333805001007729e-03
49                                    -8.2826926523873405e-04
50                                    -1.6354197832551631e-04
51                                    -1.5382356402602996e-03
52                                    -3.7700250710358133e-03
53                                     3.1235663265772164e-04
54                                    -4.6035636577565335e-04
55                                    -4.2630194917273398e-04
56                                    -3.3000802460899829e-04
57                                     7.2620368335009908e-04
58                                     1.2819739740207103e-04
59                                     2.9309589971114993e-04
60                                    -4.1140303935834321e-04
61                                    -7.7521074394062788e-07
62                                    -4.2488585904728281e-04
63                                    -1.3554491193225004e-04
64                                     2.6024957795360679e-04
65                                     6.6952734140628503e-04
66                                     1.3639882681120174e-03
67                                    -3.9752339196282730e-05
68                                     1.3186554166032072e-03
69                                     1.2898620524589720e-04
70                                    -1.3103357781106125e-03
71                                     1.4027587985957583e-04
72                                    -2.3460147309478496e-03
73                                    -6.5902207508082285e-04
74                                    -2.5897470512752389e-05
75                                     4.4744191780888198e-04
76                                     1.2638034757087593e-03
77                                    -4.6808983632432732e-04
78                                     3.6136504145818914e-04
79                                     3.3382522168620292e-04
80                                     4.5634197199185811e-05
81                                     2.6159757826815597e-03
82                                     2.0166778679844388e-03
83                                     4.3423307090965911e-05
   &Method [&Type "String"] "SCF"
   &Level [&Type "String"] "Relaxed density"
   &Mult [&Type "Integer"] 1
   &State [&Type "Integer"] 0
   &Irrep [&Type "Integer"] 0
$End
$Geometry
   &GeometryIndex 3
   &NAtoms [&Type "Integer"] 28
   &NCorelessECP [&Type "Integer"] 0
   &NGhostAtoms [&Type "Integer"] 0
   &CartesianCoordinates [&Type "Coordinates", &Dim(28,4), &Units "Bohr"] 
              C     -2.390760360034    3.845502528917    2.222591812596
              C     -2.412848670249    2.268106411396   -0.182406924030
              N     -0.685952718451    0.122640758881   -0.013319592880
              C     -1.155223874643   -1.686180035735    2.033944344782
              C     -3.800803702076   -2.845887878295    1.977129525566
              C      0.319846774801   -0.738958377606   -2.272438939083
              C     -1.239586255578   -0.384841293409   -4.626561405769
              N      2.544961774047   -1.729889739747   -2.522721315418
              P      4.849008660539   -1.998485359548   -0.428860177312
              C      5.946241647600    1.085788341792    0.419404782609
              O      4.609213392433   -3.815982608748    1.719721469233
              F      7.059940872369   -2.950720534113   -2.257430219844
              H     -0.444535423279    4.395604347055    2.727578906755
              H     -3.223537553525    2.833040356055    3.842164766900
              H     -3.504621408724    5.578553454735    1.928349127615
              H     -1.782050000607    3.451773668674   -1.769842567041
              H     -4.373772414680    1.665397965060   -0.622737819477
              H      0.284208147565   -3.164952090558    1.897805824273
              H     -0.823622169009   -0.734169661571    3.860032756955
              H     -5.304546587078   -1.438965089143    2.306632384674
              H     -3.955084712040   -4.285098776276    3.474779826788
              H     -4.171993751056   -3.784402317848    0.151386347019
              H     -0.871466692341    1.495773559274   -5.454288112475
              H     -3.273965924851   -0.528884139830   -4.224166290730
              H     -0.680996325792   -1.814060228238   -6.020461320617
              H      7.746261653086    0.930233473494    1.453081603375
              H      6.223787145809    2.273616626811   -1.267056021033
              H      4.511898532454    1.955446562933    1.647687207673
$End
$SCF_Energy
   &GeometryIndex 3
   &Method [&Type "String"] "SCF"
   &totalEnergy [&Type "ArrayOfDoubles", &Dim (1,1)] "Total energy of each state"
                                                         0

0                                     -9.0170798880913640e+02
   &Mult [&Type "ArrayOfIntegers", &Dim (1,1)] "Multiplicity of each state"
                                                         0

0                                                        1
$End
$DFT_Energy
   &GeometryIndex 3
   &nAlphaEl [&Type "Integer"] 52
   &nBetaEl [&Type "Integer"] 52
   &nTotalEl [&Type "Integer"] 104
   &finalEn [&Type "Double"]      -9.0170798880913640e+02  "No Van der Waals correction"
   &eExchange [&Type "Double"]       0.0000000000000000e+00
   &eCorr [&Type "Double"]       0.0000000000000000e+00
   &eXC [&Type "Double"]      -7.0024418818708071e+01
   &eCNL [&Type "Double"]       0.0000000000000000e+00
$End
$Solvation_Details
   &GeometryIndex 3
   &Solvent [&Type "String"] "WATER"
   &Epsilon [&Type "Double"]       8.0150999999999996e+01
   &Refrac [&Type "Double"]       1.3328000000000000e+00
   &RSolv [&Type "Double"]       1.3000000000000000e+00
   &SurfaceType [&Type "String"] "GAUSSIAN VDW"
   &CPCMDielEnergy [&Type "Double"]      -2.4745870000000000e-02
   &NPoints [&Type "Integer"] 2341
   &SurfaceArea [&Type "Double"]       8.7436109062599996e+02
$End
$SCF_Timings
   &GeometryIndex 3
   &TOTAL [&Type "Double"]       4.7573671999999995e+01
   &PREP [&Type "Double"]       2.0860949999999998e+00
   &FOCK [&Type "Double"]       4.0408772999999997e+01
   &DENS [&Type "Double"]       8.1844400000000661e-01
   &ETOT [&Type "Double"]       5.2487199999999579e-01
   &POP [&Type "Double"]       9.9999999747524271e-07
   &TRAFO [&Type "Double"]       1.3917200000000207e-01
   &DIIS [&Type "Double"]       8.4296699999999980e-01
   &SOSCF [&Type "Double"]       9.5113399999999260e-01
   &XC [&Type "Double"]       5.3646980000000024e+00
   &FOCKSTART [&Type "Double"]       2.8588000000000768e-01
   &SOLV [&Type "Double"]       6.8124339999999926e+00
   &SOLV_INIT [&Type "Double"]       5.4612699999999992e-01
   &INT_PREP [&Type "Double"]       4.0000000005591119e-06
   &INT_BF [&Type "Double"]       7.0522799999968910e-01
   &INT_DENS [&Type "Double"]       4.6498300000022308e-01
   &INT_DENSIO [&Type "Double"]       7.6816544825000150e+04
   &INT_FUNC [&Type "Double"]       1.7556700000011904e-01
   &INT_POT [&Type "Double"]       4.0005499999997074e-01
   &INT_POTIO [&Type "Double"]       8.2326299999994035e-01
   &INT_SUM [&Type "Double"]       7.3609999999950659e-03
   &SPLITRIJ [&Type "Double"]       2.4527789999999992e+00
   &COSX [&Type "Double"]       2.6274307000000018e+01
$End
$VdW_Correction
   &GeometryIndex 3
   &vdW [&Type "Double"]      -1.2481563048246727e-02
$End
$Single_Point_Data
   &GeometryIndex 3
   &FinalEnergy [&Type "Double"]      -9.0172047037218465e+02  "Final single point energy"
   &Converged [&Type "Boolean"] true
$End
$SCF_Nuc_Gradient
   &GeometryIndex 3
   &NAtoms [&Type "Integer"] 28
   &gradNorm [&Type "Double"]       2.1209128848943607e-02
   &grad [&Type "ArrayOfDoubles", &Dim (84,1)] 
                                                         0

0                                      3.2277917077678272e-04
1                                     -1.1939324366967462e-03
2                                     -1.0976495487486299e-03
3                                      5.1137601512556271e-03
4                                     -1.5033255289168520e-03
5                                     -9.2407628400261702e-04
6                                      1.3282110274813407e-03
7                                      2.0451533042447124e-03
8                                      7.2781947501359317e-03
9                                     -2.8009932099393015e-03
10                                    -8.2978104564100045e-04
11                                    -4.7882417797196078e-03
12                                    -2.2146147544300132e-04
13                                     6.0754089765242510e-04
14                                     3.8643934979545972e-04
15                                    -5.5873398303745957e-03
16                                    -4.4046928790531271e-03
17                                    -2.7003007399963408e-03
18                                    -1.1079058264273226e-03
19                                    -2.4870081343464356e-03
20                                     2.3412934385068371e-03
21                                     5.3156646185343638e-03
22                                     7.5411703226798861e-03
23                                    -2.8469093228581295e-03
24                                     3.9446998334902676e-03
25                                    -1.9113315187660292e-04
26                                    -5.6198155665743909e-03
27                                    -6.3998120288311880e-04
28                                    -3.5276461861234762e-03
29                                     9.8280794732147022e-04
30                                     1.8107791899774261e-03
31                                    -1.5538391690832958e-03
32                                     2.9953378926399019e-03
33                                    -3.6369494007815239e-03
34                                     5.0912119577303718e-04
35                                     4.2177394107655473e-03
36                                     1.3780985218315688e-03
37                                     3.7834036627640516e-04
38                                     4.2343634392122924e-04
39                                    -5.9751070718769728e-04
40                                    -8.4124656585547047e-04
41                                     1.4098722427450651e-03
42                                    -5.8912708495902544e-04
43                                     9.4928775650158310e-04
44                                    -2.8315085323601550e-04
45                                     8.5315789267550817e-04
46                                    -4.0652660429270761e-04
47                                    -1.8106439278527656e-03
48                                    -2.4548011601288867e-03
49                                    -8.5118780042430214e-04
50                                    -6.2066189512206956e-04
51                                    -1.0116820287903181e-03
52                                     1.4095712109517748e-03
53                                    -2.9256352299873565e-04
54                                     3.1371821780785399e-04
55                                     1.0613408661537393e-03
56                                     1.2142774944930487e-03
57                                    -2.0317529536201077e-03
58                                     1.0881092756332672e-03
59                                     4.5003475851134285e-04
60                                    -1.0758744157203919e-04
61                                    -1.0530039806986153e-03
62                                     8.1155742464778750e-04
63                                    -4.2715696079539679e-04
64                                    -9.6842341930912404e-04
65                                    -1.3152910628075574e-03
66                                     6.8605677968712562e-04
67                                     2.1131217200946019e-03
68                                    -2.5926511552325476e-04
69                                    -1.6020834327646150e-03
70                                     1.6835927491333616e-04
71                                     8.6688396047238689e-04
72                                    -4.7666100820140594e-04
73                                    -7.4869977099606389e-04
74                                    -1.6427464398660325e-05
75                                     2.2074927700479565e-03
76                                     9.9654403968629595e-04
77                                     1.3328908018470363e-04
78                                     9.3849098052706400e-04
79                                     1.9748804249167208e-03
80                                    -1.1345134545058808e-03
81                                    -9.1991539398199535e-04
82                                    -2.8209409951609560e-04
83                                     1.9834645162755481e-04
   &Method [&Type "String"] "SCF"
   &Level [&Type "String"] "Relaxed density"
   &Mult [&Type "Integer"] 1
   &State [&Type "Integer"] 0
   &Irrep [&Type "Integer"] 0
$End
$Geometry
   &GeometryIndex 4
   &NAtoms [&Type "Integer"] 28
   &NCorelessECP [&Type "Integer"] 0
   &NGhostAtoms [&Type "Integer"] 0
   &CartesianCoordinates [&Type "Coordinates", &Dim(28,4), &Units "Bohr"] 
              C     -2.568336509505    3.915288014114    2.105854080216
              C     -2.592565244328    2.269684511699   -0.253375280007
              N     -0.722533203335    0.230484941674   -0.110676710619
              C     -0.939743331799   -1.502586130939    2.046687090929
              C     -3.471281820493   -2.874245434563    2.167002006527
              C      0.286784950148   -0.632209097781   -2.366961497708
              C     -1.184040587012   -0.180236432699   -4.757309975667
              N      2.439229184647   -1.779032491040   -2.574204629530
              P      4.703949327314   -2.203833239642   -0.440447989899
              C      5.821901500026    0.811248203104    0.603260909027
              O      4.428098001189   -4.174645997600    1.553636843389
              F      6.952032248521   -2.994928261458   -2.325819857469
              H     -0.643060619573    4.599027238778    2.504123658809
              H     -3.262826033641    2.905327478757    3.785434531925
              H     -3.800891020912    5.563553463886    1.814893925789
              H     -2.111308993972    3.442774501997   -1.893948678314
              H     -4.527316524170    1.543631261796   -0.583146057720
              H      0.625148404459   -2.849708555464    1.912001755548
              H     -0.612933958769   -0.432200426034    3.803126472633
              H     -5.070289525429   -1.583453710339    2.489269673323
              H     -3.439971016500   -4.234393775592    3.740044529919
              H     -3.831324434596   -3.935733342408    0.411287501627
              H     -0.739668386457    1.696450916050   -5.543101950706
              H     -3.230896228482   -0.269520011498   -4.434300848893
              H     -0.604237969712   -1.592091341156   -6.159023674602
              H      7.587738056094    0.560197178910    1.666171379285
              H      6.144719161683    2.081133406919   -1.005827806076
              H      4.363624631296    1.620017054940    1.845350579364
$End
$SCF_Energy
   &GeometryIndex 4
   &Method [&Type "String"] "SCF"
   &totalEnergy [&Type "ArrayOfDoubles", &Dim (1,1)] "Total energy of each state"
                                                         0

0                                     -9.0171106514911844e+02
   &Mult [&Type "ArrayOfIntegers", &Dim (1,1)] "Multiplicity of each state"
                                                         0

0                                                        1
$End
$DFT_Energy
   &GeometryIndex 4
   &nAlphaEl [&Type "Integer"] 52
   &nBetaEl [&Type "Integer"] 52
   &nTotalEl [&Type "Integer"] 104
   &finalEn [&Type "Double"]      -9.0171106514911844e+02  "No Van der Waals correction"
   &eExchange [&Type "Double"]       0.0000000000000000e+00
   &eCorr [&Type "Double"]       0.0000000000000000e+00
   &eXC [&Type "Double"]      -7.0032190621292301e+01
   &eCNL [&Type "Double"]       0.0000000000000000e+00
$End
$Solvation_Details
   &GeometryIndex 4
   &Solvent [&Type "String"] "WATER"
   &Epsilon [&Type "Double"]       8.0150999999999996e+01
   &Refrac [&Type "Double"]       1.3328000000000000e+00
   &RSolv [&Type "Double"]       1.3000000000000000e+00
   &SurfaceType [&Type "String"] "GAUSSIAN VDW"
   &CPCMDielEnergy [&Type "Double"]      -2.4886391000000001e-02
   &NPoints [&Type "Integer"] 2352
   &SurfaceArea [&Type "Double"]       8.7276126274100000e+02
$End
$SCF_Timings
   &GeometryIndex 4
   &TOTAL [&Type "Double"]       4.8232794000000005e+01
   &PREP [&Type "Double"]       2.0800359999999998e+00
   &FOCK [&Type "Double"]       4.3507134000000001e+01
   &DENS [&Type "Double"]       7.5227999999999895e-01
   &ETOT [&Type "Double"]       4.2753499999999001e-01
   &POP [&Type "Double"]       9.9999999747524271e-07
   &TRAFO [&Type "Double"]       1.4563200000000087e-01
   &DIIS [&Type "Double"]       8.9575300000000269e-01
   &SOSCF [&Type "Double"]      -1.6845449999999973e+00
   &XC [&Type "Double"]       9.5770440000000061e+00
   &FOCKSTART [&Type "Double"]       2.7131499999999820e-01
   &SOLV [&Type "Double"]       6.6086479999999943e+00
   &SOLV_INIT [&Type "Double"]       5.2377800000000008e-01
   &INT_PREP [&Type "Double"]       4.9999999962579977e-06
   &INT_BF [&Type "Double"]       6.4734500000015061e-01
   &INT_DENS [&Type "Double"]       4.3474199999985430e-01
   &INT_DENSIO [&Type "Double"]       7.2502099955000114e+04
   &INT_FUNC [&Type "Double"]       1.6273699999997415e-01
   &INT_POT [&Type "Double"]       3.8685599999993681e-01
   &INT_POTIO [&Type "Double"]       7.3344599999993676e-01
   &INT_SUM [&Type "Double"]       7.9659999999970310e-03
   &SPLITRIJ [&Type "Double"]       2.2717070000000006e+00
   &COSX [&Type "Double"]       2.6122721999999996e+01
$End
$VdW_Correction
   &GeometryIndex 4
   &vdW [&Type "Double"]      -1.2450328326179967e-02
$End
$Single_Point_Data
   &GeometryIndex 4
   &FinalEnergy [&Type "Double"]      -9.0172351547744461e+02  "Final single point energy"
   &Converged [&Type "Boolean"] true
$End
$SCF_Nuc_Gradient
   &GeometryIndex 4
   &NAtoms [&Type "Integer"] 28
   &gradNorm [&Type "Double"]       2.9139782622399166e-02
   &grad [&Type "ArrayOfDoubles", &Dim (84,1)] 
                                                         0

0                                     -3.7184887952913158e-04
1                                     -7.0915070648829741e-04
2                                      1.0159759619064981e-04
3                                      1.8313371357478398e-03
4                                     -3.7415692563695478e-04
5                                     -2.3747507663913459e-03
6                                      5.6371992764280470e-03
7                                      2.4690695010409825e-03
8                                      1.3819425764106554e-02
9                                     -4.4065227453727440e-03
10                                    -4.1232938726805416e-03
11                                    -1.9734263912399757e-03
12                                    -7.1815717187893098e-04
13                                     1.5708733583440226e-03
14                                     5.9239569833860039e-04
15                                    -4.1989575001986852e-04
16                                    -3.5610164548822956e-03
17                                    -1.2240691736277589e-02
18                                    -1.6874676160259651e-03
19                                    -3.3978301683384934e-03
20                                     2.2711646346856166e-03
21                                    -3.7197347213847268e-03
22                                     8.8832620570958986e-03
23                                    -7.4622220516861355e-03
24                                     1.5282823420265724e-03
25                                    -5.2888774623393890e-03
26                                     1.2163680841109645e-02
27                                     2.8238667463731586e-03
28                                    -1.2904471183648406e-03
29                                    -2.8448624598222281e-03
30                                    -1.2396920713099368e-04
31                                     1.5776588901815838e-03
32                                     5.3833711387840405e-04
33                                    -8.7526674195251438e-04
34                                     1.8244328691624093e-03
35                                     1.1924151186394414e-04
36                                     4.5568862747590911e-04
37                                    -4.6581163622643897e-05
38                                    -6.3693972009310824e-05
39                                    -3.3719126193429980e-05
40                                    -1.8813938268432856e-05
41                                     3.5226434589414517e-04
42                                    -2.2623116770604845e-04
43                                     2.6286806697920601e-04
44                                     2.5953701487953473e-06
45                                     1.4244125095460501e-04
46                                    -9.5057495864268524e-04
47                                    -8.3964596793199159e-04
48                                    -1.4958157003660002e-03
49                                     8.9914249932756705e-04
50                                     1.1874637576437272e-05
51                                     2.8132072957390134e-03
52                                     2.1739544295470300e-03
53                                    -2.0654668637857753e-03
54                                     1.5673276651275879e-04
55                                     2.6428870337299033e-04
56                                     4.9901309402033630e-04
57                                    -7.0748087532722620e-04
58                                    -2.3911550038674558e-04
59                                     1.8482736414084458e-04
60                                     6.6296959107321819e-05
61                                    -2.9742191545916477e-04
62                                     1.1827995698602983e-04
63                                    -1.3625564857905264e-04
64                                    -5.0607040904566665e-04
65                                    -3.8509146157695255e-04
66                                     1.2038035198756370e-04
67                                     1.0649952293270239e-04
68                                    -3.4233793151451099e-04
69                                    -6.4512490124768457e-05
70                                     9.9990831368904922e-04
71                                     6.1933305533562965e-04
72                                     1.4136630362803409e-04
73                                    -1.6401801079528241e-04
74                                    -3.7016169731691779e-04
75                                     6.2860331607020358e-04
76                                     3.5927388861332297e-04
77                                    -6.8118482310504554e-04
78                                     5.1320399013224274e-04
79                                     9.8764306875248598e-04
80                                     5.0822866419709750e-04
81                                    -1.8717284574362608e-03
82                                    -1.4115066829169100e-03
83                                    -2.5872351402189464e-04
   &Method [&Type "String"] "SCF"
   &Level [&Type "String"] "Relaxed density"
   &Mult [&Type "Integer"] 1
   &State [&Type "Integer"] 0
   &Irrep [&Type "Integer"] 0
$End
$Geometry
   &GeometryIndex 5
   &NAtoms [&Type "Integer"] 28
   &NCorelessECP [&Type "Integer"] 0
   &NGhostAtoms [&Type "Integer"] 0
   &CartesianCoordinates [&Type "Coordinates", &Dim(28,4), &Units "Bohr"] 
              C     -2.733742067778    3.946486978876    1.954909019757
              C     -2.764566325839    2.218749010521   -0.345038310380
              N     -0.775545149653    0.282379436444   -0.227628148921
              C     -0.734595238180   -1.287346723739    2.068271956443
              C     -3.149271175503   -2.802387552983    2.439211158247
              C      0.253059681748   -0.590787253459   -2.454305193535
              C     -1.081806225632    0.023514932268   -4.891570196880
              N      2.344297140761   -1.853882522622   -2.657629654475
              P      4.614634414216   -2.422160182312   -0.566323923519
              C      5.589344900646    0.493389275944    0.849379838290
              O      4.421545993325   -4.644218224439    1.148314245137
              F      6.912835796583   -2.858477968273   -2.524702841880
              H     -0.840169220563    4.756513740324    2.239564945960
              H     -3.291366926347    2.960251379199    3.695167869645
              H     -4.074627411827    5.505498320898    1.665597273908
              H     -2.432344747983    3.364730057445   -2.037169921473
              H     -4.659128275785    1.369024451431   -0.554742716047
              H      0.900881283931   -2.549188977623    1.959229338519
              H     -0.388244705997   -0.060903595395    3.711506482153
              H     -4.808007631583   -1.591013315142    2.742817392062
              H     -2.945974756752   -4.017801214187    4.112102994085
              H     -3.522629114430   -4.023493421761    0.797562223846
              H     -0.557611498421    1.921821953973   -5.560485759699
              H     -3.143360224428   -0.036425270938   -4.694236521765
              H     -0.446263355062   -1.326507224523   -6.327266472407
              H      7.340861713424    0.175144382228    1.912922495170
              H      5.883901546759    1.940168145519   -0.603536585600
              H      4.087891637061    1.106921306735    2.148078994462
$End
$SCF_Energy
   &GeometryIndex 5
   &Method [&Type "String"] "SCF"
   &totalEnergy [&Type "ArrayOfDoubles", &Dim (1,1)] "Total energy of each state"
                                                         0

0                                     -9.0171397752573921e+02
   &Mult [&Type "ArrayOfIntegers", &Dim (1,1)] "Multiplicity of each state"
                                                         0

0                                                        1
$End
$DFT_Energy
   &GeometryIndex 5
   &nAlphaEl [&Type "Integer"] 52
   &nBetaEl [&Type "Integer"] 52
   &nTotalEl [&Type "Integer"] 104
   &finalEn [&Type "Double"]      -9.0171397752573921e+02  "No Van der Waals correction"
   &eExchange [&Type "Double"]       0.0000000000000000e+00
   &eCorr [&Type "Double"]       0.0000000000000000e+00
   &eXC [&Type "Double"]      -7.0037846279878892e+01
   &eCNL [&Type "Double"]       0.0000000000000000e+00
$End
$Solvation_Details
   &GeometryIndex 5
   &Solvent [&Type "String"] "WATER"
   &Epsilon [&Type "Double"]       8.0150999999999996e+01
   &Refrac [&Type "Double"]       1.3328000000000000e+00
   &RSolv [&Type "Double"]       1.3000000000000000e+00
   &SurfaceType [&Type "String"] "GAUSSIAN VDW"
   &CPCMDielEnergy [&Type "Double"]      -2.6902294000000000e-02
   &NPoints [&Type "Integer"] 2324
   &SurfaceArea [&Type "Double"]       8.6266308865600001e+02
$End
$SCF_Timings
   &GeometryIndex 5
   &TOTAL [&Type "Double"]       4.9129936999999998e+01
   &PREP [&Type "Double"]       2.0785989999999996e+00
   &FOCK [&Type "Double"]       4.4276963000000009e+01
   &DENS [&Type "Double"]       9.5294399999999513e-01
   &ETOT [&Type "Double"]       4.5520000000000049e-01
   &POP [&Type "Double"]       9.9999999747524271e-07
   &TRAFO [&Type "Double"]       1.8191700000000033e-01
   &DIIS [&Type "Double"]       9.4797500000000046e-01
   &SOSCF [&Type "Double"]       9.7769999999999513e-01
   &XC [&Type "Double"]       1.0431991999999994e+01
   &FOCKSTART [&Type "Double"]       2.8136499999999209e-01
   &SOLV [&Type "Double"]       6.9126510000000136e+00
   &SOLV_INIT [&Type "Double"]       5.1671399999999990e-01
   &INT_PREP [&Type "Double"]       4.0000000041118255e-06
   &INT_BF [&Type "Double"]       7.0358000000009469e-01
   &INT_DENS [&Type "Double"]       4.8429400000009259e-01
   &INT_DENSIO [&Type "Double"]       8.2625781401000102e+04
   &INT_FUNC [&Type "Double"]       1.7866299999980484e-01
   &INT_POT [&Type "Double"]       4.1955799999996124e-01
   &INT_POTIO [&Type "Double"]       8.1319400000020625e-01
   &INT_SUM [&Type "Double"]       1.7270000000015884e-03
   &SPLITRIJ [&Type "Double"]       2.3917210000000124e+00
   &COSX [&Type "Double"]       2.5014023999999996e+01
$End
$VdW_Correction
   &GeometryIndex 5
   &vdW [&Type "Double"]      -1.2424211167886546e-02
$End
$Single_Point_Data
   &GeometryIndex 5
   &FinalEnergy [&Type "Double"]      -9.0172640173690706e+02  "Final single point energy"
   &Converged [&Type "Boolean"] true
$End
$SCF_Nuc_Gradient
   &GeometryIndex 5
   &NAtoms [&Type "Integer"] 28
   &gradNorm [&Type "Double"]       3.5305149911683605e-02
   &grad [&Type "ArrayOfDoubles", &Dim (84,1)] 
                                                         0

0                                     -6.3526254826604448e-04
1                                      5.8357477129360161e-05
2                                      4.8316425794744456e-04
3                                     -9.0480768762863653e-04
4                                     -7.2120763145816914e-04
5                                     -2.4925415151909464e-03
6                                      5.9640605763276039e-03
7                                      6.2229720098443296e-03
8                                      1.1484080859316450e-02
9                                     -4.2220482153625177e-03
10                                    -6.9594803537088310e-03
11                                     1.6905024495092980e-03
12                                    -8.6825275050503661e-04
13                                     2.1379353150658420e-03
14                                     1.2011913261207655e-04
15                                     9.1882179221455628e-05
16                                    -6.9580275192028919e-03
17                                    -1.0699745065477804e-02
18                                    -3.3507153394344468e-04
19                                    -1.6465397093350955e-03
20                                     1.0916101040430184e-03
21                                    -7.3620039173913493e-03
22                                     9.6371763453102395e-03
23                                    -1.0805463210008481e-02
24                                     2.1207054142525759e-03
25                                    -8.8655981986106060e-03
26                                     1.8881365519260493e-02
27                                     2.8415588956733429e-03
28                                     1.5539867565732199e-03
29                                    -3.4962083504671265e-03
30                                     1.0163329403667284e-04
31                                     3.0380831009667974e-03
32                                    -1.2093561434918184e-03
33                                     1.0539856347779046e-03
34                                     1.5759525683173125e-03
35                                    -2.2111977675105849e-03
36                                    -2.8628346978804042e-04
37                                    -4.2983921907935037e-04
38                                    -1.5910271214893341e-04
39                                     3.2361306935406215e-04
40                                     9.7077383126641976e-05
41                                    -4.3937626374111505e-04
42                                     2.1179264093852348e-04
43                                    -1.6951843198910748e-04
44                                     2.9734480152070723e-04
45                                    -1.5290180121959541e-04
46                                    -7.4076060162179993e-04
47                                    -3.6398897626632498e-04
48                                    -3.9610264068863497e-04
49                                     1.7427493091845623e-03
50                                     5.6592513875740129e-04
51                                     3.4692715144269901e-03
52                                     2.8465010198175209e-03
53                                    -1.9364779838137139e-03
54                                     9.4412466095686017e-07
55                                    -2.6126938454330752e-04
56                                    -1.2830864808799651e-04
57                                     3.9762032326836374e-04
58                                    -7.7243125260950934e-04
59                                    -1.3160308983690795e-05
60                                     1.9269304693357760e-04
61                                     1.8536908981056855e-04
62                                    -2.6238096811531387e-04
63                                     4.6438224407535311e-05
64                                     9.2535124682218916e-05
65                                     3.0272462930007980e-04
66                                    -3.5686972995626584e-04
67                                    -1.0046839570479736e-03
68                                    -9.6699996494200690e-04
69                                     8.1588551133831427e-04
70                                     1.1741572179913050e-03
71                                     7.6336587030914496e-04
72                                     5.9149654798959083e-04
73                                     3.8406410727834977e-04
74                                    -2.7829646733333981e-04
75                                    -4.5289080055024552e-04
76                                    -2.3364508647312515e-04
77                                    -8.5632134895127169e-04
78                                    -1.8588872592018114e-04
79                                    -2.2839212497506803e-04
80                                     1.1893841695559632e-03
81                                    -2.0651970923927167e-03
82                                    -1.7555234794363918e-03
83                                    -5.5066123714157204e-04
   &Method [&Type "String"] "SCF"
   &Level [&Type "String"] "Relaxed density"
   &Mult [&Type "Integer"] 1
   &State [&Type "Integer"] 0
   &Irrep [&Type "Integer"] 0
$End
$Geometry
   &GeometryIndex 6
   &NAtoms [&Type "Integer"] 28
   &NCorelessECP [&Type "Integer"] 0
   &NGhostAtoms [&Type "Integer"] 0
   &CartesianCoordinates [&Type "Coordinates", &Dim(28,4), &Units "Bohr"] 
              C     -2.990126712305    3.892068276606    1.896752489480
              C     -2.945849190741    2.142683088673   -0.387210562219
              N     -0.875722014732    0.284663290597   -0.274932372781
              C     -0.694116108892   -1.136368378588    2.110889637845
              C     -3.034669578934   -2.715121754597    2.627872180938
              C      0.253716807585   -0.533668457936   -2.441544404268
              C     -0.925302949137    0.213576246618   -4.930177200906
              N      2.290633972943   -1.896753663048   -2.637846269888
              P      4.601954718191   -2.546412184488   -0.650536623154
              C      5.692229969914    0.297900534981    0.842914979960
              O      4.394418791931   -4.824054983907    0.988763158770
              F      6.837732528192   -2.993340012628   -2.685677672229
              H     -1.139880659431    4.796716721286    2.170488622279
              H     -3.501924349831    2.901025699618    3.646375328982
              H     -4.403381015695    5.380526567649    1.590483699549
              H     -2.680472169671    3.301233983070   -2.079283850784
              H     -4.787635935476    1.191375306313   -0.582382467078
              H      0.957114758771   -2.378897950288    2.066972833411
              H     -0.355757446801    0.199269389435    3.664748115081
              H     -4.726199584539   -1.541535091178    2.881448470484
              H     -2.759802768077   -3.808279910326    4.371488563593
              H     -3.389902703746   -4.047855771633    1.074826121366
              H     -0.388098076249    2.155794111209   -5.439263297211
              H     -2.993675415972    0.103915300744   -4.901683304340
              H     -0.158604692167   -1.034906307632   -6.390935865956
              H      7.447993962570   -0.117678441371    1.863703366564
              H      6.013277942988    1.758583459208   -0.589353819490
              H      4.262047976004    0.955540856025    2.193100123107
$End
$SCF_Energy
   &GeometryIndex 6
   &Method [&Type "String"] "SCF"
   &totalEnergy [&Type "ArrayOfDoubles", &Dim (1,1)] "Total energy of each state"
                                                         0

0                                     -9.0171634565591046e+02
   &Mult [&Type "ArrayOfIntegers", &Dim (1,1)] "Multiplicity of each state"
                                                         0

0                                                        1
$End
$DFT_Energy
   &GeometryIndex 6
   &nAlphaEl [&Type "Integer"] 52
   &nBetaEl [&Type "Integer"] 52
   &nTotalEl [&Type "Integer"] 104
   &finalEn [&Type "Double"]      -9.0171634565591046e+02  "No Van der Waals correction"
   &eExchange [&Type "Double"]       0.0000000000000000e+00
   &eCorr [&Type "Double"]       0.0000000000000000e+00
   &eXC [&Type "Double"]      -7.0043851866975842e+01
   &eCNL [&Type "Double"]       0.0000000000000000e+00
$End
$Solvation_Details
   &GeometryIndex 6
   &Solvent [&Type "String"] "WATER"
   &Epsilon [&Type "Double"]       8.0150999999999996e+01
   &Refrac [&Type "Double"]       1.3328000000000000e+00
   &RSolv [&Type "Double"]       1.3000000000000000e+00
   &SurfaceType [&Type "String"] "GAUSSIAN VDW"
   &CPCMDielEnergy [&Type "Double"]      -2.8772434999999999e-02
   &NPoints [&Type "Integer"] 2333
   &SurfaceArea [&Type "Double"]       8.6318178063899995e+02
$End
$SCF_Timings
   &GeometryIndex 6
   &TOTAL [&Type "Double"]       4.5764958000000000e+01
   &PREP [&Type "Double"]       2.0351659999999998e+00
   &FOCK [&Type "Double"]       3.8614252999999991e+01
   &DENS [&Type "Double"]       7.8365700000001226e-01
   &ETOT [&Type "Double"]       4.1498600000000607e-01
   &POP [&Type "Double"]       9.9999999747524271e-07
   &TRAFO [&Type "Double"]       1.3956200000000329e-01
   &DIIS [&Type "Double"]       8.8618499999999578e-01
   &SOSCF [&Type "Double"]       8.1825599999999721e-01
   &XC [&Type "Double"]       9.4853860000000019e+00
   &FOCKSTART [&Type "Double"]       2.7009199999999867e-01
   &SOLV [&Type "Double"]       3.8574619999999982e+00
   &SOLV_INIT [&Type "Double"]       4.7858900000000015e-01
   &SOLV_FINAL [&Type "Double"]       1.0000000045806701e-06
   &INT_PREP [&Type "Double"]       1.9999999985031991e-06
   &INT_BF [&Type "Double"]       6.5278600000007447e-01
   &INT_DENS [&Type "Double"]       4.3911499999975501e-01
   &INT_DENSIO [&Type "Double"]       6.6447641075000094e+04
   &INT_FUNC [&Type "Double"]       1.6395800000005112e-01
   &INT_POT [&Type "Double"]       3.8889199999999935e-01
   &INT_POTIO [&Type "Double"]       7.4463199999989360e-01
   &INT_SUM [&Type "Double"]       1.7119999999817281e-03
   &SPLITRIJ [&Type "Double"]       2.2470089999999985e+00
   &COSX [&Type "Double"]       2.4010495000000006e+01
$End
$VdW_Correction
   &GeometryIndex 6
   &vdW [&Type "Double"]      -1.2235541817090113e-02
$End
$Single_Point_Data
   &GeometryIndex 6
   &FinalEnergy [&Type "Double"]      -9.0172858119772752e+02  "Final single point energy"
   &Converged [&Type "Boolean"] true
$End
$SCF_Nuc_Gradient
   &GeometryIndex 6
   &NAtoms [&Type "Integer"] 28
   &gradNorm [&Type "Double"]       2.6547435491673897e-02
   &grad [&Type "ArrayOfDoubles", &Dim (84,1)] 
                                                         0

0                                     -5.1876263960029382e-04
1                                      6.8251142420175165e-04
2                                      5.4991971987398947e-04
3                                     -2.8153069129461753e-03
4                                     -1.5281999383252168e-03
5                                     -1.1392596662988827e-03
6                                      1.8830892693046364e-03
7                                      5.7721700740830826e-03
8                                      2.9273211052620921e-03
9                                     -3.3954856467464465e-03
10                                    -3.9927463510810194e-03
11                                     2.8342954532547611e-03
12                                     6.7719621872570121e-04
13                                     8.5775488500647160e-04
14                                    -8.3909551191272335e-04
15                                     2.6883582092493154e-03
16                                    -3.9105175509832110e-03
17                                    -1.1113987088826173e-03
18                                     1.9732411581704614e-04
19                                    -1.2877670693539579e-03
20                                     1.3805586103179563e-04
21                                    -7.4568048258373534e-03
22                                     3.5391977642075384e-03
23                                    -1.2464324329554207e-02
24                                     5.0863605301971820e-03
25                                    -5.4865286849487159e-03
26                                     1.5369363529104658e-02
27                                     1.2284625203790992e-03
28                                     2.8263184222991778e-03
29                                    -5.5264739368170699e-04
30                                    -6.5826424832028196e-04
31                                     2.8503393797379545e-03
32                                    -3.2636521565402653e-03
33                                     9.1019987556263768e-04
34                                     3.7603671616947995e-05
35                                    -3.4233581212850168e-03
36                                    -7.0730051032490289e-04
37                                    -5.2397227253933034e-04
38                                    -1.2437083667376570e-04
39                                     4.0546466663338214e-04
40                                     3.9877478517384149e-05
41                                    -9.3486713294972071e-04
42                                     4.8206113740937716e-04
43                                    -4.5065973150525498e-04
44                                     5.4902040048865331e-04
45                                    -2.7520695504620223e-04
46                                    -1.4690939199509656e-04
47                                     7.1199626910184997e-04
48                                     6.8075709665193910e-04
49                                     1.7615412073654039e-03
50                                     7.3589022501207853e-04
51                                     7.3052059928658153e-04
52                                     1.1720063128356044e-03
53                                     1.1330325339188819e-03
54                                    -3.1424145354118642e-04
55                                    -5.1431156890466127e-04
56                                    -3.2264186125956934e-04
57                                     1.5406741568440633e-03
58                                    -3.3710741432307423e-04
59                                    -2.5424539391215415e-04
60                                     1.0613794366440538e-05
61                                     3.9550517457940344e-04
62                                    -5.5799717281360497e-04
63                                     4.8746100018523056e-05
64                                     7.4343935155685322e-04
65                                     7.7291762492494689e-04
66                                     2.6296414363054001e-05
67                                    -1.5986203752497302e-03
68                                    -9.5655546191364968e-04
69                                     1.1071471198518903e-03
70                                     6.8517705851477292e-04
71                                     4.6015832028664796e-04
72                                     6.3322424388039412e-04
73                                     6.5195768954572032e-04
74                                    -3.4778247031087343e-05
75                                    -1.1675948764299693e-03
76                                    -4.2769912369931454e-04
77                                    -4.4650846323510390e-04
78                                    -8.3465544132130774e-04
79                                    -1.0157983867684268e-03
80                                     8.7484900666899936e-04
81                                    -1.9287246981137580e-04
82                                    -7.9456215837144894e-04
83                                    -6.3111960505587452e-04
   &Method [&Type "String"] "SCF"
   &Level [&Type "String"] "Relaxed density"
   &Mult [&Type "Integer"] 1
   &State [&Type "Integer"] 0
   &Irrep [&Type "Integer"] 0
$End
$Geometry
   &GeometryIndex 7
   &NAtoms [&Type "Integer"] 28
   &NCorelessECP [&Type "Integer"] 0
   &NGhostAtoms [&Type "Integer"] 0
   &CartesianCoordinates [&Type "Coordinates", &Dim(28,4), &Units "Bohr"] 
              C     -3.077937940311    3.846917941289    1.881337408175
              C     -3.018821154040    2.088619876755   -0.395954451974
              N     -0.959266834147    0.219903902104   -0.285263550179
              C     -0.735362898205   -1.159073130136    2.113959809004
              C     -3.084562063892   -2.708169611674    2.708489545727
              C      0.241782313478   -0.533378029490   -2.406482341199
              C     -0.835732363286    0.323452168340   -4.913698573784
              N      2.274991494170   -1.916736778548   -2.573683612185
              P      4.604365105650   -2.550495715472   -0.642336179885
              C      5.821638571908    0.303761276853    0.737315030820
              O      4.365188994841   -4.757964534972    1.093797418232
              F      6.790291041027   -3.158830181078   -2.685869682125
              H     -1.227657493761    4.748438215819    2.172337108367
              H     -3.618911863764    2.871025593547    3.631939416706
              H     -4.480845124901    5.340021044018    1.545329679080
              H     -2.745281957364    3.251677072150   -2.084609124778
              H     -4.852612804035    1.123564850867   -0.606101122715
              H      0.879455757130   -2.448307143527    2.055483064697
              H     -0.335142199286    0.192695740468    3.638318317569
              H     -4.762497225916   -1.513193602397    2.972815918994
              H     -2.786987614728   -3.773231548406    4.466371835721
              H     -3.481272094037   -4.065148071200    1.185257765739
              H     -0.335514011952    2.310684344856   -5.272978033697
              H     -2.899801921242    0.146682625895   -5.008892569243
              H      0.040311222202   -0.818432896675   -6.398966083544
              H      7.577918932584   -0.143747639809    1.747885243301
              H      6.185129108033    1.689345550005   -0.762056017133
              H      4.457135080536    1.089918604830    2.086253761412
$End
$SCF_Energy
   &GeometryIndex 7
   &Method [&Type "String"] "SCF"
   &totalEnergy [&Type "ArrayOfDoubles", &Dim (1,1)] "Total energy of each state"
                                                         0

0                                     -9.0171746505613316e+02
   &Mult [&Type "ArrayOfIntegers", &Dim (1,1)] "Multiplicity of each state"
                                                         0

0                                                        1
$End
$DFT_Energy
   &GeometryIndex 7
   &nAlphaEl [&Type "Integer"] 52
   &nBetaEl [&Type "Integer"] 52
   &nTotalEl [&Type "Integer"] 104
   &finalEn [&Type "Double"]      -9.0171746505613316e+02  "No Van der Waals correction"
   &eExchange [&Type "Double"]       0.0000000000000000e+00
   &eCorr [&Type "Double"]       0.0000000000000000e+00
   &eXC [&Type "Double"]      -7.0047017856972005e+01
   &eCNL [&Type "Double"]       0.0000000000000000e+00
$End
$Solvation_Details
   &GeometryIndex 7
   &Solvent [&Type "String"] "WATER"
   &Epsilon [&Type "Double"]       8.0150999999999996e+01
   &Refrac [&Type "Double"]       1.3328000000000000e+00
   &RSolv [&Type "Double"]       1.3000000000000000e+00
   &SurfaceType [&Type "String"] "GAUSSIAN VDW"
   &CPCMDielEnergy [&Type "Double"]      -2.9541603000000000e-02
   &NPoints [&Type "Integer"] 2349
   &SurfaceArea [&Type "Double"]       8.6919651876499995e+02
$End
$SCF_Timings
   &GeometryIndex 7
   &TOTAL [&Type "Double"]       4.7128973999999999e+01
   &PREP [&Type "Double"]       2.0468679999999999e+00
   &FOCK [&Type "Double"]       4.0012058999999986e+01
   &DENS [&Type "Double"]       7.4199000000000126e-01
   &ETOT [&Type "Double"]       4.3162200000000794e-01
   &POP [&Type "Double"]       9.9999999747524271e-07
   &TRAFO [&Type "Double"]       1.6856100000000040e-01
   &DIIS [&Type "Double"]       8.9454299999999964e-01
   &SOSCF [&Type "Double"]       8.5077400000001369e-01
   &XC [&Type "Double"]       9.5796410000000005e+00
   &FOCKSTART [&Type "Double"]       2.6479799999999276e-01
   &SOLV [&Type "Double"]       6.3009179999999940e+00
   &SOLV_INIT [&Type "Double"]       5.1838099999999998e-01
   &INT_PREP [&Type "Double"]       2.9999999968666202e-06
   &INT_BF [&Type "Double"]       6.5504700000004412e-01
   &INT_DENS [&Type "Double"]       4.3712500000007992e-01
   &INT_DENSIO [&Type "Double"]       7.0318978350000107e+04
   &INT_FUNC [&Type "Double"]       1.6221199999984393e-01
   &INT_POT [&Type "Double"]       3.8626399999998640e-01
   &INT_POTIO [&Type "Double"]       7.4602600000003516e-01
   &INT_SUM [&Type "Double"]       4.4930000000089620e-03
   &SPLITRIJ [&Type "Double"]       2.2521040000000001e+00
   &COSX [&Type "Double"]       2.2771788999999995e+01
$End
$VdW_Correction
   &GeometryIndex 7
   &vdW [&Type "Double"]      -1.2144720632468466e-02
$End
$Single_Point_Data
   &GeometryIndex 7
   &FinalEnergy [&Type "Double"]      -9.0172960977676564e+02  "Final single point energy"
   &Converged [&Type "Boolean"] true
$End
$SCF_Nuc_Gradient
   &GeometryIndex 7
   &NAtoms [&Type "Integer"] 28
   &gradNorm [&Type "Double"]       1.8393339773875302e-02
   &grad [&Type "ArrayOfDoubles", &Dim (84,1)] 
                                                         0

0                                     -5.4342591587950217e-04
1                                      1.1564274612668828e-03
2                                     -3.6962569744466154e-05
3                                     -1.6313332655572593e-03
4                                     -1.3977685867366636e-03
5                                      2.4914033904265231e-04
6                                      1.9348482064589082e-03
7                                      3.1012807176072242e-03
8                                     -3.8956248694736011e-03
9                                     -1.7126669648613883e-03
10                                    -7.5186784413945227e-04
11                                     4.5259663879998853e-04
12                                     1.2336451846474356e-03
13                                    -9.9150054503537250e-04
14                                    -6.2261673532264760e-04
15                                     1.1033624938674270e-05
16                                    -3.3378797705387138e-03
17                                     7.3700855526936306e-03
18                                    -3.0623825234516030e-04
19                                    -1.3520725460972056e-05
20                                    -4.9060951871304705e-04
21                                    -4.2667290744429097e-03
22                                    -3.1345536781163789e-04
23                                    -8.6192846978844148e-03
24                                     5.1575156103001738e-03
25                                    -7.2904582553732090e-04
26                                     8.1051383149413677e-03
27                                    -3.3412362789011368e-05
28                                     1.8633600245030297e-03
29                                     1.4000322586343356e-03
30                                    -1.7132045859897041e-03
31                                     2.2856808336344219e-03
32                                    -3.1657030845954484e-03
33                                     6.8270157894168763e-05
34                                    -8.2317388877197666e-04
35                                    -2.3010135446549698e-03
36                                    -3.9011338812701917e-04
37                                    -2.7380916046419116e-04
38                                     3.6575105639216241e-05
39                                     5.5832814910467506e-05
40                                    -5.8235013714392822e-05
41                                    -6.4435335664289758e-04
42                                     2.5836031047103756e-04
43                                    -1.9957148378821560e-04
44                                     4.3277579267594283e-04
45                                     2.2568996973415480e-05
46                                     6.4122421441269270e-04
47                                     4.0003211924102632e-04
48                                     6.8746939879885973e-04
49                                     6.6312030680662699e-04
50                                     4.0472366484177208e-04
51                                    -6.3793079518310273e-04
52                                    -3.9304444095566938e-04
53                                     2.2769448905107918e-03
54                                     1.2631094902013876e-04
55                                    -6.4484069571110010e-04
56                                    -6.7945050629593243e-04
57                                     1.0382628172602396e-03
58                                     3.7222465874000720e-04
59                                    -2.5843252311744298e-04
60                                    -1.5566057961371438e-04
61                                     1.7959991332825210e-04
62                                    -3.2930859745997239e-04
63                                    -8.0857371508420153e-05
64                                     4.0485700025391549e-04
65                                     4.7204632395473050e-04
66                                     2.8168398339414570e-04
67                                    -5.5852433582777284e-04
68                                    -6.3660028198631762e-04
69                                     5.4601413155293732e-04
70                                     2.6493377457040984e-04
71                                    -3.7514765284481680e-05
72                                     1.7960951233014007e-04
73                                     3.6090493598571195e-04
74                                     3.1550902399428405e-04
75                                    -6.9443755227813664e-04
76                                    -2.1926435775810476e-04
77                                     1.7416013967611288e-04
78                                    -7.5029872934514541e-04
79                                    -7.7027615386214793e-04
80                                    -9.9016988294386055e-05
81                                     1.3148832225238502e-03
82                                     1.8216423679942381e-04
83                                    -2.7326811924812582e-04
   &Method [&Type "String"] "SCF"
   &Level [&Type "String"] "Relaxed density"
   &Mult [&Type "Integer"] 1
   &State [&Type "Integer"] 0
   &Irrep [&Type "Integer"] 0
$End
$Geometry
   &GeometryIndex 8
   &NAtoms [&Type "Integer"] 28
   &NCorelessECP [&Type "Integer"] 0
   &NGhostAtoms [&Type "Integer"] 0
   &CartesianCoordinates [&Type "Coordinates", &Dim(28,4), &Units "Bohr"] 
              C     -3.099748075353    3.840661362487    1.812159594053
              C     -3.083617987192    2.034225460998   -0.427351780552
              N     -1.020933922971    0.174558812920   -0.329220876065
              C     -0.704009366945   -1.132476140436    2.088915663255
              C     -3.031346602941   -2.671415515109    2.818492139365
              C      0.229091340308   -0.513511613785   -2.428559565366
              C     -0.802389919850    0.408567551796   -4.934238826830
              N      2.260605240554   -1.913942762956   -2.572830488304
              P      4.588144259142   -2.589650085689   -0.685037692009
              C      5.775125927081    0.220271367869    0.805488601717
              O      4.392737219747   -4.860875164181    0.981905761911
              F      6.802067290261   -3.092831972292   -2.723663514466
              H     -1.246461802203    4.758038783606    2.042544729966
              H     -3.605140091600    2.910245886455    3.600296685706
              H     -4.514334942649    5.321696594739    1.461759306609
              H     -2.851543244113    3.163121146076   -2.144871789814
              H     -4.913611181996    1.045091670790   -0.583176126295
              H      0.898471619456   -2.434719291036    1.985721812856
              H     -0.235590505780    0.257285586723    3.562516183116
              H     -4.710284308061   -1.480080052359    3.116734791099
              H     -2.660252691185   -3.689550049284    4.591854848480
              H     -3.476775837139   -4.072605562960    1.346384989365
              H     -0.379508027960    2.433074511460   -5.178242751162
              H     -2.854974657220    0.147033430577   -5.112203129192
              H      0.167293342318   -0.630083588594   -6.437904209011
              H      7.529274290027   -0.251989817818    1.813553989321
              H      6.149247904574    1.660229410061   -0.643680287503
              H      4.398464788383    0.959629964351    2.172651920852
$End
$SCF_Energy
   &GeometryIndex 8
   &Method [&Type "String"] "SCF"
   &totalEnergy [&Type "ArrayOfDoubles", &Dim (1,1)] "Total energy of each state"
                                                         0

0                                     -9.0171798380883376e+02
   &Mult [&Type "ArrayOfIntegers", &Dim (1,1)] "Multiplicity of each state"
                                                         0

0                                                        1
$End
$DFT_Energy
   &GeometryIndex 8
   &nAlphaEl [&Type "Integer"] 52
   &nBetaEl [&Type "Integer"] 52
   &nTotalEl [&Type "Integer"] 104
   &finalEn [&Type "Double"]      -9.0171798380883376e+02  "No Van der Waals correction"
   &eExchange [&Type "Double"]       0.0000000000000000e+00
   &eCorr [&Type "Double"]       0.0000000000000000e+00
   &eXC [&Type "Double"]      -7.0047099312928722e+01
   &eCNL [&Type "Double"]       0.0000000000000000e+00
$End
$Solvation_Details
   &GeometryIndex 8
   &Solvent [&Type "String"] "WATER"
   &Epsilon [&Type "Double"]       8.0150999999999996e+01
   &Refrac [&Type "Double"]       1.3328000000000000e+00
   &RSolv [&Type "Double"]       1.3000000000000000e+00
   &SurfaceType [&Type "String"] "GAUSSIAN VDW"
   &CPCMDielEnergy [&Type "Double"]      -3.0633541000000000e-02
   &NPoints [&Type "Integer"] 2328
   &SurfaceArea [&Type "Double"]       8.6670877733500004e+02
$End
$SCF_Timings
   &GeometryIndex 8
   &TOTAL [&Type "Double"]       4.4349790999999996e+01
   &PREP [&Type "Double"]       2.0416129999999999e+00
   &FOCK [&Type "Double"]       3.7095035999999986e+01
   &DENS [&Type "Double"]       7.4484600000000256e-01
   &ETOT [&Type "Double"]       4.4408500000001094e-01
   &POP [&Type "Double"]       1.0000000045806701e-06
   &TRAFO [&Type "Double"]       1.4505499999999572e-01
   &DIIS [&Type "Double"]       9.1881300000000010e-01
   &SOSCF [&Type "Double"]       8.5687000000000424e-01
   &XC [&Type "Double"]       9.5706990000000047e+00
   &FOCKSTART [&Type "Double"]       2.6386699999999541e-01
   &SOLV [&Type "Double"]       3.8640189999999981e+00
   &SOLV_INIT [&Type "Double"]       5.1728300000000016e-01
   &INT_PREP [&Type "Double"]       6.0000000008386678e-06
   &INT_BF [&Type "Double"]       6.4518699999997597e-01
   &INT_DENS [&Type "Double"]       4.3470400000005238e-01
   &INT_DENSIO [&Type "Double"]       6.8341632589000117e+04
   &INT_FUNC [&Type "Double"]       1.6411600000009408e-01
   &INT_POT [&Type "Double"]       3.6490400000008805e-01
   &INT_POTIO [&Type "Double"]       7.4855499999979447e-01
   &INT_SUM [&Type "Double"]       4.7189999999925902e-03
   &SPLITRIJ [&Type "Double"]       2.1987310000000075e+00
   &COSX [&Type "Double"]       2.2464420999999998e+01
$End
$VdW_Correction
   &GeometryIndex 8
   &vdW [&Type "Double"]      -1.2125930550740495e-02
$End
$Single_Point_Data
   &GeometryIndex 8
   &FinalEnergy [&Type "Double"]      -9.0173010973938449e+02  "Final single point energy"
   &Converged [&Type "Boolean"] true
$End
$SCF_Nuc_Gradient
   &GeometryIndex 8
   &NAtoms [&Type "Integer"] 28
   &gradNorm [&Type "Double"]       1.4032915642918399e-02
   &grad [&Type "ArrayOfDoubles", &Dim (84,1)] 
                                                         0

0                                     -1.4944030546499410e-05
1                                      4.4458774466900498e-04
2                                     -4.2076003765013394e-04
3                                      1.9488251732695106e-04
4                                     -8.9550256041353053e-04
5                                      5.4651210444939605e-04
6                                      1.0949162415951222e-03
7                                      2.9909691284662045e-04
8                                     -5.7547671410896383e-03
9                                      5.5733160956705687e-04
10                                     1.5631047120329121e-03
11                                    -1.6119601442386065e-03
12                                     6.8594353445052252e-04
13                                    -1.4769316351088909e-03
14                                    -1.9523968830049759e-04
15                                    -2.6692238094264830e-03
16                                     6.1618696596486779e-04
17                                     9.5393059229229461e-03
18                                    -1.4775282144373332e-03
19                                     2.5767705876148840e-04
20                                    -2.7311734750050823e-05
21                                     4.1390875097649480e-04
22                                    -2.7935831902115393e-03
23                                    -4.5713820621176909e-03
24                                     2.5346419812031905e-03
25                                     9.6827688517853573e-04
26                                     2.1028171438989482e-03
27                                    -9.9461582504119760e-04
28                                    -1.4237282813484443e-05
29                                     1.0103909447887257e-03
30                                    -6.7294160349526454e-04
31                                     2.6341054605515151e-04
32                                    -9.3950132301309579e-04
33                                    -1.3372003920738502e-04
34                                    -2.6848851613238943e-04
35                                    -5.8529081099194626e-04
36                                     2.0895015918776598e-04
37                                     1.5032647125885025e-04
38                                     1.3147651977525620e-04
39                                    -2.4612105055893076e-04
40                                    -2.0387204692625082e-04
41                                     1.2408245126383939e-04
42                                    -1.1317217372466034e-04
43                                     8.2455293763192831e-05
44                                    -6.4829718421020968e-06
45                                     6.8249784444967729e-04
46                                     7.3357283117224544e-04
47                                    -2.2365907584408058e-04
48                                    -8.9532214249882453e-05
49                                    -4.4473488328240025e-04
50                                    -4.8306781364951658e-05
51                                    -1.6497116164282906e-05
52                                    -2.7463175687446220e-04
53                                     1.4416099091522972e-03
54                                     4.5653860829561731e-04
55                                     4.9882714893647584e-05
56                                    -3.2508172984441300e-04
57                                    -2.6383174404829792e-04
58                                     6.4019687051259950e-04
59                                    -2.2679852286895136e-05
60                                    -1.3543743235697298e-04
61                                    -1.1081249949337828e-04
62                                     1.4522644816922632e-04
63                                    -2.6348766195881255e-04
64                                    -2.9073518918861473e-04
65                                    -9.6408638010588835e-05
66                                     3.9283134753835081e-04
67                                     5.4997623483023824e-04
68                                     4.3490986609602303e-05
69                                    -3.9198807802243645e-04
70                                     1.0234025937047006e-04
71                                    -6.1643025222652683e-04
72                                     1.4550268828484060e-04
73                                    -3.0939086353670304e-05
74                                     2.2285615887476662e-04
75                                     6.1472952062805895e-05
76                                    -3.2302274682613697e-04
77                                     5.1122621573062438e-04
78                                    -3.4716796227385408e-04
79                                    -1.2285183273855324e-04
80                                    -8.8154132376276639e-04
81                                     4.0079083844317745e-04
82                                     5.2925162401919624e-04
83                                     5.0780876092668809e-04
   &Method [&Type "String"] "SCF"
   &Level [&Type "String"] "Relaxed density"
   &Mult [&Type "Integer"] 1
   &State [&Type "Integer"] 0
   &Irrep [&Type "Integer"] 0
$End
$Geometry
   &GeometryIndex 9
   &NAtoms [&Type "Integer"] 28
   &NCorelessECP [&Type "Integer"] 0
   &NGhostAtoms [&Type "Integer"] 0
   &CartesianCoordinates [&Type "Coordinates", &Dim(28,4), &Units "Bohr"] 
              C     -3.069179290111    3.830610829147    1.819928888514
              C     -3.103738762649    2.015957010621   -0.411718049350
              N     -1.057266852977    0.140505545496   -0.327825482606
              C     -0.749615591442   -1.189705679834    2.075370731789
              C     -3.109558024566   -2.673782947764    2.823755324563
              C      0.234653866389   -0.502014930483   -2.427871229298
              C     -0.778627385070    0.415794186276   -4.939349534903
              N      2.277089049821   -1.889417080899   -2.537660154738
              P      4.602804844148   -2.558061000949   -0.660304157479
              C      5.832564902096    0.266366562640    0.762397545733
              O      4.409994074642   -4.788665433044    1.066714050407
              F      6.809907089938   -3.122494903713   -2.686033722429
              H     -1.206411120941    4.738827971987    2.010450489664
              H     -3.547177078649    2.915360559993    3.624059925420
              H     -4.480357851903    5.319027371764    1.483947392000
              H     -2.888316443785    3.130440536354   -2.138803353671
              H     -4.943922895405    1.038940861583   -0.538299573240
              H      0.815652274619   -2.531254962147    1.921582143121
              H     -0.225380651411    0.173265399886    3.558118503309
              H     -4.758427837754   -1.450647532809    3.160168358019
              H     -2.736614947010   -3.721206200273    4.580203579942
              H     -3.606722365153   -4.048537538216    1.342646667871
              H     -0.416581834219    2.455121124275   -5.150945600678
              H     -2.820219193026    0.093694462934   -5.146674120426
              H      0.239446884387   -0.579046933267   -6.441738764015
              H      7.587335716874   -0.203110119784    1.771403560044
              H      6.222255003823    1.676895890835   -0.711997377653
              H      4.466414476027    1.047136873800    2.118473941196
$End
$SCF_Energy
   &GeometryIndex 9
   &Method [&Type "String"] "SCF"
   &totalEnergy [&Type "ArrayOfDoubles", &Dim (1,1)] "Total energy of each state"
                                                         0

0                                     -9.0171830684769668e+02
   &Mult [&Type "ArrayOfIntegers", &Dim (1,1)] "Multiplicity of each state"
                                                         0

0                                                        1
$End
$DFT_Energy
   &GeometryIndex 9
   &nAlphaEl [&Type "Integer"] 52
   &nBetaEl [&Type "Integer"] 52
   &nTotalEl [&Type "Integer"] 104
   &finalEn [&Type "Double"]      -9.0171830684769668e+02  "No Van der Waals correction"
   &eExchange [&Type "Double"]       0.0000000000000000e+00
   &eCorr [&Type "Double"]       0.0000000000000000e+00
   &eXC [&Type "Double"]      -7.0045369800959634e+01
   &eCNL [&Type "Double"]       0.0000000000000000e+00
$End
$Solvation_Details
   &GeometryIndex 9
   &Solvent [&Type "String"] "WATER"
   &Epsilon [&Type "Double"]       8.0150999999999996e+01
   &Refrac [&Type "Double"]       1.3328000000000000e+00
   &RSolv [&Type "Double"]       1.3000000000000000e+00
   &SurfaceType [&Type "String"] "GAUSSIAN VDW"
   &CPCMDielEnergy [&Type "Double"]      -3.0313713999999999e-02
   &NPoints [&Type "Integer"] 2342
   &SurfaceArea [&Type "Double"]       8.6886390947799998e+02
$End
$SCF_Timings
   &GeometryIndex 9
   &TOTAL [&Type "Double"]       4.0642952000000001e+01
   &PREP [&Type "Double"]       2.0882559999999999e+00
   &FOCK [&Type "Double"]       3.6246054000000001e+01
   &DENS [&Type "Double"]       6.9109699999999918e-01
   &ETOT [&Type "Double"]       4.1400799999999283e-01
   &POP [&Type "Double"]       9.9999999747524271e-07
   &TRAFO [&Type "Double"]       1.3807900000000028e-01
   &DIIS [&Type "Double"]       8.8946800000000081e-01
   &SOSCF [&Type "Double"]       6.8079699999999388e-01
   &XC [&Type "Double"]       8.7811939999999957e+00
   &FOCKSTART [&Type "Double"]       2.5231699999999480e-01
   &SOLV [&Type "Double"]       3.3493769999999952e+00
   &SOLV_INIT [&Type "Double"]       4.8002699999999987e-01
   &SOLV_FINAL [&Type "Double"]       9.9999999747524271e-07
   &INT_PREP [&Type "Double"]       7.0000000063075163e-06
   &INT_BF [&Type "Double"]       5.8136099999999225e-01
   &INT_DENS [&Type "Double"]       3.7865699999995872e-01
   &INT_DENSIO [&Type "Double"]       5.5237716258000102e+04
   &INT_FUNC [&Type "Double"]       1.5079100000000167e-01
   &INT_POT [&Type "Double"]       3.2385400000011888e-01
   &INT_POTIO [&Type "Double"]       6.7214500000000221e-01
   &INT_SUM [&Type "Double"]       1.6189999999980387e-03
   &SPLITRIJ [&Type "Double"]      -4.1698699999999533e-01
   &COSX [&Type "Double"]       2.3054494000000002e+01
$End
$VdW_Correction
   &GeometryIndex 9
   &vdW [&Type "Double"]      -1.2093990270543607e-02
$End
$Single_Point_Data
   &GeometryIndex 9
   &FinalEnergy [&Type "Double"]      -9.0173040083796718e+02  "Final single point energy"
   &Converged [&Type "Boolean"] true
$End
$SCF_Nuc_Gradient
   &GeometryIndex 9
   &NAtoms [&Type "Integer"] 28
   &gradNorm [&Type "Double"]       7.9032150746932584e-03
   &grad [&Type "ArrayOfDoubles", &Dim (84,1)] 
                                                         0

0                                      3.3495970177224661e-04
1                                     -4.6236243629691625e-04
2                                     -2.7511711843701808e-04
3                                      6.7271408797577113e-04
4                                      5.3777888381116557e-04
5                                      3.9292419723909594e-04
6                                     -4.6284948928350161e-04
7                                     -3.5145677462854955e-04
8                                     -3.0511499049947502e-04
9                                      6.6090867609177207e-04
10                                     1.4607178607870190e-03
11                                    -1.8531345943391536e-03
12                                    -7.5433913919650700e-05
13                                    -9.8792209675810047e-04
14                                     1.7147621151425622e-04
15                                    -1.0275085498883995e-03
16                                     2.4350208966296897e-03
17                                     3.2214379307968681e-03
18                                    -1.4182353237001683e-03
19                                    -5.3763103927222426e-04
20                                    -3.4432192785423135e-04
21                                     1.9038943866430021e-03
22                                    -3.3148895013161745e-03
23                                    -1.8388845425101571e-03
24                                     3.6656620632040800e-04
25                                     1.8304191339617421e-03
26                                    -1.6023746283656394e-03
27                                    -5.6817162753451981e-04
28                                    -9.9126568948970195e-04
29                                     4.6964608646620014e-04
30                                     1.1509066390484189e-05
31                                    -7.1308737587647453e-04
32                                     6.8749109487627625e-04
33                                    -4.3968681826789849e-04
34                                     3.7882932675878335e-04
35                                     9.1022186801879845e-04
36                                     2.9439996568399841e-04
37                                     2.7135288963630396e-04
38                                     7.4460222835789075e-05
39                                    -2.6537021662497454e-04
40                                    -6.6649042141934763e-05
41                                     4.6442994522240277e-04
42                                    -1.8907216392447754e-04
43                                     1.0590132962804312e-04
44                                    -2.9795605504558657e-04
45                                     6.4160593554376405e-04
46                                     3.3312460399698883e-04
47                                     2.4981468646338180e-04
48                                    -4.4134335197143092e-04
49                                    -7.9204571190292009e-04
50                                    -1.9738161322740139e-04
51                                    -2.5762998246553026e-04
52                                    -1.1908735833313346e-04
53                                     3.8221307893221857e-04
54                                     3.0798645449543391e-04
55                                     4.1030874290030861e-04
56                                     5.6388198555728333e-05
57                                    -6.3793778741723904e-04
58                                     3.3515606403222871e-04
59                                     3.9507849234195783e-05
60                                    -1.2509818178261891e-04
61                                    -1.9121127070985804e-04
62                                     2.9769869419122056e-04
63                                    -1.0116696376315606e-04
64                                    -3.4620107695194463e-04
65                                    -2.7843370522957680e-04
66                                     2.5785243065059904e-04
67                                     5.1698513428331230e-04
68                                     5.2727945981292902e-04
69                                    -3.2335168293600678e-04
70                                    -8.7451251441712747e-05
71                                    -7.5549836992502568e-04
72                                     1.2452946187298738e-04
73                                    -2.1009250160456606e-04
74                                    -1.6833769771480370e-04
75                                     4.0141336400024519e-04
76                                    -6.5920346023184097e-05
77                                     3.3221172064319763e-04
78                                     7.0419178788388070e-05
79                                     9.3830994459955601e-05
80                                    -7.7930769814802238e-04
81                                     2.8409720476818253e-04
82                                     5.2784751871597004e-04
83                                     4.1866169369593009e-04
   &Method [&Type "String"] "SCF"
   &Level [&Type "String"] "Relaxed density"
   &Mult [&Type "Integer"] 1
   &State [&Type "Integer"] 0
   &Irrep [&Type "Integer"] 0
$End
$Geometry
   &GeometryIndex 10
   &NAtoms [&Type "Integer"] 28
   &NCorelessECP [&Type "Integer"] 0
   &NGhostAtoms [&Type "Integer"] 0
   &CartesianCoordinates [&Type "Coordinates", &Dim(28,4), &Units "Bohr"] 
              C     -3.068452045223    3.831901434823    1.776959918560
              C     -3.152090859892    1.967355879541   -0.411941643865
              N     -1.087028307535    0.110086230222   -0.338943311415
              C     -0.752515042917   -1.216605558651    2.064416732930
              C     -3.120061737050   -2.653432449233    2.868363904136
              C      0.234727120556   -0.490053503654   -2.438691378776
              C     -0.742512350471    0.464472014063   -4.945699544982
              N      2.285560492701   -1.860152303303   -2.530636000054
              P      4.606789870355   -2.556778473360   -0.666827614439
              C      5.841607407009    0.251631290816    0.782162556941
              O      4.418695724099   -4.803327288511    1.041353616028
              F      6.816680199711   -3.102620821700   -2.695293893293
              H     -1.213014681613    4.766682515651    1.882447297438
              H     -3.470469106308    2.952555671041    3.615786837291
              H     -4.509198164865    5.294784237409    1.456968503329
              H     -3.001320258336    3.039931524031   -2.171016167520
              H     -4.985401753409    0.974206528703   -0.462172061562
              H      0.786105171773   -2.583586308706    1.869699256120
              H     -0.174986795805    0.138655214564    3.534206073920
              H     -4.736296675956   -1.403704733654    3.250653632526
              H     -2.720222346754   -3.712467043454    4.611065425393
              H     -3.678986953051   -4.013215264757    1.396943190551
              H     -0.392699751676    2.507565140674   -5.122797154324
              H     -2.779441704696    0.134154031536   -5.176001043711
              H      0.294563718233   -0.504161753376   -6.451415033565
              H      7.594915683842   -0.228739311746    1.785955585884
              H      6.234302452273    1.682324928729   -0.669638850406
              H      4.470750751700    1.012538096712    2.144091147968
$End
$SCF_Energy
   &GeometryIndex 10
   &Method [&Type "String"] "SCF"
   &totalEnergy [&Type "ArrayOfDoubles", &Dim (1,1)] "Total energy of each state"
                                                         0

0                                     -9.0171855403899406e+02
   &Mult [&Type "ArrayOfIntegers", &Dim (1,1)] "Multiplicity of each state"
                                                         0

0                                                        1
$End
$DFT_Energy
   &GeometryIndex 10
   &nAlphaEl [&Type "Integer"] 52
   &nBetaEl [&Type "Integer"] 52
   &nTotalEl [&Type "Integer"] 104
   &finalEn [&Type "Double"]      -9.0171855403899406e+02  "No Van der Waals correction"
   &eExchange [&Type "Double"]       0.0000000000000000e+00
   &eCorr [&Type "Double"]       0.0000000000000000e+00
   &eXC [&Type "Double"]      -7.0048369687968716e+01
   &eCNL [&Type "Double"]       0.0000000000000000e+00
$End
$Solvation_Details
   &GeometryIndex 10
   &Solvent [&Type "String"] "WATER"
   &Epsilon [&Type "Double"]       8.0150999999999996e+01
   &Refrac [&Type "Double"]       1.3328000000000000e+00
   &RSolv [&Type "Double"]       1.3000000000000000e+00
   &SurfaceType [&Type "String"] "GAUSSIAN VDW"
   &CPCMDielEnergy [&Type "Double"]      -3.0238377000000000e-02
   &NPoints [&Type "Integer"] 2333
   &SurfaceArea [&Type "Double"]       8.6708554755299997e+02
$End
$SCF_Timings
   &GeometryIndex 10
   &TOTAL [&Type "Double"]       4.5535423999999999e+01
   &PREP [&Type "Double"]      -4.1096599999999994e-01
   &FOCK [&Type "Double"]       3.8534533000000003e+01
   &DENS [&Type "Double"]       7.6652899999999846e-01
   &ETOT [&Type "Double"]       4.2592199999999902e-01
   &TRAFO [&Type "Double"]       1.3278800000000501e-01
   &DIIS [&Type "Double"]       8.8977299999999993e-01
   &SOSCF [&Type "Double"]       8.5459799999999930e-01
   &XC [&Type "Double"]       9.4267739999999876e+00
   &FOCKSTART [&Type "Double"]       2.6629800000000220e-01
   &SOLV [&Type "Double"]       6.2059960000000034e+00
   &SOLV_INIT [&Type "Double"]       5.0937699999999997e-01
   &INT_PREP [&Type "Double"]       7.0000000076397839e-06
   &INT_BF [&Type "Double"]       6.3582399999989514e-01
   &INT_DENS [&Type "Double"]       4.1774300000015030e-01
   &INT_DENSIO [&Type "Double"]       6.1823103025000106e+04
   &INT_FUNC [&Type "Double"]       1.6227200000009212e-01
   &INT_POT [&Type "Double"]       3.3674300000000379e-01
   &INT_POTIO [&Type "Double"]       7.5095299999988763e-01
   &INT_SUM [&Type "Double"]       1.3679999999922643e-03
   &SPLITRIJ [&Type "Double"]       2.2064770000000040e+00
   &COSX [&Type "Double"]       2.1505046000000007e+01
$End
$VdW_Correction
   &GeometryIndex 10
   &vdW [&Type "Double"]      -1.2068161204691133e-02
$End
$Single_Point_Data
   &GeometryIndex 10
   &FinalEnergy [&Type "Double"]      -9.0173062220019870e+02  "Final single point energy"
   &Converged [&Type "Boolean"] true
$End
$SCF_Nuc_Gradient
   &GeometryIndex 10
   &NAtoms [&Type "Integer"] 28
   &gradNorm [&Type "Double"]       5.7011313904101061e-03
   &grad [&Type "ArrayOfDoubles", &Dim (84,1)] 
                                                         0

0                                      2.8818914512657471e-04
1                                     -6.8812226723223796e-04
2                                      2.7785815750950936e-04
3                                     -6.6267818843083421e-05
4                                      8.3599699773643024e-04
5                                     -1.4736986943492361e-04
6                                     -2.2281058263694844e-04
7                                     -7.6935089489134259e-04
8                                      2.0072072113234856e-03
9                                      7.9976091497656711e-04
10                                     8.2616678896800489e-04
11                                    -5.4678515252068753e-04
12                                    -4.0187215205986053e-04
13                                    -1.4049251811869325e-04
14                                     1.9671859586283257e-04
15                                    -5.9665212263948920e-04
16                                     1.1716857415837404e-03
17                                    -1.2315195306258082e-03
18                                     3.0592542002972812e-05
19                                     3.3858915460848939e-05
20                                    -6.5207202984543468e-05
21                                     1.2159037580775590e-03
22                                    -2.0927973084703725e-03
23                                    -4.2226990041113722e-04
24                                    -8.6196202163313286e-04
25                                     1.7073405960941321e-03
26                                    -2.2584843251547888e-03
27                                    -6.3364655717245704e-05
28                                    -7.9450111513847078e-04
29                                     4.1475419372551800e-05
30                                     3.9860786098378745e-04
31                                    -1.0489489066267809e-03
32                                     1.1652177758748031e-03
33                                    -4.1024979535310500e-04
34                                     6.1495465765110580e-04
35                                     1.2017190935986815e-03
36                                     1.4609472449800373e-05
37                                     1.5349012929754909e-04
38                                    -2.9904323996318341e-05
39                                    -1.7631395673480300e-04
40                                     1.8934874047990920e-04
41                                     1.2292025866177721e-04
42                                    -8.3962273417424477e-05
43                                    -4.6982040985901107e-05
44                                    -3.3576360523501043e-04
45                                     4.3440456892948631e-04
46                                     2.3710247593186404e-04
47                                     3.0900091837550664e-04
48                                    -2.4000864496448267e-04
49                                    -3.2499655367884006e-04
50                                    -1.8078191016412875e-04
51                                    -1.2849171723682294e-04
52                                     1.0725856890180663e-04
53                                    -1.1098341064425598e-04
54                                    -4.5280173377728271e-06
55                                     7.5000842063114041e-06
56                                     5.2214126952096735e-05
57                                    -3.0650000693866240e-04
58                                    -1.1924804354608832e-04
59                                    -8.5305174817765608e-05
60                                    -7.3705088160690784e-05
61                                    -2.9094156434734242e-06
62                                     1.2715684700998281e-04
63                                     1.2873026561112624e-04
64                                    -1.8869499157637992e-05
65                                    -1.4609353453767148e-04
66                                    -3.2545653229723752e-05
67                                     4.0659754073368192e-05
68                                     3.4121098048371873e-04
69                                    -8.4073744601584092e-05
70                                    -6.0213148883593308e-05
71                                    -8.8572447604894249e-05
72                                    -2.9418936976104596e-05
73                                    -1.2316930423191195e-04
74                                    -1.1253434542809539e-04
75                                     1.4086730906271851e-04
76                                     9.8230866606480180e-05
77                                    -4.7662714706582537e-05
78                                     2.0303317885165851e-04
79                                    -3.8472698091854512e-05
80                                    -1.5728228369147273e-04
81                                     1.2802823738369303e-04
82                                     2.4547928662624070e-04
83                                     1.2382034442354366e-04
   &Method [&Type "String"] "SCF"
   &Level [&Type "String"] "Relaxed density"
   &Mult [&Type "Integer"] 1
   &State [&Type "Integer"] 0
   &Irrep [&Type "Integer"] 0
$End
$Geometry
   &GeometryIndex 11
   &NAtoms [&Type "Integer"] 28
   &NCorelessECP [&Type "Integer"] 0
   &NGhostAtoms [&Type "Integer"] 0
   &CartesianCoordinates [&Type "Coordinates", &Dim(28,4), &Units "Bohr"] 
              C     -3.067956868011    3.848926260948    1.654045128893
              C     -3.265732630557    1.854180780612   -0.410504425159
              N     -1.155245377076    0.047977236131   -0.364856863752
              C     -0.761737306655   -1.269680816776    2.038276821609
              C     -3.132423640046   -2.614246268770    2.965316585246
              C      0.238239330470   -0.445430735557   -2.448660982529
              C     -0.673348059943    0.577474221555   -4.947550574736
              N      2.307046299575   -1.778916113541   -2.510959885236
              P      4.622120821702   -2.554076595463   -0.688989797668
              C      5.867995337883    0.202961543444    0.847462631567
              O      4.434503075806   -4.851976021819    0.949918807391
              F      6.829289163755   -3.049138928784   -2.737229544487
              H     -1.243449933801    4.840197661407    1.544552508609
              H     -3.275504252198    3.067455751948    3.566440612190
              H     -4.578965944660    5.248625769498    1.382053140385
              H     -3.279625312555    2.812282993884   -2.239072340764
              H     -5.069049355629    0.823213901332   -0.264459459798
              H      0.719266691774   -2.687383512649    1.767596292010
              H     -0.074745381936    0.072645798161    3.473470725079
              H     -4.670673524172   -1.309089619528    3.455359856088
              H     -2.670195481187   -3.705966937679    4.670830486095
              H     -3.830489039550   -3.933504015923    1.518353378994
              H     -0.373945468217    2.631817285297   -5.049042876553
              H     -2.693380040179    0.205025383552   -5.242605871288
              H      0.425292657745   -0.318179972315   -6.453451510762
              H      7.620654785379   -0.312363368110    1.831983211328
              H      6.260751868308    1.691545134071   -0.541990485621
              H      4.491307640665    0.905623109487    2.233714413974
$End
$SCF_Energy
   &GeometryIndex 11
   &Method [&Type "String"] "SCF"
   &totalEnergy [&Type "ArrayOfDoubles", &Dim (1,1)] "Total energy of each state"
                                                         0

0                                     -9.0171890699078710e+02
   &Mult [&Type "ArrayOfIntegers", &Dim (1,1)] "Multiplicity of each state"
                                                         0

0                                                        1
$End
$DFT_Energy
   &GeometryIndex 11
   &nAlphaEl [&Type "Integer"] 51
   &nBetaEl [&Type "Integer"] 51
   &nTotalEl [&Type "Integer"] 103
   &finalEn [&Type "Double"]      -9.0171890699078710e+02  "No Van der Waals correction"
   &eExchange [&Type "Double"]       0.0000000000000000e+00
   &eCorr [&Type "Double"]       0.0000000000000000e+00
   &eXC [&Type "Double"]      -7.0053646615514410e+01
   &eCNL [&Type "Double"]       0.0000000000000000e+00
$End
$Solvation_Details
   &GeometryIndex 11
   &Solvent [&Type "String"] "WATER"
   &Epsilon [&Type "Double"]       8.0150999999999996e+01
   &Refrac [&Type "Double"]       1.3328000000000000e+00
   &RSolv [&Type "Double"]       1.3000000000000000e+00
   &SurfaceType [&Type "String"] "GAUSSIAN VDW"
   &CPCMDielEnergy [&Type "Double"]      -3.0232575000000001e-02
   &NPoints [&Type "Integer"] 2346
   &SurfaceArea [&Type "Double"]       8.6641341721100002e+02
$End
$SCF_Timings
   &GeometryIndex 11
   &TOTAL [&Type "Double"]       4.7153044999999999e+01
   &PREP [&Type "Double"]       2.0365259999999998e+00
   &FOCK [&Type "Double"]       3.9973734999999998e+01
   &DENS [&Type "Double"]       7.4807199999999341e-01
   &ETOT [&Type "Double"]       4.3249700000000857e-01
   &TRAFO [&Type "Double"]       1.6735899999999759e-01
   &DIIS [&Type "Double"]       8.8504200000000122e-01
   &SOSCF [&Type "Double"]       8.2216999999999274e-01
   &XC [&Type "Double"]       9.6190980000000046e+00
   &FOCKSTART [&Type "Double"]       2.7817100000000616e-01
   &SOLV [&Type "Double"]       6.3512189999999835e+00
   &SOLV_INIT [&Type "Double"]       5.0031800000000004e-01
   &INT_PREP [&Type "Double"]       3.9999999996709334e-06
   &INT_BF [&Type "Double"]       6.4655300000009941e-01
   &INT_DENS [&Type "Double"]       4.2887199999980830e-01
   &INT_DENSIO [&Type "Double"]       6.9928754517000110e+04
   &INT_FUNC [&Type "Double"]       1.6500900000004837e-01
   &INT_POT [&Type "Double"]       3.6548899999993179e-01
   &INT_POTIO [&Type "Double"]       7.4015200000006054e-01
   &INT_SUM [&Type "Double"]       6.5859999999897667e-03
   &SPLITRIJ [&Type "Double"]       2.2260439999999933e+00
   &COSX [&Type "Double"]       2.2739441999999986e+01
$End
$VdW_Correction
   &GeometryIndex 11
   &vdW [&Type "Double"]      -1.2014571552197994e-02
$End
$Single_Point_Data
   &GeometryIndex 11
   &FinalEnergy [&Type "Double"]      -9.0173092156233929e+02  "Final single point energy"
   &Converged [&Type "Boolean"] true
$End
$SCF_Nuc_Gradient
   &GeometryIndex 11
   &NAtoms [&Type "Integer"] 28
   &gradNorm [&Type "Double"]       9.1227861676642357e-03
   &grad [&Type "ArrayOfDoubles", &Dim (84,1)] 
                                                         0

0                                      1.4557311806679183e-04
1                                     -9.5541896671920770e-04
2                                      8.8951624707009585e-04
3                                     -1.2164079605458133e-03
4                                      4.3402196716548966e-04
5                                     -8.4661315594264407e-04
6                                      8.7258332836854602e-04
7                                     -1.3368260570227573e-03
8                                      3.1419403935047498e-03
9                                      5.0020118637203231e-04
10                                     2.5386332877505905e-05
11                                     1.4176303750608171e-03
12                                    -4.1947033382290640e-04
13                                     7.1393790510809003e-04
14                                     1.5666018579637306e-04
15                                     6.0288092538929923e-04
16                                     7.3559853507436845e-04
17                                    -5.3845104700314351e-03
18                                     1.8278586327309153e-03
19                                     2.5089854977403407e-04
20                                     4.9112723237957094e-04
21                                    -4.0598061063978127e-05
22                                    -7.2834599368146202e-04
23                                     1.7652982976181124e-03
24                                    -2.4700849933306421e-03
25                                     1.2211234459512570e-03
26                                    -2.8162259768233339e-03
27                                     2.5763578623939578e-04
28                                    -1.1825469289345023e-04
29                                    -4.8519767343593639e-04
30                                     8.6140894987549936e-04
31                                    -1.2080180692316681e-03
32                                     1.2988318570423547e-03
33                                    -2.5588276232586419e-04
34                                     5.2985961095971157e-04
35                                     1.0704707780409414e-03
36                                    -3.3813669379225753e-04
37                                    -2.5544415500431477e-05
38                                    -6.0854984913538121e-05
39                                     6.0825995288042081e-05
40                                     6.5540177808276153e-04
41                                    -2.9577532529639368e-04
42                                     5.7659126041738317e-05
43                                    -2.2296877534545246e-04
44                                    -2.9351209967569186e-04
45                                     5.7869051583179315e-05
46                                     2.1079656106163806e-04
47                                     4.7096909881464425e-04
48                                    -1.8412071767596802e-05
49                                     2.5780840018058062e-04
50                                    -9.2400617251813352e-05
51                                    -8.3660538212385624e-05
52                                     2.9049825148909304e-04
53                                    -7.7160396446778812e-04
54                                    -4.9177376185943040e-04
55                                    -3.5155713874413831e-04
56                                     1.1688414812239511e-04
57                                     1.1821946413683561e-04
58                                    -6.1448917120887538e-04
59                                    -3.2124358656871697e-04
60                                    -2.6228203832982120e-05
61                                     2.4704939701851946e-04
62                                    -8.3454576902452883e-05
63                                     3.7657790055653636e-04
64                                     4.8441485880787888e-04
65                                    -7.0372537484972365e-05
66                                    -3.2503046186706176e-04
67                                    -4.9719127742276403e-04
68                                    -1.6100356870112968e-05
69                                     1.6015467229787828e-04
70                                    -2.3297892543850634e-05
71                                     8.2135187281607029e-04
72                                    -2.6265790693012927e-04
73                                     2.2386479041545654e-05
74                                    -4.5431425959642388e-05
75                                    -1.9072747060778188e-04
76                                     2.1707226055816097e-04
77                                    -4.8153519908193556e-04
78                                     3.4620098050428357e-04
79                                    -1.1238046592568229e-04
80                                     7.0901117383759466e-04
81                                    -1.0657777903079626e-04
82                                    -1.0196151144773217e-04
83                                    -2.8485970723098454e-04
   &Method [&Type "String"] "SCF"
   &Level [&Type "String"] "Relaxed density"
   &Mult [&Type "Integer"] 1
   &State [&Type "Integer"] 0
   &Irrep [&Type "Integer"] 0
$End
$Geometry
   &GeometryIndex 12
   &NAtoms [&Type "Integer"] 28
   &NCorelessECP [&Type "Integer"] 0
   &NGhostAtoms [&Type "Integer"] 0
   &CartesianCoordinates [&Type "Coordinates", &Dim(28,4), &Units "Bohr"] 
              C     -3.047635614078    3.859752040048    1.547874609497
              C     -3.342357310873    1.771877436955   -0.411757150408
              N     -1.215137598556   -0.011382789109   -0.392110377669
              C     -0.776700113275   -1.324641410691    2.008560661267
              C     -3.142688170093   -2.589941171437    3.045961082467
              C      0.231488228242   -0.420176973466   -2.455490704950
              C     -0.634185427861    0.659533827764   -4.947545435170
              N      2.323919536560   -1.711792932332   -2.498158305466
              P      4.635316578198   -2.539810370612   -0.703697095904
              C      5.877438164090    0.176383789217    0.907894771295
              O      4.442787818814   -4.878875037251    0.873331699334
              F      6.843010978435   -2.989653574906   -2.765898169485
              H     -1.246519099192    4.863549387110    1.280482887221
              H     -3.117119264649    3.152828936596    3.499353864933
              H     -4.591814889483    5.230943536893    1.320905844372
              H     -3.475346893035    2.637146566832   -2.281110246712
              H     -5.120331866368    0.733794997609   -0.115395981185
              H      0.651393023131   -2.786370979206    1.685751210211
              H      0.006176118587    0.005778964825    3.406893807929
              H     -4.603556390247   -1.235038433952    3.627039183965
              H     -2.629120815459   -3.710236776325    4.717562122978
              H     -3.964038970526   -3.873153903112    1.631629032849
              H     -0.392405553454    2.723513039659   -4.980038673000
              H     -2.632531395090    0.238787048731   -5.314105419647
              H      0.531772700394   -0.158787524914   -6.446381069201
              H      7.631803817945   -0.360885961316    1.877436681679
              H      6.261786769905    1.710817644521   -0.432669245737
              H      4.494595694628    0.826040546279    2.313680395640
$End
$SCF_Energy
   &GeometryIndex 12
   &Method [&Type "String"] "SCF"
   &totalEnergy [&Type "ArrayOfDoubles", &Dim (1,1)] "Total energy of each state"
                                                         0

0                                     -9.0171914864425901e+02
   &Mult [&Type "ArrayOfIntegers", &Dim (1,1)] "Multiplicity of each state"
                                                         0

0                                                        1
$End
$DFT_Energy
   &GeometryIndex 12
   &nAlphaEl [&Type "Integer"] 51
   &nBetaEl [&Type "Integer"] 51
   &nTotalEl [&Type "Integer"] 103
   &finalEn [&Type "Double"]      -9.0171914864425901e+02  "No Van der Waals correction"
   &eExchange [&Type "Double"]       0.0000000000000000e+00
   &eCorr [&Type "Double"]       0.0000000000000000e+00
   &eXC [&Type "Double"]      -7.0055021202724731e+01
   &eCNL [&Type "Double"]       0.0000000000000000e+00
$End
$Solvation_Details
   &GeometryIndex 12
   &Solvent [&Type "String"] "WATER"
   &Epsilon [&Type "Double"]       8.0150999999999996e+01
   &Refrac [&Type "Double"]       1.3328000000000000e+00
   &RSolv [&Type "Double"]       1.3000000000000000e+00
   &SurfaceType [&Type "String"] "GAUSSIAN VDW"
   &CPCMDielEnergy [&Type "Double"]      -3.0224688999999999e-02
   &NPoints [&Type "Integer"] 2348
   &SurfaceArea [&Type "Double"]       8.6823018689599996e+02
$End
$SCF_Timings
   &GeometryIndex 12
   &TOTAL [&Type "Double"]       4.4335110999999998e+01
   &PREP [&Type "Double"]       2.0858770000000000e+00
   &FOCK [&Type "Double"]       3.7146689999999992e+01
   &DENS [&Type "Double"]       8.2352499999999651e-01
   &ETOT [&Type "Double"]       4.2727600000000088e-01
   &POP [&Type "Double"]       9.9999999747524271e-07
   &TRAFO [&Type "Double"]       1.3966700000000465e-01
   &DIIS [&Type "Double"]       8.8702499999999684e-01
   &SOSCF [&Type "Double"]       8.1823100000000082e-01
   &XC [&Type "Double"]       7.1025820000000017e+00
   &FOCKSTART [&Type "Double"]       2.5175999999999821e-01
   &SOLV [&Type "Double"]       6.4768839999999983e+00
   &SOLV_INIT [&Type "Double"]       5.1440200000000003e-01
   &INT_PREP [&Type "Double"]       7.0000000045311594e-06
   &INT_BF [&Type "Double"]      -1.8529519999999637e+00
   &INT_DENS [&Type "Double"]       4.2762800000010959e-01
   &INT_DENSIO [&Type "Double"]       6.8457741177000105e+04
   &INT_FUNC [&Type "Double"]       1.6394600000001791e-01
   &INT_POT [&Type "Double"]       3.5779300000013237e-01
   &INT_POTIO [&Type "Double"]       7.4508600000000591e-01
   &INT_SUM [&Type "Double"]       3.9389999999963621e-03
   &SPLITRIJ [&Type "Double"]       2.2043920000000030e+00
   &COSX [&Type "Double"]       2.2252162999999982e+01
$End
$VdW_Correction
   &GeometryIndex 12
   &vdW [&Type "Double"]      -1.1995057089025127e-02
$End
$Single_Point_Data
   &GeometryIndex 12
   &FinalEnergy [&Type "Double"]      -9.0173114370134806e+02  "Final single point energy"
   &Converged [&Type "Boolean"] true
$End
$SCF_Nuc_Gradient
   &GeometryIndex 12
   &NAtoms [&Type "Integer"] 28
   &gradNorm [&Type "Double"]       9.0676177381525114e-03
   &grad [&Type "ArrayOfDoubles", &Dim (84,1)] 
                                                         0

0                                      1.8805669914542908e-04
1                                     -7.1565320060421414e-04
2                                      8.6663383692215279e-04
3                                     -1.6619110695006904e-03
4                                     -3.4820476865321417e-04
5                                     -6.6391158888795489e-04
6                                      1.7410678252673178e-03
7                                     -6.9468720960324712e-04
8                                      2.0366257529666394e-03
9                                     -1.1625162789077659e-04
10                                    -3.0932040535951784e-04
11                                     2.0767449900040056e-03
12                                    -1.6169865414778316e-04
13                                     6.1576508014306308e-04
14                                     3.9444242549603104e-04
15                                     3.3918458123974196e-04
16                                    -1.2603110986129001e-04
17                                    -5.4457956723202115e-03
18                                     2.0742956261932295e-03
19                                     6.2849306708017902e-04
20                                     6.7199501294267828e-04
21                                    -3.9557588261961510e-04
22                                    -2.2706063498572672e-04
23                                     2.7903079012160572e-03
24                                    -2.5936566744775109e-03
25                                     7.5872293890389406e-04
26                                    -2.3339551505609348e-03
27                                     2.0072683550213823e-04
28                                     3.1174886715580944e-04
29                                    -5.2194022788474843e-04
30                                     8.3977429069986007e-04
31                                    -7.5314861842133642e-04
32                                     7.8222337854195719e-04
33                                     9.8654535649416791e-06
34                                     1.9077377243957781e-04
35                                     5.0752564342941911e-04
36                                    -3.4054328978491054e-04
37                                    -1.2915768909428941e-04
38                                    -8.4893574789731628e-05
39                                     7.0650584842139394e-05
40                                     5.3763206487419230e-04
41                                    -3.4138148268014453e-04
42                                     9.9027116492267126e-05
43                                    -1.8168745535416820e-04
44                                    -1.9030857950938415e-04
45                                     1.0763152971708447e-04
46                                     3.3490477314338538e-04
47                                     4.9125609597470055e-04
48                                     8.0622231072083114e-05
49                                     6.1086119939842635e-04
50                                    -1.8557920315891523e-04
51                                    -3.4772710779434562e-05
52                                     2.5075309199974440e-04
53                                    -8.4313543899806572e-04
54                                    -4.4508997688884832e-04
55                                    -2.5785756081655949e-04
56                                     2.1209742868261364e-05
57                                     2.5550708964181858e-04
58                                    -6.6708363930442424e-04
59                                    -3.7991414159181252e-04
60                                    -1.9026397507054031e-05
61                                     2.6716636382015813e-04
62                                    -1.4829550594193367e-04
63                                     3.2304772373329370e-04
64                                     5.2585940055754085e-04
65                                    -8.3391620194499952e-05
66                                    -3.2786827491764598e-04
67                                    -5.2626115558737901e-04
68                                    -3.6334065625861979e-04
69                                     3.2983318445996680e-04
70                                    -6.7478987231377885e-05
71                                     9.2222750053467758e-04
72                                    -3.5006243153417157e-04
73                                     3.9211041501453222e-05
74                                    -3.0351600585084087e-05
75                                    -2.4242614449108344e-04
76                                     1.7763917278069838e-04
77                                    -4.8024091953915624e-04
78                                     3.2914753258102346e-04
79                                    -4.8028840273010658e-05
80                                     8.9667398596240358e-04
81                                    -2.9955511190559727e-04
82                                    -1.9786966597262333e-04
83                                    -3.6143093113364928e-04
   &Method [&Type "String"] "SCF"
   &Level [&Type "String"] "Relaxed density"
   &Mult [&Type "Integer"] 1
   &State [&Type "Integer"] 0
   &Irrep [&Type "Integer"] 0
$End
$Geometry
   &GeometryIndex 13
   &NAtoms [&Type "Integer"] 28
   &NCorelessECP [&Type "Integer"] 0
   &NGhostAtoms [&Type "Integer"] 0
   &CartesianCoordinates [&Type "Coordinates", &Dim(28,4), &Units "Bohr"] 
              C     -3.062591000440    3.878395802765    1.268545062554
              C     -3.514893014246    1.584751337640   -0.415340567200
              N     -1.346998989356   -0.138058236480   -0.437551230906
              C     -0.821157768548   -1.429590598398    1.961008083513
              C     -3.157358457945   -2.536577912764    3.214506664477
              C      0.219488435141   -0.344873426804   -2.433342249259
              C     -0.554450153142    0.875538787118   -4.895719871823
              N      2.357403629006   -1.555265675234   -2.445736324949
              P      4.670677411071   -2.519253782954   -0.734098911939
              C      5.966039468134    0.085261560285    1.015508137527
              O      4.446761591526   -4.937822132780    0.707045541802
              F      6.849927385755   -2.900045663933   -2.850133295734
              H     -1.347105290819    4.890408069906    0.670485329501
              H     -2.841063064611    3.356333489986    3.268026866776
              H     -4.672333889647    5.184601129611    1.130788215472
              H     -3.909286171730    2.216245189422   -2.340808337754
              H     -5.200405784479    0.543636182376    0.205412361280
              H      0.501636585704   -2.972084946172    1.563329247657
              H      0.136193744038   -0.119056072278    3.270663528143
              H     -4.449080747546   -1.088332229662    3.952074195610
              H     -2.553588546724   -3.706158478895    4.820725718018
              H     -4.208138249194   -3.749831795959    1.892329495536
              H     -0.467689421137    2.947992136154   -4.756939562489
              H     -2.483205940208    0.345735906916   -5.449241754774
              H      0.774806655878    0.264903191181   -6.356842687979
              H      7.732199934739   -0.520521459248    1.922440076752
              H      6.329344809542    1.703678437157   -0.228830596441
              H      4.604866895929    0.639991115456    2.481696847729
$End
$SCF_Energy
   &GeometryIndex 13
   &Method [&Type "String"] "SCF"
   &totalEnergy [&Type "ArrayOfDoubles", &Dim (1,1)] "Total energy of each state"
                                                         0

0                                     -9.0171957254971858e+02
   &Mult [&Type "ArrayOfIntegers", &Dim (1,1)] "Multiplicity of each state"
                                                         0

0                                                        1
$End
$DFT_Energy
   &GeometryIndex 13
   &nAlphaEl [&Type "Integer"] 52
   &nBetaEl [&Type "Integer"] 52
   &nTotalEl [&Type "Integer"] 104
   &finalEn [&Type "Double"]      -9.0171957254971858e+02  "No Van der Waals correction"
   &eExchange [&Type "Double"]       0.0000000000000000e+00
   &eCorr [&Type "Double"]       0.0000000000000000e+00
   &eXC [&Type "Double"]      -7.0055120841643259e+01
   &eCNL [&Type "Double"]       0.0000000000000000e+00
$End
$Solvation_Details
   &GeometryIndex 13
   &Solvent [&Type "String"] "WATER"
   &Epsilon [&Type "Double"]       8.0150999999999996e+01
   &Refrac [&Type "Double"]       1.3328000000000000e+00
   &RSolv [&Type "Double"]       1.3000000000000000e+00
   &SurfaceType [&Type "String"] "GAUSSIAN VDW"
   &CPCMDielEnergy [&Type "Double"]      -3.0179375000000001e-02
   &NPoints [&Type "Integer"] 2363
   &SurfaceArea [&Type "Double"]       8.6916360351900005e+02
$End
$SCF_Timings
   &GeometryIndex 13
   &TOTAL [&Type "Double"]       4.5003543000000001e+01
   &PREP [&Type "Double"]       2.1891210000000001e+00
   &FOCK [&Type "Double"]       3.7833453000000020e+01
   &DENS [&Type "Double"]       7.5137699999999796e-01
   &ETOT [&Type "Double"]       4.2128699999999597e-01
   &POP [&Type "Double"]       9.9999999747524271e-07
   &TRAFO [&Type "Double"]       1.4042300000000552e-01
   &DIIS [&Type "Double"]       8.2155399999999901e-01
   &SOSCF [&Type "Double"]       8.2810299999999515e-01
   &XC [&Type "Double"]       4.5739819999999938e+00
   &FOCKSTART [&Type "Double"]       2.7146800000000493e-01
   &SOLV [&Type "Double"]       6.3486330000000084e+00
   &SOLV_INIT [&Type "Double"]       5.4462400000000000e-01
   &SOLV_FINAL [&Type "Double"]       9.9999999747524271e-07
   &INT_PREP [&Type "Double"]       5.9999999972859541e-06
   &INT_BF [&Type "Double"]       6.5000799999989844e-01
   &INT_DENS [&Type "Double"]      -2.0796019999999977e+00
   &INT_DENSIO [&Type "Double"]       6.5281006831000079e+04
   &INT_FUNC [&Type "Double"]       1.6316599999995685e-01
   &INT_POT [&Type "Double"]       3.9688300000001853e-01
   &INT_POTIO [&Type "Double"]       7.4263900000006577e-01
   &INT_SUM [&Type "Double"]       7.4480000000010094e-03
   &SPLITRIJ [&Type "Double"]       2.2814460000000079e+00
   &COSX [&Type "Double"]       2.5623684999999995e+01
$End
$VdW_Correction
   &GeometryIndex 13
   &vdW [&Type "Double"]      -1.1951155432864962e-02
$End
$Single_Point_Data
   &GeometryIndex 13
   &FinalEnergy [&Type "Double"]      -9.0173152370515140e+02  "Final single point energy"
   &Converged [&Type "Boolean"] true
$End
$SCF_Nuc_Gradient
   &GeometryIndex 13
   &NAtoms [&Type "Integer"] 28
   &gradNorm [&Type "Double"]       7.3963236473989138e-03
   &grad [&Type "ArrayOfDoubles", &Dim (84,1)] 
                                                         0

0                                     -1.1404653771054971e-04
1                                     -3.3648195835782643e-05
2                                      5.9250764814300924e-04
3                                     -1.3506955272110986e-03
4                                     -2.5540038049298055e-03
5                                      3.4458179603033334e-05
6                                      2.5419428785989108e-03
7                                      5.3832499508636342e-04
8                                     -2.4671693047519355e-03
9                                     -1.4512424455988440e-03
10                                    -2.4161808942537724e-04
11                                     2.3913500950841289e-03
12                                     1.8017074548223958e-05
13                                     9.0931777504722798e-04
14                                     1.8318768411414647e-05
15                                    -3.7907979169312576e-04
16                                     1.0826747761027595e-04
17                                    -1.6590396377975691e-03
18                                     1.2740996621053058e-03
19                                     4.4796601925443735e-04
20                                     3.2966177878223854e-04
21                                    -5.9561300182716585e-04
22                                    -1.2744024430079493e-03
23                                     2.5623772175009008e-03
24                                    -1.0988135085289910e-03
25                                    -3.0226097747204693e-04
26                                    -8.5215071589924218e-05
27                                     1.7571158894151369e-04
28                                     9.6222439599694153e-04
29                                    -2.6336300237386675e-04
30                                     4.8440792042943434e-04
31                                     7.0528608491720950e-04
32                                    -8.2297113822518643e-04
33                                     5.9523318978326617e-04
34                                    -3.6404051727466266e-04
35                                    -1.0130064300103254e-03
36                                    -5.4170046822918919e-05
37                                    -4.8021109307588112e-04
38                                     7.4878905736451481e-05
39                                     4.6744574339408808e-06
40                                     3.1763287436467819e-04
41                                    -2.1801731191538229e-04
42                                     2.0840245529517488e-04
43                                     3.6378456401141635e-05
44                                     1.6227499445316968e-05
45                                    -3.5405717851280037e-06
46                                     5.4356767327237319e-04
47                                     1.0794184329023101e-03
48                                     3.4714939092768467e-05
49                                     6.2018250116526743e-04
50                                     9.0030100140552674e-05
51                                    -3.9186506300480962e-04
52                                     2.9920741682782140e-04
53                                    -3.5554037795211476e-04
54                                    -3.5627362143015500e-04
55                                    -1.1987023538392950e-04
56                                     1.5899291540989052e-04
57                                     3.5116880482251057e-04
58                                    -2.7472314202283207e-04
59                                    -2.0383396228097978e-04
60                                     7.5665900392036077e-05
61                                     2.6416584969727518e-04
62                                    -2.3533027420481083e-04
63                                     1.9854106932679907e-04
64                                     2.7504975601325062e-04
65                                    -1.5649866878714213e-04
66                                     9.5085786771605929e-05
67                                    -3.0311731008084017e-04
68                                    -8.4640273900481026e-04
69                                     3.0038673532150489e-04
70                                    -6.4874845110925226e-05
71                                     6.2385583977792025e-04
72                                    -1.0664102202233599e-04
73                                     1.2575914237733220e-04
74                                     1.4756684968215966e-04
75                                    -2.4857660423340916e-04
76                                     5.8093869058893088e-05
77                                    -1.2959800629924029e-04
78                                     1.5375296000340181e-04
79                                     6.6709339226483073e-05
80                                     7.8136840631099500e-04
81                                    -3.6124761714300931e-04
82                                    -2.6536307313641838e-04
83                                    -4.4502674286698261e-04
   &Method [&Type "String"] "SCF"
   &Level [&Type "String"] "Relaxed density"
   &Mult [&Type "Integer"] 1
   &State [&Type "Integer"] 0
   &Irrep [&Type "Integer"] 0
$End
$Geometry
   &GeometryIndex 14
   &NAtoms [&Type "Integer"] 28
   &NCorelessECP [&Type "Integer"] 0
   &NGhostAtoms [&Type "Integer"] 0
   &CartesianCoordinates [&Type "Coordinates", &Dim(28,4), &Units "Bohr"] 
              C     -3.041649383415    3.930436728886    1.076421198631
              C     -3.583851592252    1.522246969590   -0.411358895241
              N     -1.415325706660   -0.192789565859   -0.446348186849
              C     -0.847861558364   -1.503976425612    1.934898809218
              C     -3.150101601622   -2.577886962224    3.277673844117
              C      0.199315570351   -0.305361426616   -2.405686472964
              C     -0.552508460582    0.983988146818   -4.844872590851
              N      2.367082182061   -1.460051236000   -2.404906045880
              P      4.673894048614   -2.496739803650   -0.721635783358
              C      6.011816096603    0.047939886887    1.081569507956
              O      4.406372889690   -4.941154640516    0.663117878409
              F      6.835618934481   -2.872251751692   -2.859949383156
              H     -1.393151572067    4.919968065615    0.281673696715
              H     -2.646848563606    3.525305676857    3.078024294712
              H     -4.676043482432    5.210966403421    0.998735046234
              H     -4.116301379391    1.998129037602   -2.351913633788
              H     -5.212110861438    0.519721617016    0.391935149666
              H      0.442335724542   -3.064296743234    1.494360126084
              H      0.178149021301   -0.212445878822    3.213558609782
              H     -4.365006478868   -1.109618430928    4.104949700414
              H     -2.494997167847   -3.787162134854    4.834359904051
              H     -4.297922497518   -3.749117707205    1.997956167655
              H     -0.562504662560    3.051320366828   -4.614486098895
              H     -2.434884528470    0.396663203318   -5.495536607902
              H      0.855370916767    0.497724462845   -6.279402662840
              H      7.788801219509   -0.591910941810    1.944877311300
              H      6.357540750702    1.700641555956   -0.123405992573
              H      4.674772199161    0.559711451794    2.585391090456
$End
$SCF_Energy
   &GeometryIndex 14
   &Method [&Type "String"] "SCF"
   &totalEnergy [&Type "ArrayOfDoubles", &Dim (1,1)] "Total energy of each state"
                                                         0

0                                     -9.0171984732558940e+02
   &Mult [&Type "ArrayOfIntegers", &Dim (1,1)] "Multiplicity of each state"
                                                         0

0                                                        1
$End
$DFT_Energy
   &GeometryIndex 14
   &nAlphaEl [&Type "Integer"] 52
   &nBetaEl [&Type "Integer"] 52
   &nTotalEl [&Type "Integer"] 104
   &finalEn [&Type "Double"]      -9.0171984732558940e+02  "No Van der Waals correction"
   &eExchange [&Type "Double"]       0.0000000000000000e+00
   &eCorr [&Type "Double"]       0.0000000000000000e+00
   &eXC [&Type "Double"]      -7.0052191239340488e+01
   &eCNL [&Type "Double"]       0.0000000000000000e+00
$End
$Solvation_Details
   &GeometryIndex 14
   &Solvent [&Type "String"] "WATER"
   &Epsilon [&Type "Double"]       8.0150999999999996e+01
   &Refrac [&Type "Double"]       1.3328000000000000e+00
   &RSolv [&Type "Double"]       1.3000000000000000e+00
   &SurfaceType [&Type "String"] "GAUSSIAN VDW"
   &CPCMDielEnergy [&Type "Double"]      -2.9856536999999999e-02
   &NPoints [&Type "Integer"] 2377
   &SurfaceArea [&Type "Double"]       8.7335331553200001e+02
$End
$SCF_Timings
   &GeometryIndex 14
   &TOTAL [&Type "Double"]       4.6187424000000000e+01
   &PREP [&Type "Double"]       2.0896119999999998e+00
   &FOCK [&Type "Double"]       3.9122189999999982e+01
   &DENS [&Type "Double"]       7.5213100000001276e-01
   &ETOT [&Type "Double"]       4.2330400000000079e-01
   &POP [&Type "Double"]       9.9999999747524271e-07
   &TRAFO [&Type "Double"]       1.5616799999999920e-01
   &DIIS [&Type "Double"]       9.2935999999999996e-01
   &SOSCF [&Type "Double"]       8.4926199999999064e-01
   &XC [&Type "Double"]       9.4335690000000092e+00
   &FOCKSTART [&Type "Double"]       2.5440800000000374e-01
   &SOLV [&Type "Double"]       6.4332289999999936e+00
   &SOLV_INIT [&Type "Double"]       5.3195799999999993e-01
   &INT_PREP [&Type "Double"]       3.9999999934536845e-06
   &INT_BF [&Type "Double"]       6.4954000000007373e-01
   &INT_DENS [&Type "Double"]       4.3818399999996149e-01
   &INT_DENSIO [&Type "Double"]       6.9885382691000079e+04
   &INT_FUNC [&Type "Double"]       1.6512000000004612e-01
   &INT_POT [&Type "Double"]       3.6845100000008113e-01
   &INT_POTIO [&Type "Double"]       7.5089899999985921e-01
   &INT_SUM [&Type "Double"]       4.6999999999464137e-04
   &SPLITRIJ [&Type "Double"]       2.1921510000000004e+00
   &COSX [&Type "Double"]       2.1928232999999999e+01
$End
$VdW_Correction
   &GeometryIndex 14
   &vdW [&Type "Double"]      -1.1946437199213740e-02
$End
$Single_Point_Data
   &GeometryIndex 14
   &FinalEnergy [&Type "Double"]      -9.0173179376278858e+02  "Final single point energy"
   &Converged [&Type "Boolean"] true
$End
$SCF_Nuc_Gradient
   &GeometryIndex 14
   &NAtoms [&Type "Integer"] 28
   &gradNorm [&Type "Double"]       9.4842027532485388e-03
   &grad [&Type "ArrayOfDoubles", &Dim (84,1)] 
                                                         0

0                                     -6.5004233134119893e-04
1                                      5.1763442693404432e-04
2                                     -1.4637984328439552e-04
3                                     -4.3598613048792454e-05
4                                     -2.8669748533757672e-03
5                                      9.1418831836758601e-04
6                                      2.0676699304293532e-03
7                                      2.7018433349839644e-03
8                                     -5.1782252104377348e-03
9                                     -1.8095241866795638e-03
10                                    -6.7767101045319476e-04
11                                     1.6725193952453735e-03
12                                     3.7713717529132528e-04
13                                    -1.5813307139419738e-04
14                                     1.0598781430846342e-04
15                                    -1.2948024596582202e-03
16                                    -8.0421582747640884e-04
17                                     1.4305878154146879e-03
18                                    -2.5864375143838393e-04
19                                     1.7774849203501734e-04
20                                    -1.6134441653707204e-04
21                                    -1.2385073077518783e-03
22                                    -1.5488220585168010e-03
23                                     2.1669951136228070e-03
24                                     1.1286959666878633e-03
25                                    -9.4330645760642268e-04
26                                     2.1222296540623999e-03
27                                     8.1635102252263501e-06
28                                     1.0075243704628512e-03
29                                     8.8963340748252038e-05
30                                    -6.7461185602821385e-05
31                                     1.9021318840419410e-03
32                                    -1.7443317698160254e-03
33                                     8.2739580967823036e-04
34                                    -7.8804942307079463e-04
35                                    -1.8716970267728282e-03
36                                     2.5423467084867202e-04
37                                    -3.5089700390173616e-04
38                                     7.2235324501866840e-05
39                                     2.3542149262851684e-06
40                                     7.6203530247081745e-05
41                                     5.2673251460293982e-05
42                                     2.6698257335287735e-04
43                                     2.5371180479608790e-04
44                                     2.3504215564944386e-04
45                                    -3.0052527470587420e-04
46                                     5.1170603108414406e-04
47                                     3.7977040712919692e-04
48                                     1.9691295936592865e-04
49                                     5.9867069861811663e-04
50                                    -3.0863219802997066e-04
51                                     1.8869960449197610e-04
52                                     5.9166185472975854e-06
53                                     4.4389386413043589e-05
54                                    -9.0040636419596925e-05
55                                     5.4005928073862399e-05
56                                     4.3103891112472641e-05
57                                     2.9715900948898926e-04
58                                    -3.4768387158968608e-06
59                                     1.5572697032886480e-04
60                                     7.2668270108876187e-05
61                                     8.9266601418898334e-05
62                                    -1.3758517035476731e-04
63                                    -1.4035638800033047e-04
64                                     1.6581654058423645e-05
65                                     2.5049490505291315e-05
66                                     3.6686959366215646e-04
67                                     1.8006707813382762e-04
68                                    -6.1420256190526559e-04
69                                     5.3486307416880447e-05
70                                     1.3913025115987778e-04
71                                     3.7853937319550845e-05
72                                     1.8857842303392704e-04
73                                     1.0037788119954144e-04
74                                     3.0941603121751617e-04
75                                    -1.1720466200938802e-04
76                                    -8.8919567656878175e-05
77                                     2.3267325948928818e-04
78                                    -3.0590027153812310e-05
79                                     2.0400107284960736e-04
80                                     3.5894532816527902e-04
81                                    -2.5571116571346584e-04
82                                    -3.0605566789895767e-04
83                                    -2.8595270563190069e-04
   &Method [&Type "String"] "SCF"
   &Level [&Type "String"] "Relaxed density"
   &Mult [&Type "Integer"] 1
   &State [&Type "Integer"] 0
   &Irrep [&Type "Integer"] 0
$End
$Geometry
   &GeometryIndex 15
   &NAtoms [&Type "Integer"] 28
   &NCorelessECP [&Type "Integer"] 0
   &NGhostAtoms [&Type "Integer"] 0
   &CartesianCoordinates [&Type "Coordinates", &Dim(28,4), &Units "Bohr"] 
              C     -3.028264721069    3.957807682921    1.017037416439
              C     -3.589610015730    1.517223625955   -0.406898990712
              N     -1.425103535901   -0.202027621482   -0.438574140149
              C     -0.845783062977   -1.527656247125    1.927460770344
              C     -3.144518522304   -2.603307316227    3.278199574512
              C      0.197019959424   -0.288586410827   -2.395722046309
              C     -0.574054513801    1.010164240321   -4.824724040327
              N      2.376610243441   -1.421341473370   -2.400479352699
              P      4.666345993199   -2.487932923067   -0.708996910196
              C      6.028438385277    0.034859275158    1.103690063805
              O      4.366547272091   -4.932607843781    0.671445625037
              F      6.832728335311   -2.880490501266   -2.836119152225
              H     -1.413663337728    4.950459031323    0.158363530299
              H     -2.572760344141    3.587336303412    3.013127653753
              H     -4.678096281919    5.220131624728    0.964729891029
              H     -4.154186928106    1.939841152863   -2.352800376123
              H     -5.202616093564    0.528785840183    0.446048684238
              H      0.438904384696   -3.088095985170    1.474799161932
              H      0.192968488567   -0.244378660419    3.204885034670
              H     -4.356158763042   -1.134427387089    4.111927696022
              H     -2.484031926049   -3.815082805202    4.831478084152
              H     -4.298318508310   -3.775597911580    2.004430807756
              H     -0.642601723664    3.072709055906   -4.561095505012
              H     -2.435733444837    0.381966781808   -5.498051168938
              H      0.855235613463    0.582653943095   -6.257529005259
              H      7.808814984907   -0.619946098272    1.949530503677
              H      6.374412273167    1.690370383825   -0.098446415437
              H      4.707475846291    0.547170167790    2.622282586824
$End
$SCF_Energy
   &GeometryIndex 15
   &Method [&Type "String"] "SCF"
   &totalEnergy [&Type "ArrayOfDoubles", &Dim (1,1)] "Total energy of each state"
                                                         0

0                                     -9.0172003787004530e+02
   &Mult [&Type "ArrayOfIntegers", &Dim (1,1)] "Multiplicity of each state"
                                                         0

0                                                        1
$End
$DFT_Energy
   &GeometryIndex 15
   &nAlphaEl [&Type "Integer"] 52
   &nBetaEl [&Type "Integer"] 52
   &nTotalEl [&Type "Integer"] 104
   &finalEn [&Type "Double"]      -9.0172003787004530e+02  "No Van der Waals correction"
   &eExchange [&Type "Double"]       0.0000000000000000e+00
   &eCorr [&Type "Double"]       0.0000000000000000e+00
   &eXC [&Type "Double"]      -7.0051390402900751e+01
   &eCNL [&Type "Double"]       0.0000000000000000e+00
$End
$Solvation_Details
   &GeometryIndex 15
   &Solvent [&Type "String"] "WATER"
   &Epsilon [&Type "Double"]       8.0150999999999996e+01
   &Refrac [&Type "Double"]       1.3328000000000000e+00
   &RSolv [&Type "Double"]       1.3000000000000000e+00
   &SurfaceType [&Type "String"] "GAUSSIAN VDW"
   &CPCMDielEnergy [&Type "Double"]      -2.9598355000000000e-02
   &NPoints [&Type "Integer"] 2371
   &SurfaceArea [&Type "Double"]       8.7384379047899995e+02
$End
$SCF_Timings
   &GeometryIndex 15
   &TOTAL [&Type "Double"]       3.8830407000000001e+01
   &PREP [&Type "Double"]       2.0834500000000000e+00
   &FOCK [&Type "Double"]       3.2185844000000003e+01
   &DENS [&Type "Double"]       6.6518999999999906e-01
   &ETOT [&Type "Double"]       3.4789999999999566e-01
   &TRAFO [&Type "Double"]       1.3384000000000462e-01
   &DIIS [&Type "Double"]       8.7436899999999973e-01
   &SOSCF [&Type "Double"]       5.1951400000000092e-01
   &XC [&Type "Double"]       7.8434439999999936e+00
   &FOCKSTART [&Type "Double"]       2.1891299999999747e-01
   &SOLV [&Type "Double"]       5.3484879999999961e+00
   &SOLV_INIT [&Type "Double"]       5.2706699999999995e-01
   &INT_PREP [&Type "Double"]       1.0000000001397780e-06
   &INT_BF [&Type "Double"]       5.3998799999993619e-01
   &INT_DENS [&Type "Double"]       3.5943800000004877e-01
   &INT_DENSIO [&Type "Double"]       4.7549170615000054e+04
   &INT_FUNC [&Type "Double"]       1.3645799999999486e-01
   &INT_POT [&Type "Double"]       3.1993499999988639e-01
   &INT_POTIO [&Type "Double"]       6.1000900000010105e-01
   &INT_SUM [&Type "Double"]       1.6240000000076193e-03
   &SPLITRIJ [&Type "Double"]       1.8362010000000017e+00
   &COSX [&Type "Double"]       1.8461712999999996e+01
$End
$VdW_Correction
   &GeometryIndex 15
   &vdW [&Type "Double"]      -1.1937324507954627e-02
$End
$Single_Point_Data
   &GeometryIndex 15
   &FinalEnergy [&Type "Double"]      -9.0173197519455323e+02  "Final single point energy"
   &Converged [&Type "Boolean"] true
$End
$SCF_Nuc_Gradient
   &GeometryIndex 15
   &NAtoms [&Type "Integer"] 28
   &gradNorm [&Type "Double"]       6.9962955858370790e-03
   &grad [&Type "ArrayOfDoubles", &Dim (84,1)] 
                                                         0

0                                     -6.7652213698427628e-04
1                                      5.3729209169273867e-04
2                                     -4.7035154555039439e-04
3                                      1.0739809217822777e-03
4                                     -1.5637890529616415e-03
5                                      1.0292945803206330e-03
6                                      4.0233262277354929e-04
7                                      2.6270879887432428e-03
8                                     -2.9452533115745571e-03
9                                     -7.6629679070011158e-04
10                                    -1.0410986731293709e-03
11                                     2.0609437455914418e-04
12                                     8.2478832354230007e-05
13                                    -3.9804286436729446e-04
14                                    -3.4209939576761996e-04
15                                    -3.9030790950761408e-04
16                                    -5.4612705359791775e-04
17                                     1.2961573820671850e-03
18                                    -1.3936177625213152e-03
19                                    -1.8080685451984962e-04
20                                    -1.3129711194793004e-04
21                                    -1.0078148742981787e-03
22                                    -1.7089120356466670e-03
23                                     2.2927493097085879e-03
24                                     1.4501369324154557e-03
25                                    -2.7696398560351539e-05
26                                     1.2122253949933396e-03
27                                    -2.7151956959132323e-05
28                                     4.4453741747710177e-04
29                                     6.1138349159976617e-05
30                                    -2.1279051392770581e-04
31                                     1.4540986621452831e-03
32                                    -1.2063483063965521e-03
33                                     7.0343347650640145e-04
34                                    -7.3228984193109646e-04
35                                    -1.2829135581671441e-03
36                                     2.6826026642398485e-04
37                                    -2.3874101172115855e-04
38                                    -6.2434775216280443e-05
39                                     5.7565098887507973e-05
40                                    -1.2721002749264778e-04
41                                     1.9219529359488732e-04
42                                     1.7213958230641961e-04
43                                     2.5641413931005747e-04
44                                     2.1100863341139972e-04
45                                    -1.5034252073418028e-04
46                                     3.4931893921955829e-04
47                                    -5.4769568697241912e-04
48                                    -6.3066829485891021e-05
49                                     9.4952903187936667e-05
50                                    -1.6581873361830432e-04
51                                     3.1584856738945343e-04
52                                     1.3322646978421946e-04
53                                     2.9648878805670878e-04
54                                     1.1284725929078111e-04
55                                     1.8635553719255327e-04
56                                    -2.8681164332121427e-04
57                                     7.6050702268866654e-05
58                                     3.0155068766075818e-04
59                                     2.6281720794765453e-04
60                                     9.4719759912489013e-05
61                                    -9.3438541031113406e-05
62                                    -5.5788230791731085e-05
63                                    -2.3712005127483429e-04
64                                    -2.1012231981376020e-04
65                                     1.9380713106395959e-04
66                                     3.0441889736621328e-04
67                                     3.2584674225535074e-04
68                                    -4.1596233562140751e-05
69                                    -6.8431631862713311e-05
70                                     2.6374340030261721e-04
71                                    -2.6963591027311259e-04
72                                     2.2384161992232616e-04
73                                     1.9472410431332962e-05
74                                     1.8382573735897036e-04
75                                    -1.4347926745659288e-05
76                                    -8.8850702561173102e-05
77                                     3.4667498621882090e-04
78                                    -9.1306359195236580e-05
79                                     2.1112763654147152e-04
80                                     1.1610404966468805e-05
81                                    -2.3893721315806015e-04
82                                    -2.4789978315861288e-04
83                                     1.1956853646567217e-05
   &Method [&Type "String"] "SCF"
   &Level [&Type "String"] "Relaxed density"
   &Mult [&Type "Integer"] 1
   &State [&Type "Integer"] 0
   &Irrep [&Type "Integer"] 0
$End
$Geometry
   &GeometryIndex 16
   &NAtoms [&Type "Integer"] 28
   &NCorelessECP [&Type "Integer"] 0
   &NGhostAtoms [&Type "Integer"] 0
   &CartesianCoordinates [&Type "Coordinates", &Dim(28,4), &Units "Bohr"] 
              C     -3.073201824643    3.969313522351    0.920482342722
              C     -3.625211844114    1.476248850765   -0.409201864903
              N     -1.440646018610   -0.221138759848   -0.432948719670
              C     -0.836664245206   -1.532850112334    1.929627720865
              C     -3.127800528587   -2.592814398226    3.307459874575
              C      0.204477899758   -0.248237112169   -2.379163027484
              C     -0.565223893650    1.088655564929   -4.786280481862
              N      2.394802372710   -1.360284935831   -2.394647332245
              P      4.656979926455   -2.496193515546   -0.711399005327
              C      6.080183595294   -0.027955461961    1.125902634051
              O      4.313117243656   -4.953193737912    0.642644826674
              F      6.821688710639   -2.899061759391   -2.833335225542
              H     -1.527967879436    4.987805065430   -0.030583992332
              H     -2.526519762783    3.662979516988    2.904444413223
              H     -4.762834950781    5.179325373721    0.903654136484
              H     -4.244072804923    1.812288040826   -2.354522757208
              H     -5.199193100240    0.489356467680    0.516106143912
              H      0.434034209778   -3.102064956745    1.473473992387
              H      0.220985196255   -0.246905970117    3.190199045505
              H     -4.337305945078   -1.116046825251    4.129964426827
              H     -2.459824838593   -3.788072561543    4.870781112162
              H     -4.286893359599   -3.780473111277    2.053033175461
              H     -0.730350233980    3.136121541048   -4.461029042048
              H     -2.384129805245    0.401905798487   -5.517445038996
              H      0.907152360869    0.762380019143   -6.202330819185
              H      7.863055152308   -0.724349038976    1.932156556284
              H      6.437377477203    1.636610133457   -0.060577289571
              H      4.793986947234    0.486652286712    2.673534176344
$End
$SCF_Energy
   &GeometryIndex 16
   &Method [&Type "String"] "SCF"
   &totalEnergy [&Type "ArrayOfDoubles", &Dim (1,1)] "Total energy of each state"
                                                         0

0                                     -9.0172023650857216e+02
   &Mult [&Type "ArrayOfIntegers", &Dim (1,1)] "Multiplicity of each state"
                                                         0

0                                                        1
$End
$DFT_Energy
   &GeometryIndex 16
   &nAlphaEl [&Type "Integer"] 52
   &nBetaEl [&Type "Integer"] 52
   &nTotalEl [&Type "Integer"] 104
   &finalEn [&Type "Double"]      -9.0172023650857216e+02  "No Van der Waals correction"
   &eExchange [&Type "Double"]       0.0000000000000000e+00
   &eCorr [&Type "Double"]       0.0000000000000000e+00
   &eXC [&Type "Double"]      -7.0051696003890243e+01
   &eCNL [&Type "Double"]       0.0000000000000000e+00
$End
$Solvation_Details
   &GeometryIndex 16
   &Solvent [&Type "String"] "WATER"
   &Epsilon [&Type "Double"]       8.0150999999999996e+01
   &Refrac [&Type "Double"]       1.3328000000000000e+00
   &RSolv [&Type "Double"]       1.3000000000000000e+00
   &SurfaceType [&Type "String"] "GAUSSIAN VDW"
   &CPCMDielEnergy [&Type "Double"]      -2.9356818999999999e-02
   &NPoints [&Type "Integer"] 2371
   &SurfaceArea [&Type "Double"]       8.7331854157400005e+02
$End
$SCF_Timings
   &GeometryIndex 16
   &TOTAL [&Type "Double"]       3.9383465000000001e+01
   &PREP [&Type "Double"]       2.0619779999999999e+00
   &FOCK [&Type "Double"]       3.2637136000000005e+01
   &DENS [&Type "Double"]       6.2964200000000048e-01
   &ETOT [&Type "Double"]       3.4370699999999932e-01
   &POP [&Type "Double"]       9.9999999747524271e-07
   &TRAFO [&Type "Double"]       1.3346600000000386e-01
   &DIIS [&Type "Double"]       8.4815299999999816e-01
   &SOSCF [&Type "Double"]       5.3261699999999834e-01
   &XC [&Type "Double"]       5.4020710000000030e+00
   &FOCKSTART [&Type "Double"]       2.2990900000000103e-01
   &SOLV [&Type "Double"]       5.3263940000000067e+00
   &SOLV_INIT [&Type "Double"]       5.1223299999999994e-01
   &INT_PREP [&Type "Double"]       2.9999999968666202e-06
   &INT_BF [&Type "Double"]       5.3275500000007714e-01
   &INT_DENS [&Type "Double"]       3.5660799999992498e-01
   &INT_DENSIO [&Type "Double"]       4.7603282289000053e+04
   &INT_FUNC [&Type "Double"]       1.3495399999995694e-01
   &INT_POT [&Type "Double"]       3.1285600000000091e-01
   &INT_POTIO [&Type "Double"]       6.0276700000002226e-01
   &INT_SUM [&Type "Double"]       2.4559999999969051e-03
   &SPLITRIJ [&Type "Double"]       1.8607999999999976e+00
   &COSX [&Type "Double"]       2.1523703999999995e+01
$End
$VdW_Correction
   &GeometryIndex 16
   &vdW [&Type "Double"]      -1.1903787279600814e-02
$End
$Single_Point_Data
   &GeometryIndex 16
   &FinalEnergy [&Type "Double"]      -9.0173214029585176e+02  "Final single point energy"
   &Converged [&Type "Boolean"] true
$End
$SCF_Nuc_Gradient
   &GeometryIndex 16
   &NAtoms [&Type "Integer"] 28
   &gradNorm [&Type "Double"]       5.0247399296118938e-03
   &grad [&Type "ArrayOfDoubles", &Dim (84,1)] 
                                                         0

0                                     -1.6079689215686515e-04
1                                      3.2128111827033632e-04
2                                     -4.1643629490950346e-04
3                                      9.6093161391322174e-04
4                                      2.2638846897239060e-04
5                                      4.8811973322893348e-04
6                                     -1.6639446968328647e-03
7                                      5.9332969174598273e-04
8                                      1.8176527551556698e-04
9                                      4.2345375237947075e-04
10                                    -6.1610322452663731e-04
11                                    -1.0189381177937778e-03
12                                    -4.5167913792119201e-04
13                                    -2.2595571846368858e-06
14                                    -7.4299620652921918e-04
15                                     1.0798052508563423e-03
16                                     8.6242830349596386e-04
17                                     1.4365316138255035e-04
18                                    -1.4456840108498792e-03
19                                    -5.5453389839553338e-04
20                                    -1.5917807886463677e-04
21                                    -5.3361711426782937e-04
22                                    -2.1711098583849595e-03
23                                     1.6671358051663300e-03
24                                     8.8697645566411737e-04
25                                     1.5051106436306720e-03
26                                    -6.8508624697355977e-04
27                                     3.0325707485971503e-04
28                                    -2.2949451028012906e-04
29                                    -1.3529605878284838e-04
30                                    -7.3809988950220012e-05
31                                     1.9927866772697937e-04
32                                    -1.6397265968430070e-04
33                                     2.9294266707443180e-04
34                                    -2.2325711655502259e-04
35                                    -5.4362758995810319e-05
36                                     9.7854616467567723e-05
37                                    -1.3873922708282555e-04
38                                    -3.2194632495826726e-04
39                                     6.6442691777445547e-05
40                                    -2.5480543811541584e-04
41                                     1.5729263524511875e-04
42                                    -2.8081040543204622e-06
43                                     6.5797140104582809e-05
44                                     1.1656417609636818e-04
45                                     8.7770006401947055e-05
46                                    -4.9683304167921419e-05
47                                    -1.3110769308807455e-04
48                                    -2.1440402680139971e-04
49                                    -3.9244949751546856e-04
50                                     1.0703402533397401e-04
51                                    -5.4366636488667979e-06
52                                     4.5418051338946299e-04
53                                     4.0487910107740315e-04
54                                     2.0635444735453635e-04
55                                     2.2345773165762797e-04
56                                    -1.8998745426627170e-04
57                                    -8.1144289198640263e-05
58                                     2.8250946983456363e-04
59                                     1.4946408244421419e-04
60                                     8.1467707307886995e-05
61                                    -2.0244000270619054e-04
62                                     2.1764762020099544e-06
63                                    -1.5981230583974779e-04
64                                    -2.3305157345193683e-04
65                                     2.6284515659503782e-04
66                                     2.5220594091638439e-04
67                                     1.7302879921700894e-04
68                                     5.0679848952343235e-04
69                                     1.1020087431917237e-04
70                                     2.8675085878346801e-04
71                                    -4.2076085005574601e-04
72                                     2.0884296555600748e-04
73                                     4.1551380977496630e-06
74                                    -7.7501906754738083e-06
75                                     2.0114985174812163e-05
76                                     7.4209758351038914e-06
77                                     2.8973480960220617e-04
78                                    -1.1664332114510908e-04
79                                     7.3893282702732269e-05
80                                    -2.0143596375229804e-04
81                                    -1.6884048351192482e-04
82                                    -2.1108369598043272e-04
83                                     1.7179193736729359e-04
   &Method [&Type "String"] "SCF"
   &Level [&Type "String"] "Relaxed density"
   &Mult [&Type "Integer"] 1
   &State [&Type "Integer"] 0
   &Irrep [&Type "Integer"] 0
$End
$Geometry
   &GeometryIndex 17
   &NAtoms [&Type "Integer"] 28
   &NCorelessECP [&Type "Integer"] 0
   &NGhostAtoms [&Type "Integer"] 0
   &CartesianCoordinates [&Type "Coordinates", &Dim(28,4), &Units "Bohr"] 
              C     -3.133988602834    3.986075030070    1.035096352281
              C     -3.572218354070    1.544456141065   -0.420968188050
              N     -1.370518721315   -0.142788711462   -0.405229620941
              C     -0.782893674859   -1.454261015894    1.957852973538
              C     -3.086019435358   -2.601915608562    3.246312203305
              C      0.229664162122   -0.237117241232   -2.397634134308
              C     -0.602288305481    1.023262924270   -4.822149896013
              N      2.414946891042   -1.361848752628   -2.455446408445
              P      4.620303505648   -2.520968364313   -0.696373833972
              C      6.091698128514   -0.054684764068    1.102387666658
              O      4.203291419881   -4.945820288309    0.701760877608
              F      6.807198912136   -2.999708371867   -2.769013612606
              H     -1.571640719316    5.085705244961    0.211883254102
              H     -2.692111284276    3.610929680559    3.032075461031
              H     -4.853314923696    5.152235554695    0.971672688079
              H     -4.085365415560    1.948916094055   -2.382722590785
              H     -5.182630050250    0.504785672862    0.378645973554
              H      0.546674773141   -2.982113405292    1.536891892621
              H      0.193554281039   -0.147794089049    3.260674012663
              H     -4.404511814349   -1.172976822897    3.979149651466
              H     -2.449185630329   -3.746548166300    4.859920782096
              H     -4.122654775951   -3.854265747119    1.948671613180
              H     -0.779431053963    3.076495094559   -4.551628952894
              H     -2.434481190794    0.300061692130   -5.482420532922
              H      0.832483901605    0.664156305595   -6.268604488025
              H      7.857273238406   -0.780484258116    1.919752389119
              H      6.497596707113    1.564989345957   -0.129769136216
              H      4.828568088447    0.541226750740    2.639213584978
$End
$SCF_Energy
   &GeometryIndex 17
   &Method [&Type "String"] "SCF"
   &totalEnergy [&Type "ArrayOfDoubles", &Dim (1,1)] "Total energy of each state"
                                                         0

0                                     -9.0172009226756734e+02
   &Mult [&Type "ArrayOfIntegers", &Dim (1,1)] "Multiplicity of each state"
                                                         0

0                                                        1
$End
$DFT_Energy
   &GeometryIndex 17
   &nAlphaEl [&Type "Integer"] 52
   &nBetaEl [&Type "Integer"] 52
   &nTotalEl [&Type "Integer"] 104
   &finalEn [&Type "Double"]      -9.0172009226756734e+02  "No Van der Waals correction"
   &eExchange [&Type "Double"]       0.0000000000000000e+00
   &eCorr [&Type "Double"]       0.0000000000000000e+00
   &eXC [&Type "Double"]      -7.0050746770080735e+01
   &eCNL [&Type "Double"]       0.0000000000000000e+00
$End
$Solvation_Details
   &GeometryIndex 17
   &Solvent [&Type "String"] "WATER"
   &Epsilon [&Type "Double"]       8.0150999999999996e+01
   &Refrac [&Type "Double"]       1.3328000000000000e+00
   &RSolv [&Type "Double"]       1.3000000000000000e+00
   &SurfaceType [&Type "String"] "GAUSSIAN VDW"
   &CPCMDielEnergy [&Type "Double"]      -2.8852552000000000e-02
   &NPoints [&Type "Integer"] 2367
   &SurfaceArea [&Type "Double"]       8.7328109043999996e+02
$End
$SCF_Timings
   &GeometryIndex 17
   &TOTAL [&Type "Double"]       4.4024670000000000e+01
   &PREP [&Type "Double"]       2.0836669999999997e+00
   &FOCK [&Type "Double"]       3.6879051000000004e+01
   &DENS [&Type "Double"]       7.5398700000000929e-01
   &ETOT [&Type "Double"]       4.3540699999998989e-01
   &POP [&Type "Double"]       9.9999999747524271e-07
   &TRAFO [&Type "Double"]       1.5277400000000263e-01
   &DIIS [&Type "Double"]       8.7869499999999601e-01
   &SOSCF [&Type "Double"]       8.2794999999999774e-01
   &XC [&Type "Double"]       9.5278600000000022e+00
   &FOCKSTART [&Type "Double"]       2.6375800000000549e-01
   &SOLV [&Type "Double"]       3.8872480000000031e+00
   &SOLV_INIT [&Type "Double"]       5.1505500000000004e-01
   &SOLV_FINAL [&Type "Double"]       1.0000000045806701e-06
   &INT_PREP [&Type "Double"]       5.9999999999504894e-06
   &INT_BF [&Type "Double"]       6.3886099999997992e-01
   &INT_DENS [&Type "Double"]       4.1720699999998878e-01
   &INT_DENSIO [&Type "Double"]       6.8468407946000108e+04
   &INT_FUNC [&Type "Double"]       1.6426200000006475e-01
   &INT_POT [&Type "Double"]       3.4998099999992327e-01
   &INT_POTIO [&Type "Double"]       7.5298099999994594e-01
   &INT_SUM [&Type "Double"]       3.9960000000016649e-03
   &SPLITRIJ [&Type "Double"]       2.1763099999999955e+00
   &COSX [&Type "Double"]       2.2178839000000004e+01
$End
$VdW_Correction
   &GeometryIndex 17
   &vdW [&Type "Double"]      -1.1888723065064419e-02
$End
$Single_Point_Data
   &GeometryIndex 17
   &FinalEnergy [&Type "Double"]      -9.0173198099063245e+02  "Final single point energy"
   &Converged [&Type "Boolean"] true
$End
$SCF_Nuc_Gradient
   &GeometryIndex 17
   &NAtoms [&Type "Integer"] 28
   &gradNorm [&Type "Double"]       1.1174840136059140e-02
   &grad [&Type "ArrayOfDoubles", &Dim (84,1)] 
                                                         0

0                                      6.1536943353097923e-05
1                                      5.0076201630601599e-05
2                                      7.6045051351821593e-05
3                                      3.5446885629265910e-04
4                                      3.4493313833379507e-03
5                                     -8.1068860900329772e-04
6                                     -3.1992671030647477e-03
7                                     -1.2100270348965867e-03
8                                      6.3563845903502362e-03
9                                      1.9081967155632773e-03
10                                    -1.6360194889843379e-03
11                                    -2.1201294974068849e-03
12                                    -5.7160443392292176e-04
13                                     1.4403966786800680e-04
14                                    -4.9816415274244602e-04
15                                     3.1006502107515477e-03
16                                     1.8594203015163543e-03
17                                    -2.9759034287959881e-03
18                                    -1.2362309516908861e-03
19                                    -1.0354947807587776e-03
20                                     3.5829548439188539e-04
21                                    -9.5212504529532907e-04
22                                    -1.0921558204911935e-03
23                                    -2.3953026676785738e-04
24                                     4.2201303518715956e-04
25                                     2.2610081006419758e-03
26                                    -1.8757275503489075e-03
27                                     3.3856634687306461e-04
28                                    -9.5796568744984658e-04
29                                    -2.6883197871502756e-04
30                                    -3.6157589026679197e-04
31                                    -1.3170164245459254e-03
32                                     1.2801438089446043e-03
33                                    -4.2268386811185159e-04
34                                     6.3991569292370584e-04
35                                     1.5763283375218584e-03
36                                    -2.3356171535994291e-04
37                                     4.8621366515948060e-04
38                                     4.1293170294204952e-05
39                                    -1.8472092287408610e-04
40                                    -3.1153353422085973e-04
41                                    -1.4827316437376108e-04
42                                    -1.5163472628048613e-04
43                                    -1.7400709667851627e-04
44                                    -2.3101616782055610e-04
45                                     5.2009999062515796e-04
46                                    -4.6668016432430072e-04
47                                    -1.1250796837260337e-03
48                                    -7.4251462040963277e-06
49                                    -6.1069010034003077e-04
50                                    -2.4991306189128961e-05
51                                     4.5234268575935224e-04
52                                     4.3132564026141624e-04
53                                     5.8706791069673540e-04
54                                     4.3336502844832433e-04
55                                    -1.1689383468337566e-04
56                                    -3.7913968946042995e-04
57                                    -1.0227599341092881e-04
58                                     1.6437621061989632e-04
59                                    -2.6139754057951016e-04
60                                    -1.0088349404637302e-04
61                                    -2.8259607427814470e-04
62                                     1.4257259557978069e-04
63                                     8.8472064460302184e-05
64                                    -2.1474654310608526e-04
65                                     2.0022404071123008e-04
66                                    -1.6465099490272912e-06
67                                    -2.0603970992248068e-04
68                                     8.3908144482499236e-04
69                                    -1.1248536675082714e-04
70                                     1.7926000525410901e-04
71                                    -1.0114173429297039e-04
72                                    -4.6882887854789691e-05
73                                     1.2118460544673827e-05
74                                    -3.6038283723346053e-04
75                                    -7.5855845165069357e-06
76                                     1.3459235130830894e-04
77                                     7.7855707765046134e-05
78                                    -1.3538945978506964e-04
79                                    -1.9511280658428460e-04
80                                    -4.1476280158415886e-04
81                                     1.4826726368889754e-04
82                                     1.5301309509048878e-05
83                                     2.9986824256991664e-04
   &Method [&Type "String"] "SCF"
   &Level [&Type "String"] "Relaxed density"
   &Mult [&Type "Integer"] 1
   &State [&Type "Integer"] 0
   &Irrep [&Type "Integer"] 0
$End
$Geometry
   &GeometryIndex 18
   &NAtoms [&Type "Integer"] 28
   &NCorelessECP [&Type "Integer"] 0
   &NGhostAtoms [&Type "Integer"] 0
   &CartesianCoordinates [&Type "Coordinates", &Dim(28,4), &Units "Bohr"] 
              C     -3.128798448268    3.965882031410    0.948282049363
              C     -3.619597239207    1.482313321705   -0.420774873783
              N     -1.412025348777   -0.191412145985   -0.428312911607
              C     -0.805946565225   -1.490059202488    1.941458888036
              C     -3.094513288458   -2.572389149596    3.305413275148
              C      0.219280330320   -0.228986715735   -2.390857351640
              C     -0.567314696449    1.089360957185   -4.801009910504
              N      2.412662633092   -1.335534478010   -2.426795118736
              P      4.638344233892   -2.513291376407   -0.714742744620
              C      6.094049579004   -0.069705071882    1.129928320242
              O      4.248281111825   -4.968677544622    0.632722088428
              F      6.813242399165   -2.938411106806   -2.817477007651
              H     -1.591041015686    5.030226963924    0.037419339292
              H     -2.610957073158    3.646016362477    2.936966566895
              H     -4.842732707992    5.140944658630    0.917087079506
              H     -4.211236067588    1.828498638518   -2.371636068758
              H     -5.194417935192    0.465332780272    0.468784638082
              H      0.479966060411   -3.050735884981    1.498901948865
              H      0.229403885979   -0.192246364514    3.207665516904
              H     -4.340712900892   -1.108493913606    4.093102067319
              H     -2.430515254963   -3.739879098681    4.890727988494
              H     -4.215493447262   -3.789263688874    2.044674254022
              H     -0.760893277800    3.135626271829   -4.490708167875
              H     -2.380294376412    0.372312731758   -5.518482158665
              H      0.901321796832    0.770021805258   -6.221853296826
              H      7.865785045293   -0.796466708700    1.932824007077
              H      6.482922088388    1.584267356285   -0.060750617171
              H      4.821230535819    0.474748496049    2.677442181268
$End
$SCF_Energy
   &GeometryIndex 18
   &Method [&Type "String"] "SCF"
   &totalEnergy [&Type "ArrayOfDoubles", &Dim (1,1)] "Total energy of each state"
                                                         0

0                                     -9.0172036947293725e+02
   &Mult [&Type "ArrayOfIntegers", &Dim (1,1)] "Multiplicity of each state"
                                                         0

0                                                        1
$End
$DFT_Energy
   &GeometryIndex 18
   &nAlphaEl [&Type "Integer"] 52
   &nBetaEl [&Type "Integer"] 52
   &nTotalEl [&Type "Integer"] 104
   &finalEn [&Type "Double"]      -9.0172036947293725e+02  "No Van der Waals correction"
   &eExchange [&Type "Double"]       0.0000000000000000e+00
   &eCorr [&Type "Double"]       0.0000000000000000e+00
   &eXC [&Type "Double"]      -7.0051496111783052e+01
   &eCNL [&Type "Double"]       0.0000000000000000e+00
$End
$Solvation_Details
   &GeometryIndex 18
   &Solvent [&Type "String"] "WATER"
   &Epsilon [&Type "Double"]       8.0150999999999996e+01
   &Refrac [&Type "Double"]       1.3328000000000000e+00
   &RSolv [&Type "Double"]       1.3000000000000000e+00
   &SurfaceType [&Type "String"] "GAUSSIAN VDW"
   &CPCMDielEnergy [&Type "Double"]      -2.9092778999999999e-02
   &NPoints [&Type "Integer"] 2368
   &SurfaceArea [&Type "Double"]       8.7278203516500002e+02
$End
$SCF_Timings
   &GeometryIndex 18
   &TOTAL [&Type "Double"]       4.3311993000000001e+01
   &PREP [&Type "Double"]       2.1035170000000001e+00
   &FOCK [&Type "Double"]       3.8788479000000009e+01
   &DENS [&Type "Double"]       7.8706499999999835e-01
   &ETOT [&Type "Double"]       4.1567100000001656e-01
   &POP [&Type "Double"]       9.9999999747524271e-07
   &TRAFO [&Type "Double"]       1.6699999999999893e-01
   &DIIS [&Type "Double"]      -1.6125709999999982e+00
   &SOSCF [&Type "Double"]       8.4612900000000035e-01
   &XC [&Type "Double"]       9.4873660000000015e+00
   &FOCKSTART [&Type "Double"]       2.5836300000000234e-01
   &SOLV [&Type "Double"]       6.3342060000000071e+00
   &SOLV_INIT [&Type "Double"]       5.0771800000000000e-01
   &SOLV_FINAL [&Type "Double"]       1.0000000045806701e-06
   &INT_PREP [&Type "Double"]       3.9999999952300413e-06
   &INT_BF [&Type "Double"]       6.5533599999999659e-01
   &INT_DENS [&Type "Double"]       4.4050200000000928e-01
   &INT_DENSIO [&Type "Double"]       6.4365015874000070e+04
   &INT_FUNC [&Type "Double"]       1.6227599999995590e-01
   &INT_POT [&Type "Double"]       3.5666000000006015e-01
   &INT_POTIO [&Type "Double"]       7.5061700000003828e-01
   &INT_SUM [&Type "Double"]       5.8200000000407925e-04
   &SPLITRIJ [&Type "Double"]       2.2178739999999992e+00
   &COSX [&Type "Double"]       2.1496333000000007e+01
$End
$VdW_Correction
   &GeometryIndex 18
   &vdW [&Type "Double"]      -1.1891798319370012e-02
$End
$Single_Point_Data
   &GeometryIndex 18
   &FinalEnergy [&Type "Double"]      -9.0173226127125668e+02  "Final single point energy"
   &Converged [&Type "Boolean"] true
$End
$SCF_Nuc_Gradient
   &GeometryIndex 18
   &NAtoms [&Type "Integer"] 28
   &gradNorm [&Type "Double"]       4.9429222897560288e-03
   &grad [&Type "ArrayOfDoubles", &Dim (84,1)] 
                                                         0

0                                      1.4942881562286445e-04
1                                      2.9729921581469625e-05
2                                     -1.0501315437114825e-05
3                                      4.3974409683227754e-05
4                                      1.3299762322949201e-03
5                                     -1.9900821454200157e-04
6                                     -1.5976661818965614e-03
7                                     -3.6625842402289937e-04
8                                      2.1876342256728666e-03
9                                      3.8933384001044310e-04
10                                    -6.6911941415620025e-04
11                                    -8.1371444456807137e-04
12                                    -2.4725348076770821e-04
13                                     1.5600631523781460e-04
14                                    -2.2089884095566692e-04
15                                     1.5617134289363066e-03
16                                     1.0044881561069381e-03
17                                    -1.4505810922374172e-03
18                                    -4.0462532953057664e-04
19                                    -4.3945861293939314e-04
20                                    -3.5674664986889716e-05
21                                    -9.7906243211141040e-04
22                                    -1.2721828306885884e-03
23                                     3.5448476770611641e-04
24                                     6.5078547663284861e-04
25                                     1.4346710951527921e-03
26                                    -8.7725883885320165e-04
27                                     2.9630496582672307e-04
28                                    -2.8545873844045022e-04
29                                    -7.1856757942627278e-05
30                                    -1.1326112096279311e-04
31                                    -5.2769355269201930e-04
32                                     3.8732478158883508e-04
33                                    -1.3069514256855696e-04
34                                     2.3909358911048968e-04
35                                     5.8478182481790217e-04
36                                    -1.4665624935832766e-04
37                                     1.3713329197570008e-04
38                                    -1.0739699408702425e-05
39                                    -1.2620535040715926e-05
40                                    -1.4950777534277450e-04
41                                    -7.2403397086293173e-05
42                                    -5.5725118841473472e-05
43                                    -1.0587280077359776e-04
44                                    -4.5283557977318998e-05
45                                     1.1578681903090036e-04
46                                    -3.3411216955562666e-04
47                                    -1.0284426458036094e-04
48                                     6.4054522320665893e-05
49                                    -2.4724600932473772e-04
50                                     3.7129500554723704e-06
51                                     1.4704124855492750e-04
52                                     3.1406207181515125e-04
53                                     3.0231086277259466e-04
54                                     1.4846520577111965e-04
55                                    -6.1394807308029226e-05
56                                    -2.4353735969621050e-05
57                                     1.8182487137891067e-05
58                                     5.7111879014214867e-05
59                                    -9.2009453867076104e-05
60                                    -8.9601396614442323e-05
61                                    -1.1410067740761748e-04
62                                     2.6441830728521495e-05
63                                     5.8112258829503391e-05
64                                    -8.1446583396579898e-05
65                                     8.8108640909423342e-05
66                                     1.4346668718147229e-04
67                                    -9.9493019105168854e-05
68                                     3.4172837229464706e-04
69                                     8.4894543525368177e-05
70                                     1.0591722038691867e-04
71                                    -1.2416581080454539e-04
72                                     1.3553400637837075e-05
73                                     5.0368921510333267e-05
74                                    -9.6867189059768132e-05
75                                    -5.7915844244886257e-05
76                                     6.2923186524219756e-05
77                                     4.7549229785803329e-05
78                                    -1.1059173787522782e-04
79                                    -1.0746295034089685e-04
80                                    -1.4412642184865638e-04
81                                     6.0576528008255375e-05
82                                    -6.0673620033413291e-05
83                                     6.8210190000815482e-05
   &Method [&Type "String"] "SCF"
   &Level [&Type "String"] "Relaxed density"
   &Mult [&Type "Integer"] 1
   &State [&Type "Integer"] 0
   &Irrep [&Type "Integer"] 0
$End
$Geometry
   &GeometryIndex 19
   &NAtoms [&Type "Integer"] 28
   &NCorelessECP [&Type "Integer"] 0
   &NGhostAtoms [&Type "Integer"] 0
   &CartesianCoordinates [&Type "Coordinates", &Dim(28,4), &Units "Bohr"] 
              C     -3.151202289779    3.957938140621    0.901402562311
              C     -3.640292555825    1.452129770894   -0.427901276364
              N     -1.419681408521   -0.203419277814   -0.437306077729
              C     -0.799973561703   -1.493057415428    1.935354315281
              C     -3.077136457252   -2.549504712336    3.336388249324
              C      0.221510199576   -0.209765218577   -2.389770194801
              C     -0.561010638937    1.127873681553   -4.790971580478
              N      2.424415511337   -1.296901413118   -2.426130103060
              P      4.638470098177   -2.513672298591   -0.725594554516
              C      6.102847682965   -0.103376275051    1.156495638233
              O      4.232356769470   -4.986180134405    0.584305709988
              F      6.813503422731   -2.920508306522   -2.832468089259
              H     -1.631016058035    5.019729029202   -0.041303202640
              H     -2.606107890599    3.667154099807    2.887313932219
              H     -4.872617357279    5.122194297579    0.876732474229
              H     -4.261353466989    1.764177898883   -2.375770713451
              H     -5.194870357179    0.437004616188    0.496790950526
              H      0.466390909735   -3.068113451208    1.485038643410
              H      0.260969281204   -0.197051874671    3.182224003615
              H     -4.296987199027   -1.072508972913    4.140404854950
              H     -2.398771709686   -3.718684947959    4.914022421673
              H     -4.229319283579   -3.758458717295    2.096295857097
              H     -0.791496760739    3.167334111255   -4.462598106740
              H     -2.355977964492    0.389149146919   -5.532269726909
              H      0.924585697434    0.845493145849   -6.201603201556
              H      7.870936409208   -0.849869173434    1.949310685094
              H      6.500675491506    1.566375600666   -0.008760510654
              H      4.831153542969    0.424518574317    2.710367021311
$End
$SCF_Energy
   &GeometryIndex 19
   &Method [&Type "String"] "SCF"
   &totalEnergy [&Type "ArrayOfDoubles", &Dim (1,1)] "Total energy of each state"
                                                         0

0                                     -9.0172042513498741e+02
   &Mult [&Type "ArrayOfIntegers", &Dim (1,1)] "Multiplicity of each state"
                                                         0

0                                                        1
$End
$DFT_Energy
   &GeometryIndex 19
   &nAlphaEl [&Type "Integer"] 52
   &nBetaEl [&Type "Integer"] 52
   &nTotalEl [&Type "Integer"] 104
   &finalEn [&Type "Double"]      -9.0172042513498741e+02  "No Van der Waals correction"
   &eExchange [&Type "Double"]       0.0000000000000000e+00
   &eCorr [&Type "Double"]       0.0000000000000000e+00
   &eXC [&Type "Double"]      -7.0051809246974528e+01
   &eCNL [&Type "Double"]       0.0000000000000000e+00
$End
$Solvation_Details
   &GeometryIndex 19
   &Solvent [&Type "String"] "WATER"
   &Epsilon [&Type "Double"]       8.0150999999999996e+01
   &Refrac [&Type "Double"]       1.3328000000000000e+00
   &RSolv [&Type "Double"]       1.3000000000000000e+00
   &SurfaceType [&Type "String"] "GAUSSIAN VDW"
   &CPCMDielEnergy [&Type "Double"]      -2.9033152000000000e-02
   &NPoints [&Type "Integer"] 2364
   &SurfaceArea [&Type "Double"]       8.7180861998099999e+02
$End
$SCF_Timings
   &GeometryIndex 19
   &TOTAL [&Type "Double"]       3.8785207999999997e+01
   &PREP [&Type "Double"]       2.1003639999999999e+00
   &FOCK [&Type "Double"]       3.4733485999999999e+01
   &DENS [&Type "Double"]       6.3807500000000417e-01
   &ETOT [&Type "Double"]       3.5876899999999878e-01
   &TRAFO [&Type "Double"]       1.3270300000000290e-01
   &DIIS [&Type "Double"]       8.8243299999999802e-01
   &SOSCF [&Type "Double"]      -1.9497149999999941e+00
   &XC [&Type "Double"]       7.8450450000000087e+00
   &FOCKSTART [&Type "Double"]       2.2679199999999744e-01
   &SOLV [&Type "Double"]       5.3160480000000039e+00
   &SOLV_INIT [&Type "Double"]       5.0830499999999990e-01
   &INT_PREP [&Type "Double"]       8.0000000073354727e-06
   &INT_BF [&Type "Double"]       5.2475899999992404e-01
   &INT_DENS [&Type "Double"]       3.4261699999990292e-01
   &INT_DENSIO [&Type "Double"]       4.9708291856000069e+04
   &INT_FUNC [&Type "Double"]       1.3616100000000753e-01
   &INT_POT [&Type "Double"]       2.7686499999999548e-01
   &INT_POTIO [&Type "Double"]       5.9876100000004850e-01
   &INT_SUM [&Type "Double"]       7.2530000000003980e-03
   &SPLITRIJ [&Type "Double"]       1.8300489999999967e+00
   &COSX [&Type "Double"]       2.0990067000000007e+01
$End
$VdW_Correction
   &GeometryIndex 19
   &vdW [&Type "Double"]      -1.1886645414673481e-02
$End
$Single_Point_Data
   &GeometryIndex 19
   &FinalEnergy [&Type "Double"]      -9.0173231178040203e+02  "Final single point energy"
   &Converged [&Type "Boolean"] true
$End
$SCF_Nuc_Gradient
   &GeometryIndex 19
   &NAtoms [&Type "Integer"] 28
   &gradNorm [&Type "Double"]       3.0589647327197863e-03
   &grad [&Type "ArrayOfDoubles", &Dim (84,1)] 
                                                         0

0                                      2.4146632178390114e-04
1                                      4.8417456430048969e-05
2                                      6.3441773219166467e-07
3                                     -1.0681042433212345e-04
4                                      7.8977094528377765e-04
5                                     -9.3972621779776932e-05
6                                     -8.5228680158847426e-04
7                                     -3.1775584493536090e-04
8                                      9.0855052498138545e-04
9                                     -1.0277968292286981e-04
10                                    -2.7817880853423004e-04
11                                    -4.0090792502236501e-04
12                                     3.8914904512136605e-05
13                                     9.1801397931101994e-05
14                                    -4.0414044415853756e-05
15                                     9.5901862739016430e-04
16                                     7.9786827626440640e-04
17                                    -7.8214099150397470e-04
18                                    -5.9177600697087442e-05
19                                    -1.9868937037994771e-04
20                                    -1.9541948177931862e-05
21                                    -8.9876335296050632e-04
22                                    -1.0690240076906032e-03
23                                     1.0317863388578853e-04
24                                     7.3431575561907028e-04
25                                     9.6501933878592879e-04
26                                    -4.9776110267822941e-04
27                                     1.3860161922090195e-04
28                                    -6.4255466028801203e-05
29                                     6.0397751367862891e-05
30                                    -6.5009340188030862e-05
31                                    -3.4828277457603417e-04
32                                     2.0183794877370035e-04
33                                    -1.8268622322150773e-04
34                                     1.9896062138110790e-04
35                                     3.7425990793141462e-04
36                                    -1.1959047828286572e-04
37                                     2.2450733214163284e-05
38                                    -6.1925440107299618e-05
39                                    -5.0785274479324248e-06
40                                    -1.3085270776237793e-04
41                                    -7.7770650697192481e-05
42                                    -5.3421509944471824e-05
43                                    -9.9341422349278743e-05
44                                     2.6790834358362964e-06
45                                     4.7396743533823329e-05
46                                    -3.2071118487568128e-04
47                                    -8.3759812191621828e-07
48                                     1.3255836182585399e-04
49                                    -9.1272203080120486e-05
50                                     5.0534474344080969e-05
51                                     4.2755245847915017e-05
52                                     2.0970321594463820e-04
53                                     2.0251703520178649e-04
54                                     8.4925145483912831e-05
55                                    -9.7300627586720134e-05
56                                     9.4916946280886275e-05
57                                     3.0662750340653853e-05
58                                    -3.1625878920689507e-05
59                                    -5.4209320882932214e-05
60                                    -1.1546187493252993e-04
61                                    -3.1596330604856697e-05
62                                     6.2113962666332818e-06
63                                     2.7556258307889220e-05
64                                     2.0147077051666908e-05
65                                     1.2559579711527845e-05
66                                     1.0222690993897024e-04
67                                    -6.0282375020484857e-05
68                                     2.2741979088172778e-04
69                                     7.8244459766669647e-05
70                                     2.9929404532274141e-05
71                                    -9.8843739008023290e-05
72                                    -1.2752945192812689e-05
73                                     5.8662378879800934e-05
74                                    -2.3062879520858545e-05
75                                    -5.6047346064444191e-05
76                                     1.4776987128567061e-05
77                                    -3.2739454308930752e-05
78                                    -9.7761072420858130e-05
79                                    -1.0191658629789808e-04
80                                    -7.1895812455975830e-05
81                                     6.8984119759111945e-05
82                                    -6.4223537649364128e-06
83                                     1.0326006190543530e-05
   &Method [&Type "String"] "SCF"
   &Level [&Type "String"] "Relaxed density"
   &Mult [&Type "Integer"] 1
   &State [&Type "Integer"] 0
   &Irrep [&Type "Integer"] 0
$End
$Geometry
   &GeometryIndex 20
   &NAtoms [&Type "Integer"] 28
   &NCorelessECP [&Type "Integer"] 0
   &NGhostAtoms [&Type "Integer"] 0
   &CartesianCoordinates [&Type "Coordinates", &Dim(28,4), &Units "Bohr"] 
              C     -3.197169284957    3.942524335661    0.876338595032
              C     -3.657428539041    1.425016763183   -0.442295697338
              N     -1.415173727658   -0.201064573893   -0.448490714986
              C     -0.780194099069   -1.473431911709    1.930618828929
              C     -3.043195806316   -2.511357393893    3.366745599904
              C      0.229269371521   -0.184180440917   -2.395284011507
              C     -0.559576407742    1.158407314758   -4.792618039366
              N      2.445001340829   -1.246812262609   -2.437383925905
              P      4.634869928817   -2.518848302672   -0.742209327479
              C      6.112364974244   -0.155159919385    1.189531689628
              O      4.196846285227   -5.010083063197    0.519477342562
              F      6.814804527903   -2.910260639503   -2.847429912213
              H     -1.682894742728    5.013950065007   -0.065049253793
              H     -2.655379872465    3.667144962191    2.865468894975
              H     -4.928508977747    5.091714785068    0.840835889690
              H     -4.288723170240    1.721297936892   -2.389465346944
              H     -5.197478039109    0.396659267125    0.491111774723
              H      0.473064676701   -3.059410765990    1.479601796801
              H      0.297034857564   -0.170767637767    3.156057616815
              H     -4.249130024655   -1.025122222888    4.174997137657
              H     -2.347161423106   -3.669182271130    4.944751954969
              H     -4.213954430187   -3.726393104355    2.150134310088
              H     -0.828832723463    3.192476083434   -4.461681661562
              H     -2.338162206274    0.390675219179   -5.544898480684
              H      0.936844871335    0.903745155693   -6.196756747027
              H      7.868527900808   -0.933509930497    1.978643923140
              H      6.535901806448    1.529238265824    0.054660466781
              H      4.838432990051    0.362734210803    2.744587278212
$End
$SCF_Energy
   &GeometryIndex 20
   &Method [&Type "String"] "SCF"
   &totalEnergy [&Type "ArrayOfDoubles", &Dim (1,1)] "Total energy of each state"
                                                         0

0                                     -9.0172048053477727e+02
   &Mult [&Type "ArrayOfIntegers", &Dim (1,1)] "Multiplicity of each state"
                                                         0

0                                                        1
$End
$DFT_Energy
   &GeometryIndex 20
   &nAlphaEl [&Type "Integer"] 52
   &nBetaEl [&Type "Integer"] 52
   &nTotalEl [&Type "Integer"] 104
   &finalEn [&Type "Double"]      -9.0172048053477727e+02  "No Van der Waals correction"
   &eExchange [&Type "Double"]       0.0000000000000000e+00
   &eCorr [&Type "Double"]       0.0000000000000000e+00
   &eXC [&Type "Double"]      -7.0051683620164539e+01
   &eCNL [&Type "Double"]       0.0000000000000000e+00
$End
$Solvation_Details
   &GeometryIndex 20
   &Solvent [&Type "String"] "WATER"
   &Epsilon [&Type "Double"]       8.0150999999999996e+01
   &Refrac [&Type "Double"]       1.3328000000000000e+00
   &RSolv [&Type "Double"]       1.3000000000000000e+00
   &SurfaceType [&Type "String"] "GAUSSIAN VDW"
   &CPCMDielEnergy [&Type "Double"]      -2.8934298000000001e-02
   &NPoints [&Type "Integer"] 2356
   &SurfaceArea [&Type "Double"]       8.7038283627400006e+02
$End
$SCF_Timings
   &GeometryIndex 20
   &TOTAL [&Type "Double"]       3.8770670000000003e+01
   &PREP [&Type "Double"]       2.1018339999999998e+00
   &FOCK [&Type "Double"]       3.2159043999999994e+01
   &DENS [&Type "Double"]       6.1703600000000236e-01
   &ETOT [&Type "Double"]       4.0363300000000812e-01
   &POP [&Type "Double"]       1.0000000045806701e-06
   &TRAFO [&Type "Double"]       1.2964500000000001e-01
   &DIIS [&Type "Double"]       8.4914400000000345e-01
   &SOSCF [&Type "Double"]       5.3552799999999934e-01
   &XC [&Type "Double"]       5.4601639999999971e+00
   &FOCKSTART [&Type "Double"]       2.2948500000000083e-01
   &SOLV [&Type "Double"]       5.2369589999999970e+00
   &SOLV_INIT [&Type "Double"]       5.2424900000000008e-01
   &SOLV_FINAL [&Type "Double"]       1.0000000045806701e-06
   &INT_PREP [&Type "Double"]       2.9999999995311555e-06
   &INT_BF [&Type "Double"]       5.5023299999995956e-01
   &INT_DENS [&Type "Double"]       3.6646599999997065e-01
   &INT_DENSIO [&Type "Double"]       4.8814588230000067e+04
   &INT_FUNC [&Type "Double"]       1.3658300000010826e-01
   &INT_POT [&Type "Double"]       3.0755699999998054e-01
   &INT_POTIO [&Type "Double"]       6.1865899999994411e-01
   &INT_SUM [&Type "Double"]       2.5349999999946249e-03
   &SPLITRIJ [&Type "Double"]       1.8767220000000018e+00
   &COSX [&Type "Double"]       2.0893301000000012e+01
$End
$VdW_Correction
   &GeometryIndex 20
   &vdW [&Type "Double"]      -1.1880402942627453e-02
$End
$Single_Point_Data
   &GeometryIndex 20
   &FinalEnergy [&Type "Double"]      -9.0173236093771993e+02  "Final single point energy"
   &Converged [&Type "Boolean"] true
$End
$SCF_Nuc_Gradient
   &GeometryIndex 20
   &NAtoms [&Type "Integer"] 28
   &gradNorm [&Type "Double"]       1.7673656850006843e-03
   &grad [&Type "ArrayOfDoubles", &Dim (84,1)] 
                                                         0

0                                      1.5851090244393756e-04
1                                      1.4599539870628576e-05
2                                      6.8798425914065044e-06
3                                     -2.0510391652357510e-04
4                                      1.4473777790605341e-04
5                                     -6.8773228099353072e-05
6                                      2.3685999491600490e-04
7                                     -1.8205603537563980e-04
8                                     -3.4162223277432225e-04
9                                     -5.2391596340189322e-04
10                                     1.0551731007346067e-04
11                                    -2.4976340489768493e-05
12                                     3.3240299174099627e-04
13                                    -5.9250001404658513e-06
14                                     1.3790159445840677e-04
15                                    -1.7252244476066009e-05
16                                     4.3534110532764353e-04
17                                     2.8034191138520166e-04
18                                     3.1881477615021582e-04
19                                     1.8441722008403360e-04
20                                     3.5659846455093807e-05
21                                    -4.6924930822982077e-04
22                                    -7.1742355006758482e-04
23                                    -5.1540336434972476e-04
24                                     7.2210430007334117e-04
25                                     1.3245922966289376e-04
26                                     1.4581329673944612e-04
27                                    -1.9243976987704653e-04
28                                     1.7802503079524448e-04
29                                     2.3896975041637488e-04
30                                     2.6899357160731886e-05
31                                    -5.0579625955480325e-05
32                                    -5.9467753578244353e-05
33                                    -2.2955523274587151e-04
34                                     1.1399428126580517e-04
35                                     9.2085660470905963e-05
36                                    -5.5661046004215175e-05
37                                    -6.1380332036579504e-06
38                                    -7.1002047008607844e-06
39                                     9.9427653542347757e-06
40                                    -7.8111180556451068e-05
41                                    -5.6320859832970838e-05
42                                    -2.9545393701318416e-05
43                                    -4.6629382126727163e-05
44                                     1.9598863690722837e-05
45                                    -6.3501307091356644e-05
46                                    -2.5558871914536772e-04
47                                     5.7405879476655263e-05
48                                     1.1925346580676755e-04
49                                     1.0057423278468448e-04
50                                     8.2463118890631836e-05
51                                    -3.2215747422621098e-05
52                                     4.5008743805059455e-05
53                                     5.2051277706210065e-05
54                                     3.7464677076012301e-05
55                                    -1.2178881946978693e-04
56                                     1.2575305086077283e-04
57                                     1.3857889882318319e-07
58                                    -5.3154718323277839e-05
59                                     1.4950241536335038e-05
60                                    -1.1196160484214643e-04
61                                     5.4347196147845890e-05
62                                    -8.5883400233040819e-06
63                                    -3.3499867988531221e-07
64                                     9.2684536284263927e-05
65                                    -7.8838633529215789e-05
66                                    -7.4850568915288011e-06
67                                    -2.8416324940441318e-05
68                                    -3.9149228077553738e-05
69                                     2.3296018924715719e-05
70                                    -7.2031657012858034e-05
71                                     1.3391894163779666e-05
72                                    -4.1595082179886306e-05
73                                     2.3043612367908622e-05
74                                     3.0048681497165552e-05
75                                    -9.4170398039952996e-06
76                                    -4.8955029001298556e-05
77                                    -1.1455458000162191e-04
78                                    -5.0485180509651648e-05
79                                    -5.3551853441899456e-05
80                                    -5.3583330818429757e-06
81                                     5.4031107138260149e-05
82                                     9.5600039159496913e-05
83                                    -1.3161850444345553e-05
   &Method [&Type "String"] "SCF"
   &Level [&Type "String"] "Relaxed density"
   &Mult [&Type "Integer"] 1
   &State [&Type "Integer"] 0
   &Irrep [&Type "Integer"] 0
$End
$Geometry
   &GeometryIndex 21
   &NAtoms [&Type "Integer"] 28
   &NCorelessECP [&Type "Integer"] 0
   &NGhostAtoms [&Type "Integer"] 0
   &CartesianCoordinates [&Type "Coordinates", &Dim(28,4), &Units "Bohr"] 
              C     -3.249565779213    3.929685310959    0.871000807703
              C     -3.670234173219    1.409898289643   -0.456944145554
              N     -1.408172249864   -0.188720578735   -0.452989231445
              C     -0.763294802876   -1.442179172747    1.933926954137
              C     -3.016309854595   -2.484332692103    3.382875328849
              C      0.237593013295   -0.160349029694   -2.397192238830
              C     -0.560115940786    1.177537349407   -4.795082032102
              N      2.464571324297   -1.201704351623   -2.444545402553
              P      4.629608931176   -2.525074579464   -0.752507466073
              C      6.139265573254   -0.203031915489    1.205325003426
              O      4.152424685111   -5.022550603080    0.481491885206
              F      6.807313704751   -2.926694649534   -2.858258419928
              H     -1.733764637297    5.016845567992   -0.049771311538
              H     -2.729151933522    3.657534178392    2.866380683812
              H     -4.990589854153    5.063361647132    0.816085224333
              H     -4.292418226212    1.705789469544   -2.406981337674
              H     -5.205279675164    0.362020192895    0.463030432199
              H      0.495448518561   -3.026448617964    1.491717260872
              H      0.307335810830   -0.123848277124    3.147978691066
              H     -4.233775333492   -1.000701895413    4.178631275669
              H     -2.306558949195   -3.619918872507    4.970911999309
              H     -4.178170228902   -3.721737617459    2.180368284017
              H     -0.859980938815    3.207755597966   -4.467727216167
              H     -2.325775844967    0.384515263839   -5.552096343525
              H      0.943279941946    0.941113874096   -6.194910253384
              H      7.881148071028   -1.016349448189    1.991115856049
              H      6.593769581583    1.483922751485    0.086050150244
              H      4.871399323130    0.323662732186    2.762115542987
$End
$SCF_Energy
   &GeometryIndex 21
   &Method [&Type "String"] "SCF"
   &totalEnergy [&Type "ArrayOfDoubles", &Dim (1,1)] "Total energy of each state"
                                                         0

0                                     -9.0172052422480488e+02
   &Mult [&Type "ArrayOfIntegers", &Dim (1,1)] "Multiplicity of each state"
                                                         0

0                                                        1
$End
$DFT_Energy
   &GeometryIndex 21
   &nAlphaEl [&Type "Integer"] 52
   &nBetaEl [&Type "Integer"] 52
   &nTotalEl [&Type "Integer"] 104
   &finalEn [&Type "Double"]      -9.0172052422480488e+02  "No Van der Waals correction"
   &eExchange [&Type "Double"]       0.0000000000000000e+00
   &eCorr [&Type "Double"]       0.0000000000000000e+00
   &eXC [&Type "Double"]      -7.0051223617335410e+01
   &eCNL [&Type "Double"]       0.0000000000000000e+00
$End
$Solvation_Details
   &GeometryIndex 21
   &Solvent [&Type "String"] "WATER"
   &Epsilon [&Type "Double"]       8.0150999999999996e+01
   &Refrac [&Type "Double"]       1.3328000000000000e+00
   &RSolv [&Type "Double"]       1.3000000000000000e+00
   &SurfaceType [&Type "String"] "GAUSSIAN VDW"
   &CPCMDielEnergy [&Type "Double"]      -2.8786521999999998e-02
   &NPoints [&Type "Integer"] 2363
   &SurfaceArea [&Type "Double"]       8.6991923470300003e+02
$End
$SCF_Timings
   &GeometryIndex 21
   &TOTAL [&Type "Double"]       3.8766010999999999e+01
   &PREP [&Type "Double"]       2.0552410000000001e+00
   &FOCK [&Type "Double"]       3.2164827000000002e+01
   &DENS [&Type "Double"]       6.2466200000000427e-01
   &ETOT [&Type "Double"]       3.5434699999999353e-01
   &POP [&Type "Double"]       1.0000000045806701e-06
   &TRAFO [&Type "Double"]       1.3520800000000222e-01
   &DIIS [&Type "Double"]       9.0243399999999774e-01
   &SOSCF [&Type "Double"]       5.4326099999999755e-01
   &XC [&Type "Double"]       7.8585490000000000e+00
   &FOCKSTART [&Type "Double"]       2.2482399999999325e-01
   &SOLV [&Type "Double"]       5.3449529999999950e+00
   &SOLV_INIT [&Type "Double"]       5.2282499999999998e-01
   &SOLV_FINAL [&Type "Double"]       9.9999999747524271e-07
   &INT_PREP [&Type "Double"]       5.0000000069161388e-06
   &INT_BF [&Type "Double"]       5.3990800000001737e-01
   &INT_DENS [&Type "Double"]       3.5598399999996477e-01
   &INT_DENSIO [&Type "Double"]       4.8992351582000083e+04
   &INT_FUNC [&Type "Double"]       1.3546499999994044e-01
   &INT_POT [&Type "Double"]       2.9584099999994251e-01
   &INT_POTIO [&Type "Double"]       5.9516900000003936e-01
   &INT_SUM [&Type "Double"]       1.2569999999936243e-03
   &SPLITRIJ [&Type "Double"]       1.8287409999999986e+00
   &COSX [&Type "Double"]       1.8407946000000003e+01
$End
$VdW_Correction
   &GeometryIndex 21
   &vdW [&Type "Double"]      -1.1866835027170128e-02
$End
$Single_Point_Data
   &GeometryIndex 21
   &FinalEnergy [&Type "Double"]      -9.0173239105983203e+02  "Final single point energy"
   &Converged [&Type "Boolean"] true
$End
$SCF_Nuc_Gradient
   &GeometryIndex 21
   &NAtoms [&Type "Integer"] 28
   &gradNorm [&Type "Double"]       2.5890227341249816e-03
   &grad [&Type "ArrayOfDoubles", &Dim (84,1)] 
                                                         0

0                                      2.9660601157869751e-05
1                                     -3.7557960455210487e-05
2                                     -5.2323313979432237e-05
3                                     -1.5624498329787698e-04
4                                     -1.5724079342691548e-04
5                                     -9.8649948023395148e-05
6                                      6.3206439397414205e-04
7                                      4.1114947919830100e-05
8                                     -7.3457013390305611e-04
9                                     -5.2518168746761192e-04
10                                     2.0173636373726291e-04
11                                     7.3002714690387766e-05
12                                     3.0919853042389090e-04
13                                    -1.4871445909747108e-05
14                                     2.0899277115152287e-04
15                                    -5.7650377878757861e-04
16                                     1.2351555746847333e-04
17                                     1.0309214059024900e-03
18                                     4.0287740434281867e-04
19                                     3.7695426281072396e-04
20                                     1.2527681464249478e-04
21                                    -5.7952246323410484e-05
22                                    -4.0113614462146396e-04
23                                    -1.2656670517517661e-03
24                                     5.8052521282365142e-04
25                                    -4.0414499265514114e-04
26                                     7.2201167346815011e-04
27                                    -3.0069313869597933e-04
28                                     2.2368898441804748e-04
29                                     3.4522455996290725e-04
30                                     8.3346463363958434e-05
31                                     1.6786359762381741e-04
32                                    -2.3496416953381515e-04
33                                    -2.4078564203106905e-04
34                                     6.2714062954605894e-05
35                                    -2.8554468300251284e-05
36                                    -2.0829654864027602e-05
37                                     2.6246947222009134e-05
38                                     8.3339335438245332e-05
39                                     2.3088222206833913e-05
40                                    -4.8196678981833862e-05
41                                    -2.7429600548181074e-05
42                                    -5.5914767494792309e-06
43                                    -6.0631280519246811e-07
44                                     8.3527829171388944e-06
45                                    -1.0070679528258068e-04
46                                    -1.6789625349951449e-04
47                                     2.6517471436145713e-05
48                                     6.3491256772645510e-05
49                                     1.9833486757042079e-04
50                                     5.2672768994761342e-05
51                                    -2.4059081864985664e-05
52                                    -8.8662787842915363e-05
53                                    -4.1344290727785761e-05
54                                    -8.7612209005299329e-05
55                                    -1.0819871882906788e-04
56                                     9.4996928346435352e-05
57                                     3.1326583803579323e-06
58                                    -4.3003179167909040e-05
59                                     4.3236472548870060e-05
60                                    -6.5065178048690661e-05
61                                     6.6634496548155823e-05
62                                    -1.1855084833150637e-05
63                                     1.6839949779026869e-05
64                                     6.3013594607000222e-05
65                                    -8.6772892840383510e-05
66                                    -1.0590361346678751e-04
67                                    -2.0821534849505132e-05
68                                    -2.1020533500960465e-04
69                                    -1.3868479098533083e-05
70                                    -1.1570182132946613e-04
71                                     9.1860045852656366e-05
72                                    -3.4846014876935009e-05
73                                    -1.9990268078279759e-05
74                                     3.6852462614497063e-05
75                                     3.6005055488269122e-05
76                                    -5.7253702424845796e-05
77                                    -1.2991970463756204e-04
78                                    -8.9667905440044264e-06
79                                    -1.5336606930636855e-05
80                                     1.3555955246129296e-06
81                                     1.4458102921667266e-04
82                                     1.4880143118606477e-04
83                                    -2.2357840584688135e-05
   &Method [&Type "String"] "SCF"
   &Level [&Type "String"] "Relaxed density"
   &Mult [&Type "Integer"] 1
   &State [&Type "Integer"] 0
   &Irrep [&Type "Integer"] 0
$End
$Geometry
   &GeometryIndex 22
   &NAtoms [&Type "Integer"] 28
   &NCorelessECP [&Type "Integer"] 0
   &NGhostAtoms [&Type "Integer"] 0
   &CartesianCoordinates [&Type "Coordinates", &Dim(28,4), &Units "Bohr"] 
              C     -3.278328310626    3.922270833078    0.869370197493
              C     -3.677777180542    1.401617205941   -0.463794246702
              N     -1.405697059612   -0.182228268176   -0.456087989748
              C     -0.752441554365   -1.425007124504    1.934070295349
              C     -3.000066603516   -2.469097360723    3.390941228958
              C      0.241247344090   -0.146469439946   -2.399650309695
              C     -0.562238260679    1.186507050211   -4.798753735214
              N      2.475921792503   -1.171635954285   -2.445041321764
              P      4.625996607846   -2.526007267646   -0.758617014700
              C      6.154696921221   -0.230772375571    1.215334952909
              O      4.125093603555   -5.026216621500    0.460905961380
              F      6.803046490176   -2.935808180794   -2.863380170447
              H     -1.762005251332    5.017283515262   -0.041506333167
              H     -2.769112066538    3.652476689169    2.868028253353
              H     -5.024305104593    5.047738272554    0.803840607649
              H     -4.294760138561    1.699409861895   -2.415059544880
              H     -5.210051688466    0.341446835986    0.447558967249
              H      0.508737504562   -3.008046906702    1.495876236092
              H      0.315606489207   -0.097145610781    3.140353097668
              H     -4.224641655112   -0.986745096451    4.178309559580
              H     -2.281765665466   -3.590439260639    4.985484629113
              H     -4.156357185367   -3.721140006256    2.198267795557
              H     -0.878510439591    3.214336317259   -4.471952781343
              H     -2.320560402743    0.379779864367   -5.558589804436
              H      0.944918629109    0.960620818668   -6.196429113673
              H      7.885500674224   -1.065479476914    2.003280263494
              H      6.630746116518    1.457374974031    0.106569113957
              H      4.887106450792    0.301376636877    2.770671187070
$End
$SCF_Energy
   &GeometryIndex 22
   &Method [&Type "String"] "SCF"
   &totalEnergy [&Type "ArrayOfDoubles", &Dim (1,1)] "Total energy of each state"
                                                         0

0                                     -9.0172055036892039e+02
   &Mult [&Type "ArrayOfIntegers", &Dim (1,1)] "Multiplicity of each state"
                                                         0

0                                                        1
$End
$DFT_Energy
   &GeometryIndex 22
   &nAlphaEl [&Type "Integer"] 52
   &nBetaEl [&Type "Integer"] 52
   &nTotalEl [&Type "Integer"] 104
   &finalEn [&Type "Double"]      -9.0172055036892039e+02  "No Van der Waals correction"
   &eExchange [&Type "Double"]       0.0000000000000000e+00
   &eCorr [&Type "Double"]       0.0000000000000000e+00
   &eXC [&Type "Double"]      -7.0051015670990751e+01
   &eCNL [&Type "Double"]       0.0000000000000000e+00
$End
$Solvation_Details
   &GeometryIndex 22
   &Solvent [&Type "String"] "WATER"
   &Epsilon [&Type "Double"]       8.0150999999999996e+01
   &Refrac [&Type "Double"]       1.3328000000000000e+00
   &RSolv [&Type "Double"]       1.3000000000000000e+00
   &SurfaceType [&Type "String"] "GAUSSIAN VDW"
   &CPCMDielEnergy [&Type "Double"]      -2.8669500000000001e-02
   &NPoints [&Type "Integer"] 2362
   &SurfaceArea [&Type "Double"]       8.6950283661100002e+02
$End
$SCF_Timings
   &GeometryIndex 22
   &TOTAL [&Type "Double"]       3.6031995999999999e+01
   &PREP [&Type "Double"]       2.1062970000000001e+00
   &FOCK [&Type "Double"]       2.9968549999999993e+01
   &DENS [&Type "Double"]       5.6699899999999914e-01
   &ETOT [&Type "Double"]       3.0907799999999863e-01
   &POP [&Type "Double"]       1.0000000045806701e-06
   &TRAFO [&Type "Double"]       1.5084899999999557e-01
   &DIIS [&Type "Double"]       4.6455099999999838e-01
   &SOSCF [&Type "Double"]       6.6390299999999947e-01
   &XC [&Type "Double"]       4.6879209999999949e+00
   &FOCKSTART [&Type "Double"]       2.1596100000000229e-01
   &SOLV [&Type "Double"]       4.7180080000000011e+00
   &SOLV_INIT [&Type "Double"]       4.9970599999999998e-01
   &INT_PREP [&Type "Double"]       5.0000000024752467e-06
   &INT_BF [&Type "Double"]       4.8660900000000140e-01
   &INT_DENS [&Type "Double"]       3.2289499999998039e-01
   &INT_DENSIO [&Type "Double"]       4.1758404501000070e+04
   &INT_FUNC [&Type "Double"]       1.2237899999995694e-01
   &INT_POT [&Type "Double"]       2.6614300000013191e-01
   &INT_POTIO [&Type "Double"]       5.3870899999991462e-01
   &INT_SUM [&Type "Double"]       6.3370000000038118e-03
   &SPLITRIJ [&Type "Double"]       1.6816590000000011e+00
   &COSX [&Type "Double"]       2.0196942000000000e+01
$End
$VdW_Correction
   &GeometryIndex 22
   &vdW [&Type "Double"]      -1.1859972731400664e-02
$End
$Single_Point_Data
   &GeometryIndex 22
   &FinalEnergy [&Type "Double"]      -9.0173241034165176e+02  "Final single point energy"
   &Converged [&Type "Boolean"] true
$End
$SCF_Nuc_Gradient
   &GeometryIndex 22
   &NAtoms [&Type "Integer"] 28
   &gradNorm [&Type "Double"]       2.1339739360998746e-03
   &grad [&Type "ArrayOfDoubles", &Dim (84,1)] 
                                                         0

0                                     -6.7794782188735503e-05
1                                     -3.9917932312654640e-05
2                                     -8.3065149232282800e-05
3                                      3.0601388786616623e-05
4                                     -2.1482521636999422e-04
5                                     -7.3640150188070388e-05
6                                      4.4578932327343182e-04
7                                      1.4980762365896568e-04
8                                     -4.6429104458113043e-04
9                                     -2.0087325928798183e-04
10                                     7.5665392349443395e-05
11                                     6.6266772035073592e-06
12                                     9.1547894374276634e-05
13                                     1.1531760444014751e-06
14                                     9.5311648644847506e-05
15                                    -4.8991149450203523e-04
16                                    -1.2773683360252486e-04
17                                     9.6461338245436962e-04
18                                     3.4796620115567264e-04
19                                     4.1079519430458386e-04
20                                     8.1981106262856492e-05
21                                     1.8496002508884210e-04
22                                    -1.6694735908673468e-04
23                                    -1.2206812206029620e-03
24                                     2.3390143953938320e-04
25                                    -2.9621045442755541e-04
26                                     5.7048419681300807e-04
27                                    -3.2607904570193123e-04
28                                     8.3359315415083889e-05
29                                     2.7706127355652400e-04
30                                     1.1283533958711777e-04
31                                     1.4921770943320873e-04
32                                    -1.4483912833654014e-04
33                                    -1.9247292218214823e-04
34                                     1.5862774907573362e-06
35                                     1.5878376608191999e-05
36                                     2.0932922415193065e-05
37                                     3.6738544978987231e-05
38                                     7.4403562107728947e-05
39                                     1.9270460702019418e-05
40                                    -1.7507367204719045e-05
41                                     8.7712262801716932e-07
42                                     6.5989530529127189e-06
43                                     3.1092540481065034e-05
44                                     4.8699993972933142e-06
45                                    -9.7866490981796778e-05
46                                    -8.0758517388572661e-05
47                                     5.6736258608067788e-05
48                                    -2.1351069705231634e-05
49                                     1.0402151940082416e-04
50                                     6.0102197248240421e-05
51                                    -5.0823457864894942e-05
52                                    -7.7402898219342439e-05
53                                    -8.8030413652071549e-05
54                                    -6.5125652382699753e-05
55                                     9.6425139245733080e-06
56                                     6.4284036632725089e-05
57                                    -1.7463263429383218e-05
58                                    -1.1725848622018958e-05
59                                     5.0779968822038568e-05
60                                     8.5206028242202746e-06
61                                     3.2348696773876148e-05
62                                     5.9327973690364362e-07
63                                     7.6992819796799405e-07
64                                     7.4257357340847051e-06
65                                    -3.8404623175010808e-05
66                                    -1.4165765301725610e-04
67                                    -1.1094684345371457e-05
68                                    -1.9399717208928543e-04
69                                    -2.0440769286560270e-05
70                                    -1.2711661290513637e-04
71                                     6.5229834723892215e-05
72                                    -1.7510668249555717e-05
73                                    -5.1206590541094836e-05
74                                     1.4281795894692187e-06
75                                     6.4793405624341720e-05
76                                    -2.7016874216199933e-05
77                                    -9.0367150632799891e-05
78                                     3.1688818217207027e-05
79                                     1.8642110518965767e-05
80                                    -1.2494294130457003e-05
81                                     1.0919384470111798e-04
82                                     1.3797077082785351e-04
83                                     1.8549220173516654e-05
   &Method [&Type "String"] "SCF"
   &Level [&Type "String"] "Relaxed density"
   &Mult [&Type "Integer"] 1
   &State [&Type "Integer"] 0
   &Irrep [&Type "Integer"] 0
$End
$Geometry
   &GeometryIndex 23
   &NAtoms [&Type "Integer"] 28
   &NCorelessECP [&Type "Integer"] 0
   &NGhostAtoms [&Type "Integer"] 0
   &CartesianCoordinates [&Type "Coordinates", &Dim(28,4), &Units "Bohr"] 
              C     -3.320459406510    3.911407732183    0.862386788654
              C     -3.691518032251    1.388466180689   -0.474914970590
              N     -1.407394993302   -0.177322510858   -0.457893945751
              C     -0.744968921264   -1.403011426703    1.938835221895
              C     -2.986643379730   -2.449117013687    3.404192927018
              C      0.245572169093   -0.129066450785   -2.396672571404
              C     -0.560414428212    1.201992352926   -4.795994501142
              N      2.488153411290   -1.136669459139   -2.435802088141
              P      4.627258210165   -2.528561866792   -0.767975567063
              C      6.186343915072   -0.267608873685    1.220472240491
              O      4.102682180050   -5.032574855253    0.434458158912
              F      6.796173030391   -2.946067663960   -2.880375809289
              H     -1.804384301666    5.015769064912   -0.037792713943
              H     -2.825287350105    3.646730207535    2.865284968810
              H     -5.073208102990    5.025277029522    0.782117450626
              H     -4.298532165332    1.686775689603   -2.429350622031
              H     -5.221258957599    0.313249523248    0.423456717964
              H      0.522057664355   -2.983303482450    1.509628289167
              H      0.317634082402   -0.060857367773    3.134302979672
              H     -4.221267020532   -0.968142442183    4.178254303666
              H     -2.259230365249   -3.550902295344    5.008458813806
              H     -4.134184971797   -3.720811289198    2.224047902684
              H     -0.888547171410    3.227364939265   -4.465352297182
              H     -2.312185240982    0.387056904018   -5.561940833076
              H      0.951568250602    0.987039702146   -6.190326282472
              H      7.905224133174   -1.128518995029    2.006077367583
              H      6.684231391612    1.422727445687    0.124625289913
              H      4.922586427416    0.268679145516    2.777792762325
$End
$SCF_Energy
   &GeometryIndex 23
   &Method [&Type "String"] "SCF"
   &totalEnergy [&Type "ArrayOfDoubles", &Dim (1,1)] "Total energy of each state"
                                                         0

0                                     -9.0172057714361210e+02
   &Mult [&Type "ArrayOfIntegers", &Dim (1,1)] "Multiplicity of each state"
                                                         0

0                                                        1
$End
$DFT_Energy
   &GeometryIndex 23
   &nAlphaEl [&Type "Integer"] 52
   &nBetaEl [&Type "Integer"] 52
   &nTotalEl [&Type "Integer"] 104
   &finalEn [&Type "Double"]      -9.0172057714361210e+02  "No Van der Waals correction"
   &eExchange [&Type "Double"]       0.0000000000000000e+00
   &eCorr [&Type "Double"]       0.0000000000000000e+00
   &eXC [&Type "Double"]      -7.0050863247460413e+01
   &eCNL [&Type "Double"]       0.0000000000000000e+00
$End
$Solvation_Details
   &GeometryIndex 23
   &Solvent [&Type "String"] "WATER"
   &Epsilon [&Type "Double"]       8.0150999999999996e+01
   &Refrac [&Type "Double"]       1.3328000000000000e+00
   &RSolv [&Type "Double"]       1.3000000000000000e+00
   &SurfaceType [&Type "String"] "GAUSSIAN VDW"
   &CPCMDielEnergy [&Type "Double"]      -2.8563145000000002e-02
   &NPoints [&Type "Integer"] 2363
   &SurfaceArea [&Type "Double"]       8.6968787963000000e+02
$End
$SCF_Timings
   &GeometryIndex 23
   &TOTAL [&Type "Double"]       3.5731061000000004e+01
   &PREP [&Type "Double"]       2.1356830000000002e+00
   &FOCK [&Type "Double"]       2.9549441000000005e+01
   &DENS [&Type "Double"]       5.7104100000000102e-01
   &ETOT [&Type "Double"]       3.1090800000000307e-01
   &POP [&Type "Double"]       9.9999999747524271e-07
   &TRAFO [&Type "Double"]       2.1699899999999417e-01
   &DIIS [&Type "Double"]       6.2807400000000069e-01
   &SOSCF [&Type "Double"]       5.4717200000000155e-01
   &XC [&Type "Double"]       7.1488829999999988e+00
   &FOCKSTART [&Type "Double"]       2.1079500000000140e-01
   &SOLV [&Type "Double"]       4.6490570000000035e+00
   &SOLV_INIT [&Type "Double"]       5.4082900000000000e-01
   &SOLV_FINAL [&Type "Double"]       9.9999999747524271e-07
   &INT_PREP [&Type "Double"]       4.9999999989225330e-06
   &INT_BF [&Type "Double"]       4.8536900000005634e-01
   &INT_DENS [&Type "Double"]       3.2457600000000664e-01
   &INT_DENSIO [&Type "Double"]       4.1203784392000089e+04
   &INT_FUNC [&Type "Double"]       1.2203600000003334e-01
   &INT_POT [&Type "Double"]       2.6592299999991997e-01
   &INT_POTIO [&Type "Double"]       5.3581500000006077e-01
   &INT_SUM [&Type "Double"]       7.8389999999970428e-03
   &SPLITRIJ [&Type "Double"]       1.6708580000000040e+00
   &COSX [&Type "Double"]       1.7456610000000001e+01
$End
$VdW_Correction
   &GeometryIndex 23
   &vdW [&Type "Double"]      -1.1845823046339996e-02
$End
$Single_Point_Data
   &GeometryIndex 23
   &FinalEnergy [&Type "Double"]      -9.0173242296665842e+02  "Final single point energy"
   &Converged [&Type "Boolean"] true
$End
$SCF_Nuc_Gradient
   &GeometryIndex 23
   &NAtoms [&Type "Integer"] 28
   &gradNorm [&Type "Double"]       1.6879391265841831e-03
   &grad [&Type "ArrayOfDoubles", &Dim (84,1)] 
                                                         0

0                                     -1.5617440499311448e-04
1                                      6.0660399717090262e-06
2                                     -9.3764375349814224e-05
3                                      2.3684751195534193e-04
4                                     -2.3531619849942611e-04
5                                      4.2778059966166685e-05
6                                      4.8923667836485988e-06
7                                      1.4489954524637776e-04
8                                     -2.6530728847492456e-04
9                                      1.5928860036630707e-04
10                                    -5.7624552452882258e-05
11                                     3.9425026752034828e-05
12                                    -1.8135287516822941e-04
13                                     3.7493027188401387e-05
14                                    -5.5042169539237622e-05
15                                    -2.4560215736312214e-04
16                                    -3.6893313124704944e-05
17                                     8.3544050025407320e-04
18                                     1.0471955744883350e-04
19                                     2.9002446843973129e-04
20                                     1.0284183322073534e-04
21                                     3.4185227996210717e-04
22                                    -7.5687147829795669e-05
23                                    -1.0772879413495906e-03
24                                    -6.1503039238647579e-05
25                                    -9.8312797274498282e-05
26                                     4.2667166833025805e-04
27                                    -1.4119995254725917e-04
28                                    -8.7858306792946121e-05
29                                     7.6756126429102900e-05
30                                     1.7665469596430560e-04
31                                     4.6685699320645715e-05
32                                    -3.3457757441476756e-05
33                                    -4.9440976752790616e-05
34                                    -1.8350435614621020e-05
35                                     2.2613606375926788e-05
36                                     5.7798653501182725e-05
37                                    -1.1658700400382239e-06
38                                     1.0941593456399497e-05
39                                     6.1224945324504651e-06
40                                     1.1630032347496815e-05
41                                     2.5638995111741480e-05
42                                     2.1025312249024918e-05
43                                     5.4299427902659896e-05
44                                     3.6065260183719375e-06
45                                    -8.9231837208493937e-05
46                                     3.7044181496315610e-05
47                                    -3.2054911222545595e-05
48                                    -3.9171896782096839e-05
49                                     4.2384874843573480e-06
50                                    -1.4980961477449980e-05
51                                    -1.5294303201888619e-04
52                                    -2.4506552812768095e-06
53                                    -2.5635619910320045e-05
54                                    -6.1593628955575397e-05
55                                     9.9540912187845508e-05
56                                     4.2429906340677419e-06
57                                    -6.2452041785402610e-06
58                                     2.4593793989339781e-06
59                                     4.4621175424632352e-05
60                                     9.1452284168735815e-05
61                                    -1.5284638517348605e-05
62                                    -3.9078725508312587e-07
63                                    -1.1016453182331150e-05
64                                    -5.0773495705729560e-05
65                                     4.1131291999856786e-05
66                                    -1.2659486948538625e-04
67                                    -1.9139807705644522e-05
68                                    -9.7237442570912526e-05
69                                    -3.8635402711288482e-05
70                                    -8.7546597349459344e-05
71                                     1.6815372046447487e-05
72                                     7.6553208082288796e-06
73                                    -7.3641176393453035e-05
74                                    -9.5504000189133132e-06
75                                     5.2854606759895656e-05
76                                     2.5793978617639082e-05
77                                    -1.2223722216178390e-05
78                                     5.3343015722283902e-05
79                                     3.9484888921193967e-05
80                                    -8.2261899366866303e-06
81                                     4.6199086292397513e-05
82                                     6.0384840647090360e-05
83                                     3.1634770186319603e-05
   &Method [&Type "String"] "SCF"
   &Level [&Type "String"] "Relaxed density"
   &Mult [&Type "Integer"] 1
   &State [&Type "Integer"] 0
   &Irrep [&Type "Integer"] 0
$End
$Geometry
   &GeometryIndex 24
   &NAtoms [&Type "Integer"] 28
   &NCorelessECP [&Type "Integer"] 0
   &NGhostAtoms [&Type "Integer"] 0
   &CartesianCoordinates [&Type "Coordinates", &Dim(28,4), &Units "Bohr"] 
              C     -3.343804158683    3.904374914344    0.861243140555
              C     -3.700789511235    1.381526910063   -0.480033985879
              N     -1.410634626917   -0.175098051655   -0.459971175620
              C     -0.741092633349   -1.392437389435    1.939182104948
              C     -2.978987989846   -2.438009199862    3.410487984044
              C      0.246109034506   -0.120430259854   -2.396214859223
              C     -0.557511048675    1.208718796790   -4.797087280766
              N      2.493112326237   -1.116144450949   -2.424379808958
              P      4.627522367023   -2.528331118141   -0.771191602677
              C      6.204873762875   -0.285706246391    1.222463859389
              O      4.088752280629   -5.032735017929    0.424984921189
              F      6.789613854432   -2.953524650931   -2.889619349299
              H     -1.830582310006    5.015337664781   -0.035516692686
              H     -2.852260650187    3.641013739721    2.865150678045
              H     -5.101094885090    5.010716959219    0.777209838703
              H     -4.302778984230    1.681651021827   -2.435599271844
              H     -5.228742868801    0.297381333415    0.411036171356
              H      0.528833456888   -2.971325463321    1.513190720273
              H      0.320656225039   -0.043596107240    3.127981151030
              H     -4.217489649591   -0.956696265471    4.177627902640
              H     -2.247268624428   -3.529798684434    5.019654614615
              H     -4.123406032610   -3.719068514363    2.237580456418
              H     -0.883351775342    3.234254017241   -4.464382539443
              H     -2.308807062634    0.396019923408   -5.565785226659
              H      0.956252146531    0.994156209886   -6.189611173568
              H      7.915919819760   -1.160866867386    2.009084585276
              H      6.715374998786    1.405008933706    0.133166622399
              H      4.941582595608    0.253607787372    2.779348196843
$End
$SCF_Energy
   &GeometryIndex 24
   &Method [&Type "String"] "SCF"
   &totalEnergy [&Type "ArrayOfDoubles", &Dim (1,1)] "Total energy of each state"
                                                         0

0                                     -9.0172059691253457e+02
   &Mult [&Type "ArrayOfIntegers", &Dim (1,1)] "Multiplicity of each state"
                                                         0

0                                                        1
$End
$DFT_Energy
   &GeometryIndex 24
   &nAlphaEl [&Type "Integer"] 52
   &nBetaEl [&Type "Integer"] 52
   &nTotalEl [&Type "Integer"] 104
   &finalEn [&Type "Double"]      -9.0172059691253457e+02  "No Van der Waals correction"
   &eExchange [&Type "Double"]       0.0000000000000000e+00
   &eCorr [&Type "Double"]       0.0000000000000000e+00
   &eXC [&Type "Double"]      -7.0051257470440419e+01
   &eCNL [&Type "Double"]       0.0000000000000000e+00
$End
$Solvation_Details
   &GeometryIndex 24
   &Solvent [&Type "String"] "WATER"
   &Epsilon [&Type "Double"]       8.0150999999999996e+01
   &Refrac [&Type "Double"]       1.3328000000000000e+00
   &RSolv [&Type "Double"]       1.3000000000000000e+00
   &SurfaceType [&Type "String"] "GAUSSIAN VDW"
   &CPCMDielEnergy [&Type "Double"]      -2.8465979999999998e-02
   &NPoints [&Type "Integer"] 2361
   &SurfaceArea [&Type "Double"]       8.6985213298199994e+02
$End
$SCF_Timings
   &GeometryIndex 24
   &TOTAL [&Type "Double"]       3.3703099000000002e+01
   &PREP [&Type "Double"]       2.1189720000000003e+00
   &FOCK [&Type "Double"]       3.0509599000000001e+01
   &DENS [&Type "Double"]       4.5752300000000190e-01
   &ETOT [&Type "Double"]       2.7787199999999235e-01
   &POP [&Type "Double"]       1.0000000045806701e-06
   &TRAFO [&Type "Double"]       6.7450000000000898e-02
   &DIIS [&Type "Double"]       1.1134299999999975e-01
   &SOSCF [&Type "Double"]       8.4151600000000570e-01
   &XC [&Type "Double"]       6.2197249999999986e+00
   &FOCKSTART [&Type "Double"]       1.9847299999999501e-01
   &SOLV [&Type "Double"]       4.2618549999999971e+00
   &SOLV_INIT [&Type "Double"]       5.1623600000000003e-01
   &INT_PREP [&Type "Double"]       3.9999999970063982e-06
   &INT_BF [&Type "Double"]       4.2582900000002244e-01
   &INT_DENS [&Type "Double"]       2.8029900000004115e-01
   &INT_DENSIO [&Type "Double"]       3.7294813941000073e+04
   &INT_FUNC [&Type "Double"]       1.0879099999999298e-01
   &INT_POT [&Type "Double"]       2.3291099999997744e-01
   &INT_POTIO [&Type "Double"]       4.6605199999995950e-01
   &INT_SUM [&Type "Double"]       1.9459999999993371e-03
   &SPLITRIJ [&Type "Double"]       1.4686499999999980e+00
   &COSX [&Type "Double"]       1.7524450999999992e+01
$End
$VdW_Correction
   &GeometryIndex 24
   &vdW [&Type "Double"]      -1.1838377986113148e-02
$End
$Single_Point_Data
   &GeometryIndex 24
   &FinalEnergy [&Type "Double"]      -9.0173243529052070e+02  "Final single point energy"
   &Converged [&Type "Boolean"] true
$End
$SCF_Nuc_Gradient
   &GeometryIndex 24
   &NAtoms [&Type "Integer"] 28
   &gradNorm [&Type "Double"]       1.0547692408307272e-03
   &grad [&Type "ArrayOfDoubles", &Dim (84,1)] 
                                                         0

0                                     -1.5209205126670122e-04
1                                      3.4664304349937497e-05
2                                     -4.7272096157888391e-05
3                                      2.5446778866290465e-04
4                                     -1.1320125790671175e-04
5                                      6.7847560524949497e-05
6                                     -2.6383436284756244e-04
7                                      1.3023246611322108e-04
8                                      5.3255379299943780e-05
9                                      3.2703235521757833e-04
10                                    -1.2568191206541944e-04
11                                     8.2308435442895241e-05
12                                    -2.6950584219107427e-04
13                                     5.9478085081897245e-05
14                                    -1.6525225945646771e-04
15                                     1.0333130924245452e-04
16                                    -1.2384570944888999e-04
17                                     2.7959395667819030e-04
18                                    -1.2255946179509990e-05
19                                     1.3833550970516982e-04
20                                    -2.7305972968074825e-06
21                                     1.4271711687678261e-04
22                                     5.6454444544665699e-05
23                                    -4.9821097444366878e-04
24                                    -2.5802136708237729e-04
25                                     1.6909618606138427e-04
26                                     1.9120024985514345e-04
27                                    -1.0718447255089736e-06
28                                    -1.6206735687693206e-04
29                                    -9.1664975096849912e-05
30                                     1.0429023140412760e-04
31                                    -2.8003474204523233e-05
32                                     9.2713141114076633e-05
33                                     4.0212984856080518e-05
34                                    -3.4315234776075750e-05
35                                     8.9729177060146229e-07
36                                     4.6603956770114701e-05
37                                    -4.4216685087410885e-05
38                                    -3.5223823859439001e-05
39                                    -4.9030961343629793e-06
40                                     3.4551653809654333e-05
41                                     2.3280188554505232e-05
42                                     2.6370658038310778e-05
43                                     4.1899254472384523e-05
44                                    -8.8762781800446099e-07
45                                    -6.4002908102880763e-05
46                                     6.6236020753966695e-05
47                                     3.3930201417548190e-05
48                                    -3.4807421708891474e-05
49                                    -9.1990237581795158e-05
50                                    -3.4400433260072048e-05
51                                    -4.4628391024566249e-05
52                                    -1.1568657447518052e-05
53                                    -3.1402705601207957e-05
54                                    -4.3787083140642611e-05
55                                     1.1407904017433297e-04
56                                    -4.1867385118085477e-05
57                                     5.7304443644969108e-06
58                                     2.4530645688477156e-05
59                                     1.7786323151431492e-05
60                                     1.1251109362008986e-04
61                                    -3.0683262088413971e-05
62                                    -1.4642706111978912e-05
63                                    -9.9525452260626003e-06
64                                    -6.1053248866255552e-05
65                                     8.1264169304874292e-05
66                                    -4.9073472990648475e-05
67                                    -2.2816251964788416e-05
68                                    -4.8354003908525804e-06
69                                     5.5195610591595089e-06
70                                    -4.3079048974835023e-05
71                                    -2.6942768267719679e-05
72                                     1.4478791553041696e-05
73                                    -5.7908791565287304e-05
74                                    -1.8394258480509864e-05
75                                     1.6107926282013955e-05
76                                     5.7222627340031176e-05
77                                     5.0394219996055531e-05
78                                     4.6105576631843545e-05
79                                     3.8969551634939441e-05
80                                     1.5606855296210008e-05
81                                    -3.7543432965925593e-05
82                                    -1.5318750560015646e-05
83                                     2.3650015760827599e-05
   &Method [&Type "String"] "SCF"
   &Level [&Type "String"] "Relaxed density"
   &Mult [&Type "Integer"] 1
   &State [&Type "Integer"] 0
   &Irrep [&Type "Integer"] 0
$End
$Geometry
   &GeometryIndex 25
   &NAtoms [&Type "Integer"] 28
   &NCorelessECP [&Type "Integer"] 0
   &NGhostAtoms [&Type "Integer"] 0
   &CartesianCoordinates [&Type "Coordinates", &Dim(28,4), &Units "Bohr"] 
              C     -3.361491206987    3.899499272102    0.854985532745
              C     -3.708619263092    1.374773603680   -0.485156923951
              N     -1.413998330703   -0.175596989045   -0.460255180827
              C     -0.741811566567   -1.386983266586    1.941340037308
              C     -2.977540346039   -2.429139505492    3.417849469879
              C      0.247310766987   -0.114072277485   -2.392505587689
              C     -0.552766680601    1.216884358712   -4.793221490229
              N      2.496459595038   -1.103794534270   -2.413898053202
              P      4.630705312914   -2.529411314392   -0.774156231133
              C      6.221626185751   -0.298764822753    1.221867279415
              O      4.085366378745   -5.035525332145    0.415691323392
              F      6.785424282073   -2.955713770290   -2.900257793107
              H     -1.853483219177    5.016647074135   -0.042686314733
              H     -2.868596168164    3.638915552164    2.858840268516
              H     -5.123668019799    4.998031617071    0.770711848201
              H     -4.307825959099    1.671128279894   -2.442215733550
              H     -5.234701566939    0.286603453133    0.403930337626
              H      0.528322523393   -2.966484822915    1.517945600755
              H      0.321694874210   -0.035393595887    3.125479296321
              H     -4.216135823789   -0.946000172864    4.181151571115
              H     -2.244855548151   -3.515930221943    5.029841770516
              H     -4.122384782814   -3.713701560897    2.249220679593
              H     -0.877951359187    3.242067714847   -4.457241448364
              H     -2.303067970662    0.406308645909   -5.565991355240
              H      0.963288388131    1.004804142099   -6.183575356672
              H      7.931140210044   -1.182183477566    2.002351429001
              H      6.734697001253    1.393895076064    0.137016618725
              H      4.962862349924    0.239136799128    2.782938386689
$End
$SCF_Energy
   &GeometryIndex 25
   &Method [&Type "String"] "SCF"
   &totalEnergy [&Type "ArrayOfDoubles", &Dim (1,1)] "Total energy of each state"
                                                         0

0                                     -9.0172060702060787e+02
   &Mult [&Type "ArrayOfIntegers", &Dim (1,1)] "Multiplicity of each state"
                                                         0

0                                                        1
$End
$DFT_Energy
   &GeometryIndex 25
   &nAlphaEl [&Type "Integer"] 52
   &nBetaEl [&Type "Integer"] 52
   &nTotalEl [&Type "Integer"] 104
   &finalEn [&Type "Double"]      -9.0172060702060787e+02  "No Van der Waals correction"
   &eExchange [&Type "Double"]       0.0000000000000000e+00
   &eCorr [&Type "Double"]       0.0000000000000000e+00
   &eXC [&Type "Double"]      -7.0051448280734064e+01
   &eCNL [&Type "Double"]       0.0000000000000000e+00
$End
$Solvation_Details
   &GeometryIndex 25
   &Solvent [&Type "String"] "WATER"
   &Epsilon [&Type "Double"]       8.0150999999999996e+01
   &Refrac [&Type "Double"]       1.3328000000000000e+00
   &RSolv [&Type "Double"]       1.3000000000000000e+00
   &SurfaceType [&Type "String"] "GAUSSIAN VDW"
   &CPCMDielEnergy [&Type "Double"]      -2.8424814999999999e-02
   &NPoints [&Type "Integer"] 2360
   &SurfaceArea [&Type "Double"]       8.7022893966000004e+02
$End
$SCF_Timings
   &GeometryIndex 25
   &TOTAL [&Type "Double"]       3.3384278000000002e+01
   &PREP [&Type "Double"]      -3.5655500000000001e-01
   &FOCK [&Type "Double"]       2.7686964999999997e+01
   &DENS [&Type "Double"]       4.5798200000000477e-01
   &ETOT [&Type "Double"]       2.8152000000000310e-01
   &POP [&Type "Double"]       9.9999999747524271e-07
   &TRAFO [&Type "Double"]       6.8461999999996692e-02
   &DIIS [&Type "Double"]       1.0227100000000000e-01
   &SOSCF [&Type "Double"]       8.2331900000000502e-01
   &XC [&Type "Double"]       6.2267139999999976e+00
   &FOCKSTART [&Type "Double"]       1.8234999999999846e-01
   &SOLV [&Type "Double"]       4.1882840000000030e+00
   &SOLV_INIT [&Type "Double"]      -1.9479950000000001e+00
   &SOLV_FINAL [&Type "Double"]       9.9999999747524271e-07
   &INT_PREP [&Type "Double"]       3.0000000013075123e-06
   &INT_BF [&Type "Double"]       4.2062400000009692e-01
   &INT_DENS [&Type "Double"]       2.7521499999998023e-01
   &INT_DENSIO [&Type "Double"]       3.2793100656000053e+04
   &INT_FUNC [&Type "Double"]       1.0791799999998153e-01
   &INT_POT [&Type "Double"]       2.2014900000001170e-01
   &INT_POTIO [&Type "Double"]       4.7095200000006443e-01
   &INT_SUM [&Type "Double"]       7.6499999999324331e-04
   &SPLITRIJ [&Type "Double"]       1.4609099999999993e+00
   &COSX [&Type "Double"]       1.7272543000000002e+01
$End
$VdW_Correction
   &GeometryIndex 25
   &vdW [&Type "Double"]      -1.1830311703627494e-02
$End
$Single_Point_Data
   &GeometryIndex 25
   &FinalEnergy [&Type "Double"]      -9.0173243733231152e+02  "Final single point energy"
   &Converged [&Type "Boolean"] true
$End
$SCF_Nuc_Gradient
   &GeometryIndex 25
   &NAtoms [&Type "Integer"] 28
   &gradNorm [&Type "Double"]       7.1031843690515706e-04
   &grad [&Type "ArrayOfDoubles", &Dim (84,1)] 
                                                         0

0                                     -8.5180889281799154e-05
1                                      3.7324150922321350e-05
2                                      7.4676586911258351e-06
3                                      1.5032630681438555e-04
4                                     -6.8747247666338431e-06
5                                      5.9552901881465053e-05
6                                     -2.4932016532715483e-04
7                                     -1.6662282850903843e-05
8                                      5.0233713089186635e-05
9                                      2.0849271562765312e-04
10                                    -6.3439833799345120e-05
11                                     9.4018321633583367e-05
12                                    -1.7133621255503573e-04
13                                     4.2209676311395845e-05
14                                    -9.9433701707218219e-05
15                                     1.6728594253949096e-04
16                                     3.6108938619911491e-05
17                                     9.8482471621013371e-05
18                                    -6.4053721960784021e-05
19                                    -2.7577514603422460e-06
20                                    -1.6763946987654203e-05
21                                     4.7947730058955435e-05
22                                     3.4072539341014160e-05
23                                    -2.5473530466580064e-04
24                                    -1.6343689850883877e-04
25                                     1.7855213218163693e-04
26                                     1.1917937277008065e-04
27                                     9.1998332536674841e-05
28                                    -1.0619810096079824e-04
29                                    -1.4709243673988274e-04
30                                     6.1464289934651299e-05
31                                    -7.5040817681119604e-05
32                                     1.0442255182055473e-04
33                                     4.6116639746527418e-05
34                                     7.1284689665773130e-07
35                                    -3.3612026069021659e-05
36                                     2.2181322096715832e-05
37                                    -5.7278286336683377e-05
38                                    -5.2305015865096998e-05
39                                    -1.1638793563546960e-05
40                                     2.8771283034516051e-05
41                                     3.5440109245122310e-06
42                                     1.3557166948827300e-05
43                                     1.6526410796774375e-05
44                                    -6.6289578852113101e-06
45                                    -4.3671082494435215e-05
46                                     4.0150425981920663e-05
47                                     2.7102766544326317e-06
48                                     5.9448635132008388e-06
49                                    -7.5862892340887529e-05
50                                    -5.8490401061546513e-05
51                                    -4.4728364090556833e-05
52                                     1.0549852351674846e-05
53                                     1.3238588673382797e-05
54                                    -3.6635460821888600e-05
55                                     6.4069011701743103e-05
56                                    -2.7186159074637313e-05
57                                     2.2688025030015214e-05
58                                     9.1878133032184685e-06
59                                     4.6221381112530698e-06
60                                     6.6721489105135272e-05
61                                    -2.3096256978748174e-05
62                                    -1.4414625178853539e-05
63                                     3.8429332659248388e-07
64                                    -3.5631377837135187e-05
65                                     5.7588159098353095e-05
66                                     2.0279762937103576e-06
67                                    -2.2717416955989408e-05
68                                     3.8771487406453589e-05
69                                     9.4219692540478076e-06
70                                    -9.9938763833987032e-06
71                                    -3.2158788349187274e-05
72                                     6.1310427784125391e-06
73                                    -3.1016438074400664e-05
74                                    -7.2548487535826838e-06
75                                    -1.4484472722269687e-05
76                                     4.8429554518899270e-05
77                                     6.0787878902806571e-05
78                                     2.0515227959901121e-05
79                                     2.4359095401699129e-05
80                                     3.5769500949093733e-05
81                                    -5.8719281494367764e-05
82                                    -4.4453757481701756e-05
83                                    -3.1284414312530702e-07
   &Method [&Type "String"] "SCF"
   &Level [&Type "String"] "Relaxed density"
   &Mult [&Type "Integer"] 1
   &State [&Type "Integer"] 0
   &Irrep [&Type "Integer"] 0
$End
$Geometry
   &GeometryIndex 26
   &NAtoms [&Type "Integer"] 28
   &NCorelessECP [&Type "Integer"] 0
   &NGhostAtoms [&Type "Integer"] 0
   &CartesianCoordinates [&Type "Coordinates", &Dim(28,4), &Units "Bohr"] 
              C     -3.365155451945    3.898543385266    0.853274750791
              C     -3.710973567594    1.373444177705   -0.486282858729
              N     -1.415547389753   -0.176130912466   -0.460225403541
              C     -0.743387122918   -1.387772675546    1.941124099836
              C     -2.978953224572   -2.427474297125    3.419187520328
              C      0.247215416948   -0.113163028493   -2.391004093435
              C     -0.550099761170    1.218838993610   -4.791887236839
              N      2.496500291439   -1.101960038723   -2.408611616890
              P      4.631832017796   -2.529608430928   -0.773110768305
              C      6.226948381040   -0.299620395167    1.220532312914
              O      4.084972191689   -5.035151478018    0.417166121079
              F      6.783369282127   -2.957837462231   -2.901994105097
              H     -1.861224942588    5.019292923193   -0.046600247748
              H     -2.868119104419    3.637850654676    2.856051343879
              H     -5.129776887960    4.993472263509    0.772781179977
              H     -4.310054113557    1.667588523292   -2.443697156698
              H     -5.236442435967    0.285442446353    0.403933868657
              H      0.525493557404   -2.968286285716    1.516975910695
              H      0.322819202962   -0.037812466398    3.124737013584
              H     -4.216095671981   -0.942949176792    4.182189602979
              H     -2.247757223027   -3.514668528294    5.031454570905
              H     -4.125450349836   -3.710629840430    2.250587182905
              H     -0.873350198551    3.244274988879   -4.455202705081
              H     -2.300749000265    0.410446927125   -5.565966349132
              H      0.966651591852    1.006345454219   -6.181368923561
              H      7.938188262429   -1.183573033107    1.996605243913
              H      6.737439148086    1.393222692337    0.134821801402
              H      4.971707159025    0.237874543681    2.784528922316
$End
$SCF_Mulliken_Population_Analysis
   &GeometryIndex 26
   &NAtoms [&Type "Integer"] 28
   &ATNO [&Type "ArrayOfIntegers", &Dim (28,1)] 
                                                         0

0                                                        6
1                                                        6
2                                                        7
3                                                        6
4                                                        6
5                                                        6
6                                                        6
7                                                        7
8                                                       15
9                                                        6
10                                                       8
11                                                       9
12                                                       1
13                                                       1
14                                                       1
15                                                       1
16                                                       1
17                                                       1
18                                                       1
19                                                       1
20                                                       1
21                                                       1
22                                                       1
23                                                       1
24                                                       1
25                                                       1
26                                                       1
27                                                       1
   &AtomicCharges [&Type "ArrayOfDoubles", &Dim (28,1)] 
                                                         0

0                                     -5.5409704322946673e-02
1                                      3.0340396307689588e-02
2                                     -3.1323324258948304e-01
3                                      1.4263105010233978e-02
4                                     -8.3355361763015168e-02
5                                      6.6011505162490991e-02
6                                     -9.4276896569844837e-03
7                                     -4.3233091709785576e-01
8                                      8.7346734824269490e-01
9                                     -2.3604506168948713e-01
10                                    -5.8476734216968218e-01
11                                    -3.6225248098951646e-01
12                                     4.7247360328096732e-02
13                                     5.1009915139063278e-02
14                                     5.7719132394687955e-02
15                                     6.3621008753391051e-02
16                                     6.3528342045217623e-02
17                                     5.4612627638427225e-02
18                                     7.2562730954246812e-02
19                                     5.5502618010992433e-02
20                                     5.8878818566138968e-02
21                                     5.8811825478724877e-02
22                                     8.2403839159510883e-02
23                                     8.9555839750323996e-02
24                                     5.4166115155362848e-02
25                                     9.7245653294349532e-02
26                                     9.3823201763373776e-02
27                                     9.2050417123800021e-02
   &Method [&Type "String"] "SCF"
   &Level [&Type "String"] "Relaxed density"
   &Mult [&Type "Integer"] 1
   &State [&Type "Integer"] -1
   &Irrep [&Type "Integer"] 0
$End
$SCF_Loewdin_Population_Analysis
   &GeometryIndex 26
   &NAtoms [&Type "Integer"] 28
   &ATNO [&Type "ArrayOfIntegers", &Dim (28,1)] 
                                                         0

0                                                        6
1                                                        6
2                                                        7
3                                                        6
4                                                        6
5                                                        6
6                                                        6
7                                                        7
8                                                       15
9                                                        6
10                                                       8
11                                                       9
12                                                       1
13                                                       1
14                                                       1
15                                                       1
16                                                       1
17                                                       1
18                                                       1
19                                                       1
20                                                       1
21                                                       1
22                                                       1
23                                                       1
24                                                       1
25                                                       1
26                                                       1
27                                                       1
   &AtomicCharges [&Type "ArrayOfDoubles", &Dim (28,1)] 
                                                         0

0                                     -7.0735856189014790e-02
1                                      3.8603692880991858e-02
2                                     -2.1413765499876725e-02
3                                      2.4618612137745188e-02
4                                     -6.8343429119360088e-02
5                                      1.1250526470553002e-01
6                                     -6.5345696431662326e-02
7                                     -4.0104787345091086e-01
8                                      8.8712904073523902e-01
9                                     -2.2603438499822026e-01
10                                    -5.7556133643433860e-01
11                                    -2.7603282064943890e-01
12                                     3.1812446888169754e-02
13                                     3.2159824711976981e-02
14                                     4.0387616547499006e-02
15                                     3.7918401458148954e-02
16                                     3.5595206310364280e-02
17                                     2.0272844199055173e-02
18                                     3.0282681330947137e-02
19                                     3.1247206369919067e-02
20                                     4.3356860223440874e-02
21                                     3.5291947086226294e-02
22                                     5.3537722209699323e-02
23                                     5.3623667245957907e-02
24                                     4.2738784123100837e-02
25                                     5.2032053917862031e-02
26                                     5.0977732089660832e-02
27                                     5.0423557601074975e-02
   &Method [&Type "String"] "SCF"
   &Level [&Type "String"] "Relaxed density"
   &Mult [&Type "Integer"] 1
   &State [&Type "Integer"] -1
   &Irrep [&Type "Integer"] 0
$End
$SCF_Mayer_Population_Analysis
   &GeometryIndex 26
   &NAtoms [&Type "Integer"] 28 "Total number of atoms"
   &NBondOrdersPrint [&Type "Integer"] 28 "The number of bond orders larger than threshold"
   &bondThresh [&Type "Double"]       1.0000000000000001e-01  "The threshold for printing"
   &components [&Type "ArrayOfIntegers", &Dim (28,4)] "The indices and atomic numbers of the bonding atoms"
                                                         0                           1                           2                           3

0                                                        0                           6                           1                           6
1                                                        0                           6                          12                           1
2                                                        0                           6                          13                           1
3                                                        0                           6                          14                           1
4                                                        1                           6                           2                           7
5                                                        1                           6                          15                           1
6                                                        1                           6                          16                           1
7                                                        2                           7                           3                           6
8                                                        2                           7                           5                           6
9                                                        3                           6                           4                           6
10                                                       3                           6                          17                           1
11                                                       3                           6                          18                           1
12                                                       4                           6                          19                           1
13                                                       4                           6                          20                           1
14                                                       4                           6                          21                           1
15                                                       5                           6                           6                           6
16                                                       5                           6                           7                           7
17                                                       6                           6                          22                           1
18                                                       6                           6                          23                           1
19                                                       6                           6                          24                           1
20                                                       7                           7                           8                          15
21                                                       8                          15                           9                           6
22                                                       8                          15                          10                           8
23                                                       8                          15                          11                           9
24                                                       9                           6                          25                           1
25                                                       9                           6                          26                           1
26                                                       9                           6                          27                           1
27                                                      10                           8                          17                           1
   &BondOrders [&Type "ArrayOfDoubles", &Dim (28,1)] "The bond orders"
                                                         0

0                                      1.0935662978648628e+00
1                                      9.6476362049485986e-01
2                                      9.6487184347727661e-01
3                                      9.6946626611541453e-01
4                                      9.4186837102354115e-01
5                                      9.4523519420069180e-01
6                                      9.4652590085438304e-01
7                                      9.1157429956865599e-01
8                                      1.3212876428732054e+00
9                                      1.0995079366799581e+00
10                                     9.1571933240652448e-01
11                                     9.5008641209119726e-01
12                                     9.6410241886015413e-01
13                                     9.6402079864965762e-01
14                                     9.6807138350998645e-01
15                                     1.0423485886325701e+00
16                                     1.6206928337250761e+00
17                                     9.4535178226461736e-01
18                                     9.4765149953015704e-01
19                                     9.5627328229700881e-01
20                                     1.2292539803036571e+00
21                                     1.0399871184718252e+00
22                                     1.7850128112379382e+00
23                                     9.1953345488909233e-01
24                                     9.5053035685364951e-01
25                                     9.4379151896713898e-01
26                                     9.4677038675583935e-01
27                                     1.0256321327667223e-01
   &ATNO [&Type "ArrayOfIntegers", &Dim (28,1)] "Atomic number of the elements"
                                                         0

0                                                        6
1                                                        6
2                                                        7
3                                                        6
4                                                        6
5                                                        6
6                                                        6
7                                                        7
8                                                       15
9                                                        6
10                                                       8
11                                                       9
12                                                       1
13                                                       1
14                                                       1
15                                                       1
16                                                       1
17                                                       1
18                                                       1
19                                                       1
20                                                       1
21                                                       1
22                                                       1
23                                                       1
24                                                       1
25                                                       1
26                                                       1
27                                                       1
   &NA [&Type "ArrayOfDoubles", &Dim (28,1)] "Mulliken gross atomic population"
                                                         0

0                                      6.0554097043229449e+00
1                                      5.9696596036923077e+00
2                                      7.3132332425894830e+00
3                                      5.9857368949897616e+00
4                                      6.0833553617630116e+00
5                                      5.9339884948375072e+00
6                                      6.0094276896569836e+00
7                                      7.4323309170978558e+00
8                                      1.4126532651757309e+01
9                                      6.2360450616894862e+00
10                                     8.5847673421696840e+00
11                                     9.3622524809895200e+00
12                                     9.5275263967190338e-01
13                                     9.4899008486093672e-01
14                                     9.4228086760531216e-01
15                                     9.3637899124660873e-01
16                                     9.3647165795478249e-01
17                                     9.4538737236157311e-01
18                                     9.2743726904575341e-01
19                                     9.4449738198900701e-01
20                                     9.4112118143386114e-01
21                                     9.4118817452127512e-01
22                                     9.1759616084048901e-01
23                                     9.1044416024967556e-01
24                                     9.4583388484463748e-01
25                                     9.0275434670565069e-01
26                                     9.0617679823662622e-01
27                                     9.0794958287620031e-01
   &ZA [&Type "ArrayOfDoubles", &Dim (28,1)] "Total nuclear charge"
                                                         0

0                                      6.0000000000000000e+00
1                                      6.0000000000000000e+00
2                                      7.0000000000000000e+00
3                                      6.0000000000000000e+00
4                                      6.0000000000000000e+00
5                                      6.0000000000000000e+00
6                                      6.0000000000000000e+00
7                                      7.0000000000000000e+00
8                                      1.5000000000000000e+01
9                                      6.0000000000000000e+00
10                                     8.0000000000000000e+00
11                                     9.0000000000000000e+00
12                                     1.0000000000000000e+00
13                                     1.0000000000000000e+00
14                                     1.0000000000000000e+00
15                                     1.0000000000000000e+00
16                                     1.0000000000000000e+00
17                                     1.0000000000000000e+00
18                                     1.0000000000000000e+00
19                                     1.0000000000000000e+00
20                                     1.0000000000000000e+00
21                                     1.0000000000000000e+00
22                                     1.0000000000000000e+00
23                                     1.0000000000000000e+00
24                                     1.0000000000000000e+00
25                                     1.0000000000000000e+00
26                                     1.0000000000000000e+00
27                                     1.0000000000000000e+00
   &QA [&Type "ArrayOfDoubles", &Dim (28,1)] "Mulliken gross atomic charge"
                                                         0

0                                     -5.5409704322944897e-02
1                                      3.0340396307692252e-02
2                                     -3.1323324258948304e-01
3                                      1.4263105010238419e-02
4                                     -8.3355361763011615e-02
5                                      6.6011505162492767e-02
6                                     -9.4276896569835955e-03
7                                     -4.3233091709785576e-01
8                                      8.7346734824269134e-01
9                                     -2.3604506168948625e-01
10                                    -5.8476734216968396e-01
11                                    -3.6225248098952001e-01
12                                     4.7247360328096621e-02
13                                     5.1009915139063278e-02
14                                     5.7719132394687844e-02
15                                     6.3621008753391273e-02
16                                     6.3528342045217512e-02
17                                     5.4612627638426892e-02
18                                     7.2562730954246590e-02
19                                     5.5502618010992988e-02
20                                     5.8878818566138857e-02
21                                     5.8811825478724877e-02
22                                     8.2403839159510994e-02
23                                     8.9555839750324440e-02
24                                     5.4166115155362515e-02
25                                     9.7245653294349310e-02
26                                     9.3823201763373776e-02
27                                     9.2050417123799688e-02
   &VA [&Type "ArrayOfDoubles", &Dim (28,1)] "Mayer's total valence"
                                                         0

0                                      3.9841461600621533e+00
1                                      4.0266240084902343e+00
2                                      3.2500107229708712e+00
3                                      3.9611786230473420e+00
4                                      4.0324575481026459e+00
5                                      4.1519200995885797e+00
6                                      3.9090291986847689e+00
7                                      3.0134873582925907e+00
8                                      5.1736596338068104e+00
9                                      3.9158983939844467e+00
10                                     1.9705977306910163e+00
11                                     9.8862231797094546e-01
12                                     9.9599595923501483e-01
13                                     9.9529602280974061e-01
14                                     9.8876565784377823e-01
15                                     9.9809145024222545e-01
16                                     9.9211235849650303e-01
17                                     1.0607222014411362e+00
18                                     9.7882842079259824e-01
19                                     9.8837391802126995e-01
20                                     9.8991489493131601e-01
21                                     9.8563661566900163e-01
22                                     9.9401631672959945e-01
23                                     9.8902304752583048e-01
24                                     1.0219463234897723e+00
25                                     9.9420916659635106e-01
26                                     9.9304917414328153e-01
27                                     1.0007955351402924e+00
   &BVA [&Type "ArrayOfDoubles", &Dim (28,1)] "Mayer's bonded valence"
                                                         0

0                                      3.9841461600621897e+00
1                                      4.0266240084902449e+00
2                                      3.2500107229708419e+00
3                                      3.9611786230473940e+00
4                                      4.0324575481026796e+00
5                                      4.1519200995885983e+00
6                                      3.9090291986847725e+00
7                                      3.0134873582925854e+00
8                                      5.1736596338068424e+00
9                                      3.9158983939844552e+00
10                                     1.9705977306910132e+00
11                                     9.8862231797098765e-01
12                                     9.9599595923502493e-01
13                                     9.9529602280975071e-01
14                                     9.8876565784378756e-01
15                                     9.9809145024223089e-01
16                                     9.9211235849649915e-01
17                                     1.0607222014411477e+00
18                                     9.7882842079260401e-01
19                                     9.8837391802127994e-01
20                                     9.8991489493132601e-01
21                                     9.8563661566901528e-01
22                                     9.9401631672960633e-01
23                                     9.8902304752583503e-01
24                                     1.0219463234897705e+00
25                                     9.9420916659635405e-01
26                                     9.9304917414328164e-01
27                                     1.0007955351402975e+00
   &FA [&Type "ArrayOfDoubles", &Dim (28,1)] "Mayer's free valence"
                                                         0

0                                      0.0000000000000000e+00
1                                      0.0000000000000000e+00
2                                      0.0000000000000000e+00
3                                      0.0000000000000000e+00
4                                      0.0000000000000000e+00
5                                      0.0000000000000000e+00
6                                      0.0000000000000000e+00
7                                      0.0000000000000000e+00
8                                      0.0000000000000000e+00
9                                      0.0000000000000000e+00
10                                     0.0000000000000000e+00
11                                     0.0000000000000000e+00
12                                     0.0000000000000000e+00
13                                     0.0000000000000000e+00
14                                     0.0000000000000000e+00
15                                     0.0000000000000000e+00
16                                     0.0000000000000000e+00
17                                     0.0000000000000000e+00
18                                     0.0000000000000000e+00
19                                     0.0000000000000000e+00
20                                     0.0000000000000000e+00
21                                     0.0000000000000000e+00
22                                     0.0000000000000000e+00
23                                     0.0000000000000000e+00
24                                     0.0000000000000000e+00
25                                     0.0000000000000000e+00
26                                     0.0000000000000000e+00
27                                     0.0000000000000000e+00
   &Method [&Type "String"] "SCF"
   &Level [&Type "String"] "Relaxed density"
   &Mult [&Type "Integer"] 1
   &State [&Type "Integer"] -1
   &Irrep [&Type "Integer"] 0
$End
$SCF_Energy
   &GeometryIndex 26
   &Method [&Type "String"] "SCF"
   &totalEnergy [&Type "ArrayOfDoubles", &Dim (1,1)] "Total energy of each state"
                                                         0

0                                     -9.0172060486615817e+02
   &Mult [&Type "ArrayOfIntegers", &Dim (1,1)] "Multiplicity of each state"
                                                         0

0                                                        1
$End
$DFT_Energy
   &GeometryIndex 26
   &nAlphaEl [&Type "Integer"] 52
   &nBetaEl [&Type "Integer"] 52
   &nTotalEl [&Type "Integer"] 104
   &finalEn [&Type "Double"]      -9.0172060486615817e+02  "No Van der Waals correction"
   &eExchange [&Type "Double"]       0.0000000000000000e+00
   &eCorr [&Type "Double"]       0.0000000000000000e+00
   &eXC [&Type "Double"]      -7.0051655760215567e+01
   &eCNL [&Type "Double"]       0.0000000000000000e+00
$End
$Solvation_Details
   &GeometryIndex 26
   &Solvent [&Type "String"] "WATER"
   &Epsilon [&Type "Double"]       8.0150999999999996e+01
   &Refrac [&Type "Double"]       1.3328000000000000e+00
   &RSolv [&Type "Double"]       1.3000000000000000e+00
   &SurfaceType [&Type "String"] "GAUSSIAN VDW"
   &CPCMDielEnergy [&Type "Double"]      -2.8403884000000001e-02
   &NPoints [&Type "Integer"] 2362
   &SurfaceArea [&Type "Double"]       8.7042722837800000e+02
$End
$SCF_Timings
   &GeometryIndex 26
   &TOTAL [&Type "Double"]       2.9805896000000001e+01
   &PREP [&Type "Double"]       2.1290119999999999e+00
   &FOCK [&Type "Double"]       2.4468558000000009e+01
   &DENS [&Type "Double"]       4.0919799999999995e-01
   &ETOT [&Type "Double"]       2.3559399999999897e-01
   &POP [&Type "Double"]       3.3904499999999871e-01
   &TRAFO [&Type "Double"]       6.8729000000001150e-02
   &DIIS [&Type "Double"]       1.1952900000000000e-01
   &SOSCF [&Type "Double"]       7.1038899999999838e-01
   &XC [&Type "Double"]       5.4853169999999967e+00
   &FOCKSTART [&Type "Double"]       1.6472300000000395e-01
   &SOLV [&Type "Double"]       3.6170810000000047e+00
   &SOLV_INIT [&Type "Double"]       5.1738100000000009e-01
   &INT_PREP [&Type "Double"]       3.0000000004193339e-06
   &INT_BF [&Type "Double"]       3.8061399999996137e-01
   &INT_DENS [&Type "Double"]       2.5321100000004959e-01
   &INT_DENSIO [&Type "Double"]       2.5519438388000035e+04
   &INT_FUNC [&Type "Double"]       9.5050999999992669e-02
   &INT_POT [&Type "Double"]       2.0585000000001141e-01
   &INT_POTIO [&Type "Double"]       4.0092499999996933e-01
   &INT_SUM [&Type "Double"]       2.9119999999998036e-03
   &SPLITRIJ [&Type "Double"]       1.2408299999999985e+00
   &COSX [&Type "Double"]       1.5557978999999998e+01
$End
$VdW_Correction
   &GeometryIndex 26
   &vdW [&Type "Double"]      -1.1827231975624800e-02
$End
$Single_Point_Data
   &GeometryIndex 26
   &FinalEnergy [&Type "Double"]      -9.0173243209813381e+02  "Final single point energy"
   &Converged [&Type "Boolean"] true
$End
$SCF_Dipole_Moment
   &GeometryIndex 26
   &dipoleMagnitude [&Type "Double", &Units "a.u."]       3.9959618681031830e+00
   &dipoleElecContrib [&Type "ArrayOfDoubles", &Dim (3,1)] "Electronic contribution"
                                                         0

0                                      1.8896428285819074e+01
1                                     -1.1428751751266118e+01
2                                     -8.1582753609810208e+00
   &dipoleNucContrib [&Type "ArrayOfDoubles", &Dim (3,1)] "Nuclear contribution"
                                                         0

0                                     -2.1466706127225006e+01
1                                      1.4405085228747103e+01
2                                      8.8673748604437463e+00
   &dipoleTotal [&Type "ArrayOfDoubles", &Dim (3,1)] "Total"
                                                         0

0                                     -2.5702778414059324e+00
1                                      2.9763334774809849e+00
2                                      7.0909949946272555e-01
   &doAtomicDipole [&Type "Boolean"] false
   &Method [&Type "String"] "SCF"
   &Level [&Type "String"] "Relaxed density"
   &Mult [&Type "Integer"] 1
   &State [&Type "Integer"] -1
   &Irrep [&Type "Integer"] 0
$End
$THERMOCHEMISTRY_Energies
   &GeometryIndex 26
   &temperature [&Type "Double"]       2.9814999999999998e+02
   &pressure [&Type "Double"]       1.0000000000000000e+00
   &totalMass [&Type "Double"]       1.9419000000000005e+02
   &spinDegeneracy [&Type "Integer"] 1
   &elEnergy [&Type "Double"]      -9.0173243209813381e+02
   &transEnergy [&Type "Double"]       1.4162714244859817e-03
   &rotEnergy [&Type "Double"]       1.4162714244859817e-03
   &vibEnergy [&Type "Double"]       1.2224242748619198e-02
   &numOfFreqs [&Type "Integer"] 84
   &freqScalingFactor [&Type "Double"]       1.0000000000000000e+00
   &FREQ [&Type "ArrayOfDoubles", &Units "cm^-1", &Dim (84,1)] 
                                                         0

0                                      0.0000000000000000e+00
1                                      0.0000000000000000e+00
2                                      0.0000000000000000e+00
3                                      0.0000000000000000e+00
4                                      0.0000000000000000e+00
5                                      0.0000000000000000e+00
6                                      2.1805742982306768e+01
7                                      4.8860951416697574e+01
8                                      7.2638863657877593e+01
9                                      8.1307567586565867e+01
10                                     1.1067139306447592e+02
11                                     1.1462591644052875e+02
12                                     1.7807314381375042e+02
13                                     1.8447222148867763e+02
14                                     2.1411574876815047e+02
15                                     2.2842963184199758e+02
16                                     2.3207663321953831e+02
17                                     2.7189941163031364e+02
18                                     2.8560788128300112e+02
19                                     3.0262247321042929e+02
20                                     3.1642582275285895e+02
21                                     3.5238363220488418e+02
22                                     4.1709421862187503e+02
23                                     4.3500007616409209e+02
24                                     4.4475405346489458e+02
25                                     4.5363802422091726e+02
26                                     4.9212599240243384e+02
27                                     5.8382985438096546e+02
28                                     6.2425282337335932e+02
29                                     6.5344295722446532e+02
30                                     7.5561912477887734e+02
31                                     7.8318623854590828e+02
32                                     8.0994525390018839e+02
33                                     8.1865473790361705e+02
34                                     8.3836793869226983e+02
35                                     8.9809459934775066e+02
36                                     9.0581444411865846e+02
37                                     9.5804523407035583e+02
38                                     1.0049351491841402e+03
39                                     1.0412904450993135e+03
40                                     1.0668788741776048e+03
41                                     1.0942047354771069e+03
42                                     1.1032035717955127e+03
43                                     1.1164048576314362e+03
44                                     1.1392388028826851e+03
45                                     1.1852209115964517e+03
46                                     1.2400268763236097e+03
47                                     1.2850338698590215e+03
48                                     1.3160524072711423e+03
49                                     1.3185900595186472e+03
50                                     1.3348097963209073e+03
51                                     1.3689751256633747e+03
52                                     1.3783327549967480e+03
53                                     1.3922443445243268e+03
54                                     1.4070645275316563e+03
55                                     1.4168049573191818e+03
56                                     1.4198237893937878e+03
57                                     1.4335148565391282e+03
58                                     1.4363431190250240e+03
59                                     1.4543274669867560e+03
60                                     1.4559840859258431e+03
61                                     1.4602261350028759e+03
62                                     1.4659881211864829e+03
63                                     1.4690984983843648e+03
64                                     1.4887784305082205e+03
65                                     1.4942910854049890e+03
66                                     1.5356551591061675e+03
67                                     1.7004939876982510e+03
68                                     3.0575443844324354e+03
69                                     3.0625611201085990e+03
70                                     3.0683018636679180e+03
71                                     3.0808359649808099e+03
72                                     3.0831806192423105e+03
73                                     3.1393761074295171e+03
74                                     3.1603223130038186e+03
75                                     3.1661479231813000e+03
76                                     3.1708332940599530e+03
77                                     3.1713556772654538e+03
78                                     3.1754532941024731e+03
79                                     3.1850517181628015e+03
80                                     3.2034414781980208e+03
81                                     3.2067185949100417e+03
82                                     3.2095480346733702e+03
83                                     3.2206865070420140e+03
   &zpe [&Type "Double"]       2.3755155162295818e-01
   &innerEnergyU [&Type "Double"]      -9.0147982376091340e+02
   &enthalpyH [&Type "Double"]      -9.0147887955187116e+02
   &qEl [&Type "Double"]       0.0000000000000000e+00
   &qRot [&Type "Double"]       1.4946974918233319e-02
   &qVib [&Type "Double"]       2.1744870668218216e-02
   &qTrans [&Type "Double"]       1.9811174550335823e-02
   &entropyS [&Type "Double"]       5.6503020136787360e-02
   &freeEnergyG [&Type "Double"]      -9.0153538257200796e+02
   &isLinear [&Type "Boolean"] false
$End
$Hessian
   &GeometryIndex 26
   &HESSIAN [&Type "ArrayOfDoubles", &Dim (84,84)] "The Hessian"
                                                         0                           1                           2                           3                           4                           5                           6                           7

0                                      5.9780088889778582e-01        -9.9776876715130594e-03        -3.5366091139548894e-03        -8.3155086729527539e-02        -2.9618221056045495e-02        -1.4966336962495698e-02        -7.4427670647534104e-03         3.5926484473966014e-02
1                                     -9.9776876715130594e-03         5.1621253290403202e-01        -3.6669943915264264e-02        -2.4660520991216614e-02        -1.8270921477329322e-01        -5.5812606165647996e-02         1.2241913392493954e-02        -2.3350291964152399e-02
2                                     -3.5366091139548894e-03        -3.6669943915264264e-02         5.7059615176351453e-01        -1.2034285822409193e-02        -5.6143581143076611e-02        -1.1716088046881046e-01         2.5944381969961287e-03        -1.0758416212013318e-03
3                                     -8.3155086729527539e-02        -2.4660520991216614e-02        -1.2034285822409193e-02         5.5252249603170689e-01         4.7951840636997756e-02        -5.9464828116974414e-03        -1.6857834863813215e-01         6.7019566669321767e-02
4                                     -2.9618221056045495e-02        -1.8270921477329322e-01        -5.6143581143076611e-02         4.7951840636997756e-02         5.0793124442381676e-01        -5.5590869864214958e-02         7.2433222934314812e-02        -1.1306186688244292e-01
5                                     -1.4966336962495698e-02        -5.5812606165647996e-02        -1.1716088046881046e-01        -5.9464828116974414e-03        -5.5590869864214958e-02         6.5026538654598798e-01         8.3576292400374900e-03         1.5905734990594327e-02
6                                     -7.4427670647534104e-03         1.2241913392493954e-02         2.5944381969961287e-03        -1.6857834863813215e-01         7.2433222934314812e-02         8.3576292400374900e-03         5.8206310955971208e-01        -1.9119724936916796e-01
7                                      3.5926484473966014e-02        -2.3350291964152399e-02        -1.0758416212013318e-03         6.7019566669321767e-02        -1.1306186688244292e-01         1.5905734990594327e-02        -1.9119724936916796e-01         3.0153930636956022e-01
8                                      2.1698316988048701e-02        -1.0874741978602730e-02         4.0016233653182576e-03        -3.9802220139896543e-03         1.4407073911959530e-02        -1.1035332619858601e-01        -1.3887056598187081e-01        -1.2011685999828478e-01
9                                      2.7881745178089237e-04        -2.7171453286077227e-04         6.2326835282165260e-04        -5.6702727262799308e-03         1.1180975411312407e-02        -2.5636837259805693e-02        -1.1266017137411127e-01         3.0813481913468541e-02
10                                     4.3450324216039486e-06         5.5525479127423649e-04         6.3551928126842172e-04         7.8209334954982782e-03        -1.1174199207528282e-02         1.6471597294819774e-02         3.3197787115962767e-02        -9.7556587344784826e-02
11                                     1.9113800371889280e-03        -1.7994849202113003e-04         1.2097903799408406e-03        -9.2220919953200434e-03         5.2453452801087749e-03         3.2041491236431824e-03        -2.6373973401177881e-02         4.4041839016894319e-02
12                                    -4.2448387882479009e-04        -2.0105137973186588e-04         1.4894736829254874e-04         9.9739133198509526e-04         1.0711026500062051e-04        -1.2089856724502696e-03         1.5109167915954826e-02         4.1358769590470572e-03
13                                    -4.3531044136023000e-04        -4.0445227227463125e-04         2.0303808251811951e-04        -7.1263508654825086e-05        -5.4015144471934035e-04         1.2148149042738002e-03        -1.1018369063459366e-02        -7.9821556928695685e-03
14                                    -3.1721238612160386e-04        -4.6759796259170355e-04        -1.7422860044126443e-04        -2.5671079733323617e-04         3.5044432369450533e-04        -2.5552560772923909e-03         2.4971559151562742e-02         1.4503279952239359e-02
15                                     7.1953688425449702e-03        -2.6354586756413955e-03         1.2276108852692857e-03        -4.0656082713261696e-02         3.0219672668075487e-04         1.5766635868105072e-02        -1.9241488212441687e-01         3.6351499301890140e-02
16                                     3.6289965041404982e-03        -9.6367983501995536e-04        -6.2716606369659007e-04         9.4880292375661424e-03        -1.9587760026649852e-03        -1.6525697592894406e-02         1.5560327124227363e-02        -8.9581106568830643e-02
17                                    -5.2311256765096735e-03         2.6016107900855680e-03        -1.6248554884153018e-03         1.6869318210305802e-02        -1.2030003835679808e-02         8.3932744615889138e-03         1.2070117284536513e-01         2.5783479591559709e-02
18                                     1.0223150723904075e-04        -6.1037951600260293e-04         8.1883799437722227e-05        -3.7098345429888895e-03        -1.5862519264237109e-03         2.5440236781229010e-03         1.0900708547875129e-02        -8.4113830216556180e-03
19                                     1.9457741824518786e-04        -4.8072444167881969e-05        -7.0711746537801407e-05        -8.4247885407368463e-04        -1.6022727938626168e-03        -1.8472097911013778e-03        -1.5399612061566918e-03         6.1514536363477534e-03
20                                    -3.3833798982228877e-04        -3.1899240763764818e-04        -4.0642588987020202e-05         1.5657740355306451e-03         9.9037236692378454e-04        -3.0963835100353563e-03        -3.9487861431297677e-04         1.4897318118566049e-02
21                                    -6.5127207905027462e-03         1.0645193749507179e-03        -1.6354688761975990e-03         1.5653273832409706e-02        -4.4409619663524341e-03         8.2469210523141503e-03        -8.8946787772553354e-02         1.5911146086696297e-02
22                                     8.8783665019718508e-04         2.4637736770225069e-04         8.0412628313446862e-04        -3.0215765084807434e-03         6.7218179701204594e-03        -4.0267762124881145e-04         3.4844693120708342e-02         1.7706848401276988e-02
23                                    -7.9265624102484600e-04         1.8194820217559205e-05        -8.8538653618371868e-05         2.8579920607874885e-03         4.6592999109111993e-03        -9.5623670637149196e-04         2.6656594270682982e-02        -1.2741086654502624e-02
24                                     2.8422603717585013e-03        -4.9219410583244637e-04         7.5332937842282027e-04        -7.1704337498900775e-03         3.3074598438654532e-03        -2.7075565775632397e-03         3.0314427977419997e-02        -2.3579718086974566e-04
25                                    -1.8844660394316127e-03         3.6493375516975936e-04        -5.3553578627067082e-04         4.6702303315915520e-03        -1.8004510780090521e-03         2.7620531498681682e-03        -2.1848128699488080e-02        -5.7981264759456876e-04
26                                     1.7302403065700548e-03        -3.2357499877569450e-04         5.8430058053062970e-04        -3.6829994375117830e-03         1.7742115470290789e-03        -2.9875118330101405e-03         2.3100213961565655e-02        -3.5667924822062368e-04
27                                    -3.8618343560576696e-04         6.1416904872620582e-05        -1.1951006128382323e-04         1.1224414638521835e-03        -5.3450648530895808e-04         3.1884197955424934e-04        -4.3353150717759179e-03        -6.4487547659891403e-04
28                                     2.0484633732802357e-04        -3.3267173070265129e-05         6.7793401048499009e-05        -6.4380760511408713e-04         2.4085585179673056e-04        -2.0404385923460144e-04         2.3878254632886645e-03         8.1872823399362831e-04
29                                    -2.6394378829690756e-04         4.4579127969466046e-05        -7.4184264866468798e-05         7.2724279968186512e-04        -1.0059754780360044e-04         2.7552070912755623e-04        -2.3686386143321921e-03        -1.5594002104580125e-04
30                                    -4.5546611848135159e-04         3.2901425153445058e-05        -6.4176922892010619e-05         1.3388448340819483e-03        -2.2782458197487780e-04        -1.6604053629910747e-04        -3.5827967667161455e-03         1.2566459679357149e-03
31                                     6.5727493343942331e-04        -1.0385051851283563e-04         1.5974547391682710e-04        -1.6072872688210240e-03         6.4692523303034222e-04        -6.6513558619140322e-04         6.4489996468561264e-03        -8.2192763273423335e-04
32                                    -4.5978308997179842e-04         9.8377555790712793e-05        -1.5409998824524187e-04         1.0631194770772999e-03        -4.4838999307141204e-04         8.6393869382501314e-04        -4.6622916628483047e-03        -1.0123847749851545e-03
33                                    -5.2415894443100729e-04         7.1199408062672635e-05        -1.5965703553280416e-04         1.1440604842523885e-03        -1.0184096388952224e-03         7.3694392383426548e-04        -7.0987777046508174e-03         9.0354521840615640e-04
34                                     2.2286221529857389e-04        -4.4997730644425004e-05         4.8909188178399182e-05        -4.1602453115154888e-04         2.2531328996464704e-04        -4.7172837015034796e-04         2.6969901996397013e-03        -7.9503041203500178e-04
35                                     1.3228195971020279e-04        -1.8738642292932127e-05         2.0827913519025767e-05        -4.1260756155500671e-04         4.5213763947386608e-05        -3.1304145891387916e-05         7.5671483177148211e-04        -1.1760958077448081e-04
36                                    -1.9281604903261360e-01        -1.0681733182255816e-01         8.9063471756552187e-02        -3.4857995367207619e-03         4.3167625984954702e-04         1.4942044130364079e-03         1.7164715439486656e-03         2.3348872809203199e-04
37                                    -1.0536747198807321e-01        -1.2349053263725718e-01         6.5224337175547278e-02        -2.1443638139402886e-02        -1.6090791802377630e-02         1.3146533162146362e-02        -3.4565854552720847e-04         2.9025962295813387e-03
38                                     9.0597484815464757e-02         6.5682402621182454e-02        -1.0265976215802977e-01        -1.3876879956580455e-02        -9.9486150257432418e-03         7.6043525758591980e-03        -2.9139951326878719e-04         1.4866216557371209e-03
39                                    -6.2298220125785023e-02         8.6272768745152446e-03        -6.3151915992507413e-02        -2.4965926870930055e-03         1.3766675439847997e-03        -3.3309587032796595e-03         5.8835974576580468e-04        -3.8926975373543174e-04
40                                     9.7284862805863629e-03        -5.2593945574453058e-02         3.8967070077724805e-02        -8.1104290585502763e-03         4.8972896709134081e-03        -3.0884685061920970e-02        -7.4482325496330951e-04         2.0886872864634238e-03
41                                    -6.3287831330532507e-02         3.7737855168627023e-02        -3.0443000733430270e-01        -3.5835867639799832e-03         2.7358636529619361e-03        -1.2353245595107646e-02         5.7296934112751208e-05         4.8460284963938900e-04
42                                    -2.5258380921211443e-01         1.2599476061137496e-01        -1.0337566021635911e-02         4.6067552802049518e-03        -4.7045207173068114e-03         7.9425065126280392e-05         9.9796747111474942e-04        -6.3398607876404695e-04
43                                     1.2337399317125575e-01        -1.2245240856634249e-01         6.1147426425837148e-03         2.3427404699836493e-02        -1.0051574986321952e-02         4.2783822436985117e-03         2.0933769790399785e-03        -6.0855748956823181e-03
44                                    -1.1776088006622727e-02         6.9219984872945315e-03        -4.6198949827233139e-02         1.3756424298646007e-02        -5.6131420152103866e-03        -6.0556083116601947e-06         9.3005933072887615e-04        -4.1630253180142719e-03
45                                    -7.2636423885051073e-04        -9.7135447434867732e-05        -4.4371648834269709e-03        -6.9219836682247959e-02         1.0284906104507831e-02        -6.7845785304060574e-02        -1.2684614410149899e-02         9.1785627898049987e-03
46                                    -7.5332117012454555e-03         4.2430012324768630e-03        -3.0182888983811770e-02         1.2440273222031192e-02        -5.3055277788230958e-02         3.6706492981403153e-02         6.5914482512322813e-03        -6.5736704311125027e-03
47                                    -2.3288929882773909e-03         1.8099544109416547e-03        -1.1569605927428539e-02        -7.9404402022844212e-02         4.1836358884257768e-02        -3.1020059004059242e-01         2.2254549542878588e-04         5.7599567164208845e-04
48                                    -1.1246468019549460e-03        -2.3867463924826873e-03         1.2123047915532162e-03        -1.9169818276098138e-01        -1.0500393998941693e-01         8.5080278423626365e-02        -2.7829652986366183e-02        -7.0589893325211338e-03
49                                    -1.9887890894788780e-02        -1.5551723731227388e-02         1.2946619754670289e-02        -1.1231509979188595e-01        -1.2879761493572145e-01         6.8173528830779997e-02         2.0163962058883378e-02         9.9787095090941094e-03
50                                    -1.2903770437965938e-02        -1.0713732595374423e-02         7.8850727305072831e-03         9.2002676821199003e-02         6.6222494931227574e-02        -1.0363779111377816e-01        -8.2038254884597359e-04        -1.0535613564311066e-03
51                                    -1.3944227570961051e-04         1.1459124907610852e-05        -1.4496293976956116e-04         8.7067853410370457e-04         3.1748449314168443e-04        -1.0217194905240336e-03        -8.1267903560375589e-03         7.4954252149247568e-03
52                                     2.3207932952519028e-05         9.2267832696664919e-05        -2.8272487606705558e-05        -1.1751853764018086e-03        -3.3490295001686529e-04         1.3391492831776640e-03         7.9458841722536561e-03        -9.4849686647248826e-03
53                                    -2.1338272557633333e-04        -7.0892430082944110e-05        -2.1822574289248787e-04         1.1093409748093744e-03         1.5835398930280414e-03        -4.8178963460451816e-03        -2.2325042887955143e-02         2.8783732316381712e-02
54                                     9.0788648868672401e-06         1.2505858305885721e-04        -8.4225555299108834e-05         2.7564003131038588e-04        -9.1698503431465218e-04        -8.8123168283904714e-04        -2.2412640771282376e-03        -1.2054107134865134e-03
55                                    -8.0356778981873758e-05        -2.6751906674529844e-04        -3.8081457521574064e-04        -2.9388593788480104e-04         8.1364872643830593e-04         2.9940350140994374e-04         9.8177026070688407e-03         1.4100000020704688e-02
56                                    -1.5197987526450389e-04         1.7657592591951857e-04         1.3906544986678598e-04         1.2759010829181457e-03        -1.6281465168618628e-03        -9.3193947026539695e-04        -1.1838240540312680e-02        -9.8687042347633258e-03
57                                     2.6281051082155881e-05        -1.2172037859448104e-04         3.1769138159461153e-06        -2.2792150400245768e-04         3.7595675926015387e-04        -4.1280061919435731e-04         2.0060494987270057e-04         5.4142847870101464e-05
58                                     1.1962747954905089e-04        -6.6011471576043774e-05         6.0755705575930386e-04         5.5322969235363777e-04        -4.8236665023988746e-04         1.5420666482656121e-03         6.7142323299482004e-04         4.8118890584842320e-04
59                                    -9.6789589421502069e-05         2.0160186169912333e-04        -7.6466950675444748e-05         4.0747397361081338e-04         1.8564493243835569e-04        -1.0575704001231647e-03         1.0987443726426021e-04        -6.1729732051875124e-04
60                                     1.5376938253640405e-04        -6.2496066976524796e-05        -7.0534067196563254e-05        -1.4114350125237951e-03         4.7846217446281884e-04        -2.4752616751526845e-04        -5.1891857434747442e-03        -2.6427542150920711e-03
61                                     9.1876910016836909e-05         1.6804686648790452e-04        -2.0205411873624643e-05         1.0971512241428680e-04         3.9016652101092381e-04         2.1112330249075333e-04        -2.0769388270786586e-03         1.1112588046458937e-05
62                                    -1.8877865463793583e-05         4.0091480905968876e-05        -3.1162263056988922e-05         6.0081624533217591e-04        -6.4328082209709763e-04         1.3431668267847529e-04         3.8879889520357972e-03         1.8078924257539011e-03
63                                     1.4690690174696489e-04         1.2606150490167221e-04        -8.5717716766367213e-05         3.7276546985599976e-05         2.0124839453918714e-04         3.8530210266682292e-04         1.4479396096948515e-03         1.1371646173701866e-03
64                                     3.5686339263336984e-06         1.4192354356643098e-05        -1.0479888231014581e-04        -2.3414180056784758e-04        -1.5338359257729929e-04        -2.5745301393403919e-04         5.8985920320035919e-04         6.8940294706873028e-04
65                                     1.8921825186566467e-04         1.1573760615714486e-04        -1.1022051129610220e-04        -1.6249334477996661e-04         5.8368310708815149e-04         2.1847115845961455e-04        -1.6072914033910149e-03        -8.3562510872942433e-04
66                                    -6.5883372927799568e-05         6.7946560110267577e-05         6.8104576517035212e-05        -9.9795270000905601e-05        -8.4498536137481996e-04         3.8597701308680738e-04        -2.9559488876772970e-04        -2.9598777831145088e-04
67                                    -4.5388663055728100e-05         2.4542379345831352e-04        -9.5418245617669324e-05         8.1721275283852166e-04         1.2287558831233910e-04         6.5608912948310685e-05         7.4085083285465453e-04         4.7570881171313348e-04
68                                     3.2735795773941503e-04         3.3258141899536329e-04        -2.3503786122860602e-04         1.2156173343026713e-03         1.0506271728183900e-03        -3.0087358246726594e-05        -1.7880554832512302e-05        -6.7308312108830615e-04
69                                     6.6903209259643786e-05         1.5183616690462874e-04         7.5158582297185568e-05        -1.7409055799115763e-04         1.3237157421270998e-04         1.3999869452845305e-03        -7.8688345720826511e-04         7.0762976392231710e-04
70                                    -1.9182593564421576e-04        -1.6420011988965098e-04        -2.0933551091198660e-05        -4.3959772869976721e-04         2.3407154690557115e-04         1.5283024799388114e-04        -1.3152039932913290e-04        -1.0074650670715960e-04
71                                     8.8739218842353288e-05        -2.7595976113019922e-04         3.4358085183922558e-04        -3.4720255556770297e-04        -1.9624944312016004e-04        -1.1136714280833987e-03         7.7328228593843864e-04         1.6793717633329659e-03
72                                     6.2315824823503784e-05        -1.2423462075861593e-04         9.7968862505797097e-05        -8.9385219503624745e-04         7.2420686310579536e-05        -2.9427284566094886e-04        -6.2313719536266025e-04         1.5016432350469576e-03
73                                    -7.5578828923600510e-05         9.3149742739280072e-05         1.3996362088116847e-04         7.5199737066154954e-04        -2.8440479940710045e-04         3.6088809471193390e-04         1.5273921470474274e-03        -6.6604888508845221e-04
74                                     6.9676219497152999e-05        -9.7824743208041053e-06         1.0532506045405632e-04        -1.0786251519813864e-03         6.3383230004229133e-04         1.5266430153402044e-04        -2.3810884629833825e-03         3.1582066843352584e-03
75                                    -6.9083682609873170e-05         5.6788177520305150e-06        -1.7026635844001531e-05         1.9218625968689932e-04        -1.2251307501342699e-04         4.5850723500456428e-05        -7.1903272254202435e-04        -3.7281708917009105e-05
76                                    -1.1432842481152873e-04         1.8246667930241506e-05        -3.6102828319037405e-05         3.3585336941255713e-04        -1.5721484587859170e-04         1.0342675360310406e-04        -1.2935508313363158e-03        -2.6581699538895929e-04
77                                    -1.2361218940961163e-04         2.1624784111717811e-05        -4.0777271770369880e-05         3.3943233152193986e-04        -7.8837313627020287e-05         1.2963199161248693e-04        -1.2631138747640652e-03        -2.5500756699417971e-04
78                                     2.7054261210485664e-05        -1.2051815924895129e-05         6.3490862529801472e-06        -6.7596273911203175e-05         1.1078472122805428e-06        -3.6491199012859001e-05         2.1475244901887760e-04         2.9705788991560495e-05
79                                     3.6999928403015154e-05        -1.1128317815368490e-05         9.1792713924203248e-06        -9.2549111770920994e-05        -2.1019431729552305e-05        -5.3163415045503289e-05         2.7969162655918083e-04        -2.5938514664835599e-06
80                                     3.4319587376919802e-06         8.0602518304724916e-08         3.3909965476175519e-06        -2.2849629969312746e-05        -1.0900767806339118e-06        -7.7968032475262862e-06         7.9771200071233742e-05         1.2086875999341254e-04
81                                     1.2489138036968746e-05        -2.8893098695815276e-06        -8.0402680388010723e-06        -4.5883049990597817e-05         6.9434358802234993e-05         7.0471222816086718e-05         2.4925837693937352e-06         5.7768649502253297e-05
82                                    -1.6614995117047684e-06         1.8688881177541465e-06        -6.8995194626129861e-06        -2.4222569875236569e-05         5.1275142712264836e-05         4.0670929976237981e-05         2.0564907434233645e-06        -3.5543564084001821e-05
83                                    -1.0048094912396731e-05         3.7586140584376770e-06        -1.4831907401100867e-06         1.0844401082464773e-05         5.9762728272885724e-05         5.5836859481967251e-05        -1.3902305644333460e-04        -5.0471266435370401e-05
                                                         8                           9                          10                          11                          12                          13                          14                          15

0                                      2.1698316988048701e-02         2.7881745178089237e-04         4.3450324216039486e-06         1.9113800371889280e-03        -4.2448387882479009e-04        -4.3531044136023000e-04        -3.1721238612160386e-04         7.1953688425449702e-03
1                                     -1.0874741978602730e-02        -2.7171453286077227e-04         5.5525479127423649e-04        -1.7994849202113003e-04        -2.0105137973186588e-04        -4.0445227227463125e-04        -4.6759796259170355e-04        -2.6354586756413955e-03
2                                      4.0016233653182576e-03         6.2326835282165260e-04         6.3551928126842172e-04         1.2097903799408406e-03         1.4894736829254874e-04         2.0303808251811951e-04        -1.7422860044126443e-04         1.2276108852692857e-03
3                                     -3.9802220139896543e-03        -5.6702727262799308e-03         7.8209334954982782e-03        -9.2220919953200434e-03         9.9739133198509526e-04        -7.1263508654825086e-05        -2.5671079733323617e-04        -4.0656082713261696e-02
4                                      1.4407073911959530e-02         1.1180975411312407e-02        -1.1174199207528282e-02         5.2453452801087749e-03         1.0711026500062051e-04        -5.4015144471934035e-04         3.5044432369450533e-04         3.0219672668075487e-04
5                                     -1.1035332619858601e-01        -2.5636837259805693e-02         1.6471597294819774e-02         3.2041491236431824e-03        -1.2089856724502696e-03         1.2148149042738002e-03        -2.5552560772923909e-03         1.5766635868105072e-02
6                                     -1.3887056598187081e-01        -1.1266017137411127e-01         3.3197787115962767e-02        -2.6373973401177881e-02         1.5109167915954826e-02        -1.1018369063459366e-02         2.4971559151562742e-02        -1.9241488212441687e-01
7                                     -1.2011685999828478e-01         3.0813481913468541e-02        -9.7556587344784826e-02         4.4041839016894319e-02         4.1358769590470572e-03        -7.9821556928695685e-03         1.4503279952239359e-02         3.6351499301890140e-02
8                                      6.5105380776329003e-01        -2.4869950770854927e-02         3.9688833228172953e-02        -1.8070821117642930e-01        -7.3976390100249853e-03         1.5326641183840278e-02        -2.4645803770913702e-02         1.1423774100508860e-01
9                                     -2.4869950770854927e-02         5.8062545060567872e-01        -3.0264260656549767e-02        -8.7183810648692149e-03        -1.8054673756900796e-01        -3.8152113039537500e-02         5.2166562319326981e-02         1.2251175987049541e-02
10                                     3.9688833228172953e-02        -3.0264260656549767e-02         5.9022990764911798e-01         6.0260894714447996e-02        -4.1870807132505961e-02        -9.6811187205711857e-02         1.9883100813600334e-02        -1.8000283343622841e-02
11                                    -1.8070821117642930e-01        -8.7183810648692149e-03         6.0260894714447996e-02         5.1500333435237156e-01         6.0364030234974941e-02         1.9946562733009210e-02        -1.1016762777115016e-01         1.1122616831450213e-02
12                                    -7.3976390100249853e-03        -1.8054673756900796e-01        -4.1870807132505961e-02         6.0364030234974941e-02         5.5084212576647129e-01        -3.0628969806666878e-02         3.6947056520249572e-02        -5.4852940265600492e-03
13                                     1.5326641183840278e-02        -3.8152113039537500e-02        -9.6811187205711857e-02         1.9946562733009210e-02        -3.0628969806666878e-02         5.7428050382858720e-01         2.1479660210989057e-02         3.9638890942946189e-03
14                                    -2.4645803770913702e-02         5.2166562319326981e-02         1.9883100813600334e-02        -1.1016762777115016e-01         3.6947056520249572e-02         2.1479660210989057e-02         5.7111194604061111e-01        -4.2449051796472183e-03
15                                     1.1423774100508860e-01         1.2251175987049541e-02        -1.8000283343622841e-02         1.1122616831450213e-02        -5.4852940265600492e-03         3.9638890942946189e-03        -4.2449051796472183e-03         7.5358335524686770e-01
16                                     4.0416264712607633e-02        -1.3460318280690683e-02         2.8739697522701616e-03         8.1216310156674784e-03         2.8416072516374530e-03        -2.5871756754434713e-03         4.1474853829252612e-03        -2.1898600238525817e-01
17                                    -2.8023133579601317e-01         1.7558439655544766e-02         1.2392667826485640e-02        -3.9589304576869079e-02        -6.1227647017956643e-04        -2.3130643874268598e-04        -6.1415431716922361e-04        -7.6176250958763347e-02
18                                     2.0443330705201445e-02        -2.3126204383546304e-03         2.7379167270168820e-03         2.0641288325840470e-03         4.4485669427977797e-04        -3.4612682293785343e-04         8.4883779483842172e-04        -8.8874952666615770e-02
19                                     8.6880658592553353e-03         3.3054141898927478e-03         5.3579486517029151e-03         9.5704604220741944e-04        -4.3297559495621835e-04         4.6002500249199010e-04        -6.6664519631901226e-04         1.5323048751941291e-02
20                                    -2.8560121301490729e-02         3.9599165405742988e-03         5.6678942776971879e-04         2.0312263453745177e-03        -7.1797323110216963e-04         4.8905710686618505e-04        -9.3987539985779548e-04        -2.7901758506059887e-02
21                                     4.9692650234509583e-02        -3.1130408836948205e-03         9.2802435530996256e-03        -1.5372988207763862e-02         2.4495804204515796e-03        -7.2988653261741579e-04         1.7119630630040592e-03        -4.0521186394594455e-01
22                                    -1.8160024742147743e-02        -9.5931112299477823e-04        -7.5685274624964069e-03         6.8640993659831295e-03        -1.7240957261930555e-03         1.5786169539687702e-03        -7.5803495527266521e-04         1.6056280845075199e-01
23                                     1.0272984693591697e-02         6.2314804806354058e-04         2.8572195010875788e-03         4.0018584293561622e-04         1.0846015442904967e-03        -2.1167092926964635e-03         5.3388610718720423e-04        -1.1335758406958205e-02
24                                    -1.9201545911768626e-02        -1.4501438420390089e-03        -6.2636893444249688e-04         6.7075494010337498e-03        -6.8978039424150150e-04        -1.7655081509149945e-03        -6.1480919198706862e-04        -7.0402588950053108e-02
25                                     1.3297772630797056e-02         1.2137425386094230e-04         3.4906869606700346e-03        -5.3723636083937102e-03         8.9352828413576449e-04        -1.0008909506925314e-03         5.1605494023096075e-04         3.7847379461207600e-02
26                                    -1.3501580581225588e-02         2.7341462021093065e-03        -6.4156317118402428e-03         6.0057603612856522e-03        -1.1550016924943356e-03         1.4399868135844959e-03        -1.1859558491389868e-03        -2.8553495074977710e-02
27                                     2.9846452485197870e-03        -6.8189631239664455e-05         7.6983876073286712e-04        -2.2297759891585058e-04         2.7368427535456435e-04        -7.3313822470696794e-05         3.1538367530654546e-05         1.1666978303392580e-02
28                                    -1.9465727546501201e-03         6.7009957341754734e-05        -5.6398659189761755e-04         4.2836420424900105e-04        -1.4070457096428612e-04         1.3067969892703392e-04        -1.2761817981471419e-04        -5.6655766882621047e-03
29                                     1.7144247859509391e-03        -3.2058666123260208e-04         6.2849354097539235e-04        -2.6745378470093765e-04         1.1574016265098827e-04        -1.7309044869042760e-04        -4.2663490864123824e-05         4.9589595508438685e-03
30                                     1.4417520891739917e-03        -2.0569464651593993e-04        -9.5103999327928249e-04         8.4742379889558460e-05        -7.1996637238833918e-05         1.4830792083689003e-03         5.4814633352772199e-05         7.7920860161976250e-03
31                                    -3.4419284614120695e-03        -5.2194099151893492e-06         7.2286351169924615e-04         1.1944869808726642e-03         8.4044586727919041e-05        -6.1962763939020331e-04        -2.8334691752723851e-04        -1.5945047132429023e-02
32                                     4.0055755160643587e-03         7.3164076766016914e-04         1.8646335797670324e-03        -4.5963580257990001e-04         2.5107839295991131e-04        -6.4703336929908088e-04         2.9599674554749047e-04         1.5115561378110254e-02
33                                     2.7438649321793037e-03        -3.3479045122239258e-04         7.4757028771829442e-04        -1.3090886557261890e-03         2.4842525088769634e-04         1.1340922945055971e-04         1.3462164700209423e-04         1.0650607004625213e-02
34                                    -1.0724589394452558e-03        -1.6981523757356772e-05        -5.4545093043341071e-04         5.0078942457606676e-04        -6.5283642018466797e-05         9.5137548813212317e-05        -8.1060373577660681e-05        -2.5878803456102937e-03
35                                    -4.6881662821879425e-04         1.0919417270506050e-04         3.3476538912523090e-05        -4.7835925292582008e-07        -2.8500316111022044e-05        -1.5114671323367219e-04         6.2246077901054273e-05        -2.6983534446347549e-03
36                                    -1.0385770157473498e-03         8.1272209015903398e-06        -6.8720379458169726e-05        -2.2492358500161646e-04         2.0262842899775073e-05         4.0633677455908932e-05         8.9209930052555565e-05        -3.0973788561432182e-04
37                                     7.9840164192594666e-04        -5.5436895555598499e-05        -1.7082948285550206e-04         1.7005903438807352e-04        -5.6668803652917089e-05        -3.0001625910987414e-05        -2.5283009087363371e-05         4.0320346279491609e-04
38                                     5.8123495874365014e-04         1.6374866768890958e-05        -4.1789000214081766e-06        -6.8341492248791616e-05        -2.3489896021230782e-06        -7.9113137122218026e-05         9.3654125650728410e-05         3.6080669527059086e-04
39                                     3.2079161455061543e-04         1.7158919718814189e-04         3.8191416726278730e-04        -1.4323741127851526e-04         2.5689738612847172e-05         1.2813862579968499e-05        -8.9690243040111165e-06        -4.9972892973637367e-04
40                                     1.1936629238719588e-03         4.8887105754311436e-04        -6.3089503721879946e-04        -7.3895085729678764e-05         1.3554838811088955e-04        -6.0648492523009243e-04        -1.5777905948768922e-04         3.5229334312670478e-04
41                                     3.4611731815348767e-04         1.0678097600231879e-04        -1.4527179187535716e-04        -2.6290999002016890e-04        -6.8427852407337532e-05         2.0966523420351351e-04         1.9740628144985682e-04        -4.0066978286553779e-04
42                                    -4.0033397759428146e-04         8.1050112469771633e-05        -1.9372563214528011e-04         1.8629980377621251e-04         9.2448790476175964e-06         6.4104901768747316e-06        -2.1033789476528029e-05         5.8059578846431916e-04
43                                    -5.4705431535840288e-03        -2.3992478575301786e-04         3.9024333067142251e-04        -8.9579957813818801e-04         8.7156581860009031e-05         7.6068088324484761e-05         9.8076209228261020e-05        -2.9343748362363467e-03
44                                    -1.9344336863829010e-03        -8.2179607701644147e-05        -1.7190925662030187e-04        -5.6022359974151220e-04         1.0350688780658656e-05        -2.9659605891414780e-05         2.6095680550774243e-05        -1.5618407161434537e-03
45                                    -2.8296072490556476e-02        -4.1189500556337508e-03         8.9120514576856730e-04         2.5479207319547351e-03         1.5910259544087900e-04        -2.7617689216976661e-04         8.4449847436795210e-04         2.0791589094525456e-03
46                                     1.9728688493364802e-02         2.8995706777053343e-03        -9.2489233352189160e-04        -9.4927523318912715e-04         4.8025931918952401e-04         7.9266556739436463e-05         3.1704887284001229e-05        -1.3544724739046757e-03
47                                     3.1812516536014095e-03         5.0670933181185679e-04        -8.2058174775947578e-04         6.5548532314899446e-04        -2.3621155140607551e-04        -7.3845475643897649e-05        -1.4920255242626416e-04         1.0850336893229642e-03
48                                     1.7153008820771136e-02        -1.5209436981893608e-04        -1.0166059564643958e-03         2.2962741427759465e-03         6.9498208457758107e-04        -5.4118739100541234e-04         7.3374479520678946e-04        -4.3306402674110969e-04
49                                    -1.2689074455648115e-02        -3.6504198273238785e-04         7.6492079931951389e-04        -3.2038854398827745e-04         1.0863330793220776e-03        -7.4740703548387805e-04         2.1659635498538872e-03         1.9472325591167391e-03
50                                     3.1683588735335715e-04        -5.2313099848783529e-04        -2.6083477532600429e-04        -4.1724422665277271e-04        -1.2376263866666110e-03         1.5367216977840708e-03        -1.2039247787355516e-03        -4.1699085459642737e-04
51                                    -1.6217259476176554e-03        -1.4976128351794210e-01         1.3080651017827918e-01         3.4000824858259088e-02        -1.5756014123860733e-02         1.7645299302741793e-02         7.6446424977079444e-03         8.2898388270298074e-04
52                                     1.7398087592459376e-03         1.3186862602671556e-01        -2.1847094473330300e-01        -4.7238675982682658e-02        -1.0181986583818777e-02         1.2243549867392751e-02         4.3629023628750062e-03         2.4185559109036530e-03
53                                     9.4945779671423008e-04         3.9892266810453894e-02        -5.5007889281574338e-02        -6.3896343870287003e-02         1.0123859622039402e-02        -1.1479551753826447e-02        -5.5072097263784781e-03        -3.4846941866586529e-03
54                                    -1.0063351704130799e-02        -1.1368980678666109e-01        -8.5376442438349437e-02        -6.9454881421494891e-02        -1.3592251032871244e-02        -1.8638007597252978e-02        -1.3798690426425109e-02        -1.9147395509153116e-03
55                                     1.5618992258171063e-02        -8.7009242280099569e-02        -1.6880780410584600e-01        -9.8953290492717394e-02        -4.1650538771650508e-03        -6.4761430592891198e-03        -5.7216718955986779e-03         2.7913749606816203e-03
56                                    -3.2991715976055075e-02        -7.1564868530719750e-02        -9.7885579225604966e-02        -1.2407655538933608e-01         9.7787078374445037e-03         1.2019161303608559e-02         1.0660138390905375e-02        -1.0120117088553163e-02
57                                    -5.2630513428351868e-04        -1.4890450258908765e-02         1.9591790627281107e-02         6.6911424340183158e-03        -1.4298215007279250e-01         1.1725726358716773e-01         5.9452348513307204e-02         1.3519739488559730e-04
58                                    -7.5022178567465026e-04        -9.1620197807033808e-03         1.2069441384498430e-02         5.5473000283794600e-03         1.1913069841646950e-01        -1.9599618104302141e-01        -7.5129480186291661e-02        -4.6818032338669666e-04
59                                     7.7455278404807773e-04         8.3747770285255291e-03        -1.2448448992444556e-02        -5.8018891362422199e-03         5.9322731710472816e-02        -7.3580223374313608e-02        -8.3000053572147320e-02         4.9889289880631087e-04
60                                     4.6288064740484490e-03         9.4909293512707472e-03        -1.2754052868664897e-02         2.0284062644631305e-02        -8.2699060501632560e-02         5.4143411385560780e-02        -8.1471480779647693e-02         1.9832346858280510e-03
61                                     1.2192417401687998e-03         5.6084468027069578e-03        -6.0105528732167937e-03         6.7380492995200818e-03         5.2573155928555590e-02        -1.2306957539741180e-01         1.1448260915485174e-01         1.0658037567037458e-03
62                                    -1.9337983069816940e-03        -7.6818679811187368e-03         5.7702956797045634e-03        -1.1740958672234580e-02        -7.8370921493920331e-02         1.1439806202534171e-01        -2.1436183089247415e-01        -1.7804705509273475e-03
63                                    -2.9070001489464592e-04        -1.3748301292395231e-02        -1.4710486600918803e-02        -1.6380734675361386e-02        -1.2904998982119303e-01        -9.2022259223124570e-02        -8.4868610672962808e-02         3.2424318306452241e-04
64                                    -8.6306419191485139e-04        -5.8990609415513840e-03        -7.4952767385717319e-03        -6.0701495556234608e-03        -9.2294572240419828e-02        -1.5208044646580288e-01        -9.8858257605144578e-02        -2.7291211735684271e-04
65                                     2.1050571172184099e-03         1.1174330728117028e-02         1.2885426875020098e-02         1.0491858838282037e-02        -8.6857422046362973e-02        -9.9833683250850402e-02        -1.3844504493094212e-01         8.6795663748524604e-04
66                                     1.1620960062681623e-03        -2.2000353061644420e-05         1.8379508829059089e-05        -4.5842439585939588e-05         3.2593679884220379e-05        -4.5710894575139383e-05         1.4504260000099211e-05        -3.1876676836076088e-03
67                                     4.4624994218585724e-04         1.7618577070477315e-04         3.0407535171033783e-04         3.0742459771835489e-04        -2.4876241530001088e-06         5.0952672509520914e-05        -8.6582374950896102e-05         9.4478737665969897e-04
68                                    -1.0679745452303654e-03        -7.9483569140244032e-04        -1.1956690735233440e-03        -4.8788141976062466e-04         3.6882778137193044e-06        -8.6506700729513546e-05         1.5372498542200056e-04        -1.9086455052792000e-03
69                                     8.9483318929399133e-04        -7.0206972250113926e-06        -1.5525957871252217e-04        -2.0058332873190162e-04        -1.5684742953085823e-05        -7.3239237140400288e-06        -9.8794582752752497e-06        -5.9944733774006101e-03
70                                    -7.5742639697795469e-04        -1.4486874892230249e-04        -4.6507787937948724e-04        -2.8562496757375533e-04         4.6683040579588626e-05        -1.6224086805430725e-05         3.3531158631970083e-05         1.4517522458022760e-02
71                                     3.3817547461446320e-04         4.2185390996265430e-04         7.2208003332762934e-04         3.4015746907297502e-04        -1.1683693172259859e-04         5.5098680371884442e-05        -3.4943172499622368e-05        -1.9792328080564903e-02
72                                    -1.1908951214722324e-03         5.4442915732338536e-04         2.3767140356024635e-04        -2.9436849047677599e-04        -5.5275308589554329e-05         3.2322199739841779e-05        -8.5590855590444683e-05         5.0070003567159859e-03
73                                     2.7698512513451398e-03        -3.8597251121906583e-04         5.0056022667805539e-04         3.9171276543426307e-04         8.1100493701337034e-05        -2.2330282632132563e-05         9.2360493718928103e-05        -1.2373930194938283e-02
74                                    -4.2348927035278511e-03         1.2178164739745697e-03        -2.6262742577530594e-04         9.8865006269524460e-05        -3.0331943177138034e-04         2.0449395006540648e-04        -3.7782249051499211e-04         2.2457503258091482e-02
75                                     3.3976805137348566e-04         3.0367912745406006e-05         2.0555034821481577e-04         2.1193152738832859e-04         2.7360730346483576e-05        -2.2673610297536948e-05        -5.0748640399463028e-05         1.9752013776561462e-03
76                                     9.2559453180848664e-04        -9.7945316198494686e-05         1.3429733259952067e-04        -2.3053748426693293e-04         7.1115308175626104e-05        -1.5204495912936305e-05         4.2453219975743399e-05         3.2097000154106300e-03
77                                     1.0430294527273224e-03        -1.1577556321152921e-04         6.7608164971476415e-05        -5.7953137129765190e-04         8.4520152171849500e-05         7.0561211856793994e-06         1.0628990406583456e-04         2.9672585864339287e-03
78                                    -2.0351290528337510e-04         2.3026949653704855e-05        -1.2952903932693811e-04         2.7806984224568027e-05        -3.1452777764794676e-05         4.3200728173898166e-05        -3.6002555095256116e-05        -5.8823136818508988e-04
79                                    -3.3917685844740377e-04         6.0089002108151991e-05        -7.2353509123205552e-05         1.8549141317090117e-04        -1.5541265803982888e-05         3.2484456697250475e-05        -1.5779355415917711e-05        -5.8752982594034600e-04
80                                    -1.3613994638234247e-04         6.0068450795146581e-05        -7.1313013796598995e-05         4.6052264567287117e-05         1.9641831718248456e-07         3.0508345974955529e-05         1.3345993738803026e-05         3.1208719032157833e-05
81                                     3.6446262483949402e-04        -7.5339505194971733e-04        -4.4457816903352356e-04        -6.4904645443496852e-04         6.5702681336431178e-05         1.2917066358910417e-05         1.6396591561504534e-04        -7.9879730395447830e-05
82                                     8.1184043388817577e-05        -2.3010888249080989e-04        -1.2560430632305243e-04        -2.8757843388299727e-04         4.5531234226761476e-05        -2.1645375849383273e-05         1.1089093422746538e-04        -1.9835968926954268e-04
83                                     8.4022050048206440e-05         1.4352738017580529e-04        -8.2269762589124844e-05        -4.0227466808859572e-04         5.2758019904024472e-05        -3.9355823788484698e-08         1.5086705991592731e-04        -2.8068261844212887e-04
                                                        16                          17                          18                          19                          20                          21                          22                          23

0                                      3.6289965041404982e-03        -5.2311256765096735e-03         1.0223150723904075e-04         1.9457741824518786e-04        -3.3833798982228877e-04        -6.5127207905027462e-03         8.8783665019718508e-04        -7.9265624102484600e-04
1                                     -9.6367983501995536e-04         2.6016107900855680e-03        -6.1037951600260293e-04        -4.8072444167881969e-05        -3.1899240763764818e-04         1.0645193749507179e-03         2.4637736770225069e-04         1.8194820217559205e-05
2                                     -6.2716606369659007e-04        -1.6248554884153018e-03         8.1883799437722227e-05        -7.0711746537801407e-05        -4.0642588987020202e-05        -1.6354688761975990e-03         8.0412628313446862e-04        -8.8538653618371868e-05
3                                      9.4880292375661424e-03         1.6869318210305802e-02        -3.7098345429888895e-03        -8.4247885407368463e-04         1.5657740355306451e-03         1.5653273832409706e-02        -3.0215765084807434e-03         2.8579920607874885e-03
4                                     -1.9587760026649852e-03        -1.2030003835679808e-02        -1.5862519264237109e-03        -1.6022727938626168e-03         9.9037236692378454e-04        -4.4409619663524341e-03         6.7218179701204594e-03         4.6592999109111993e-03
5                                     -1.6525697592894406e-02         8.3932744615889138e-03         2.5440236781229010e-03        -1.8472097911013778e-03        -3.0963835100353563e-03         8.2469210523141503e-03        -4.0267762124881145e-04        -9.5623670637149196e-04
6                                      1.5560327124227363e-02         1.2070117284536513e-01         1.0900708547875129e-02        -1.5399612061566918e-03        -3.9487861431297677e-04        -8.8946787772553354e-02         3.4844693120708342e-02         2.6656594270682982e-02
7                                     -8.9581106568830643e-02         2.5783479591559709e-02        -8.4113830216556180e-03         6.1514536363477534e-03         1.4897318118566049e-02         1.5911146086696297e-02         1.7706848401276988e-02        -1.2741086654502624e-02
8                                      4.0416264712607633e-02        -2.8023133579601317e-01         2.0443330705201445e-02         8.6880658592553353e-03        -2.8560121301490729e-02         4.9692650234509583e-02        -1.8160024742147743e-02         1.0272984693591697e-02
9                                     -1.3460318280690683e-02         1.7558439655544766e-02        -2.3126204383546304e-03         3.3054141898927478e-03         3.9599165405742988e-03        -3.1130408836948205e-03        -9.5931112299477823e-04         6.2314804806354058e-04
10                                     2.8739697522701616e-03         1.2392667826485640e-02         2.7379167270168820e-03         5.3579486517029151e-03         5.6678942776971879e-04         9.2802435530996256e-03        -7.5685274624964069e-03         2.8572195010875788e-03
11                                     8.1216310156674784e-03        -3.9589304576869079e-02         2.0641288325840470e-03         9.5704604220741944e-04         2.0312263453745177e-03        -1.5372988207763862e-02         6.8640993659831295e-03         4.0018584293561622e-04
12                                     2.8416072516374530e-03        -6.1227647017956643e-04         4.4485669427977797e-04        -4.3297559495621835e-04        -7.1797323110216963e-04         2.4495804204515796e-03        -1.7240957261930555e-03         1.0846015442904967e-03
13                                    -2.5871756754434713e-03        -2.3130643874268598e-04        -3.4612682293785343e-04         4.6002500249199010e-04         4.8905710686618505e-04        -7.2988653261741579e-04         1.5786169539687702e-03        -2.1167092926964635e-03
14                                     4.1474853829252612e-03        -6.1415431716922361e-04         8.4883779483842172e-04        -6.6664519631901226e-04        -9.3987539985779548e-04         1.7119630630040592e-03        -7.5803495527266521e-04         5.3388610718720423e-04
15                                    -2.1898600238525817e-01        -7.6176250958763347e-02        -8.8874952666615770e-02         1.5323048751941291e-02        -2.7901758506059887e-02        -4.0521186394594455e-01         1.6056280845075199e-01        -1.1335758406958205e-02
16                                     3.6452425781809900e-01        -1.1895991524126620e-01         1.1033956537228419e-02        -1.1367259549570050e-01         5.3346730366530273e-02         1.6849320411143331e-01        -1.3753043737390414e-01         1.1623294283644378e-02
17                                    -1.1895991524126620e-01         5.9837604206160733e-01        -2.3782332262321865e-02         4.7771043361763431e-02        -1.8535244169811249e-01        -2.2866929453347357e-02         1.7161374976364052e-02        -7.2569515518622452e-02
18                                     1.1033956537228419e-02        -2.3782332262321865e-02         6.1392470193673709e-01        -5.5556590257962862e-03        -4.0667074480036390e-02        -2.9121141184564818e-02         2.8007361606600122e-02        -2.8399876460184766e-02
19                                    -1.1367259549570050e-01         4.7771043361763431e-02        -5.5556590257962862e-03         5.5235279639919310e-01         3.0706901260555190e-02         1.9291294516557408e-02        -5.2368590165164548e-03         1.7970437103562595e-02
20                                     5.3346730366530273e-02        -1.8535244169811249e-01        -4.0667074480036390e-02         3.0706901260555190e-02         5.3587705197777158e-01        -1.2018590064933589e-02         9.2519620036995986e-03        -6.8344928089253409e-04
21                                     1.6849320411143331e-01        -2.2866929453347357e-02        -2.9121141184564818e-02         1.9291294516557408e-02        -1.2018590064933589e-02         7.5332231750112288e-01        -3.3374974313140016e-01         1.2287315835695434e-01
22                                    -1.3753043737390414e-01         1.7161374976364052e-02         2.8007361606600122e-02        -5.2368590165164548e-03         9.2519620036995986e-03        -3.3374974313140016e-01         2.4091831733166649e-01        -8.5798268358704272e-02
23                                     1.1623294283644378e-02        -7.2569515518622452e-02        -2.8399876460184766e-02         1.7970437103562595e-02        -6.8344928089253409e-04         1.2287315835695434e-01        -8.5798268358704272e-02         1.5485306652883318e-01
24                                     2.7665378267776309e-02        -1.0033574385948683e-02         5.9786873318373630e-03         3.1687928228738005e-04         4.0321357080967098e-03        -1.7398206297528684e-01         7.0990798614094672e-02        -7.8643612111900851e-02
25                                    -2.6548926412864934e-02         4.0141479740943582e-03         8.4722569319782819e-04         7.0440568699687766e-03         1.0605396385285912e-03         7.6822122955374966e-02        -9.6265364027729269e-02         3.9256308503623945e-02
26                                     1.1067152202008740e-02        -1.0779528209278974e-02         7.5487576514372129e-04         2.8532663572111306e-03         1.4855305011429506e-03        -9.6599721467670069e-02         5.0891296321977531e-02        -9.4446552531018316e-02
27                                    -4.7337025751278492e-03        -5.7367083039552447e-03        -5.2683077251794506e-04         2.0262637239125397e-03         5.0388621612152762e-04        -1.7922672775108655e-02        -5.4819249066124960e-03        -1.4868740624908797e-02
28                                     2.4274079856267785e-03         3.0813287322551675e-03        -3.2454069928706375e-04        -1.4691467974895370e-03        -4.6887757176076295e-04         1.4076227027512420e-02         6.0205589583864280e-03         9.4009508513580239e-03
29                                    -3.4228068177898402e-03        -2.3861705931238980e-03        -1.9286465980444150e-05         6.5597772822547349e-04         2.3262222377210001e-04        -1.4707534290132135e-02        -2.0123598806854534e-03        -3.2155900090853652e-03
30                                    -2.3091445289385587e-03        -1.2769625584774043e-03        -1.8188374885991642e-03        -9.5262606616810510e-04        -8.4050648862940428e-04         3.3345230004311853e-03         2.0075629943458649e-02        -8.2696824427695680e-03
31                                     4.3143810317046302e-03         4.2600575975684984e-03         3.0337446078785432e-03        -2.0821394570599968e-04         5.2450633528852383e-04         1.2191936735926057e-02        -1.7472624909024442e-02         1.4413007523708381e-02
32                                    -1.4247887300584856e-03        -4.5672526496106144e-03        -2.1268999518601699e-03        -9.7698595071765769e-04        -6.2501938516458121e-04        -1.3906901918794082e-02         2.4060713568874150e-02        -1.0255331398958006e-03
33                                    -3.8013946810106954e-03         4.7389168906988932e-03        -8.6901953276821969e-04         1.5032839593011012e-04        -7.8226586928292730e-05        -4.1231837313998793e-02         2.3793926483475898e-02        -4.2223383845809512e-03
34                                     3.5603216666520309e-03        -2.6772269091085840e-03         2.5144701696094021e-04        -3.5631217580713075e-05         1.2999050019156584e-05         2.0898359399214347e-02        -4.3093522706396589e-03         2.8460294047291321e-03
35                                     1.0959398970338905e-03         1.0640142289784385e-03         4.2041101519249774e-04        -1.2284176315493004e-04         5.6588625883346473e-05        -2.6505638159823458e-03         8.5423859171696211e-04         9.1027946553868672e-03
36                                    -2.5482617987187758e-04         5.6488433233690971e-04         1.4239912081360898e-04         2.3453825255206917e-04         2.3096224623411939e-04         4.8490970999898967e-04        -1.8803747078248589e-04        -3.3510984356215648e-05
37                                    -5.1506212031524317e-04         1.4002874982013908e-04        -1.0056879724241303e-04        -9.2678982007902847e-05        -1.3743490233205421e-04         4.9883484914928547e-05        -1.5379299326935422e-04        -1.7607497263009430e-04
38                                     3.7716093755599126e-05         1.9571917683623697e-04        -2.1924972410305180e-04        -3.4022047486545405e-04        -2.4528067009296583e-04        -1.7141656657631557e-04         1.8115273728423010e-05        -1.2607005058464657e-04
39                                    -6.9859525242328848e-05         4.4738487691304944e-04         7.8195582978770109e-05         2.0963538631967109e-05        -4.1961810043315953e-05         3.9202219248673251e-04        -1.6009584731621021e-04        -3.4575592907274303e-06
40                                     1.3492816087732362e-04        -4.3912761874563441e-04         1.3528616017414319e-04        -1.2299870587440106e-04         2.6564325619301405e-05        -1.2102522439346670e-04        -4.4412274160670560e-05         4.5727161818484466e-05
41                                     1.0028208727140423e-04         1.1211390866181707e-04        -7.7901073953532221e-06        -5.5179746165377120e-05         6.1768868372294016e-06         4.4811583822783156e-04        -2.1853905445688550e-04         8.7330044996948461e-05
42                                    -3.5323088661701728e-04        -2.8349905217334398e-04        -6.8119759072628622e-05        -1.1481365581062338e-05        -4.0437770697756230e-05        -1.8640083548279420e-04         1.8462679091170437e-04        -4.9650804916027481e-05
43                                    -7.9278564768289522e-04         2.4214263332960539e-03        -7.4644345168108612e-05        -1.3790280948002671e-05        -2.8118056706775090e-05         2.6984535334832476e-03        -7.7090972413113544e-04         1.7174040883873577e-04
44                                    -1.7438174606047364e-04         1.1476032333941734e-03         2.4940906766732760e-05        -4.4067971932834491e-05         6.1547093555018752e-05         1.3143622339325701e-03        -3.5301437322169912e-04         1.4888941172071693e-04
45                                     8.0909845084389202e-04        -3.3554447615148702e-03        -1.1481868455955222e-03        -7.3108985462263501e-04         9.1665433905628244e-04        -5.7819399211951009e-04         3.5193302287851171e-04         4.2839922306661356e-04
46                                     4.9780409240117343e-04         1.6302251045383232e-03        -1.5221771503735079e-04         4.5971965146705969e-04         3.7014857029507163e-04         7.5730398271442706e-04        -4.7208133142842893e-04        -1.7704534360347060e-04
47                                     2.1359819490497254e-04        -6.9366419917914202e-04         4.0952426891256244e-03         2.4479766226697080e-04        -2.5254102634467103e-03        -5.1747045924101058e-04         1.8337051968221005e-04         1.0588269724297290e-04
48                                     1.2058003191406895e-05        -5.8062933660160011e-03         5.6025787938730450e-05        -3.4857761788821919e-05        -3.3530985484277989e-04        -3.4183955438987562e-03         2.2350859577356576e-03         9.4286655801003769e-04
49                                    -4.6492464500877189e-04         2.5961041654892084e-03         7.3874187216840749e-05        -9.1817290408288785e-06         1.6710667365242018e-04         1.7372449547413188e-03        -1.3950327284952787e-03        -7.7553011166075418e-04
50                                     6.4120162010961978e-04         2.6835054929287821e-04         4.9934105905309872e-04        -3.2312104986850207e-04        -8.5190327496523655e-04         5.5550358206600320e-04        -1.3606234461222284e-04         1.6403938646668406e-04
51                                    -1.1618307523966528e-03         1.2494840042401138e-03        -8.6305628247836357e-05         8.5164442189935682e-05        -1.8730864517659939e-05        -1.5572874659392048e-03         8.9046957738152287e-04         9.5194938409755292e-04
52                                     8.8130877563681077e-05        -2.6069351344199659e-04         5.2192815208538347e-05         1.7753559112123739e-04        -1.5416252332496995e-06        -6.8608638280566979e-04         4.4100466397982999e-04        -1.2555252511237962e-03
53                                     2.4488163371758731e-03         1.9353481911779276e-03        -3.5965106583811719e-04        -4.4517851966166392e-04        -1.3616996714031811e-04         2.0438084759890644e-03        -2.0229663314427315e-03        -8.2013487450903391e-04
54                                     2.9368085228517456e-04         2.2857283239390972e-03         1.3790822782390626e-04         1.3405715393264938e-04        -1.0070893059082551e-04         2.1044844556482923e-03        -1.1995876398075088e-03        -7.7148740405530306e-04
55                                     3.8674632235160492e-04        -6.7028210775951086e-04        -2.8757521356923574e-04        -8.3412628044050570e-04        -3.1020068240652723e-04        -1.5101570487060553e-03         4.4305390437475369e-04        -3.5858780095139337e-04
56                                     1.2044363308368637e-03         4.1701373674105187e-03         4.9749336148447842e-04         1.2841951441569005e-03         1.3970761377705542e-05         4.9326476742966533e-03        -2.7350970271832658e-03         1.2613747000738147e-03
57                                     4.1908347375464120e-05        -3.9292551225256298e-04         3.0349701139107307e-05        -5.2516895805640993e-06         3.2165158088861258e-05        -4.6890112899821421e-04        -1.3940698348026049e-04         6.0582477641120392e-04
58                                     1.6386637693450448e-04         7.8404862573219086e-05         1.5104601461841239e-05        -3.3246770770732869e-05        -3.8011074356581031e-05         1.0677437020353332e-04        -2.0501991177450938e-04         2.3985546471752694e-04
59                                    -1.0198964818494967e-04        -2.3809788685627033e-04        -2.7149099119321116e-05         2.8018180651119045e-05         5.3076543753289849e-05        -1.7542703420633419e-04         3.1135458453560120e-04        -3.1984055888140150e-04
60                                    -1.1937431176683145e-03         7.3710557427844495e-05        -2.2261145566268209e-04         1.8117884994850886e-04         2.8925117954705217e-04        -8.9798600887859396e-04         4.8740577617661289e-04        -2.3136424948848951e-04
61                                    -4.7603117755848302e-04        -1.1388178947657133e-04        -1.8573344721173148e-04         5.4437527237703780e-05         1.3790081376233962e-04        -5.3760600738257355e-04         2.1267036069734052e-04        -3.9196989932383539e-05
62                                     1.0347141556571542e-03         5.7046326231036516e-04         1.3814565139116323e-04        -1.4235716148226622e-04        -2.0544418228021614e-04         1.0166065009968982e-03        -5.3835388496583769e-04         1.2871640800595630e-04
63                                     6.1434115406455573e-05        -1.5295007590101996e-04        -2.3711039557262241e-05        -5.4163024983819202e-05        -3.2051221556035517e-06        -2.5224635009947271e-04         8.8887615873085526e-05         1.0819542967869775e-04
64                                     9.2689331097099654e-05         2.0838941427288443e-04         2.5799144825470140e-05        -1.7200067003253746e-05        -3.2217782895560602e-05         1.9476288450044859e-04        -1.5170584267677604e-04         9.7850139167721855e-05
65                                    -4.5073597607734619e-04        -3.2424955336740982e-04        -5.6566828438870279e-05        -1.4827434569164750e-05         5.4553091592408453e-05        -4.1704039229838467e-04         2.4244659615293396e-04        -9.3779997769338747e-05
66                                     8.2903307830607502e-03         2.1133989135696815e-03        -4.7481206005698676e-02         4.4785869211247574e-02         9.8926638208424195e-03        -1.6393367917508152e-03         9.4774682460698270e-04        -2.7240655643051889e-03
67                                    -1.0245788947192518e-02        -4.5159744034802309e-03         4.2350097238864140e-02        -3.1417409288189990e-01        -4.6041315043137646e-02         1.0831547565591424e-03        -1.1323774523389696e-03         2.0380273666343969e-03
68                                     2.7962563647867280e-02         9.0560794349158757e-03         8.7652566078992179e-03        -4.5648412946569059e-02        -5.4495710345412715e-02        -2.5932135406339716e-03         9.4359769046941278e-04        -2.2971813268516986e-03
69                                    -1.4632084367189341e-03        -5.0713036577395426e-04        -2.4716450510485144e-01        -9.7717389094625295e-02        -8.7889809057697277e-02        -9.7338887723368277e-04         1.4306385643318212e-03        -2.6139726774739628e-03
70                                     7.6007535969629079e-03         5.6530717180061623e-03        -9.5569596174384208e-02        -8.5279431995542124e-02        -4.0652326123887486e-02         2.0697452098893928e-03        -2.3860395672254593e-03         1.6665359155487347e-03
71                                    -1.5440901537671923e-02        -6.4649237938359336e-03        -8.6804049580616632e-02        -4.0102054044363192e-02        -8.6061514755078811e-02        -2.9887968036469998e-03         2.5483700348344442e-03        -1.8115756265419062e-03
72                                     2.7833139997768264e-05        -1.0127164558201125e-02        -2.0820820148750599e-01         2.1669822212886544e-02         1.4993422265037093e-01         3.3787930021761739e-04         6.0273424338525656e-04        -2.1711077747620868e-03
73                                    -7.1237391969730321e-04         1.1420530532845943e-02         2.4732690875279021e-02        -4.9765926051552875e-02        -2.4660201490206299e-02        -5.5354273153110367e-04         8.3979650344186358e-05        -3.8664749986574033e-04
74                                    -5.0629796681196633e-03        -1.8407599353126237e-02         1.4147364153029318e-01        -2.0618011117701389e-02        -1.7609807804246097e-01         5.5322138554299467e-04        -1.3449825264077201e-03         3.5529300228637735e-03
75                                    -7.9382842880473088e-04        -6.2787554211285869e-04        -8.6504353258955613e-05         3.5253817439570573e-04         7.7027150616250015e-05        -2.5102052294405774e-03        -7.8252074225090536e-04        -2.3708061154665864e-03
76                                    -1.2400713112070342e-03        -1.3691203955900409e-03        -9.4473517395020086e-05         6.1405447286858538e-04         1.5819355974815442e-04        -5.4226253475483707e-03        -7.4525721183551054e-04        -4.0524056372319142e-03
77                                    -1.3784479198100420e-03        -1.3997853521265926e-03        -6.9884460238977961e-05         4.2651890487193641e-04         1.1434863986005105e-04        -5.7016391890639482e-03        -9.3261899500656832e-04        -2.4853317483701453e-03
78                                     2.8044592870792647e-04         2.2810143870354114e-04        -5.7719667299018309e-05        -2.6637126051790624e-05        -3.3235086169494720e-05         8.7595957872959760e-04         6.9526162567227362e-04        -5.0944438602091094e-04
79                                     5.4858220594803905e-04         1.7187583977774747e-04        -4.2035015116896653e-05         1.2458447875115136e-05        -7.7549006108565421e-06         1.7381199838361035e-03         9.7850475257543778e-04        -3.1124677887542774e-04
80                                     1.6395442874591205e-04         1.1889246016531666e-04        -1.0991309621102422e-04        -1.1236115051207250e-04        -6.9208910433135354e-05         5.6221772645770958e-04         6.5928852727507230e-04        -3.3411896809329650e-04
81                                     6.1513525137201321e-05         9.8078206166007746e-05        -1.5756465502972543e-05        -1.5228266342954855e-04        -2.3548307839069013e-05        -4.3048012600033604e-04         3.9493381304889327e-04         6.5506940865483533e-04
82                                     7.5895914601811689e-05        -9.6016812072528726e-05         2.9403238578262861e-05        -6.9020794170067585e-05        -1.4256842037656866e-06        -7.7934115084113409e-04         4.8804378255352623e-04         9.9462468598337725e-04
83                                    -7.8188320544745617e-05        -1.6515935063289350e-04         7.8039071104249349e-06        -6.4753811654911638e-05        -3.9115068632645730e-08        -1.4037409120381799e-03         5.0786740315443026e-04         6.6136849180031105e-04
                                                        24                          25                          26                          27                          28                          29                          30                          31

0                                      2.8422603717585013e-03        -1.8844660394316127e-03         1.7302403065700548e-03        -3.8618343560576696e-04         2.0484633732802357e-04        -2.6394378829690756e-04        -4.5546611848135159e-04         6.5727493343942331e-04
1                                     -4.9219410583244637e-04         3.6493375516975936e-04        -3.2357499877569450e-04         6.1416904872620582e-05        -3.3267173070265129e-05         4.4579127969466046e-05         3.2901425153445058e-05        -1.0385051851283563e-04
2                                      7.5332937842282027e-04        -5.3553578627067082e-04         5.8430058053062970e-04        -1.1951006128382323e-04         6.7793401048499009e-05        -7.4184264866468798e-05        -6.4176922892010619e-05         1.5974547391682710e-04
3                                     -7.1704337498900775e-03         4.6702303315915520e-03        -3.6829994375117830e-03         1.1224414638521835e-03        -6.4380760511408713e-04         7.2724279968186512e-04         1.3388448340819483e-03        -1.6072872688210240e-03
4                                      3.3074598438654532e-03        -1.8004510780090521e-03         1.7742115470290789e-03        -5.3450648530895808e-04         2.4085585179673056e-04        -1.0059754780360044e-04        -2.2782458197487780e-04         6.4692523303034222e-04
5                                     -2.7075565775632397e-03         2.7620531498681682e-03        -2.9875118330101405e-03         3.1884197955424934e-04        -2.0404385923460144e-04         2.7552070912755623e-04        -1.6604053629910747e-04        -6.6513558619140322e-04
6                                      3.0314427977419997e-02        -2.1848128699488080e-02         2.3100213961565655e-02        -4.3353150717759179e-03         2.3878254632886645e-03        -2.3686386143321921e-03        -3.5827967667161455e-03         6.4489996468561264e-03
7                                     -2.3579718086974566e-04        -5.7981264759456876e-04        -3.5667924822062368e-04        -6.4487547659891403e-04         8.1872823399362831e-04        -1.5594002104580125e-04         1.2566459679357149e-03        -8.2192763273423335e-04
8                                     -1.9201545911768626e-02         1.3297772630797056e-02        -1.3501580581225588e-02         2.9846452485197870e-03        -1.9465727546501201e-03         1.7144247859509391e-03         1.4417520891739917e-03        -3.4419284614120695e-03
9                                     -1.4501438420390089e-03         1.2137425386094230e-04         2.7341462021093065e-03        -6.8189631239664455e-05         6.7009957341754734e-05        -3.2058666123260208e-04        -2.0569464651593993e-04        -5.2194099151893492e-06
10                                    -6.2636893444249688e-04         3.4906869606700346e-03        -6.4156317118402428e-03         7.6983876073286712e-04        -5.6398659189761755e-04         6.2849354097539235e-04        -9.5103999327928249e-04         7.2286351169924615e-04
11                                     6.7075494010337498e-03        -5.3723636083937102e-03         6.0057603612856522e-03        -2.2297759891585058e-04         4.2836420424900105e-04        -2.6745378470093765e-04         8.4742379889558460e-05         1.1944869808726642e-03
12                                    -6.8978039424150150e-04         8.9352828413576449e-04        -1.1550016924943356e-03         2.7368427535456435e-04        -1.4070457096428612e-04         1.1574016265098827e-04        -7.1996637238833918e-05         8.4044586727919041e-05
13                                    -1.7655081509149945e-03        -1.0008909506925314e-03         1.4399868135844959e-03        -7.3313822470696794e-05         1.3067969892703392e-04        -1.7309044869042760e-04         1.4830792083689003e-03        -6.1962763939020331e-04
14                                    -6.1480919198706862e-04         5.1605494023096075e-04        -1.1859558491389868e-03         3.1538367530654546e-05        -1.2761817981471419e-04        -4.2663490864123824e-05         5.4814633352772199e-05        -2.8334691752723851e-04
15                                    -7.0402588950053108e-02         3.7847379461207600e-02        -2.8553495074977710e-02         1.1666978303392580e-02        -5.6655766882621047e-03         4.9589595508438685e-03         7.7920860161976250e-03        -1.5945047132429023e-02
16                                     2.7665378267776309e-02        -2.6548926412864934e-02         1.1067152202008740e-02        -4.7337025751278492e-03         2.4274079856267785e-03        -3.4228068177898402e-03        -2.3091445289385587e-03         4.3143810317046302e-03
17                                    -1.0033574385948683e-02         4.0141479740943582e-03        -1.0779528209278974e-02        -5.7367083039552447e-03         3.0813287322551675e-03        -2.3861705931238980e-03        -1.2769625584774043e-03         4.2600575975684984e-03
18                                     5.9786873318373630e-03         8.4722569319782819e-04         7.5487576514372129e-04        -5.2683077251794506e-04        -3.2454069928706375e-04        -1.9286465980444150e-05        -1.8188374885991642e-03         3.0337446078785432e-03
19                                     3.1687928228738005e-04         7.0440568699687766e-03         2.8532663572111306e-03         2.0262637239125397e-03        -1.4691467974895370e-03         6.5597772822547349e-04        -9.5262606616810510e-04        -2.0821394570599968e-04
20                                     4.0321357080967098e-03         1.0605396385285912e-03         1.4855305011429506e-03         5.0388621612152762e-04        -4.6887757176076295e-04         2.3262222377210001e-04        -8.4050648862940428e-04         5.2450633528852383e-04
21                                    -1.7398206297528684e-01         7.6822122955374966e-02        -9.6599721467670069e-02        -1.7922672775108655e-02         1.4076227027512420e-02        -1.4707534290132135e-02         3.3345230004311853e-03         1.2191936735926057e-02
22                                     7.0990798614094672e-02        -9.6265364027729269e-02         5.0891296321977531e-02        -5.4819249066124960e-03         6.0205589583864280e-03        -2.0123598806854534e-03         2.0075629943458649e-02        -1.7472624909024442e-02
23                                    -7.8643612111900851e-02         3.9256308503623945e-02        -9.4446552531018316e-02        -1.4868740624908797e-02         9.4009508513580239e-03        -3.2155900090853652e-03        -8.2696824427695680e-03         1.4413007523708381e-02
24                                     5.0813835047561329e-01         3.1308036905614553e-02        -5.7936061706246747e-03        -8.2775419596307659e-02        -4.3455926017709104e-02        -3.3969587327532982e-02        -7.4028339693645681e-02        -9.4753513314193724e-02
25                                     3.1308036905614553e-02         7.3534650119634670e-01        -1.6028221076437874e-01        -4.7639274575305632e-02        -1.1421672444243239e-01        -4.9984867955978722e-02        -8.4013369231915269e-02        -4.5302864710126950e-01
26                                    -5.7936061706246747e-03        -1.6028221076437874e-01         5.1356121789193454e-01        -4.1269373369056762e-02        -5.2622578625827358e-02        -9.7604723288530454e-02         3.5044495096565341e-02         1.7973944389621921e-01
27                                    -8.2775419596307659e-02        -4.7639274575305632e-02        -4.1269373369056762e-02         5.4156721814543696e-01        -4.3502082687040866e-02        -3.9989676097067495e-02         4.7198983079801034e-03        -2.8960716175530574e-03
28                                    -4.3455926017709104e-02        -1.1421672444243239e-01        -5.2622578625827358e-02        -4.3502082687040866e-02         5.1918805838312332e-01        -5.7506834910083009e-02        -1.2914301061537289e-02        -1.4673288377859806e-02
29                                    -3.3969587327532982e-02        -4.9984867955978722e-02        -9.7604723288530454e-02        -3.9989676097067495e-02        -5.7506834910083009e-02         5.2554377243473049e-01         5.4413234595729228e-03         1.3986128084613626e-02
30                                    -7.4028339693645681e-02        -8.4013369231915269e-02         3.5044495096565341e-02         4.7198983079801034e-03        -1.2914301061537289e-02         5.4413234595729228e-03         7.3041244244108697e-02         9.5451831909780155e-02
31                                    -9.4753513314193724e-02        -4.5302864710126950e-01         1.7973944389621921e-01        -2.8960716175530574e-03        -1.4673288377859806e-02         1.3986128084613626e-02         9.5451831909780155e-02         4.8713689828570145e-01
32                                     4.1282528347048625e-02         1.7685306239805609e-01        -1.3971051473251256e-01        -4.2073920718948866e-03        -9.4420418875258705e-03         8.8696352596343980e-03        -4.9702709237712514e-02        -2.1120543511280943e-01
33                                    -1.3065706126622612e-01         1.1152715872747691e-02         1.0874984720428434e-01         5.0210580061615939e-04        -7.0585209404600523e-04        -1.9397708064040897e-04        -7.1485071610711765e-03        -3.2704505672393261e-03
34                                     1.5426143670238420e-02        -4.8758239008760619e-02        -2.5808650334520570e-02         1.2727898987704472e-02        -1.3851062268067336e-03        -1.7750183465002459e-02        -1.7602894136159217e-02         1.3846295047280389e-03
35                                     9.8459347734542874e-02        -2.0754319828445594e-02        -1.5278167502485485e-01         2.0245155205300281e-02        -7.5971473328154647e-03        -1.7914483903728542e-02         2.0001351345153934e-02         6.6376116109708727e-03
36                                    -2.4187785401959903e-04         1.4380604549247043e-04        -1.4804718152441193e-04         4.0047616806221500e-05        -2.0332910102135799e-05         2.2367969343638578e-05         3.9440154129131348e-05        -5.6890720709956591e-05
37                                    -4.4695538985660782e-05        -8.9514883231464823e-06        -5.4294262618051822e-06        -1.1700559345049512e-05         4.3059400815332349e-06        -5.1759925143577594e-06         1.8291318842333593e-05         1.0829238231735460e-06
38                                     8.2121485081443948e-05        -5.4088999653053275e-05         3.8758154675549750e-05        -1.6593351964508362e-05         8.8032438857500728e-06        -1.0659064817500391e-05        -1.9492360035649347e-05         2.2700052308297433e-05
39                                    -2.0529362682338354e-04         1.1195910027261083e-04        -1.0233896826700860e-04         2.9750908947384337e-05        -1.5305633840534878e-05         1.4622557247043861e-05         4.9173522249910098e-05        -4.8238821008093156e-05
40                                     9.1753151957107637e-05        -1.9313131302537605e-06         2.4413847447987061e-06        -5.3932247500786153e-06        -8.3939397069077051e-07        -6.7895758332755314e-06        -5.2431141103889247e-05         1.3614520690477526e-05
41                                    -2.0262108347931094e-04         1.6127905639695339e-04        -1.7259362853797700e-04         3.5480238662905112e-05        -2.0618136968485041e-05         2.0561953521535393e-05         1.5370461575165408e-05        -5.3432692702352116e-05
42                                     1.4593952849393095e-04        -9.3964107844528890e-05         6.5654035194004102e-05        -2.9015862613521580e-05         1.6325121633867431e-05        -1.3594808178070682e-05        -2.3601564387559311e-05         2.8472662615346836e-05
43                                    -1.3291088912342119e-03         8.4480650389999392e-04        -7.7345396777640644e-04         1.8577604257329075e-04        -9.7441689080323988e-05         1.1488797401202114e-04         2.1769078958603966e-04        -3.0393959051977932e-04
44                                    -6.0229493960035799e-04         3.9423064010431252e-04        -3.7254302856083851e-04         9.1107334081857414e-05        -4.8097025965239728e-05         5.4519570542489302e-05         9.4268166556049158e-05        -1.4007268583646510e-04
45                                     4.9994020110893532e-04        -2.0541635235523829e-04         9.5982172460055043e-05        -7.1747472628666770e-05         4.2122554098241873e-05        -3.9266516134045652e-05        -1.7414370006606090e-04         5.5704285455326796e-05
46                                    -6.3327062740283283e-04         2.4009968264607847e-04        -9.6199209555222843e-05         9.2137009727515426e-05        -4.3260750010685206e-05         3.8606775660326797e-05         2.1031839300823544e-04        -1.2173473424983487e-04
47                                     2.8392506692655634e-04        -1.4317407592382596e-04         8.7034251935618845e-05        -4.8360161369185949e-05         2.0739885186137211e-05        -2.2752965389640802e-05        -7.2950051931897840e-05         7.3356067139831408e-05
48                                     1.7959607425008259e-03        -1.2771642500822443e-03         1.2354200839737222e-03        -2.7284105622572754e-04         1.4352365788642703e-04        -1.2814213356969486e-04        -1.3565944803785191e-04         3.8168558206110791e-04
49                                    -9.3512720266742072e-04         6.3798413998061626e-04        -6.5893320608378697e-04         1.3697528472104539e-04        -6.9564730220055023e-05         5.6636017834480859e-05         5.7520074034282182e-05        -1.9806063216403183e-04
50                                    -4.9745490167385942e-04         2.1982557188777077e-04        -1.2225676771302567e-04         6.2516494548646564e-05        -2.2240667875295152e-05         2.5372677030215284e-05         1.4476519031336662e-04        -1.2135440806640635e-04
51                                    -5.5444849098663937e-03        -5.3682932913439504e-03         6.8065539339156444e-03         9.4202599409158854e-05         4.1366809112702938e-04        -2.8195637147968955e-04        -1.6328392068217781e-03         2.9032365277886904e-03
52                                    -2.1040885113156899e-03         2.2401631858233791e-03         9.8214775472143818e-04        -2.3535424490043469e-05        -1.4149033659971607e-04        -7.8571453822309746e-05         1.8624423019540214e-03        -3.5163367760320842e-03
53                                     4.3116001811619566e-03         2.2027151674973043e-03        -1.6423588859980343e-03         2.2998183567300668e-05        -9.6776300437313506e-05         1.2974527832147943e-04        -1.7054159790080468e-04        -4.6149114615988722e-04
54                                    -9.1336547355541555e-04         1.2126920323698906e-03        -5.8510917375406983e-04        -6.9534549147285730e-04        -9.2379499893764096e-06         8.4660732034485511e-05        -2.2161274384293160e-04        -4.4599975973021069e-04
55                                     6.3268265187970199e-04        -1.0532606370989542e-03         1.5471186235438850e-04        -3.6405522593742064e-04         9.7511706580896544e-05        -2.4137281623177591e-04         6.6468137734126921e-04         3.3587966992928726e-04
56                                    -2.0716475687937537e-03         7.6496480845177886e-04        -2.1659402217110088e-03         4.0207189054730229e-04        -2.5518188330997578e-04         7.7345952549664701e-06         5.1079510617899244e-04        -2.8725852461748452e-04
57                                     1.1645521168967860e-03         1.0585090784205953e-04        -4.4416475564178204e-04        -6.2087733683211709e-05        -9.7470328792919269e-06        -9.5306492466188677e-06        -7.0839150188162724e-04         2.8156988164456303e-04
58                                     2.2338546531703386e-04         1.4342261436867012e-04        -1.9975256976701762e-04         1.5524792361136443e-06        -2.2776922122905228e-05         1.8486780720397143e-05        -2.1579918691689578e-04         9.5495673886026591e-05
59                                    -4.0505243412264049e-04        -1.8771986417860686e-04         3.3375969094355171e-04         1.4808952600409115e-06         1.3921124711927991e-05        -1.3170925539547066e-05         3.4364977116490951e-04        -1.0178073602187061e-04
60                                     4.4513843194677027e-04        -3.6973564642229909e-04         3.1347085330339218e-04        -7.9394058859211524e-05         4.9471444520589650e-05        -4.5077543096427567e-05        -2.9528179814218548e-05         1.1107000080668903e-04
61                                     4.0979928401626143e-04        -1.2389741531108336e-04         1.0359586078683005e-04        -5.4808996173476521e-05         1.8798946102890132e-05        -2.1082270481206503e-05        -1.6471013545439394e-04         7.5850222275573219e-05
62                                    -6.1413553050629517e-04         3.9381130680352626e-04        -2.9459707888823439e-04         1.0557033333577151e-04        -5.1045169751769305e-05         5.5446852546279325e-05         1.1776003982492784e-04        -1.2935102708125403e-04
63                                     4.5183429245299891e-04        -1.8109562000652807e-04        -1.8418091390449225e-04        -7.1075463730411133e-05         9.0028886563363900e-06        -5.8484684605348544e-05        -1.4475070729230352e-04         1.0822598160658585e-04
64                                     1.4039606723527417e-04         6.6141804436949564e-05        -2.4794124230036738e-04        -1.3663508963223991e-05        -1.4853851297513868e-05        -1.3665332828867384e-05        -1.3469096547071474e-04         2.3016688689561269e-05
65                                     1.3227807709855291e-04        -5.6438025474659997e-05         2.0756868475947822e-04        -1.8922371148707707e-05         2.1807076332621027e-05         5.2972085020522530e-06        -3.6779093524168547e-05         2.7669221471641342e-05
66                                     4.3297261530915736e-04        -9.7975514168320652e-04        -3.0056135131032824e-04        -3.3913796076075290e-04         1.8804131874136505e-04        -8.1310425475994761e-05        -1.3158149513996085e-05         2.7224620992424614e-04
67                                    -6.3622266334759981e-04         8.5219991366148706e-04         4.8833595891380210e-05         2.4923914822306154e-04        -1.6297642109008284e-04         5.8713361578808539e-05         9.6119532750778747e-05        -3.1653714782085135e-04
68                                     3.1406394438961648e-04        -1.5258099949070822e-03        -3.4330545470800673e-04        -4.5474020291020169e-04         3.0656586523040215e-04        -1.6856413056277739e-04        -2.7914743743408010e-06         2.9199733239620074e-04
69                                     1.0095541262152711e-03        -1.8083440044050605e-05         8.1224504736200067e-05        -6.7021698417174606e-05        -7.6232528919546857e-05         1.0406143733102103e-05        -2.9094544794217611e-04         4.3686636141826202e-04
70                                    -1.0714206674415185e-03        -5.0737768262175431e-04        -2.7920979719918708e-04        -1.7672637591912504e-05         1.4312661771601108e-04        -3.7578045305176628e-05         3.8638919767675984e-04        -5.3071816592539268e-04
71                                     1.6982468197267980e-03         3.0112618608867353e-04         6.9476042633534235e-04        -9.0322199089498339e-05        -8.0293162198093496e-05        -1.0432577642345223e-05        -4.5835628473334941e-04         5.9559168104634055e-04
72                                     4.1525259836290389e-05         8.3103102668386007e-05        -4.3489130133580946e-04        -2.8364051694782804e-05         6.1155398197113161e-06         1.8858219699771709e-05         2.9465184946355001e-06        -2.0954682633723422e-05
73                                     2.3863475964498311e-04        -2.6299634135641529e-04         2.0398580771059866e-04        -8.4226522161030197e-05         1.0316306694117464e-05        -1.2765470244126838e-05        -7.1037632718168065e-06         1.4072204664779278e-04
74                                    -7.7999205074489502e-04         5.0425998799216362e-04        -1.2824980552390028e-04         1.1425934169223304e-04         3.2671089048524643e-05        -1.1959998255194474e-05         1.3496423870050370e-04        -4.2763852799760255e-04
75                                    -9.2063053311217773e-03         7.6281896466863222e-03        -9.2024898346637282e-04        -2.4274205293773737e-01         1.0434118778006689e-01        -8.9929907854181645e-02         1.5572238893595295e-03        -5.2657983029293087e-04
76                                    -1.4053571956452540e-02         8.4737842850211853e-03        -4.4716396970106466e-03         1.0007693041087480e-01        -9.4033219885167912e-02         4.6351501855394758e-02         1.7740379918606453e-03         4.8466797005719498e-05
77                                    -1.0513145958465970e-02         9.0251257647666304e-03        -5.3139178676797575e-03        -9.1728917857933204e-02         4.9273569748154750e-02        -8.3527210277202529e-02         1.6292999878917557e-03         1.3872082954906328e-04
78                                    -4.3149927089391887e-03        -7.4675884812472901e-03         9.3870635493738322e-03        -6.1595289134783793e-02        -5.9933481552029225e-02         3.9452981994515801e-02        -4.8962795033870451e-04        -3.1825040004228354e-03
79                                    -1.7207076522596553e-03        -1.1980354891082793e-02         1.2113075965928395e-02        -5.8721636986258860e-02        -2.3997246981875062e-01         1.2864698219482013e-01        -2.6970097475864352e-03        -3.2940662695150509e-03
80                                    -2.7463693147016816e-03        -1.3111317534534718e-02         9.9453232508316114e-03         3.7613700092402252e-02         1.2471199973982491e-01        -1.2165613187829942e-01        -2.8556983074887916e-03        -4.8152235363793624e-03
81                                     8.3210069006256753e-03        -1.9906198638574169e-03        -9.5144434657409033e-03        -1.4794834321663219e-01         4.5463029572646751e-02         1.3166489054233799e-01        -6.9948337482525914e-04         6.1113708780105233e-04
82                                     1.3494913599107211e-02        -3.6069554737163645e-03        -8.8479571373357400e-03         4.8483148756164100e-02        -6.2199935221162517e-02        -5.9001968946851849e-02        -1.6439247687555405e-03         2.6974733091277849e-04
83                                     1.0928874953970423e-02         2.9626127963642071e-04        -9.3902090054842589e-03         1.3614742962989460e-01        -5.6953889983680270e-02        -2.1000850239632574e-01        -9.8622808809053922e-04         3.1201835659528917e-04
                                                        32                          33                          34                          35                          36                          37                          38                          39

0                                     -4.5978308997179842e-04        -5.2415894443100729e-04         2.2286221529857389e-04         1.3228195971020279e-04        -1.9281604903261360e-01        -1.0536747198807321e-01         9.0597484815464757e-02        -6.2298220125785023e-02
1                                      9.8377555790712793e-05         7.1199408062672635e-05        -4.4997730644425004e-05        -1.8738642292932127e-05        -1.0681733182255816e-01        -1.2349053263725718e-01         6.5682402621182454e-02         8.6272768745152446e-03
2                                     -1.5409998824524187e-04        -1.5965703553280416e-04         4.8909188178399182e-05         2.0827913519025767e-05         8.9063471756552187e-02         6.5224337175547278e-02        -1.0265976215802977e-01        -6.3151915992507413e-02
3                                      1.0631194770772999e-03         1.1440604842523885e-03        -4.1602453115154888e-04        -4.1260756155500671e-04        -3.4857995367207619e-03        -2.1443638139402886e-02        -1.3876879956580455e-02        -2.4965926870930055e-03
4                                     -4.4838999307141204e-04        -1.0184096388952224e-03         2.2531328996464704e-04         4.5213763947386608e-05         4.3167625984954702e-04        -1.6090791802377630e-02        -9.9486150257432418e-03         1.3766675439847997e-03
5                                      8.6393869382501314e-04         7.3694392383426548e-04        -4.7172837015034796e-04        -3.1304145891387916e-05         1.4942044130364079e-03         1.3146533162146362e-02         7.6043525758591980e-03        -3.3309587032796595e-03
6                                     -4.6622916628483047e-03        -7.0987777046508174e-03         2.6969901996397013e-03         7.5671483177148211e-04         1.7164715439486656e-03        -3.4565854552720847e-04        -2.9139951326878719e-04         5.8835974576580468e-04
7                                     -1.0123847749851545e-03         9.0354521840615640e-04        -7.9503041203500178e-04        -1.1760958077448081e-04         2.3348872809203199e-04         2.9025962295813387e-03         1.4866216557371209e-03        -3.8926975373543174e-04
8                                      4.0055755160643587e-03         2.7438649321793037e-03        -1.0724589394452558e-03        -4.6881662821879425e-04        -1.0385770157473498e-03         7.9840164192594666e-04         5.8123495874365014e-04         3.2079161455061543e-04
9                                      7.3164076766016914e-04        -3.3479045122239258e-04        -1.6981523757356772e-05         1.0919417270506050e-04         8.1272209015903398e-06        -5.5436895555598499e-05         1.6374866768890958e-05         1.7158919718814189e-04
10                                     1.8646335797670324e-03         7.4757028771829442e-04        -5.4545093043341071e-04         3.3476538912523090e-05        -6.8720379458169726e-05        -1.7082948285550206e-04        -4.1789000214081766e-06         3.8191416726278730e-04
11                                    -4.5963580257990001e-04        -1.3090886557261890e-03         5.0078942457606676e-04        -4.7835925292582008e-07        -2.2492358500161646e-04         1.7005903438807352e-04        -6.8341492248791616e-05        -1.4323741127851526e-04
12                                     2.5107839295991131e-04         2.4842525088769634e-04        -6.5283642018466797e-05        -2.8500316111022044e-05         2.0262842899775073e-05        -5.6668803652917089e-05        -2.3489896021230782e-06         2.5689738612847172e-05
13                                    -6.4703336929908088e-04         1.1340922945055971e-04         9.5137548813212317e-05        -1.5114671323367219e-04         4.0633677455908932e-05        -3.0001625910987414e-05        -7.9113137122218026e-05         1.2813862579968499e-05
14                                     2.9599674554749047e-04         1.3462164700209423e-04        -8.1060373577660681e-05         6.2246077901054273e-05         8.9209930052555565e-05        -2.5283009087363371e-05         9.3654125650728410e-05        -8.9690243040111165e-06
15                                     1.5115561378110254e-02         1.0650607004625213e-02        -2.5878803456102937e-03        -2.6983534446347549e-03        -3.0973788561432182e-04         4.0320346279491609e-04         3.6080669527059086e-04        -4.9972892973637367e-04
16                                    -1.4247887300584856e-03        -3.8013946810106954e-03         3.5603216666520309e-03         1.0959398970338905e-03        -2.5482617987187758e-04        -5.1506212031524317e-04         3.7716093755599126e-05        -6.9859525242328848e-05
17                                    -4.5672526496106144e-03         4.7389168906988932e-03        -2.6772269091085840e-03         1.0640142289784385e-03         5.6488433233690971e-04         1.4002874982013908e-04         1.9571917683623697e-04         4.4738487691304944e-04
18                                    -2.1268999518601699e-03        -8.6901953276821969e-04         2.5144701696094021e-04         4.2041101519249774e-04         1.4239912081360898e-04        -1.0056879724241303e-04        -2.1924972410305180e-04         7.8195582978770109e-05
19                                    -9.7698595071765769e-04         1.5032839593011012e-04        -3.5631217580713075e-05        -1.2284176315493004e-04         2.3453825255206917e-04        -9.2678982007902847e-05        -3.4022047486545405e-04         2.0963538631967109e-05
20                                    -6.2501938516458121e-04        -7.8226586928292730e-05         1.2999050019156584e-05         5.6588625883346473e-05         2.3096224623411939e-04        -1.3743490233205421e-04        -2.4528067009296583e-04        -4.1961810043315953e-05
21                                    -1.3906901918794082e-02        -4.1231837313998793e-02         2.0898359399214347e-02        -2.6505638159823458e-03         4.8490970999898967e-04         4.9883484914928547e-05        -1.7141656657631557e-04         3.9202219248673251e-04
22                                     2.4060713568874150e-02         2.3793926483475898e-02        -4.3093522706396589e-03         8.5423859171696211e-04        -1.8803747078248589e-04        -1.5379299326935422e-04         1.8115273728423010e-05        -1.6009584731621021e-04
23                                    -1.0255331398958006e-03        -4.2223383845809512e-03         2.8460294047291321e-03         9.1027946553868672e-03        -3.3510984356215648e-05        -1.7607497263009430e-04        -1.2607005058464657e-04        -3.4575592907274303e-06
24                                     4.1282528347048625e-02        -1.3065706126622612e-01         1.5426143670238420e-02         9.8459347734542874e-02        -2.4187785401959903e-04        -4.4695538985660782e-05         8.2121485081443948e-05        -2.0529362682338354e-04
25                                     1.7685306239805609e-01         1.1152715872747691e-02        -4.8758239008760619e-02        -2.0754319828445594e-02         1.4380604549247043e-04        -8.9514883231464823e-06        -5.4088999653053275e-05         1.1195910027261083e-04
26                                    -1.3971051473251256e-01         1.0874984720428434e-01        -2.5808650334520570e-02        -1.5278167502485485e-01        -1.4804718152441193e-04        -5.4294262618051822e-06         3.8758154675549750e-05        -1.0233896826700860e-04
27                                    -4.2073920718948866e-03         5.0210580061615939e-04         1.2727898987704472e-02         2.0245155205300281e-02         4.0047616806221500e-05        -1.1700559345049512e-05        -1.6593351964508362e-05         2.9750908947384337e-05
28                                    -9.4420418875258705e-03        -7.0585209404600523e-04        -1.3851062268067336e-03        -7.5971473328154647e-03        -2.0332910102135799e-05         4.3059400815332349e-06         8.8032438857500728e-06        -1.5305633840534878e-05
29                                     8.8696352596343980e-03        -1.9397708064040897e-04        -1.7750183465002459e-02        -1.7914483903728542e-02         2.2367969343638578e-05        -5.1759925143577594e-06        -1.0659064817500391e-05         1.4622557247043861e-05
30                                    -4.9702709237712514e-02        -7.1485071610711765e-03        -1.7602894136159217e-02         2.0001351345153934e-02         3.9440154129131348e-05         1.8291318842333593e-05        -1.9492360035649347e-05         4.9173522249910098e-05
31                                    -2.1120543511280943e-01        -3.2704505672393261e-03         1.3846295047280389e-03         6.6376116109708727e-03        -5.6890720709956591e-05         1.0829238231735460e-06         2.2700052308297433e-05        -4.8238821008093156e-05
32                                     1.4620408104366164e-01         1.7565462269811930e-02         2.2004939821547199e-02        -1.2383540007173338e-02         3.5948386648875029e-05        -3.5182990118469014e-06        -1.1235886775342003e-05         2.1801550976641224e-05
33                                     1.7565462269811930e-02         1.7342051190755070e-01        -2.9685179569991432e-02        -1.3030363596601652e-01         5.6237529582674043e-05         3.9656513121567481e-06        -1.4621281303044383e-05         4.3164418452823020e-05
34                                     2.2004939821547199e-02        -2.9685179569991432e-02         5.1480621428896270e-02         2.4469287156162409e-02        -1.8317202336670958e-05         3.6008447446477193e-06         5.8033680293450348e-06        -1.2850303007748098e-05
35                                    -1.2383540007173338e-02        -1.3030363596601652e-01         2.4469287156162409e-02         1.7536839348744349e-01        -1.0290891755785959e-05        -1.7603735624838944e-06         4.0160260073071038e-06        -1.2281104387378908e-05
36                                     3.5948386648875029e-05         5.6237529582674043e-05        -1.8317202336670958e-05        -1.0290891755785959e-05         2.0139865014916467e-01         1.1656143428985016e-01        -9.5977620620996990e-02         6.6725145781722020e-03
37                                    -3.5182990118469014e-06         3.9656513121567481e-06         3.6008447446477193e-06        -1.7603735624838944e-06         1.1656143428985016e-01         1.3357876943200719e-01        -6.7069656293582219e-02        -2.1689874446821737e-03
38                                    -1.1235886775342003e-05        -1.4621281303044383e-05         5.8033680293450348e-06         4.0160260073071038e-06        -9.5977620620996990e-02        -6.7069656293582219e-02         1.0533411033608132e-01         2.2095655614073631e-02
39                                     2.1801550976641224e-05         4.3164418452823020e-05        -1.2850303007748098e-05        -1.2281104387378908e-05         6.6725145781722020e-03        -2.1689874446821737e-03         2.2095655614073631e-02         6.0967606998160152e-02
40                                     1.2438684010689274e-05        -1.2466569195519960e-05        -9.2825780562740684e-07         1.0055101847033226e-05         5.4359783110689728e-03        -2.4884734031620087e-03         1.4523757548069364e-02        -9.0175886200781919e-03
41                                     5.0748757756838135e-05         4.6153554251323551e-05        -1.8129840126966884e-05        -3.7065260947577997e-06        -4.2246276387552899e-03         3.8308939671375698e-04        -1.0190085127288587e-02         6.9564556183918352e-02
42                                    -1.7251366938443824e-05        -2.7669564497134985e-05         3.6619293278100233e-06         7.0494061085967630e-06        -1.4864187749742248e-02         1.2028334499637545e-02        -2.4733748584045302e-03        -4.2326523151051199e-03
43                                     2.0249677701441725e-04         2.5807769993532292e-04        -9.6112500294125711e-05        -5.8662409242621773e-05        -1.4938274421968271e-02         9.8212937463456797e-03        -1.7163814416053880e-03         1.8597489574401650e-03
44                                     1.0058851456047922e-04         1.1983720283798421e-04        -4.4322907961864934e-05        -2.6694164009734710e-05         1.0799617275148964e-02        -8.5433936764640443e-03         1.9305326655865655e-04        -2.5194789443768607e-02
45                                     4.0607451455248415e-05        -6.0404373191624718e-05        -1.6011574338391031e-05         3.2586085789021167e-05        -1.3681814193902599e-05         5.2590010491975533e-04        -2.0096621618637448e-04         9.9461503013879111e-04
46                                    -1.4701798672493003e-05         1.1167167453931897e-04        -9.7731965275269499e-06        -4.4687825847505820e-05        -1.3178044525996233e-04         1.2361460257678640e-03         7.3648771328849909e-04        -9.9707628422518652e-04
47                                    -2.1897307830864041e-05        -6.5980035015601274e-05         1.8271346456096202e-05         1.8743227407807503e-05         5.7655996442401020e-06         1.7828810551057291e-04         8.0766946507474110e-04        -2.0153578941025860e-04
48                                    -3.0657325138355870e-04        -4.6593018509600599e-04         1.5424347569506009e-04         3.9714223247660463e-05         1.1406590117407785e-03        -3.4400259444723833e-04        -1.3760541757666471e-04         9.5395408013063294e-06
49                                     1.5858000565976171e-04         2.7777483909517225e-04        -8.6795075434486482e-05        -1.9739718340177199e-05        -5.8444357927235537e-04        -4.5820702229789362e-03        -3.2016425596270697e-03         3.4744212914252729e-04
50                                     1.9883361822267093e-05         1.0642930569896104e-04        -3.5786736455632378e-05        -3.1687807787306009e-05        -6.0920806017630131e-04        -3.3427129355328741e-03        -9.7449357401174514e-04        -3.1981660606599470e-04
51                                    -5.6979645592223922e-04         7.3477550797967440e-04         4.0612896004931052e-04        -9.6212979712139747e-04         9.7345615048470525e-06         1.1311216125809023e-05         1.7164046628035865e-05        -3.8028235085865470e-06
52                                    -4.5809028106525394e-04        -8.2848507422299833e-05        -1.4350174599742457e-04         1.6886705532076873e-04        -2.4159386577004725e-06         2.7765215374567643e-06         1.0945902100610491e-05        -4.1091672599027577e-05
53                                    -1.0502936414012076e-03        -7.0219540090226285e-05        -4.8577494947867961e-05        -1.3099768672271590e-05         1.9925442669823211e-05        -4.8124023893526672e-06         1.2452608299799914e-05         6.8661482637684645e-05
54                                     6.0052703476075515e-05         1.7167452113579665e-04        -1.2612680539276437e-04        -5.1979407125784404e-05        -3.2367718155021803e-05        -3.9435252692803928e-05         3.6842385963991762e-06        -2.3458579346736412e-04
55                                    -2.2568011776003688e-04        -7.8889087646818686e-05         1.4076500532736311e-04        -9.1307801675134803e-06        -1.4662228873616704e-05        -5.5533458812505212e-05        -3.3395110897305852e-06         3.1735626506916299e-04
56                                     5.2871278357073171e-04         4.4427731067018768e-04        -6.1078752415396454e-05        -4.2433057581993161e-05         1.7679537880903383e-05        -3.5801315273088470e-05        -2.4742640562580641e-05        -3.7350319276472841e-05
57                                     2.2637703911323678e-04        -1.7182990521236288e-04        -1.9239908426656662e-05         1.2220601677639223e-04        -6.9939113980312692e-06         3.9967752578643086e-05        -5.6185470221732718e-05        -6.4947576065671036e-05
58                                     9.4664818072936162e-05        -2.0338415060783575e-05        -1.3531881094141661e-05         2.7179296430863856e-05        -5.5256727710511507e-05         5.1131478329434386e-05        -1.5768085182177270e-04        -1.8701242677471872e-04
59                                    -1.6376539196965762e-04         4.1769190869259274e-05         2.1325998145223236e-05        -5.2132176324199553e-05        -8.4965412020622316e-06        -1.3765951143733206e-04         5.9028884066446519e-05         9.5235412281820898e-05
60                                    -1.1509474316684026e-04        -9.5404334536814723e-05         3.8510111259707836e-05         1.3701752731948356e-05         1.9819134255326272e-05         6.6138297420592260e-05         4.1679791230216822e-05        -2.5456843830582118e-05
61                                     2.6085532321982791e-06        -8.4092638251013300e-05         1.2325932053822314e-05         3.1132115150767854e-05        -2.4854702251781929e-05        -1.9544687271718189e-05         1.5310348689263512e-05         1.1100896875579445e-05
62                                     6.5283117817775940e-05         1.2908777841079769e-04        -3.6213267547212060e-05        -3.8610028592859063e-05         5.6720601903608565e-06         1.5599780070326548e-05         1.3864483372762581e-05         1.2394872712531382e-05
63                                     3.1686775036153915e-05        -6.9985060083097570e-05         1.4186142869393131e-05         5.2281820002262079e-05        -2.5774031969734031e-05         4.8604468155164155e-05        -1.7996316700429806e-05        -2.3611650169682634e-05
64                                     6.5897201515784592e-05        -1.4109292080242923e-05        -9.4337951005151271e-06         3.1316456337845471e-05         4.3149404779278648e-05         2.0010027018757640e-05         6.5279366709379940e-05         9.4046439942335844e-06
65                                    -4.6454301831713797e-05        -3.4658973318505443e-05         5.8245319233310422e-06        -3.2558728430767279e-06        -1.3853125460082770e-05         5.8415678358013292e-05         3.4865853417112490e-05         1.8515120190591117e-05
66                                    -6.3126723572245731e-06        -1.5780974518603405e-04         5.7978218464319395e-05         4.8934009814001421e-05         6.6814923820505880e-05         1.3331268881715020e-04         2.0245787358200794e-04         2.5456326263854185e-05
67                                     8.8050937651585633e-05         1.8225379367729387e-04        -7.6495664863400411e-05        -5.0584762220643755e-05         2.5251479915213478e-06        -8.2522677609718167e-05        -1.3374074999001674e-04        -3.7972155613040406e-05
68                                     2.1234102959046881e-05        -1.5837021227233577e-04         7.4914110729588552e-05         6.8895065372007256e-05        -6.1175228643437201e-05        -6.5462340166540949e-04        -6.4534957218608229e-04        -1.8786127978129378e-04
69                                    -2.2803297580583848e-04        -1.8680180931717502e-04         9.2212372335648605e-05         6.6103577777084234e-05        -3.2237908987527294e-05         3.0503169651297516e-05         3.3576623531812586e-05        -9.5046222674515922e-06
70                                     3.8061228126186938e-04         1.8541081745561543e-04        -5.9690099012625687e-05        -6.6037331289830575e-05         7.2150904433333557e-05         5.5149210980012944e-05        -4.5369366642110002e-05         7.5578905957620609e-05
71                                    -5.0499016643427096e-04        -3.0711973281275374e-04         8.4397543080063367e-05         8.3614087209659378e-05         3.2610651363588624e-05         1.8000850770833107e-05        -4.2703874672955457e-05         2.9801007813913919e-05
72                                     4.4208136877031093e-05         7.3264888535482585e-05        -4.6938930277992555e-05         2.1616817799884552e-05         2.5966636704801582e-06         2.5160894494597841e-05        -8.8377869348490681e-06         3.6078421122335885e-05
73                                    -4.3224334364383557e-05        -1.2122001602382458e-04         4.8345377559611897e-05        -3.1217083793017022e-06         9.3336427939701377e-06         1.0265752296098507e-04         9.4568525495247719e-05         2.0062946115770274e-06
74                                     1.2844737026010725e-04         1.9590763729915376e-04        -1.2674656778270823e-04        -4.0976517707094176e-05        -7.9488048704781401e-06         6.0354525725248964e-05         3.0028104769921449e-05         3.6450488136988545e-06
75                                     6.1804618786807670e-04         8.6689111564378703e-04        -2.8350831227763319e-04         6.0149089296254645e-04         6.7980438831290624e-06        -1.4922081107596893e-06        -3.3806746516719759e-06         6.6541471350737384e-06
76                                     5.0496431593446056e-04         2.4225330257556356e-04         9.6748961384644110e-05         1.2788555554267714e-03         9.7999796766891703e-06        -3.0888812052241415e-07        -4.8396994904942328e-06         8.6866550413256156e-06
77                                     3.9732443750817916e-04         1.0118265318569267e-03        -1.6891144658043094e-04         7.9183733056824865e-04         9.6345277330240925e-06        -1.2053127838210159e-06        -4.3265459599996814e-06         8.5184633038685724e-06
78                                    -1.7197731355140331e-03         2.2274393855364172e-04         1.1701079057294308e-03        -8.4464550694379986e-05         1.5583145137613797e-06         2.2754931423332375e-06         4.5805765491486062e-07         3.9280263682465487e-07
79                                    -2.0569216864245645e-03         6.8434567520336571e-04         1.6655476062831455e-03        -6.8095133101464880e-04        -4.3632031156634881e-06         2.1809997258012979e-06         1.1687765823047418e-06        -1.9199034575478890e-06
80                                    -1.9040108743943107e-03         1.2349234052180347e-04         1.1303278245558524e-03         1.0301139150740426e-04        -2.7637690738679314e-08        -1.4851807142670677e-07         7.4792308325772423e-08        -2.2900891109943540e-07
81                                     8.0425714899576566e-04         9.6552498367276330e-04        -3.1402271797923501e-03        -4.0099179021118566e-03         1.6663236083515082e-06        -2.1352019922518423e-06         3.2955571542822522e-06         3.5938427392768997e-06
82                                     1.3235641565142804e-03        -1.0646391297063117e-04        -2.3432871533769933e-03        -4.8494482435479224e-03        -4.4015340539080243e-06        -6.0643263152163860e-07        -1.4594342129616212e-07        -3.4659499326186919e-06
83                                     1.0767935708311056e-03         1.2403965412091005e-04        -2.9599881574372709e-03        -2.9120881284514515e-03        -4.3737258464375680e-07         9.1470673680683169e-07         1.6784550922205744e-07        -4.5053600693599060e-07
                                                        40                          41                          42                          43                          44                          45                          46                          47

0                                      9.7284862805863629e-03        -6.3287831330532507e-02        -2.5258380921211443e-01         1.2337399317125575e-01        -1.1776088006622727e-02        -7.2636423885051073e-04        -7.5332117012454555e-03        -2.3288929882773909e-03
1                                     -5.2593945574453058e-02         3.7737855168627023e-02         1.2599476061137496e-01        -1.2245240856634249e-01         6.9219984872945315e-03        -9.7135447434867732e-05         4.2430012324768630e-03         1.8099544109416547e-03
2                                      3.8967070077724805e-02        -3.0443000733430270e-01        -1.0337566021635911e-02         6.1147426425837148e-03        -4.6198949827233139e-02        -4.4371648834269709e-03        -3.0182888983811770e-02        -1.1569605927428539e-02
3                                     -8.1104290585502763e-03        -3.5835867639799832e-03         4.6067552802049518e-03         2.3427404699836493e-02         1.3756424298646007e-02        -6.9219836682247959e-02         1.2440273222031192e-02        -7.9404402022844212e-02
4                                      4.8972896709134081e-03         2.7358636529619361e-03        -4.7045207173068114e-03        -1.0051574986321952e-02        -5.6131420152103866e-03         1.0284906104507831e-02        -5.3055277788230958e-02         4.1836358884257768e-02
5                                     -3.0884685061920970e-02        -1.2353245595107646e-02         7.9425065126280392e-05         4.2783822436985117e-03        -6.0556083116601947e-06        -6.7845785304060574e-02         3.6706492981403153e-02        -3.1020059004059242e-01
6                                     -7.4482325496330951e-04         5.7296934112751208e-05         9.9796747111474942e-04         2.0933769790399785e-03         9.3005933072887615e-04        -1.2684614410149899e-02         6.5914482512322813e-03         2.2254549542878588e-04
7                                      2.0886872864634238e-03         4.8460284963938900e-04        -6.3398607876404695e-04        -6.0855748956823181e-03        -4.1630253180142719e-03         9.1785627898049987e-03        -6.5736704311125027e-03         5.7599567164208845e-04
8                                      1.1936629238719588e-03         3.4611731815348767e-04        -4.0033397759428146e-04        -5.4705431535840288e-03        -1.9344336863829010e-03        -2.8296072490556476e-02         1.9728688493364802e-02         3.1812516536014095e-03
9                                      4.8887105754311436e-04         1.0678097600231879e-04         8.1050112469771633e-05        -2.3992478575301786e-04        -8.2179607701644147e-05        -4.1189500556337508e-03         2.8995706777053343e-03         5.0670933181185679e-04
10                                    -6.3089503721879946e-04        -1.4527179187535716e-04        -1.9372563214528011e-04         3.9024333067142251e-04        -1.7190925662030187e-04         8.9120514576856730e-04        -9.2489233352189160e-04        -8.2058174775947578e-04
11                                    -7.3895085729678764e-05        -2.6290999002016890e-04         1.8629980377621251e-04        -8.9579957813818801e-04        -5.6022359974151220e-04         2.5479207319547351e-03        -9.4927523318912715e-04         6.5548532314899446e-04
12                                     1.3554838811088955e-04        -6.8427852407337532e-05         9.2448790476175964e-06         8.7156581860009031e-05         1.0350688780658656e-05         1.5910259544087900e-04         4.8025931918952401e-04        -2.3621155140607551e-04
13                                    -6.0648492523009243e-04         2.0966523420351351e-04         6.4104901768747316e-06         7.6068088324484761e-05        -2.9659605891414780e-05        -2.7617689216976661e-04         7.9266556739436463e-05        -7.3845475643897649e-05
14                                    -1.5777905948768922e-04         1.9740628144985682e-04        -2.1033789476528029e-05         9.8076209228261020e-05         2.6095680550774243e-05         8.4449847436795210e-04         3.1704887284001229e-05        -1.4920255242626416e-04
15                                     3.5229334312670478e-04        -4.0066978286553779e-04         5.8059578846431916e-04        -2.9343748362363467e-03        -1.5618407161434537e-03         2.0791589094525456e-03        -1.3544724739046757e-03         1.0850336893229642e-03
16                                     1.3492816087732362e-04         1.0028208727140423e-04        -3.5323088661701728e-04        -7.9278564768289522e-04        -1.7438174606047364e-04         8.0909845084389202e-04         4.9780409240117343e-04         2.1359819490497254e-04
17                                    -4.3912761874563441e-04         1.1211390866181707e-04        -2.8349905217334398e-04         2.4214263332960539e-03         1.1476032333941734e-03        -3.3554447615148702e-03         1.6302251045383232e-03        -6.9366419917914202e-04
18                                     1.3528616017414319e-04        -7.7901073953532221e-06        -6.8119759072628622e-05        -7.4644345168108612e-05         2.4940906766732760e-05        -1.1481868455955222e-03        -1.5221771503735079e-04         4.0952426891256244e-03
19                                    -1.2299870587440106e-04        -5.5179746165377120e-05        -1.1481365581062338e-05        -1.3790280948002671e-05        -4.4067971932834491e-05        -7.3108985462263501e-04         4.5971965146705969e-04         2.4479766226697080e-04
20                                     2.6564325619301405e-05         6.1768868372294016e-06        -4.0437770697756230e-05        -2.8118056706775090e-05         6.1547093555018752e-05         9.1665433905628244e-04         3.7014857029507163e-04        -2.5254102634467103e-03
21                                    -1.2102522439346670e-04         4.4811583822783156e-04        -1.8640083548279420e-04         2.6984535334832476e-03         1.3143622339325701e-03        -5.7819399211951009e-04         7.5730398271442706e-04        -5.1747045924101058e-04
22                                    -4.4412274160670560e-05        -2.1853905445688550e-04         1.8462679091170437e-04        -7.7090972413113544e-04        -3.5301437322169912e-04         3.5193302287851171e-04        -4.7208133142842893e-04         1.8337051968221005e-04
23                                     4.5727161818484466e-05         8.7330044996948461e-05        -4.9650804916027481e-05         1.7174040883873577e-04         1.4888941172071693e-04         4.2839922306661356e-04        -1.7704534360347060e-04         1.0588269724297290e-04
24                                     9.1753151957107637e-05        -2.0262108347931094e-04         1.4593952849393095e-04        -1.3291088912342119e-03        -6.0229493960035799e-04         4.9994020110893532e-04        -6.3327062740283283e-04         2.8392506692655634e-04
25                                    -1.9313131302537605e-06         1.6127905639695339e-04        -9.3964107844528890e-05         8.4480650389999392e-04         3.9423064010431252e-04        -2.0541635235523829e-04         2.4009968264607847e-04        -1.4317407592382596e-04
26                                     2.4413847447987061e-06        -1.7259362853797700e-04         6.5654035194004102e-05        -7.7345396777640644e-04        -3.7254302856083851e-04         9.5982172460055043e-05        -9.6199209555222843e-05         8.7034251935618845e-05
27                                    -5.3932247500786153e-06         3.5480238662905112e-05        -2.9015862613521580e-05         1.8577604257329075e-04         9.1107334081857414e-05        -7.1747472628666770e-05         9.2137009727515426e-05        -4.8360161369185949e-05
28                                    -8.3939397069077051e-07        -2.0618136968485041e-05         1.6325121633867431e-05        -9.7441689080323988e-05        -4.8097025965239728e-05         4.2122554098241873e-05        -4.3260750010685206e-05         2.0739885186137211e-05
29                                    -6.7895758332755314e-06         2.0561953521535393e-05        -1.3594808178070682e-05         1.1488797401202114e-04         5.4519570542489302e-05        -3.9266516134045652e-05         3.8606775660326797e-05        -2.2752965389640802e-05
30                                    -5.2431141103889247e-05         1.5370461575165408e-05        -2.3601564387559311e-05         2.1769078958603966e-04         9.4268166556049158e-05        -1.7414370006606090e-04         2.1031839300823544e-04        -7.2950051931897840e-05
31                                     1.3614520690477526e-05        -5.3432692702352116e-05         2.8472662615346836e-05        -3.0393959051977932e-04        -1.4007268583646510e-04         5.5704285455326796e-05        -1.2173473424983487e-04         7.3356067139831408e-05
32                                     1.2438684010689274e-05         5.0748757756838135e-05        -1.7251366938443824e-05         2.0249677701441725e-04         1.0058851456047922e-04         4.0607451455248415e-05        -1.4701798672493003e-05        -2.1897307830864041e-05
33                                    -1.2466569195519960e-05         4.6153554251323551e-05        -2.7669564497134985e-05         2.5807769993532292e-04         1.1983720283798421e-04        -6.0404373191624718e-05         1.1167167453931897e-04        -6.5980035015601274e-05
34                                    -9.2825780562740684e-07        -1.8129840126966884e-05         3.6619293278100233e-06        -9.6112500294125711e-05        -4.4322907961864934e-05        -1.6011574338391031e-05        -9.7731965275269499e-06         1.8271346456096202e-05
35                                     1.0055101847033226e-05        -3.7065260947577997e-06         7.0494061085967630e-06        -5.8662409242621773e-05        -2.6694164009734710e-05         3.2586085789021167e-05        -4.4687825847505820e-05         1.8743227407807503e-05
36                                     5.4359783110689728e-03        -4.2246276387552899e-03        -1.4864187749742248e-02        -1.4938274421968271e-02         1.0799617275148964e-02        -1.3681814193902599e-05        -1.3178044525996233e-04         5.7655996442401020e-06
37                                    -2.4884734031620087e-03         3.8308939671375698e-04         1.2028334499637545e-02         9.8212937463456797e-03        -8.5433936764640443e-03         5.2590010491975533e-04         1.2361460257678640e-03         1.7828810551057291e-04
38                                     1.4523757548069364e-02        -1.0190085127288587e-02        -2.4733748584045302e-03        -1.7163814416053880e-03         1.9305326655865655e-04        -2.0096621618637448e-04         7.3648771328849909e-04         8.0766946507474110e-04
39                                    -9.0175886200781919e-03         6.9564556183918352e-02        -4.2326523151051199e-03         1.8597489574401650e-03        -2.5194789443768607e-02         9.9461503013879111e-04        -9.9707628422518652e-04        -2.0153578941025860e-04
40                                     5.5844063246693693e-02        -3.7610130094218749e-02         1.9186373010812688e-03        -2.3650223680383455e-03         1.5514466288745248e-02        -6.0037161190207647e-04        -5.2337145520911978e-03        -2.5353008315339787e-03
41                                    -3.7610130094218749e-02         3.2403837225229687e-01         1.2879032486104516e-03        -7.5416030312420654e-04         1.2387360843574050e-03        -1.6256085498334363e-04        -2.9109027257484691e-03        -4.4151514962039243e-05
42                                     1.9186373010812688e-03         1.2879032486104516e-03         2.6488925859958962e-01        -1.3479828588577930e-01         1.1670193201335603e-02         3.4958979385414559e-04         3.2754135745839881e-04         1.7325317002393585e-04
43                                    -2.3650223680383455e-03        -7.5416030312420654e-04        -1.3479828588577930e-01         1.2996391718094416e-01        -4.5279489574296047e-03         1.2248733704458496e-04         1.0690491971137271e-03        -9.4360531408012142e-05
44                                     1.5514466288745248e-02         1.2387360843574050e-03         1.1670193201335603e-02        -4.5279489574296047e-03         4.4825481862489372e-02         3.3755097798247050e-04         6.7689737261324525e-04         3.6285956056138127e-04
45                                    -6.0037161190207647e-04        -1.6256085498334363e-04         3.4958979385414559e-04         1.2248733704458496e-04         3.3755097798247050e-04         7.7161600275471962e-02        -1.8037501046921353e-02         7.7232009929990436e-02
46                                    -5.2337145520911978e-03        -2.9109027257484691e-03         3.2754135745839881e-04         1.0690491971137271e-03         6.7689737261324525e-04        -1.8037501046921353e-02         6.0688193310622897e-02        -4.0979625797140901e-02
47                                    -2.5353008315339787e-03        -4.4151514962039243e-05         1.7325317002393585e-04        -9.4360531408012142e-05         3.6285956056138127e-04         7.7232009929990436e-02        -4.0979625797140901e-02         3.3232196202647041e-01
48                                     2.0109299375048028e-04         1.6552669159099805e-04         3.2303705378683651e-04        -1.4037514023944016e-04        -1.6959327394288015e-04         7.9062896213334607e-03         5.0255938169076171e-03        -3.6767198264495808e-03
49                                     1.3751651874443997e-03         3.9626900968130901e-05         4.2418893186259039e-04         7.0439580621971948e-04         2.4208463714556335e-04        -2.5828158590828652e-03        -1.7952890923670192e-03         8.8037213580053481e-04
50                                     7.4610884593432052e-04         6.8424524322946803e-04         3.2619372800443225e-04         7.8817615770479131e-04         5.0866692334570628e-04         2.1215883550131369e-02         1.4707040812566505e-02        -1.0145665824667555e-02
51                                     4.7200523195655577e-05         8.2914746608665231e-05        -2.6653818686978660e-06         8.7268913457008945e-05         1.1357211351358792e-04        -2.0102545032518713e-04         2.8864671353861777e-04        -9.8621893042304077e-06
52                                     1.5687440987250088e-05         3.0628850834842677e-05        -4.2714384942013173e-06        -1.8336626535436578e-06        -1.8272335721575713e-05         2.2881338381581484e-04        -1.5123836420373915e-04        -9.2268881317143564e-05
53                                     9.8993892316411860e-05         1.3374605836182665e-04        -4.1905715586586771e-06         1.1091531568844815e-04         1.7955328686499594e-04        -1.0121494116391763e-03         7.5143018478150193e-04         5.5935059211285193e-05
54                                     4.6062931719490798e-04         1.5155327265054983e-04         4.2453015979825016e-05        -2.3414772962118333e-05         1.6490125280389456e-04        -1.3588566715503882e-04         2.7958618403133451e-04        -5.3576218431411471e-05
55                                    -4.9843648516837715e-04         7.3819857132899087e-05        -8.9997129404173980e-05         1.3922508993196320e-04         7.3668797898478530e-05         7.7969515371279613e-05        -1.4411626834322564e-04         4.3196324417687712e-05
56                                     1.5111103526644615e-04         2.1022698391937804e-04         7.7450924396200061e-06         9.5061238337810144e-05         1.2979975761909034e-04        -2.9238085587583880e-04         3.5913910496997305e-04        -8.5847077425678180e-05
57                                    -3.4494670434969679e-04        -1.6848396343723329e-05        -3.3902276380094119e-05         4.3031083959299435e-06        -5.7435513982968072e-05         3.0318860382671782e-04         2.1736341906649121e-05        -1.0248609441732568e-04
58                                    -1.3180535313298052e-04        -2.7551442034426930e-04         1.7473934274766872e-05        -1.4773026383244861e-05        -7.5643311248892512e-07        -1.9133914684098502e-04        -6.7719875164876217e-05         1.9285257518469401e-05
59                                     2.6272774050066700e-04         9.3894276173973765e-05         2.4868415629947322e-05        -4.2033806183102232e-05         4.0593093345356498e-05        -1.7080335292903791e-04        -1.0678369254578866e-04         1.5670375559752393e-04
60                                    -2.7076875950958398e-05         5.1049127482595395e-06        -4.7240181372499798e-06        -3.4649452720685010e-05        -2.4446387223408678e-05         2.3670238363820843e-04         5.9509601768610191e-05        -4.6125747712860624e-05
61                                     1.3031495978771320e-04         3.6396623655429771e-05         1.5507383143453337e-05        -5.9399272719890878e-05         2.1655835258727094e-05        -1.5243597562547876e-04        -1.2463024023903974e-04         8.6265913457723065e-05
62                                     1.9500360348159528e-06         9.4687615880440380e-06        -6.2501225649322595e-06         3.1616805021900341e-05         2.4518272571091841e-05        -5.0541230572991739e-05         8.9364602833176491e-05        -2.5138143918833193e-05
63                                    -2.5606661627309836e-05        -2.4154642019068903e-06        -8.2814836584695138e-07        -1.6582192994484961e-05         1.4141730458519320e-05         6.3456808134077855e-05        -6.9908041062795995e-05         6.9009426459607512e-06
64                                     1.4358676706208449e-04         6.7549164022611004e-05        -5.4103278577299148e-07        -1.1588645019495943e-05         1.9005292109822874e-05         1.1661273224616836e-04         5.7847892473455493e-05        -3.4593411595422268e-05
65                                     1.0441745091602509e-05        -3.0315702643136813e-06        -1.9224564702144642e-06        -2.6718590257546993e-05        -5.1178540654149533e-06        -4.0090410254591343e-05        -6.1016080275210592e-05         3.6157966076494992e-05
66                                    -5.0294393569727145e-05        -8.7865162553990898e-05         2.0150779055575539e-05        -1.3243151987055369e-05        -2.0977155206982797e-05        -1.0237243772294484e-03        -7.6724110613484169e-04         6.7706064621421782e-04
67                                    -9.9683222721841283e-06        -8.7446244079001506e-06        -4.8110431502362784e-06         1.1110371397482586e-05         2.4996128775369439e-05        -4.1521882100438424e-04         8.6543179068993481e-05        -4.3703865516295107e-04
68                                    -3.4308705597075062e-05         1.6426028291364504e-04        -9.0611436009273530e-05        -4.2643293903922485e-05         8.7999004639287444e-05         1.0816614832027224e-03         4.1822524202534436e-04        -9.5034828741896911e-04
69                                     1.7000638671346285e-05         6.0596777544991718e-05         1.8547679827991451e-05         1.7758368809256371e-05        -2.8709935351585518e-05         6.0479455549729342e-05         2.5531633640232798e-04         1.6321383486630858e-03
70                                     7.2564765374977106e-05         1.9643266904018758e-05        -1.1272734839592357e-05         3.3758927839837077e-05         2.7054439195735904e-05         4.7468353341445643e-04         1.7228255895072241e-04        -2.9269328814962017e-04
71                                     1.3201198757006104e-04         5.6611542301151959e-05        -2.6231410883150190e-05        -5.0284147592379902e-05        -2.1598985165037051e-05         1.2276853308264271e-03        -7.8213727905033939e-04        -1.3765012272457331e-03
72                                     9.1844496022193287e-05         4.7836014848513865e-05        -7.9108598905506476e-06         5.5827327090340320e-06        -2.9723223870487225e-06         3.4348578007146818e-04        -1.3732973959641853e-04         6.7641370729568248e-04
73                                     1.3764229086443607e-05        -7.5979290760688915e-06         2.2255208745435450e-05         2.5435261730465483e-05        -1.3975637594722774e-05         1.2758426578742042e-04        -1.2645746245457747e-04        -5.6797882674226093e-04
74                                     2.6947083213937285e-05        -3.7590665009061162e-07         1.1744910713655505e-05        -5.0322446717503941e-05        -3.3465600512591360e-05         8.0172871383984111e-05        -4.8307319103788732e-05         2.8195521386535573e-05
75                                    -2.7554717784248015e-06         4.9464738398639419e-06        -5.4707506572918192e-06         3.3941295996887014e-05         1.5464668771754026e-05        -1.8185976994065486e-05         2.0301132498448524e-05        -9.3569561231852738e-06
76                                    -2.0225097545211211e-06         1.0479791433139394e-05        -8.0972940905253975e-06         5.5360785302653213e-05         2.6802920244939877e-05        -2.1687520351097766e-05         2.7086590009204312e-05        -1.4166055400699097e-05
77                                    -1.1526990427867417e-06         1.1189273248077547e-05        -6.5346883805370944e-06         5.5101695741067134e-05         2.7696924651429961e-05        -1.7928336548818448e-05         1.8850224630380314e-05        -1.1204300189365339e-05
78                                    -8.7745584216255852e-07        -2.7789679479312660e-06         2.4217329823903149e-06        -8.6792497552150879e-06        -5.7969627018488166e-06         8.7430234753718277e-07         7.0527605739004905e-07         1.1005506137121086e-07
79                                     3.2583772937394925e-07        -2.1737938622442600e-06         1.4095080053219309e-06        -1.4297207789626707e-05        -6.9085690339161602e-06         7.9217340125384750e-07         1.6489373178869029e-07         1.0895410402747996e-06
80                                    -1.3845627118588044e-07        -4.9281869117821987e-07         4.6935459505034239e-07        -2.0512001972496788e-06        -7.6238802777042091e-07         2.0114995114134281e-06        -1.5222253486914115e-07         2.4417579009259233e-07
81                                    -7.2118829477697238e-07         3.4568313985106807e-06         3.9465834433942437e-06        -4.8864485083969464e-06        -4.6250515083544010e-07         1.6461296012713856e-05        -1.9752194476429057e-05         3.6777641733805788e-06
82                                     1.8864023526509003e-06         2.4890723474604939e-06         2.0029804368061694e-06        -3.2122261144464575e-06         7.6121611784340376e-07         1.0666787841124844e-05        -1.3348443523749711e-05         3.4741478965046889e-06
83                                     3.9555059658917343e-06        -6.0589784800461487e-07         2.4790917626899093e-06         1.8454326869261580e-07         1.6432006831733544e-06         1.0674159110467667e-05        -1.2365049516654660e-05         3.8549486165596197e-06
                                                        48                          49                          50                          51                          52                          53                          54                          55

0                                     -1.1246468019549460e-03        -1.9887890894788780e-02        -1.2903770437965938e-02        -1.3944227570961051e-04         2.3207932952519028e-05        -2.1338272557633333e-04         9.0788648868672401e-06        -8.0356778981873758e-05
1                                     -2.3867463924826873e-03        -1.5551723731227388e-02        -1.0713732595374423e-02         1.1459124907610852e-05         9.2267832696664919e-05        -7.0892430082944110e-05         1.2505858305885721e-04        -2.6751906674529844e-04
2                                      1.2123047915532162e-03         1.2946619754670289e-02         7.8850727305072831e-03        -1.4496293976956116e-04        -2.8272487606705558e-05        -2.1822574289248787e-04        -8.4225555299108834e-05        -3.8081457521574064e-04
3                                     -1.9169818276098138e-01        -1.1231509979188595e-01         9.2002676821199003e-02         8.7067853410370457e-04        -1.1751853764018086e-03         1.1093409748093744e-03         2.7564003131038588e-04        -2.9388593788480104e-04
4                                     -1.0500393998941693e-01        -1.2879761493572145e-01         6.6222494931227574e-02         3.1748449314168443e-04        -3.3490295001686529e-04         1.5835398930280414e-03        -9.1698503431465218e-04         8.1364872643830593e-04
5                                      8.5080278423626365e-02         6.8173528830779997e-02        -1.0363779111377816e-01        -1.0217194905240336e-03         1.3391492831776640e-03        -4.8178963460451816e-03        -8.8123168283904714e-04         2.9940350140994374e-04
6                                     -2.7829652986366183e-02         2.0163962058883378e-02        -8.2038254884597359e-04        -8.1267903560375589e-03         7.9458841722536561e-03        -2.2325042887955143e-02        -2.2412640771282376e-03         9.8177026070688407e-03
7                                     -7.0589893325211338e-03         9.9787095090941094e-03        -1.0535613564311066e-03         7.4954252149247568e-03        -9.4849686647248826e-03         2.8783732316381712e-02        -1.2054107134865134e-03         1.4100000020704688e-02
8                                      1.7153008820771136e-02        -1.2689074455648115e-02         3.1683588735335715e-04        -1.6217259476176554e-03         1.7398087592459376e-03         9.4945779671423008e-04        -1.0063351704130799e-02         1.5618992258171063e-02
9                                     -1.5209436981893608e-04        -3.6504198273238785e-04        -5.2313099848783529e-04        -1.4976128351794210e-01         1.3186862602671556e-01         3.9892266810453894e-02        -1.1368980678666109e-01        -8.7009242280099569e-02
10                                    -1.0166059564643958e-03         7.6492079931951389e-04        -2.6083477532600429e-04         1.3080651017827918e-01        -2.1847094473330300e-01        -5.5007889281574338e-02        -8.5376442438349437e-02        -1.6880780410584600e-01
11                                     2.2962741427759465e-03        -3.2038854398827745e-04        -4.1724422665277271e-04         3.4000824858259088e-02        -4.7238675982682658e-02        -6.3896343870287003e-02        -6.9454881421494891e-02        -9.8953290492717394e-02
12                                     6.9498208457758107e-04         1.0863330793220776e-03        -1.2376263866666110e-03        -1.5756014123860733e-02        -1.0181986583818777e-02         1.0123859622039402e-02        -1.3592251032871244e-02        -4.1650538771650508e-03
13                                    -5.4118739100541234e-04        -7.4740703548387805e-04         1.5367216977840708e-03         1.7645299302741793e-02         1.2243549867392751e-02        -1.1479551753826447e-02        -1.8638007597252978e-02        -6.4761430592891198e-03
14                                     7.3374479520678946e-04         2.1659635498538872e-03        -1.2039247787355516e-03         7.6446424977079444e-03         4.3629023628750062e-03        -5.5072097263784781e-03        -1.3798690426425109e-02        -5.7216718955986779e-03
15                                    -4.3306402674110969e-04         1.9472325591167391e-03        -4.1699085459642737e-04         8.2898388270298074e-04         2.4185559109036530e-03        -3.4846941866586529e-03        -1.9147395509153116e-03         2.7913749606816203e-03
16                                     1.2058003191406895e-05        -4.6492464500877189e-04         6.4120162010961978e-04        -1.1618307523966528e-03         8.8130877563681077e-05         2.4488163371758731e-03         2.9368085228517456e-04         3.8674632235160492e-04
17                                    -5.8062933660160011e-03         2.5961041654892084e-03         2.6835054929287821e-04         1.2494840042401138e-03        -2.6069351344199659e-04         1.9353481911779276e-03         2.2857283239390972e-03        -6.7028210775951086e-04
18                                     5.6025787938730450e-05         7.3874187216840749e-05         4.9934105905309872e-04        -8.6305628247836357e-05         5.2192815208538347e-05        -3.5965106583811719e-04         1.3790822782390626e-04        -2.8757521356923574e-04
19                                    -3.4857761788821919e-05        -9.1817290408288785e-06        -3.2312104986850207e-04         8.5164442189935682e-05         1.7753559112123739e-04        -4.4517851966166392e-04         1.3405715393264938e-04        -8.3412628044050570e-04
20                                    -3.3530985484277989e-04         1.6710667365242018e-04        -8.5190327496523655e-04        -1.8730864517659939e-05        -1.5416252332496995e-06        -1.3616996714031811e-04        -1.0070893059082551e-04        -3.1020068240652723e-04
21                                    -3.4183955438987562e-03         1.7372449547413188e-03         5.5550358206600320e-04        -1.5572874659392048e-03        -6.8608638280566979e-04         2.0438084759890644e-03         2.1044844556482923e-03        -1.5101570487060553e-03
22                                     2.2350859577356576e-03        -1.3950327284952787e-03        -1.3606234461222284e-04         8.9046957738152287e-04         4.4100466397982999e-04        -2.0229663314427315e-03        -1.1995876398075088e-03         4.4305390437475369e-04
23                                     9.4286655801003769e-04        -7.7553011166075418e-04         1.6403938646668406e-04         9.5194938409755292e-04        -1.2555252511237962e-03        -8.2013487450903391e-04        -7.7148740405530306e-04        -3.5858780095139337e-04
24                                     1.7959607425008259e-03        -9.3512720266742072e-04        -4.9745490167385942e-04        -5.5444849098663937e-03        -2.1040885113156899e-03         4.3116001811619566e-03        -9.1336547355541555e-04         6.3268265187970199e-04
25                                    -1.2771642500822443e-03         6.3798413998061626e-04         2.1982557188777077e-04        -5.3682932913439504e-03         2.2401631858233791e-03         2.2027151674973043e-03         1.2126920323698906e-03        -1.0532606370989542e-03
26                                     1.2354200839737222e-03        -6.5893320608378697e-04        -1.2225676771302567e-04         6.8065539339156444e-03         9.8214775472143818e-04        -1.6423588859980343e-03        -5.8510917375406983e-04         1.5471186235438850e-04
27                                    -2.7284105622572754e-04         1.3697528472104539e-04         6.2516494548646564e-05         9.4202599409158854e-05        -2.3535424490043469e-05         2.2998183567300668e-05        -6.9534549147285730e-04        -3.6405522593742064e-04
28                                     1.4352365788642703e-04        -6.9564730220055023e-05        -2.2240667875295152e-05         4.1366809112702938e-04        -1.4149033659971607e-04        -9.6776300437313506e-05        -9.2379499893764096e-06         9.7511706580896544e-05
29                                    -1.2814213356969486e-04         5.6636017834480859e-05         2.5372677030215284e-05        -2.8195637147968955e-04        -7.8571453822309746e-05         1.2974527832147943e-04         8.4660732034485511e-05        -2.4137281623177591e-04
30                                    -1.3565944803785191e-04         5.7520074034282182e-05         1.4476519031336662e-04        -1.6328392068217781e-03         1.8624423019540214e-03        -1.7054159790080468e-04        -2.2161274384293160e-04         6.6468137734126921e-04
31                                     3.8168558206110791e-04        -1.9806063216403183e-04        -1.2135440806640635e-04         2.9032365277886904e-03        -3.5163367760320842e-03        -4.6149114615988722e-04        -4.4599975973021069e-04         3.3587966992928726e-04
32                                    -3.0657325138355870e-04         1.5858000565976171e-04         1.9883361822267093e-05        -5.6979645592223922e-04        -4.5809028106525394e-04        -1.0502936414012076e-03         6.0052703476075515e-05        -2.2568011776003688e-04
33                                    -4.6593018509600599e-04         2.7777483909517225e-04         1.0642930569896104e-04         7.3477550797967440e-04        -8.2848507422299833e-05        -7.0219540090226285e-05         1.7167452113579665e-04        -7.8889087646818686e-05
34                                     1.5424347569506009e-04        -8.6795075434486482e-05        -3.5786736455632378e-05         4.0612896004931052e-04        -1.4350174599742457e-04        -4.8577494947867961e-05        -1.2612680539276437e-04         1.4076500532736311e-04
35                                     3.9714223247660463e-05        -1.9739718340177199e-05        -3.1687807787306009e-05        -9.6212979712139747e-04         1.6886705532076873e-04        -1.3099768672271590e-05        -5.1979407125784404e-05        -9.1307801675134803e-06
36                                     1.1406590117407785e-03        -5.8444357927235537e-04        -6.0920806017630131e-04         9.7345615048470525e-06        -2.4159386577004725e-06         1.9925442669823211e-05        -3.2367718155021803e-05        -1.4662228873616704e-05
37                                    -3.4400259444723833e-04        -4.5820702229789362e-03        -3.3427129355328741e-03         1.1311216125809023e-05         2.7765215374567643e-06        -4.8124023893526672e-06        -3.9435252692803928e-05        -5.5533458812505212e-05
38                                    -1.3760541757666471e-04        -3.2016425596270697e-03        -9.7449357401174514e-04         1.7164046628035865e-05         1.0945902100610491e-05         1.2452608299799914e-05         3.6842385963991762e-06        -3.3395110897305852e-06
39                                     9.5395408013063294e-06         3.4744212914252729e-04        -3.1981660606599470e-04        -3.8028235085865470e-06        -4.1091672599027577e-05         6.8661482637684645e-05        -2.3458579346736412e-04         3.1735626506916299e-04
40                                     2.0109299375048028e-04         1.3751651874443997e-03         7.4610884593432052e-04         4.7200523195655577e-05         1.5687440987250088e-05         9.8993892316411860e-05         4.6062931719490798e-04        -4.9843648516837715e-04
41                                     1.6552669159099805e-04         3.9626900968130901e-05         6.8424524322946803e-04         8.2914746608665231e-05         3.0628850834842677e-05         1.3374605836182665e-04         1.5155327265054983e-04         7.3819857132899087e-05
42                                     3.2303705378683651e-04         4.2418893186259039e-04         3.2619372800443225e-04        -2.6653818686978660e-06        -4.2714384942013173e-06        -4.1905715586586771e-06         4.2453015979825016e-05        -8.9997129404173980e-05
43                                    -1.4037514023944016e-04         7.0439580621971948e-04         7.8817615770479131e-04         8.7268913457008945e-05        -1.8336626535436578e-06         1.1091531568844815e-04        -2.3414772962118333e-05         1.3922508993196320e-04
44                                    -1.6959327394288015e-04         2.4208463714556335e-04         5.0866692334570628e-04         1.1357211351358792e-04        -1.8272335721575713e-05         1.7955328686499594e-04         1.6490125280389456e-04         7.3668797898478530e-05
45                                     7.9062896213334607e-03        -2.5828158590828652e-03         2.1215883550131369e-02        -2.0102545032518713e-04         2.2881338381581484e-04        -1.0121494116391763e-03        -1.3588566715503882e-04         7.7969515371279613e-05
46                                     5.0255938169076171e-03        -1.7952890923670192e-03         1.4707040812566505e-02         2.8864671353861777e-04        -1.5123836420373915e-04         7.5143018478150193e-04         2.7958618403133451e-04        -1.4411626834322564e-04
47                                    -3.6767198264495808e-03         8.8037213580053481e-04        -1.0145665824667555e-02        -9.8621893042304077e-06        -9.2268881317143564e-05         5.5935059211285193e-05        -5.3576218431411471e-05         4.3196324417687712e-05
48                                     2.1217904604621010e-01         1.0993023275809927e-01        -9.7556445248910995e-02         3.7569177453076748e-05        -5.0846875360024111e-05         2.0871770483598469e-05         6.9071003830800020e-05         7.9778999889663004e-05
49                                     1.0993023275809927e-01         1.4170524953331609e-01        -7.0265349995798726e-02        -3.6564640995220116e-05         3.1076914343952005e-05        -1.5682489490666295e-04        -8.0615001283080440e-05        -3.3156747523078978e-05
50                                    -9.7556445248910995e-02        -7.0265349995798726e-02         1.0900082952819573e-01         1.3455872937518710e-04         1.5288381576107971e-05         1.1387913226685361e-04         6.8098043073825672e-05         8.5525842170959738e-05
51                                     3.7569177453076748e-05        -3.6564640995220116e-05         1.3455872937518710e-04         1.6957687747748121e-01        -1.3950567920084284e-01        -4.3675801470508396e-02         1.1199008754489145e-02        -1.3870059151619610e-02
52                                    -5.0846875360024111e-05         3.1076914343952005e-05         1.5288381576107971e-05        -1.3950567920084284e-01         2.2936756988164253e-01         4.3801505596271863e-02         1.2152646907217617e-02        -1.3108593585823107e-02
53                                     2.0871770483598469e-05        -1.5682489490666295e-04         1.1387913226685361e-04        -4.3675801470508396e-02         4.3801505596271863e-02         7.7064769550998377e-02         1.1002915770704145e-02        -1.1602436788988384e-02
54                                     6.9071003830800020e-05        -8.0615001283080440e-05         6.8098043073825672e-05         1.1199008754489145e-02         1.2152646907217617e-02         1.1002915770704145e-02         1.2213133363317329e-01         9.4930313664397858e-02
55                                     7.9778999889663004e-05        -3.3156747523078978e-05         8.5525842170959738e-05        -1.3870059151619610e-02        -1.3108593585823107e-02        -1.1602436788988384e-02         9.4930313664397858e-02         1.7358795943306901e-01
56                                    -2.3413778607041160e-04         1.2853868136936293e-04         1.4911465194085069e-05        -3.6126723562043533e-03        -4.0652644128648784e-03        -2.7737252062563834e-03         7.9515333926104062e-02         9.9320224058218276e-02
57                                     4.5741192463463320e-04         3.4350128297765559e-04        -5.8412334729237897e-04        -2.7846843935166610e-03        -3.1263290973788998e-03         3.0189032236957441e-03         1.0433946401614009e-03         2.5000691438153890e-04
58                                    -1.8011651302791423e-04        -5.2960307291116736e-04         9.0694036590997567e-04        -2.0640351311750614e-03        -2.9157501748305610e-04         1.6414775023788544e-03         7.0707946362086587e-04         9.0366605425516895e-04
59                                    -6.7687610504493475e-04         6.1064243644649700e-04        -1.6186581491742561e-03         2.1352323799594579e-03         1.7880655373074326e-03        -6.1590772192704089e-04        -8.4880096193066905e-04         4.7218268835157347e-04
60                                     6.0768998644376957e-04         3.4679240888659636e-04        -1.9697006999866968e-04         1.2990770828946326e-03         1.8789516963280914e-04         9.8347235435514548e-05         7.4421410805391422e-04         2.2575977812823596e-05
61                                    -3.0527643700947765e-04        -3.1252133126760543e-04        -2.2987338729687381e-05         1.3369636701626069e-04         6.2936426746644991e-04        -2.9609106658923007e-04         2.4021508747535877e-04         1.4547973796450765e-05
62                                     9.4941080248095357e-05        -1.1592140498175594e-04         1.4956808755739540e-05        -4.8792488402881872e-04        -2.7945619307474670e-04         2.8901842961009819e-04         4.0349310299542425e-05         8.6903838124125811e-05
63                                     8.2875337204652813e-05        -3.2064500527076651e-05        -6.0245271235253228e-05         7.9472933607995649e-04         2.6171188861070756e-04        -4.5188181502153367e-04        -3.5164136435487433e-03        -1.7951258314452320e-03
64                                     3.7327281257022488e-04        -7.3608390828868667e-04         3.3794026093967775e-04         5.2282065416555615e-04         4.3930826575521668e-04         4.7472118647199930e-04        -2.2283260888627827e-03         2.2565866498735088e-04
65                                     7.8470712190397123e-05         3.4055815805632533e-04        -1.5530089849085293e-04        -8.0360921014283569e-04        -2.3541067936841756e-04         7.0537373019727203e-04         3.0657791650104708e-03         1.6582674341428759e-03
66                                    -3.4767547010047936e-06         4.8796450428351883e-05        -1.0821365929123517e-04        -5.6423100928631594e-05        -2.4665309469217039e-05         5.2487231953584372e-05         5.0146932601457855e-06         1.6623314194938533e-05
67                                    -9.4462217780130509e-05         6.6885291721341508e-05        -2.1051353762931228e-04        -9.4727169815210358e-06         3.6915739702399533e-05        -6.3157653205456757e-05        -1.6411451849245007e-05        -1.0635846995211078e-04
68                                     3.5680610245682881e-05        -1.0609626440870920e-04         9.4301229841656047e-05         3.0166391028086940e-05        -5.7603677351011554e-05         6.2271827407318361e-05        -3.1395178714819534e-05         1.9828349995622849e-04
69                                     9.1882799816131618e-05        -5.2756243849100466e-05         3.5300596481472419e-04        -7.5609849758698981e-07        -3.5619360710764723e-05         5.3917958936303850e-05        -2.2732085779195215e-05         1.8528839703439725e-05
70                                     3.3079131239817827e-05        -5.4448013663456506e-05         2.4908384027732541e-04         6.5259736681033470e-07        -8.6712266055826315e-06         6.8973220410584198e-05        -1.0320940097248755e-05         4.8493921240300338e-05
71                                     3.9674377809969629e-05        -4.1159437190619776e-05         1.4654585920716688e-05        -3.0850460742698894e-06        -5.6924356532020296e-06        -5.6567302907247044e-05         3.6523309762259357e-05        -7.1221845072365805e-05
72                                     1.1610981893170287e-04        -2.5031111874405029e-05         2.3079572505454164e-04         3.7428356807457815e-05        -2.2192058963603159e-05         4.0177083652257381e-05        -4.2086135529421605e-06        -3.7359244942760105e-05
73                                    -1.1140375211594499e-04         6.3191011680485692e-05        -5.5919346803024806e-05        -4.1979996527127113e-05         1.8849706916342506e-05        -4.7190547102612272e-05         2.5974695215797866e-05        -4.9219620742533944e-05
74                                     9.5471075037737059e-05        -8.6735342857552464e-05         2.6259555270464259e-05         1.6110406616797395e-05        -2.0896286732384538e-07        -2.5283928956120003e-06        -2.7543842475875917e-05         4.5444960521376962e-06
75                                    -5.1654619496657318e-05         2.7960667114976369e-05         1.2674930469275116e-05         6.8031366349975502e-05         7.5584572769677458e-05         3.2766173604357023e-06        -7.8713886603008244e-05        -1.8588530329600403e-04
76                                    -8.4067224781313822e-05         4.2749391145886033e-05         1.8839014208176242e-05         6.7491826779815300e-05         8.4330459318322906e-05         3.0349885731843708e-07        -6.5966512277955555e-06        -2.8433477178708687e-05
77                                    -7.1182152158945990e-05         3.3310182522235144e-05         1.1879166826734106e-05        -4.3274996558258549e-05         1.9474040898669417e-06         5.2022061900213915e-05         1.1007836732713296e-04         9.2047488264117622e-05
78                                     9.8205648512452390e-06        -3.0257098517383188e-06         9.2187731494845508e-07         1.3490383939365473e-04         5.7678396937641894e-05        -3.4620049289108077e-05         8.9228319206520544e-05        -4.4736614035072219e-06
79                                     1.0487302410492694e-05        -3.6006246423893261e-06        -6.6042379195177796e-07         1.4368498419911076e-04        -8.9477560054547793e-06        -5.0913407872471148e-05        -8.4422650160710004e-05        -7.0824051757218830e-06
80                                     2.2412444405253714e-06        -7.3299542462706350e-07         1.4109155811533180e-06         1.2452987781258294e-04        -2.8076697008981599e-05        -7.2239877060721423e-05        -7.4434483466295819e-05         1.7793419295669308e-05
81                                     7.6280512628959215e-06        -3.0678050184531057e-06        -9.9761909894099975e-06        -3.2195743578912418e-05        -1.6922222697574106e-04        -6.9457479735559826e-05        -7.2921170425193184e-04         1.4641614793766745e-04
82                                     3.6199952718893689e-06        -3.2493278275975510e-06        -8.9110270167474918e-06        -1.1888033976010087e-04        -2.4552639679902211e-04        -1.4731955834125727e-04        -1.3382642809515712e-04         2.3262717515207438e-04
83                                     3.3785958340289330e-06        -2.9820023168470515e-06        -6.6227309245426983e-06        -6.2176613767735741e-05        -1.0268655104957782e-04        -6.0871686960641496e-05         2.2957176949941734e-04         3.3625711258712622e-04
                                                        56                          57                          58                          59                          60                          61                          62                          63

0                                     -1.5197987526450389e-04         2.6281051082155881e-05         1.1962747954905089e-04        -9.6789589421502069e-05         1.5376938253640405e-04         9.1876910016836909e-05        -1.8877865463793583e-05         1.4690690174696489e-04
1                                      1.7657592591951857e-04        -1.2172037859448104e-04        -6.6011471576043774e-05         2.0160186169912333e-04        -6.2496066976524796e-05         1.6804686648790452e-04         4.0091480905968876e-05         1.2606150490167221e-04
2                                      1.3906544986678598e-04         3.1769138159461153e-06         6.0755705575930386e-04        -7.6466950675444748e-05        -7.0534067196563254e-05        -2.0205411873624643e-05        -3.1162263056988922e-05        -8.5717716766367213e-05
3                                      1.2759010829181457e-03        -2.2792150400245768e-04         5.5322969235363777e-04         4.0747397361081338e-04        -1.4114350125237951e-03         1.0971512241428680e-04         6.0081624533217591e-04         3.7276546985599976e-05
4                                     -1.6281465168618628e-03         3.7595675926015387e-04        -4.8236665023988746e-04         1.8564493243835569e-04         4.7846217446281884e-04         3.9016652101092381e-04        -6.4328082209709763e-04         2.0124839453918714e-04
5                                     -9.3193947026539695e-04        -4.1280061919435731e-04         1.5420666482656121e-03        -1.0575704001231647e-03        -2.4752616751526845e-04         2.1112330249075333e-04         1.3431668267847529e-04         3.8530210266682292e-04
6                                     -1.1838240540312680e-02         2.0060494987270057e-04         6.7142323299482004e-04         1.0987443726426021e-04        -5.1891857434747442e-03        -2.0769388270786586e-03         3.8879889520357972e-03         1.4479396096948515e-03
7                                     -9.8687042347633258e-03         5.4142847870101464e-05         4.8118890584842320e-04        -6.1729732051875124e-04        -2.6427542150920711e-03         1.1112588046458937e-05         1.8078924257539011e-03         1.1371646173701866e-03
8                                     -3.2991715976055075e-02        -5.2630513428351868e-04        -7.5022178567465026e-04         7.7455278404807773e-04         4.6288064740484490e-03         1.2192417401687998e-03        -1.9337983069816940e-03        -2.9070001489464592e-04
9                                     -7.1564868530719750e-02        -1.4890450258908765e-02        -9.1620197807033808e-03         8.3747770285255291e-03         9.4909293512707472e-03         5.6084468027069578e-03        -7.6818679811187368e-03        -1.3748301292395231e-02
10                                    -9.7885579225604966e-02         1.9591790627281107e-02         1.2069441384498430e-02        -1.2448448992444556e-02        -1.2754052868664897e-02        -6.0105528732167937e-03         5.7702956797045634e-03        -1.4710486600918803e-02
11                                    -1.2407655538933608e-01         6.6911424340183158e-03         5.5473000283794600e-03        -5.8018891362422199e-03         2.0284062644631305e-02         6.7380492995200818e-03        -1.1740958672234580e-02        -1.6380734675361386e-02
12                                     9.7787078374445037e-03        -1.4298215007279250e-01         1.1913069841646950e-01         5.9322731710472816e-02        -8.2699060501632560e-02         5.2573155928555590e-02        -7.8370921493920331e-02        -1.2904998982119303e-01
13                                     1.2019161303608559e-02         1.1725726358716773e-01        -1.9599618104302141e-01        -7.3580223374313608e-02         5.4143411385560780e-02        -1.2306957539741180e-01         1.1439806202534171e-01        -9.2022259223124570e-02
14                                     1.0660138390905375e-02         5.9452348513307204e-02        -7.5129480186291661e-02        -8.3000053572147320e-02        -8.1471480779647693e-02         1.1448260915485174e-01        -2.1436183089247415e-01        -8.4868610672962808e-02
15                                    -1.0120117088553163e-02         1.3519739488559730e-04        -4.6818032338669666e-04         4.9889289880631087e-04         1.9832346858280510e-03         1.0658037567037458e-03        -1.7804705509273475e-03         3.2424318306452241e-04
16                                     1.2044363308368637e-03         4.1908347375464120e-05         1.6386637693450448e-04        -1.0198964818494967e-04        -1.1937431176683145e-03        -4.7603117755848302e-04         1.0347141556571542e-03         6.1434115406455573e-05
17                                     4.1701373674105187e-03        -3.9292551225256298e-04         7.8404862573219086e-05        -2.3809788685627033e-04         7.3710557427844495e-05        -1.1388178947657133e-04         5.7046326231036516e-04        -1.5295007590101996e-04
18                                     4.9749336148447842e-04         3.0349701139107307e-05         1.5104601461841239e-05        -2.7149099119321116e-05        -2.2261145566268209e-04        -1.8573344721173148e-04         1.3814565139116323e-04        -2.3711039557262241e-05
19                                     1.2841951441569005e-03        -5.2516895805640993e-06        -3.3246770770732869e-05         2.8018180651119045e-05         1.8117884994850886e-04         5.4437527237703780e-05        -1.4235716148226622e-04        -5.4163024983819202e-05
20                                     1.3970761377705542e-05         3.2165158088861258e-05        -3.8011074356581031e-05         5.3076543753289849e-05         2.8925117954705217e-04         1.3790081376233962e-04        -2.0544418228021614e-04        -3.2051221556035517e-06
21                                     4.9326476742966533e-03        -4.6890112899821421e-04         1.0677437020353332e-04        -1.7542703420633419e-04        -8.9798600887859396e-04        -5.3760600738257355e-04         1.0166065009968982e-03        -2.5224635009947271e-04
22                                    -2.7350970271832658e-03        -1.3940698348026049e-04        -2.0501991177450938e-04         3.1135458453560120e-04         4.8740577617661289e-04         2.1267036069734052e-04        -5.3835388496583769e-04         8.8887615873085526e-05
23                                     1.2613747000738147e-03         6.0582477641120392e-04         2.3985546471752694e-04        -3.1984055888140150e-04        -2.3136424948848951e-04        -3.9196989932383539e-05         1.2871640800595630e-04         1.0819542967869775e-04
24                                    -2.0716475687937537e-03         1.1645521168967860e-03         2.2338546531703386e-04        -4.0505243412264049e-04         4.4513843194677027e-04         4.0979928401626143e-04        -6.1413553050629517e-04         4.5183429245299891e-04
25                                     7.6496480845177886e-04         1.0585090784205953e-04         1.4342261436867012e-04        -1.8771986417860686e-04        -3.6973564642229909e-04        -1.2389741531108336e-04         3.9381130680352626e-04        -1.8109562000652807e-04
26                                    -2.1659402217110088e-03        -4.4416475564178204e-04        -1.9975256976701762e-04         3.3375969094355171e-04         3.1347085330339218e-04         1.0359586078683005e-04        -2.9459707888823439e-04        -1.8418091390449225e-04
27                                     4.0207189054730229e-04        -6.2087733683211709e-05         1.5524792361136443e-06         1.4808952600409115e-06        -7.9394058859211524e-05        -5.4808996173476521e-05         1.0557033333577151e-04        -7.1075463730411133e-05
28                                    -2.5518188330997578e-04        -9.7470328792919269e-06        -2.2776922122905228e-05         1.3921124711927991e-05         4.9471444520589650e-05         1.8798946102890132e-05        -5.1045169751769305e-05         9.0028886563363900e-06
29                                     7.7345952549664701e-06        -9.5306492466188677e-06         1.8486780720397143e-05        -1.3170925539547066e-05        -4.5077543096427567e-05        -2.1082270481206503e-05         5.5446852546279325e-05        -5.8484684605348544e-05
30                                     5.1079510617899244e-04        -7.0839150188162724e-04        -2.1579918691689578e-04         3.4364977116490951e-04        -2.9528179814218548e-05        -1.6471013545439394e-04         1.1776003982492784e-04        -1.4475070729230352e-04
31                                    -2.8725852461748452e-04         2.8156988164456303e-04         9.5495673886026591e-05        -1.0178073602187061e-04         1.1107000080668903e-04         7.5850222275573219e-05        -1.2935102708125403e-04         1.0822598160658585e-04
32                                     5.2871278357073171e-04         2.2637703911323678e-04         9.4664818072936162e-05        -1.6376539196965762e-04        -1.1509474316684026e-04         2.6085532321982791e-06         6.5283117817775940e-05         3.1686775036153915e-05
33                                     4.4427731067018768e-04        -1.7182990521236288e-04        -2.0338415060783575e-05         4.1769190869259274e-05        -9.5404334536814723e-05        -8.4092638251013300e-05         1.2908777841079769e-04        -6.9985060083097570e-05
34                                    -6.1078752415396454e-05        -1.9239908426656662e-05        -1.3531881094141661e-05         2.1325998145223236e-05         3.8510111259707836e-05         1.2325932053822314e-05        -3.6213267547212060e-05         1.4186142869393131e-05
35                                    -4.2433057581993161e-05         1.2220601677639223e-04         2.7179296430863856e-05        -5.2132176324199553e-05         1.3701752731948356e-05         3.1132115150767854e-05        -3.8610028592859063e-05         5.2281820002262079e-05
36                                     1.7679537880903383e-05        -6.9939113980312692e-06        -5.5256727710511507e-05        -8.4965412020622316e-06         1.9819134255326272e-05        -2.4854702251781929e-05         5.6720601903608565e-06        -2.5774031969734031e-05
37                                    -3.5801315273088470e-05         3.9967752578643086e-05         5.1131478329434386e-05        -1.3765951143733206e-04         6.6138297420592260e-05        -1.9544687271718189e-05         1.5599780070326548e-05         4.8604468155164155e-05
38                                    -2.4742640562580641e-05        -5.6185470221732718e-05        -1.5768085182177270e-04         5.9028884066446519e-05         4.1679791230216822e-05         1.5310348689263512e-05         1.3864483372762581e-05        -1.7996316700429806e-05
39                                    -3.7350319276472841e-05        -6.4947576065671036e-05        -1.8701242677471872e-04         9.5235412281820898e-05        -2.5456843830582118e-05         1.1100896875579445e-05         1.2394872712531382e-05        -2.3611650169682634e-05
40                                     1.5111103526644615e-04        -3.4494670434969679e-04        -1.3180535313298052e-04         2.6272774050066700e-04        -2.7076875950958398e-05         1.3031495978771320e-04         1.9500360348159528e-06        -2.5606661627309836e-05
41                                     2.1022698391937804e-04        -1.6848396343723329e-05        -2.7551442034426930e-04         9.3894276173973765e-05         5.1049127482595395e-06         3.6396623655429771e-05         9.4687615880440380e-06        -2.4154642019068903e-06
42                                     7.7450924396200061e-06        -3.3902276380094119e-05         1.7473934274766872e-05         2.4868415629947322e-05        -4.7240181372499798e-06         1.5507383143453337e-05        -6.2501225649322595e-06        -8.2814836584695138e-07
43                                     9.5061238337810144e-05         4.3031083959299435e-06        -1.4773026383244861e-05        -4.2033806183102232e-05        -3.4649452720685010e-05        -5.9399272719890878e-05         3.1616805021900341e-05        -1.6582192994484961e-05
44                                     1.2979975761909034e-04        -5.7435513982968072e-05        -7.5643311248892512e-07         4.0593093345356498e-05        -2.4446387223408678e-05         2.1655835258727094e-05         2.4518272571091841e-05         1.4141730458519320e-05
45                                    -2.9238085587583880e-04         3.0318860382671782e-04        -1.9133914684098502e-04        -1.7080335292903791e-04         2.3670238363820843e-04        -1.5243597562547876e-04        -5.0541230572991739e-05         6.3456808134077855e-05
46                                     3.5913910496997305e-04         2.1736341906649121e-05        -6.7719875164876217e-05        -1.0678369254578866e-04         5.9509601768610191e-05        -1.2463024023903974e-04         8.9364602833176491e-05        -6.9908041062795995e-05
47                                    -8.5847077425678180e-05        -1.0248609441732568e-04         1.9285257518469401e-05         1.5670375559752393e-04        -4.6125747712860624e-05         8.6265913457723065e-05        -2.5138143918833193e-05         6.9009426459607512e-06
48                                    -2.3413778607041160e-04         4.5741192463463320e-04        -1.8011651302791423e-04        -6.7687610504493475e-04         6.0768998644376957e-04        -3.0527643700947765e-04         9.4941080248095357e-05         8.2875337204652813e-05
49                                     1.2853868136936293e-04         3.4350128297765559e-04        -5.2960307291116736e-04         6.1064243644649700e-04         3.4679240888659636e-04        -3.1252133126760543e-04        -1.1592140498175594e-04        -3.2064500527076651e-05
50                                     1.4911465194085069e-05        -5.8412334729237897e-04         9.0694036590997567e-04        -1.6186581491742561e-03        -1.9697006999866968e-04        -2.2987338729687381e-05         1.4956808755739540e-05        -6.0245271235253228e-05
51                                    -3.6126723562043533e-03        -2.7846843935166610e-03        -2.0640351311750614e-03         2.1352323799594579e-03         1.2990770828946326e-03         1.3369636701626069e-04        -4.8792488402881872e-04         7.9472933607995649e-04
52                                    -4.0652644128648784e-03        -3.1263290973788998e-03        -2.9157501748305610e-04         1.7880655373074326e-03         1.8789516963280914e-04         6.2936426746644991e-04        -2.7945619307474670e-04         2.6171188861070756e-04
53                                    -2.7737252062563834e-03         3.0189032236957441e-03         1.6414775023788544e-03        -6.1590772192704089e-04         9.8347235435514548e-05        -2.9609106658923007e-04         2.8901842961009819e-04        -4.5188181502153367e-04
54                                     7.9515333926104062e-02         1.0433946401614009e-03         7.0707946362086587e-04        -8.4880096193066905e-04         7.4421410805391422e-04         2.4021508747535877e-04         4.0349310299542425e-05        -3.5164136435487433e-03
55                                     9.9320224058218276e-02         2.5000691438153890e-04         9.0366605425516895e-04         4.7218268835157347e-04         2.2575977812823596e-05         1.4547973796450765e-05         8.6903838124125811e-05        -1.7951258314452320e-03
56                                     1.4623748054644028e-01        -4.8450737893719956e-04        -3.9547239391279486e-04         5.5396509626062058e-04        -6.9284434649259923e-04        -2.7804305283885065e-04         4.1780732387246939e-04         3.3483726692661005e-03
57                                    -4.8450737893719956e-04         1.5356828867025246e-01        -1.2741787628318890e-01        -6.5909998453511837e-02        -5.8635090722590662e-03         6.0528667976135226e-03         4.6424066372201568e-03         1.1297824987846596e-02
58                                    -3.9547239391279486e-04        -1.2741787628318890e-01         2.0572842851903955e-01         7.6681305552052770e-02         7.2122645898503928e-03        -1.0272839343332396e-02        -6.7510098828275251e-03         1.1270001595698922e-02
59                                     5.5396509626062058e-04        -6.5909998453511837e-02         7.6681305552052770e-02         8.6255365929189254e-02        -1.4130483923723007e-02         1.7617818767458493e-02         1.0308470129521395e-02         1.1156526911915302e-02
60                                    -6.9284434649259923e-04        -5.8635090722590662e-03         7.2122645898503928e-03        -1.4130483923723007e-02         8.7043743598482354e-02        -5.6097464166147665e-02         8.2048891822829012e-02        -5.5435271313314140e-03
61                                    -2.7804305283885065e-04         6.0528667976135226e-03        -1.0272839343332396e-02         1.7617818767458493e-02        -5.6097464166147665e-02         1.2711804434676552e-01        -1.2449151508495837e-01        -6.6648456081992227e-03
62                                     4.1780732387246939e-04         4.6424066372201568e-03        -6.7510098828275251e-03         1.0308470129521395e-02         8.2048891822829012e-02        -1.2449151508495837e-01         2.2767303395299474e-01        -3.7695522575535790e-03
63                                     3.3483726692661005e-03         1.1297824987846596e-02         1.1270001595698922e-02         1.1156526911915302e-02        -5.5435271313314140e-03        -6.6648456081992227e-03        -3.7695522575535790e-03         1.3779694563445422e-01
64                                     1.4550305334033202e-03        -1.3228706405513178e-02        -1.1517907313114068e-02        -1.0828754014726851e-02         9.9032622666645458e-03         1.1670189427035699e-02         9.4756664664918736e-03         1.0230978748365861e-01
65                                    -1.2440951586324498e-03        -5.8932532779928729e-03        -3.7345500643514665e-03        -5.6489926024083639e-03        -1.0685290233926817e-02        -1.5495391570672257e-02        -1.0966182858453461e-02         9.1105666533890323e-02
66                                     4.0852428318703226e-05         8.7264523598994820e-06         4.9095862080118503e-06        -3.3274204555045977e-06        -1.1833655852984496e-05         2.9270665648266090e-06         6.1786417558963332e-06         4.6582690348743227e-06
67                                     8.8334452983038136e-05        -2.8939855049114020e-05         8.3156186862525427e-06         2.1196657898442035e-05        -7.6073560386030495e-06         7.5716227400660156e-06        -3.5830628212796820e-06        -1.2262518334616018e-05
68                                    -3.7597041945342739e-04         1.9829141388243198e-05         2.8043739432732874e-06        -7.3532850094578261e-06        -1.1519365918724543e-05        -3.3532240676997582e-06         5.8852436547515454e-06         2.3450829613665770e-05
69                                     2.6667221636584622e-05         1.0835968712337668e-05         1.3994827579990948e-06        -1.4180570018253278e-05         1.6409596198062638e-05         3.2370867782849664e-06        -9.3170880403093423e-06         2.8243093724946079e-06
70                                    -5.3092820450000567e-05        -1.0419127935366819e-05        -4.5073068924526561e-06        -9.7436746083797797e-06        -9.5168898640592381e-06        -1.0183956732796720e-05         1.9761915758434777e-05        -7.6752153163515982e-06
71                                     8.9100982973451900e-05         3.1919977361042132e-05        -9.6764136733175113e-06        -6.7232842383444378e-06         4.4053884135681883e-05         1.5227969532492499e-06        -4.1731337337282258e-05         8.1144697473723316e-06
72                                     4.0305650776673403e-05         1.8715815912393854e-05        -1.2358886341167120e-05        -1.6589491253634980e-05         3.7892293703783939e-05         8.6987875243897322e-06        -3.0103067970874107e-05        -3.0415592766883023e-06
73                                     1.4013054721665952e-04        -1.7851007605831704e-05         7.0440802703277779e-06         7.2771163674463270e-06        -4.2723595871956965e-05        -2.3551706006481567e-05         2.1794349467372400e-05        -7.0718661795814672e-06
74                                    -1.3644394736849651e-04         1.7403761370190008e-05        -1.6001195714803086e-05         7.7246825496656815e-06         1.3164769027272356e-04         6.6825395130790539e-05        -9.3308949291135725e-05         1.0665469675120079e-05
75                                    -7.8780217496335071e-05        -2.0442397896954641e-05         2.0057428201483062e-07         5.4509801633428477e-06        -1.2720989522721527e-05        -1.2188736758106847e-05         1.9268232931758875e-05        -3.2304342488436097e-05
76                                     1.1906288985241278e-04        -2.3258756961724815e-05        -8.9709371375542614e-08         1.4450565485226230e-06        -2.4709424030399904e-05        -1.7034515473601358e-05         3.0888054395744371e-05        -1.3609638248000652e-05
77                                     2.1798753757032338e-04        -9.0814490359552661e-06         1.1500824472701186e-06        -4.7095022394272237e-06        -2.5957856787049967e-05        -1.2358619867706527e-05         2.7565829427230048e-05         1.3432363855314479e-05
78                                    -6.4569584604441636e-05        -1.5215771361942501e-05        -5.7444348414990998e-06         1.0243350118358313e-05         7.0269724197702543e-06         1.0259374119548205e-06        -4.1131422997541870e-06        -1.0732440699253794e-05
79                                    -4.4081706378758858e-05        -1.1116266491626997e-05        -5.1343386798769310e-06         7.3084717465332608e-06         4.4980488814991461e-06        -1.0529775398677809e-06        -4.9889977146505484e-06        -1.8808460060903192e-06
80                                     1.1978715072448167e-05        -9.5774101691981396e-06        -3.5092110000593943e-06         5.5795831329928024e-06         1.1908034801176177e-06        -2.5621701506266411e-06        -1.9033909159279903e-06         3.5963466708392562e-06
81                                     4.1343186409125462e-04         3.6055226774765829e-05        -1.3523314646141890e-06        -2.6008946148929304e-05         7.2999864484061535e-07         5.7755052543988236e-06        -1.1080407535489996e-05         6.4777466128814631e-05
82                                     2.9904274729523932e-04         3.0248964295066336e-05         3.0883009483314832e-06        -1.4237641290068025e-05         1.1905292667345791e-06         7.3733325769918915e-06        -6.4174851986421787e-06         4.2719202801031585e-05
83                                     1.8501610726650046e-04         2.7296437003021285e-05        -2.0060367273699051e-06        -1.7382904826025788e-05        -1.0126656938750819e-05        -3.0740879116908306e-07        -4.1494543017969911e-06         5.8337261081443385e-05
                                                        64                          65                          66                          67                          68                          69                          70                          71

0                                      3.5686339263336984e-06         1.8921825186566467e-04        -6.5883372927799568e-05        -4.5388663055728100e-05         3.2735795773941503e-04         6.6903209259643786e-05        -1.9182593564421576e-04         8.8739218842353288e-05
1                                      1.4192354356643098e-05         1.1573760615714486e-04         6.7946560110267577e-05         2.4542379345831352e-04         3.3258141899536329e-04         1.5183616690462874e-04        -1.6420011988965098e-04        -2.7595976113019922e-04
2                                     -1.0479888231014581e-04        -1.1022051129610220e-04         6.8104576517035212e-05        -9.5418245617669324e-05        -2.3503786122860602e-04         7.5158582297185568e-05        -2.0933551091198660e-05         3.4358085183922558e-04
3                                     -2.3414180056784758e-04        -1.6249334477996661e-04        -9.9795270000905601e-05         8.1721275283852166e-04         1.2156173343026713e-03        -1.7409055799115763e-04        -4.3959772869976721e-04        -3.4720255556770297e-04
4                                     -1.5338359257729929e-04         5.8368310708815149e-04        -8.4498536137481996e-04         1.2287558831233910e-04         1.0506271728183900e-03         1.3237157421270998e-04         2.3407154690557115e-04        -1.9624944312016004e-04
5                                     -2.5745301393403919e-04         2.1847115845961455e-04         3.8597701308680738e-04         6.5608912948310685e-05        -3.0087358246726594e-05         1.3999869452845305e-03         1.5283024799388114e-04        -1.1136714280833987e-03
6                                      5.8985920320035919e-04        -1.6072914033910149e-03        -2.9559488876772970e-04         7.4085083285465453e-04        -1.7880554832512302e-05        -7.8688345720826511e-04        -1.3152039932913290e-04         7.7328228593843864e-04
7                                      6.8940294706873028e-04        -8.3562510872942433e-04        -2.9598777831145088e-04         4.7570881171313348e-04        -6.7308312108830615e-04         7.0762976392231710e-04        -1.0074650670715960e-04         1.6793717633329659e-03
8                                     -8.6306419191485139e-04         2.1050571172184099e-03         1.1620960062681623e-03         4.4624994218585724e-04        -1.0679745452303654e-03         8.9483318929399133e-04        -7.5742639697795469e-04         3.3817547461446320e-04
9                                     -5.8990609415513840e-03         1.1174330728117028e-02        -2.2000353061644420e-05         1.7618577070477315e-04        -7.9483569140244032e-04        -7.0206972250113926e-06        -1.4486874892230249e-04         4.2185390996265430e-04
10                                    -7.4952767385717319e-03         1.2885426875020098e-02         1.8379508829059089e-05         3.0407535171033783e-04        -1.1956690735233440e-03        -1.5525957871252217e-04        -4.6507787937948724e-04         7.2208003332762934e-04
11                                    -6.0701495556234608e-03         1.0491858838282037e-02        -4.5842439585939588e-05         3.0742459771835489e-04        -4.8788141976062466e-04        -2.0058332873190162e-04        -2.8562496757375533e-04         3.4015746907297502e-04
12                                    -9.2294572240419828e-02        -8.6857422046362973e-02         3.2593679884220379e-05        -2.4876241530001088e-06         3.6882778137193044e-06        -1.5684742953085823e-05         4.6683040579588626e-05        -1.1683693172259859e-04
13                                    -1.5208044646580288e-01        -9.9833683250850402e-02        -4.5710894575139383e-05         5.0952672509520914e-05        -8.6506700729513546e-05        -7.3239237140400288e-06        -1.6224086805430725e-05         5.5098680371884442e-05
14                                    -9.8858257605144578e-02        -1.3844504493094212e-01         1.4504260000099211e-05        -8.6582374950896102e-05         1.5372498542200056e-04        -9.8794582752752497e-06         3.3531158631970083e-05        -3.4943172499622368e-05
15                                    -2.7291211735684271e-04         8.6795663748524604e-04        -3.1876676836076088e-03         9.4478737665969897e-04        -1.9086455052792000e-03        -5.9944733774006101e-03         1.4517522458022760e-02        -1.9792328080564903e-02
16                                     9.2689331097099654e-05        -4.5073597607734619e-04         8.2903307830607502e-03        -1.0245788947192518e-02         2.7962563647867280e-02        -1.4632084367189341e-03         7.6007535969629079e-03        -1.5440901537671923e-02
17                                     2.0838941427288443e-04        -3.2424955336740982e-04         2.1133989135696815e-03        -4.5159744034802309e-03         9.0560794349158757e-03        -5.0713036577395426e-04         5.6530717180061623e-03        -6.4649237938359336e-03
18                                     2.5799144825470140e-05        -5.6566828438870279e-05        -4.7481206005698676e-02         4.2350097238864140e-02         8.7652566078992179e-03        -2.4716450510485144e-01        -9.5569596174384208e-02        -8.6804049580616632e-02
19                                    -1.7200067003253746e-05        -1.4827434569164750e-05         4.4785869211247574e-02        -3.1417409288189990e-01        -4.5648412946569059e-02        -9.7717389094625295e-02        -8.5279431995542124e-02        -4.0102054044363192e-02
20                                    -3.2217782895560602e-05         5.4553091592408453e-05         9.8926638208424195e-03        -4.6041315043137646e-02        -5.4495710345412715e-02        -8.7889809057697277e-02        -4.0652326123887486e-02        -8.6061514755078811e-02
21                                     1.9476288450044859e-04        -4.1704039229838467e-04        -1.6393367917508152e-03         1.0831547565591424e-03        -2.5932135406339716e-03        -9.7338887723368277e-04         2.0697452098893928e-03        -2.9887968036469998e-03
22                                    -1.5170584267677604e-04         2.4244659615293396e-04         9.4774682460698270e-04        -1.1323774523389696e-03         9.4359769046941278e-04         1.4306385643318212e-03        -2.3860395672254593e-03         2.5483700348344442e-03
23                                     9.7850139167721855e-05        -9.3779997769338747e-05        -2.7240655643051889e-03         2.0380273666343969e-03        -2.2971813268516986e-03        -2.6139726774739628e-03         1.6665359155487347e-03        -1.8115756265419062e-03
24                                     1.4039606723527417e-04         1.3227807709855291e-04         4.3297261530915736e-04        -6.3622266334759981e-04         3.1406394438961648e-04         1.0095541262152711e-03        -1.0714206674415185e-03         1.6982468197267980e-03
25                                     6.6141804436949564e-05        -5.6438025474659997e-05        -9.7975514168320652e-04         8.5219991366148706e-04        -1.5258099949070822e-03        -1.8083440044050605e-05        -5.0737768262175431e-04         3.0112618608867353e-04
26                                    -2.4794124230036738e-04         2.0756868475947822e-04        -3.0056135131032824e-04         4.8833595891380210e-05        -3.4330545470800673e-04         8.1224504736200067e-05        -2.7920979719918708e-04         6.9476042633534235e-04
27                                    -1.3663508963223991e-05        -1.8922371148707707e-05        -3.3913796076075290e-04         2.4923914822306154e-04        -4.5474020291020169e-04        -6.7021698417174606e-05        -1.7672637591912504e-05        -9.0322199089498339e-05
28                                    -1.4853851297513868e-05         2.1807076332621027e-05         1.8804131874136505e-04        -1.6297642109008284e-04         3.0656586523040215e-04        -7.6232528919546857e-05         1.4312661771601108e-04        -8.0293162198093496e-05
29                                    -1.3665332828867384e-05         5.2972085020522530e-06        -8.1310425475994761e-05         5.8713361578808539e-05        -1.6856413056277739e-04         1.0406143733102103e-05        -3.7578045305176628e-05        -1.0432577642345223e-05
30                                    -1.3469096547071474e-04        -3.6779093524168547e-05        -1.3158149513996085e-05         9.6119532750778747e-05        -2.7914743743408010e-06        -2.9094544794217611e-04         3.8638919767675984e-04        -4.5835628473334941e-04
31                                     2.3016688689561269e-05         2.7669221471641342e-05         2.7224620992424614e-04        -3.1653714782085135e-04         2.9199733239620074e-04         4.3686636141826202e-04        -5.3071816592539268e-04         5.9559168104634055e-04
32                                     6.5897201515784592e-05        -4.6454301831713797e-05        -6.3126723572245731e-06         8.8050937651585633e-05         2.1234102959046881e-05        -2.2803297580583848e-04         3.8061228126186938e-04        -5.0499016643427096e-04
33                                    -1.4109292080242923e-05        -3.4658973318505443e-05        -1.5780974518603405e-04         1.8225379367729387e-04        -1.5837021227233577e-04        -1.8680180931717502e-04         1.8541081745561543e-04        -3.0711973281275374e-04
34                                    -9.4337951005151271e-06         5.8245319233310422e-06         5.7978218464319395e-05        -7.6495664863400411e-05         7.4914110729588552e-05         9.2212372335648605e-05        -5.9690099012625687e-05         8.4397543080063367e-05
35                                     3.1316456337845471e-05        -3.2558728430767279e-06         4.8934009814001421e-05        -5.0584762220643755e-05         6.8895065372007256e-05         6.6103577777084234e-05        -6.6037331289830575e-05         8.3614087209659378e-05
36                                     4.3149404779278648e-05        -1.3853125460082770e-05         6.6814923820505880e-05         2.5251479915213478e-06        -6.1175228643437201e-05        -3.2237908987527294e-05         7.2150904433333557e-05         3.2610651363588624e-05
37                                     2.0010027018757640e-05         5.8415678358013292e-05         1.3331268881715020e-04        -8.2522677609718167e-05        -6.5462340166540949e-04         3.0503169651297516e-05         5.5149210980012944e-05         1.8000850770833107e-05
38                                     6.5279366709379940e-05         3.4865853417112490e-05         2.0245787358200794e-04        -1.3374074999001674e-04        -6.4534957218608229e-04         3.3576623531812586e-05        -4.5369366642110002e-05        -4.2703874672955457e-05
39                                     9.4046439942335844e-06         1.8515120190591117e-05         2.5456326263854185e-05        -3.7972155613040406e-05        -1.8786127978129378e-04        -9.5046222674515922e-06         7.5578905957620609e-05         2.9801007813913919e-05
40                                     1.4358676706208449e-04         1.0441745091602509e-05        -5.0294393569727145e-05        -9.9683222721841283e-06        -3.4308705597075062e-05         1.7000638671346285e-05         7.2564765374977106e-05         1.3201198757006104e-04
41                                     6.7549164022611004e-05        -3.0315702643136813e-06        -8.7865162553990898e-05        -8.7446244079001506e-06         1.6426028291364504e-04         6.0596777544991718e-05         1.9643266904018758e-05         5.6611542301151959e-05
42                                    -5.4103278577299148e-07        -1.9224564702144642e-06         2.0150779055575539e-05        -4.8110431502362784e-06        -9.0611436009273530e-05         1.8547679827991451e-05        -1.1272734839592357e-05        -2.6231410883150190e-05
43                                    -1.1588645019495943e-05        -2.6718590257546993e-05        -1.3243151987055369e-05         1.1110371397482586e-05        -4.2643293903922485e-05         1.7758368809256371e-05         3.3758927839837077e-05        -5.0284147592379902e-05
44                                     1.9005292109822874e-05        -5.1178540654149533e-06        -2.0977155206982797e-05         2.4996128775369439e-05         8.7999004639287444e-05        -2.8709935351585518e-05         2.7054439195735904e-05        -2.1598985165037051e-05
45                                     1.1661273224616836e-04        -4.0090410254591343e-05        -1.0237243772294484e-03        -4.1521882100438424e-04         1.0816614832027224e-03         6.0479455549729342e-05         4.7468353341445643e-04         1.2276853308264271e-03
46                                     5.7847892473455493e-05        -6.1016080275210592e-05        -7.6724110613484169e-04         8.6543179068993481e-05         4.1822524202534436e-04         2.5531633640232798e-04         1.7228255895072241e-04        -7.8213727905033939e-04
47                                    -3.4593411595422268e-05         3.6157966076494992e-05         6.7706064621421782e-04        -4.3703865516295107e-04        -9.5034828741896911e-04         1.6321383486630858e-03        -2.9269328814962017e-04        -1.3765012272457331e-03
48                                     3.7327281257022488e-04         7.8470712190397123e-05        -3.4767547010047936e-06        -9.4462217780130509e-05         3.5680610245682881e-05         9.1882799816131618e-05         3.3079131239817827e-05         3.9674377809969629e-05
49                                    -7.3608390828868667e-04         3.4055815805632533e-04         4.8796450428351883e-05         6.6885291721341508e-05        -1.0609626440870920e-04        -5.2756243849100466e-05        -5.4448013663456506e-05        -4.1159437190619776e-05
50                                     3.3794026093967775e-04        -1.5530089849085293e-04        -1.0821365929123517e-04        -2.1051353762931228e-04         9.4301229841656047e-05         3.5300596481472419e-04         2.4908384027732541e-04         1.4654585920716688e-05
51                                     5.2282065416555615e-04        -8.0360921014283569e-04        -5.6423100928631594e-05        -9.4727169815210358e-06         3.0166391028086940e-05        -7.5609849758698981e-07         6.5259736681033470e-07        -3.0850460742698894e-06
52                                     4.3930826575521668e-04        -2.3541067936841756e-04        -2.4665309469217039e-05         3.6915739702399533e-05        -5.7603677351011554e-05        -3.5619360710764723e-05        -8.6712266055826315e-06        -5.6924356532020296e-06
53                                     4.7472118647199930e-04         7.0537373019727203e-04         5.2487231953584372e-05        -6.3157653205456757e-05         6.2271827407318361e-05         5.3917958936303850e-05         6.8973220410584198e-05        -5.6567302907247044e-05
54                                    -2.2283260888627827e-03         3.0657791650104708e-03         5.0146932601457855e-06        -1.6411451849245007e-05        -3.1395178714819534e-05        -2.2732085779195215e-05        -1.0320940097248755e-05         3.6523309762259357e-05
55                                     2.2565866498735088e-04         1.6582674341428759e-03         1.6623314194938533e-05        -1.0635846995211078e-04         1.9828349995622849e-04         1.8528839703439725e-05         4.8493921240300338e-05        -7.1221845072365805e-05
56                                     1.4550305334033202e-03        -1.2440951586324498e-03         4.0852428318703226e-05         8.8334452983038136e-05        -3.7597041945342739e-04         2.6667221636584622e-05        -5.3092820450000567e-05         8.9100982973451900e-05
57                                    -1.3228706405513178e-02        -5.8932532779928729e-03         8.7264523598994820e-06        -2.8939855049114020e-05         1.9829141388243198e-05         1.0835968712337668e-05        -1.0419127935366819e-05         3.1919977361042132e-05
58                                    -1.1517907313114068e-02        -3.7345500643514665e-03         4.9095862080118503e-06         8.3156186862525427e-06         2.8043739432732874e-06         1.3994827579990948e-06        -4.5073068924526561e-06        -9.6764136733175113e-06
59                                    -1.0828754014726851e-02        -5.6489926024083639e-03        -3.3274204555045977e-06         2.1196657898442035e-05        -7.3532850094578261e-06        -1.4180570018253278e-05        -9.7436746083797797e-06        -6.7232842383444378e-06
60                                     9.9032622666645458e-03        -1.0685290233926817e-02        -1.1833655852984496e-05        -7.6073560386030495e-06        -1.1519365918724543e-05         1.6409596198062638e-05        -9.5168898640592381e-06         4.4053884135681883e-05
61                                     1.1670189427035699e-02        -1.5495391570672257e-02         2.9270665648266090e-06         7.5716227400660156e-06        -3.3532240676997582e-06         3.2370867782849664e-06        -1.0183956732796720e-05         1.5227969532492499e-06
62                                     9.4756664664918736e-03        -1.0966182858453461e-02         6.1786417558963332e-06        -3.5830628212796820e-06         5.8852436547515454e-06        -9.3170880403093423e-06         1.9761915758434777e-05        -4.1731337337282258e-05
63                                     1.0230978748365861e-01         9.1105666533890323e-02         4.6582690348743227e-06        -1.2262518334616018e-05         2.3450829613665770e-05         2.8243093724946079e-06        -7.6752153163515982e-06         8.1144697473723316e-06
64                                     1.5873706188699971e-01         1.0489266848807148e-01         3.4506345829876683e-07        -9.6778062311902844e-06         1.1176229225378272e-05         5.3446931088235445e-06         2.5389262032364499e-06         7.3205863922917025e-06
65                                     1.0489266848807148e-01         1.4317167766706160e-01        -4.8143748595940136e-06         5.0242527418190757e-07         1.7591535744939082e-05         6.1635327193729293e-06         2.4065792322550188e-06         1.0726923278275379e-05
66                                     3.4506345829876683e-07        -4.8143748595940136e-06         4.9773436233432791e-02        -4.7551286401893600e-02        -9.0379948519565580e-03         5.3046536436573370e-03        -2.5722832667306628e-02        -3.4013235976604649e-03
67                                    -9.6778062311902844e-06         5.0242527418190757e-07        -4.7551286401893600e-02         3.3241022292621702e-01         4.8470717166568630e-02         3.4218085630686804e-03        -8.7529205643446014e-03        -7.9557725284656617e-04
68                                     1.1176229225378272e-05         1.7591535744939082e-05        -9.0379948519565580e-03         4.8470717166568630e-02         5.5962566904544472e-02         3.1385774602314298e-03        -1.0484920709674782e-02        -2.0712651258148456e-03
69                                     5.3446931088235445e-06         6.1635327193729293e-06         5.3046536436573370e-03         3.4218085630686804e-03         3.1385774602314298e-03         2.6268759033529610e-01         1.0133766830298553e-01         9.3427251512799570e-02
70                                     2.5389262032364499e-06         2.4065792322550188e-06        -2.5722832667306628e-02        -8.7529205643446014e-03        -1.0484920709674782e-02         1.0133766830298553e-01         8.8874383753027253e-02         4.2124707580784390e-02
71                                     7.3205863922917025e-06         1.0726923278275379e-05        -3.4013235976604649e-03        -7.9557725284656617e-04        -2.0712651258148456e-03         9.3427251512799570e-02         4.2124707580784390e-02         8.8175140423292095e-02
72                                     5.4053578889640019e-06         7.6709808328209069e-06        -1.2397370216555756e-03        -1.2470581066754312e-03         4.0381738431454752e-04        -1.3515951273695318e-02         4.1210778110908090e-03         1.6635121680818741e-02
73                                    -2.8086534409271245e-06        -1.2830014998969647e-05         2.1583237578708114e-02         3.1987176445429522e-04        -1.9439966830110518e-02        -8.5264824111213854e-03         1.1243572777179366e-03         9.6242730749909727e-03
74                                    -7.4541257674732181e-06         2.8589317339578342e-05         1.2265452590655710e-03         7.5823638084536460e-04        -2.4368190456745221e-03        -9.8728821617753669e-03         2.5382966617510691e-03         9.5106105802885907e-03
75                                    -1.1294940542500989e-05         6.7228032315731201e-06        -6.1277793507908960e-05         3.7408878785725373e-05        -7.4335347983762071e-05        -1.3883480884252316e-05        -3.4037544102121918e-06        -1.2970375880537388e-05
76                                    -9.4990753271985244e-07        -9.2887876702622764e-06        -1.0157055187572198e-04         8.0191196843246068e-05        -1.4311499848009216e-04        -8.9543325214261750e-06        -1.8246080393980807e-05        -1.5680837929899456e-05
77                                     1.3860702518034285e-05        -1.8088324015078867e-05        -6.1052056893334984e-05         5.4427221108008312e-05        -1.0764172910424370e-04        -5.0450515877352229e-06        -1.2668738496657904e-05        -1.6716648035853935e-05
78                                    -7.3128691271527720e-06         7.1717163191420329e-06         1.7668704994534580e-06        -3.4741207763996245e-06         1.2886469621303588e-05        -1.1568279650599710e-05         1.3695489546856737e-05        -5.1392145830693829e-06
79                                    -3.5133491973181747e-06         1.8781321069314034e-06        -9.7583788491214030e-06         7.1694210472344165e-10         4.5584996173358988e-06        -5.8488044025579121e-06         2.3930814034326013e-06         9.8999681697532386e-07
80                                    -8.5853488193012701e-07        -4.1499747916873687e-06         6.5862012192576369e-06        -6.2829987849008192e-06         2.1573460685987173e-05        -1.9762778215793000e-05         2.8277828763135291e-05        -2.3397810380976452e-05
81                                     3.1142645845990059e-05        -2.5933371521132961e-05         2.1818438573713059e-05        -1.4844120530564528e-05         2.5858914965635994e-05        -2.2316036034176004e-06         6.4699041791678528e-06        -2.6611558455957842e-06
82                                     2.3184952669808452e-05        -1.7088699964873359e-05         1.4916796921486522e-05        -9.1482035228263804e-06         1.1077984588639398e-05         8.1741882212689541e-06        -5.3909325802421027e-06         5.8260881718533615e-06
83                                     3.1406835053870226e-05        -1.9824682757863815e-05         1.3270913661811674e-05        -6.3830761612236999e-06         4.1068285620751389e-06         1.2416375199865464e-06        -9.6313021379591996e-07         2.1237687886124893e-06
                                                        72                          73                          74                          75                          76                          77                          78                          79

0                                      6.2315824823503784e-05        -7.5578828923600510e-05         6.9676219497152999e-05        -6.9083682609873170e-05        -1.1432842481152873e-04        -1.2361218940961163e-04         2.7054261210485664e-05         3.6999928403015154e-05
1                                     -1.2423462075861593e-04         9.3149742739280072e-05        -9.7824743208041053e-06         5.6788177520305150e-06         1.8246667930241506e-05         2.1624784111717811e-05        -1.2051815924895129e-05        -1.1128317815368490e-05
2                                      9.7968862505797097e-05         1.3996362088116847e-04         1.0532506045405632e-04        -1.7026635844001531e-05        -3.6102828319037405e-05        -4.0777271770369880e-05         6.3490862529801472e-06         9.1792713924203248e-06
3                                     -8.9385219503624745e-04         7.5199737066154954e-04        -1.0786251519813864e-03         1.9218625968689932e-04         3.3585336941255713e-04         3.3943233152193986e-04        -6.7596273911203175e-05        -9.2549111770920994e-05
4                                      7.2420686310579536e-05        -2.8440479940710045e-04         6.3383230004229133e-04        -1.2251307501342699e-04        -1.5721484587859170e-04        -7.8837313627020287e-05         1.1078472122805428e-06        -2.1019431729552305e-05
5                                     -2.9427284566094886e-04         3.6088809471193390e-04         1.5266430153402044e-04         4.5850723500456428e-05         1.0342675360310406e-04         1.2963199161248693e-04        -3.6491199012859001e-05        -5.3163415045503289e-05
6                                     -6.2313719536266025e-04         1.5273921470474274e-03        -2.3810884629833825e-03        -7.1903272254202435e-04        -1.2935508313363158e-03        -1.2631138747640652e-03         2.1475244901887760e-04         2.7969162655918083e-04
7                                      1.5016432350469576e-03        -6.6604888508845221e-04         3.1582066843352584e-03        -3.7281708917009105e-05        -2.6581699538895929e-04        -2.5500756699417971e-04         2.9705788991560495e-05        -2.5938514664835599e-06
8                                     -1.1908951214722324e-03         2.7698512513451398e-03        -4.2348927035278511e-03         3.3976805137348566e-04         9.2559453180848664e-04         1.0430294527273224e-03        -2.0351290528337510e-04        -3.3917685844740377e-04
9                                      5.4442915732338536e-04        -3.8597251121906583e-04         1.2178164739745697e-03         3.0367912745406006e-05        -9.7945316198494686e-05        -1.1577556321152921e-04         2.3026949653704855e-05         6.0089002108151991e-05
10                                     2.3767140356024635e-04         5.0056022667805539e-04        -2.6262742577530594e-04         2.0555034821481577e-04         1.3429733259952067e-04         6.7608164971476415e-05        -1.2952903932693811e-04        -7.2353509123205552e-05
11                                    -2.9436849047677599e-04         3.9171276543426307e-04         9.8865006269524460e-05         2.1193152738832859e-04        -2.3053748426693293e-04        -5.7953137129765190e-04         2.7806984224568027e-05         1.8549141317090117e-04
12                                    -5.5275308589554329e-05         8.1100493701337034e-05        -3.0331943177138034e-04         2.7360730346483576e-05         7.1115308175626104e-05         8.4520152171849500e-05        -3.1452777764794676e-05        -1.5541265803982888e-05
13                                     3.2322199739841779e-05        -2.2330282632132563e-05         2.0449395006540648e-04        -2.2673610297536948e-05        -1.5204495912936305e-05         7.0561211856793994e-06         4.3200728173898166e-05         3.2484456697250475e-05
14                                    -8.5590855590444683e-05         9.2360493718928103e-05        -3.7782249051499211e-04        -5.0748640399463028e-05         4.2453219975743399e-05         1.0628990406583456e-04        -3.6002555095256116e-05        -1.5779355415917711e-05
15                                     5.0070003567159859e-03        -1.2373930194938283e-02         2.2457503258091482e-02         1.9752013776561462e-03         3.2097000154106300e-03         2.9672585864339287e-03        -5.8823136818508988e-04        -5.8752982594034600e-04
16                                     2.7833139997768264e-05        -7.1237391969730321e-04        -5.0629796681196633e-03        -7.9382842880473088e-04        -1.2400713112070342e-03        -1.3784479198100420e-03         2.8044592870792647e-04         5.4858220594803905e-04
17                                    -1.0127164558201125e-02         1.1420530532845943e-02        -1.8407599353126237e-02        -6.2787554211285869e-04        -1.3691203955900409e-03        -1.3997853521265926e-03         2.2810143870354114e-04         1.7187583977774747e-04
18                                    -2.0820820148750599e-01         2.4732690875279021e-02         1.4147364153029318e-01        -8.6504353258955613e-05        -9.4473517395020086e-05        -6.9884460238977961e-05        -5.7719667299018309e-05        -4.2035015116896653e-05
19                                     2.1669822212886544e-02        -4.9765926051552875e-02        -2.0618011117701389e-02         3.5253817439570573e-04         6.1405447286858538e-04         4.2651890487193641e-04        -2.6637126051790624e-05         1.2458447875115136e-05
20                                     1.4993422265037093e-01        -2.4660201490206299e-02        -1.7609807804246097e-01         7.7027150616250015e-05         1.5819355974815442e-04         1.1434863986005105e-04        -3.3235086169494720e-05        -7.7549006108565421e-06
21                                     3.3787930021761739e-04        -5.5354273153110367e-04         5.5322138554299467e-04        -2.5102052294405774e-03        -5.4226253475483707e-03        -5.7016391890639482e-03         8.7595957872959760e-04         1.7381199838361035e-03
22                                     6.0273424338525656e-04         8.3979650344186358e-05        -1.3449825264077201e-03        -7.8252074225090536e-04        -7.4525721183551054e-04        -9.3261899500656832e-04         6.9526162567227362e-04         9.7850475257543778e-04
23                                    -2.1711077747620868e-03        -3.8664749986574033e-04         3.5529300228637735e-03        -2.3708061154665864e-03        -4.0524056372319142e-03        -2.4853317483701453e-03        -5.0944438602091094e-04        -3.1124677887542774e-04
24                                     4.1525259836290389e-05         2.3863475964498311e-04        -7.7999205074489502e-04        -9.2063053311217773e-03        -1.4053571956452540e-02        -1.0513145958465970e-02        -4.3149927089391887e-03        -1.7207076522596553e-03
25                                     8.3103102668386007e-05        -2.6299634135641529e-04         5.0425998799216362e-04         7.6281896466863222e-03         8.4737842850211853e-03         9.0251257647666304e-03        -7.4675884812472901e-03        -1.1980354891082793e-02
26                                    -4.3489130133580946e-04         2.0398580771059866e-04        -1.2824980552390028e-04        -9.2024898346637282e-04        -4.4716396970106466e-03        -5.3139178676797575e-03         9.3870635493738322e-03         1.2113075965928395e-02
27                                    -2.8364051694782804e-05        -8.4226522161030197e-05         1.1425934169223304e-04        -2.4274205293773737e-01         1.0007693041087480e-01        -9.1728917857933204e-02        -6.1595289134783793e-02        -5.8721636986258860e-02
28                                     6.1155398197113161e-06         1.0316306694117464e-05         3.2671089048524643e-05         1.0434118778006689e-01        -9.4033219885167912e-02         4.9273569748154750e-02        -5.9933481552029225e-02        -2.3997246981875062e-01
29                                     1.8858219699771709e-05        -1.2765470244126838e-05        -1.1959998255194474e-05        -8.9929907854181645e-02         4.6351501855394758e-02        -8.3527210277202529e-02         3.9452981994515801e-02         1.2864698219482013e-01
30                                     2.9465184946355001e-06        -7.1037632718168065e-06         1.3496423870050370e-04         1.5572238893595295e-03         1.7740379918606453e-03         1.6292999878917557e-03        -4.8962795033870451e-04        -2.6970097475864352e-03
31                                    -2.0954682633723422e-05         1.4072204664779278e-04        -4.2763852799760255e-04        -5.2657983029293087e-04         4.8466797005719498e-05         1.3872082954906328e-04        -3.1825040004228354e-03        -3.2940662695150509e-03
32                                     4.4208136877031093e-05        -4.3224334364383557e-05         1.2844737026010725e-04         6.1804618786807670e-04         5.0496431593446056e-04         3.9732443750817916e-04        -1.7197731355140331e-03        -2.0569216864245645e-03
33                                     7.3264888535482585e-05        -1.2122001602382458e-04         1.9590763729915376e-04         8.6689111564378703e-04         2.4225330257556356e-04         1.0118265318569267e-03         2.2274393855364172e-04         6.8434567520336571e-04
34                                    -4.6938930277992555e-05         4.8345377559611897e-05        -1.2674656778270823e-04        -2.8350831227763319e-04         9.6748961384644110e-05        -1.6891144658043094e-04         1.1701079057294308e-03         1.6655476062831455e-03
35                                     2.1616817799884552e-05        -3.1217083793017022e-06        -4.0976517707094176e-05         6.0149089296254645e-04         1.2788555554267714e-03         7.9183733056824865e-04        -8.4464550694379986e-05        -6.8095133101464880e-04
36                                     2.5966636704801582e-06         9.3336427939701377e-06        -7.9488048704781401e-06         6.7980438831290624e-06         9.7999796766891703e-06         9.6345277330240925e-06         1.5583145137613797e-06        -4.3632031156634881e-06
37                                     2.5160894494597841e-05         1.0265752296098507e-04         6.0354525725248964e-05        -1.4922081107596893e-06        -3.0888812052241415e-07        -1.2053127838210159e-06         2.2754931423332375e-06         2.1809997258012979e-06
38                                    -8.8377869348490681e-06         9.4568525495247719e-05         3.0028104769921449e-05        -3.3806746516719759e-06        -4.8396994904942328e-06        -4.3265459599996814e-06         4.5805765491486062e-07         1.1687765823047418e-06
39                                     3.6078421122335885e-05         2.0062946115770274e-06         3.6450488136988545e-06         6.6541471350737384e-06         8.6866550413256156e-06         8.5184633038685724e-06         3.9280263682465487e-07        -1.9199034575478890e-06
40                                     9.1844496022193287e-05         1.3764229086443607e-05         2.6947083213937285e-05        -2.7554717784248015e-06        -2.0225097545211211e-06        -1.1526990427867417e-06        -8.7745584216255852e-07         3.2583772937394925e-07
41                                     4.7836014848513865e-05        -7.5979290760688915e-06        -3.7590665009061162e-07         4.9464738398639419e-06         1.0479791433139394e-05         1.1189273248077547e-05        -2.7789679479312660e-06        -2.1737938622442600e-06
42                                    -7.9108598905506476e-06         2.2255208745435450e-05         1.1744910713655505e-05        -5.4707506572918192e-06        -8.0972940905253975e-06        -6.5346883805370944e-06         2.4217329823903149e-06         1.4095080053219309e-06
43                                     5.5827327090340320e-06         2.5435261730465483e-05        -5.0322446717503941e-05         3.3941295996887014e-05         5.5360785302653213e-05         5.5101695741067134e-05        -8.6792497552150879e-06        -1.4297207789626707e-05
44                                    -2.9723223870487225e-06        -1.3975637594722774e-05        -3.3465600512591360e-05         1.5464668771754026e-05         2.6802920244939877e-05         2.7696924651429961e-05        -5.7969627018488166e-06        -6.9085690339161602e-06
45                                     3.4348578007146818e-04         1.2758426578742042e-04         8.0172871383984111e-05        -1.8185976994065486e-05        -2.1687520351097766e-05        -1.7928336548818448e-05         8.7430234753718277e-07         7.9217340125384750e-07
46                                    -1.3732973959641853e-04        -1.2645746245457747e-04        -4.8307319103788732e-05         2.0301132498448524e-05         2.7086590009204312e-05         1.8850224630380314e-05         7.0527605739004905e-07         1.6489373178869029e-07
47                                     6.7641370729568248e-04        -5.6797882674226093e-04         2.8195521386535573e-05        -9.3569561231852738e-06        -1.4166055400699097e-05        -1.1204300189365339e-05         1.1005506137121086e-07         1.0895410402747996e-06
48                                     1.1610981893170287e-04        -1.1140375211594499e-04         9.5471075037737059e-05        -5.1654619496657318e-05        -8.4067224781313822e-05        -7.1182152158945990e-05         9.8205648512452390e-06         1.0487302410492694e-05
49                                    -2.5031111874405029e-05         6.3191011680485692e-05        -8.6735342857552464e-05         2.7960667114976369e-05         4.2749391145886033e-05         3.3310182522235144e-05        -3.0257098517383188e-06        -3.6006246423893261e-06
50                                     2.3079572505454164e-04        -5.5919346803024806e-05         2.6259555270464259e-05         1.2674930469275116e-05         1.8839014208176242e-05         1.1879166826734106e-05         9.2187731494845508e-07        -6.6042379195177796e-07
51                                     3.7428356807457815e-05        -4.1979996527127113e-05         1.6110406616797395e-05         6.8031366349975502e-05         6.7491826779815300e-05        -4.3274996558258549e-05         1.3490383939365473e-04         1.4368498419911076e-04
52                                    -2.2192058963603159e-05         1.8849706916342506e-05        -2.0896286732384538e-07         7.5584572769677458e-05         8.4330459318322906e-05         1.9474040898669417e-06         5.7678396937641894e-05        -8.9477560054547793e-06
53                                     4.0177083652257381e-05        -4.7190547102612272e-05        -2.5283928956120003e-06         3.2766173604357023e-06         3.0349885731843708e-07         5.2022061900213915e-05        -3.4620049289108077e-05        -5.0913407872471148e-05
54                                    -4.2086135529421605e-06         2.5974695215797866e-05        -2.7543842475875917e-05        -7.8713886603008244e-05        -6.5966512277955555e-06         1.1007836732713296e-04         8.9228319206520544e-05        -8.4422650160710004e-05
55                                    -3.7359244942760105e-05        -4.9219620742533944e-05         4.5444960521376962e-06        -1.8588530329600403e-04        -2.8433477178708687e-05         9.2047488264117622e-05        -4.4736614035072219e-06        -7.0824051757218830e-06
56                                     4.0305650776673403e-05         1.4013054721665952e-04        -1.3644394736849651e-04        -7.8780217496335071e-05         1.1906288985241278e-04         2.1798753757032338e-04        -6.4569584604441636e-05        -4.4081706378758858e-05
57                                     1.8715815912393854e-05        -1.7851007605831704e-05         1.7403761370190008e-05        -2.0442397896954641e-05        -2.3258756961724815e-05        -9.0814490359552661e-06        -1.5215771361942501e-05        -1.1116266491626997e-05
58                                    -1.2358886341167120e-05         7.0440802703277779e-06        -1.6001195714803086e-05         2.0057428201483062e-07        -8.9709371375542614e-08         1.1500824472701186e-06        -5.7444348414990998e-06        -5.1343386798769310e-06
59                                    -1.6589491253634980e-05         7.2771163674463270e-06         7.7246825496656815e-06         5.4509801633428477e-06         1.4450565485226230e-06        -4.7095022394272237e-06         1.0243350118358313e-05         7.3084717465332608e-06
60                                     3.7892293703783939e-05        -4.2723595871956965e-05         1.3164769027272356e-04        -1.2720989522721527e-05        -2.4709424030399904e-05        -2.5957856787049967e-05         7.0269724197702543e-06         4.4980488814991461e-06
61                                     8.6987875243897322e-06        -2.3551706006481567e-05         6.6825395130790539e-05        -1.2188736758106847e-05        -1.7034515473601358e-05        -1.2358619867706527e-05         1.0259374119548205e-06        -1.0529775398677809e-06
62                                    -3.0103067970874107e-05         2.1794349467372400e-05        -9.3308949291135725e-05         1.9268232931758875e-05         3.0888054395744371e-05         2.7565829427230048e-05        -4.1131422997541870e-06        -4.9889977146505484e-06
63                                    -3.0415592766883023e-06        -7.0718661795814672e-06         1.0665469675120079e-05        -3.2304342488436097e-05        -1.3609638248000652e-05         1.3432363855314479e-05        -1.0732440699253794e-05        -1.8808460060903192e-06
64                                     5.4053578889640019e-06        -2.8086534409271245e-06        -7.4541257674732181e-06        -1.1294940542500989e-05        -9.4990753271985244e-07         1.3860702518034285e-05        -7.3128691271527720e-06        -3.5133491973181747e-06
65                                     7.6709808328209069e-06        -1.2830014998969647e-05         2.8589317339578342e-05         6.7228032315731201e-06        -9.2887876702622764e-06        -1.8088324015078867e-05         7.1717163191420329e-06         1.8781321069314034e-06
66                                    -1.2397370216555756e-03         2.1583237578708114e-02         1.2265452590655710e-03        -6.1277793507908960e-05        -1.0157055187572198e-04        -6.1052056893334984e-05         1.7668704994534580e-06        -9.7583788491214030e-06
67                                    -1.2470581066754312e-03         3.1987176445429522e-04         7.5823638084536460e-04         3.7408878785725373e-05         8.0191196843246068e-05         5.4427221108008312e-05        -3.4741207763996245e-06         7.1694210472344165e-10
68                                     4.0381738431454752e-04        -1.9439966830110518e-02        -2.4368190456745221e-03        -7.4335347983762071e-05        -1.4311499848009216e-04        -1.0764172910424370e-04         1.2886469621303588e-05         4.5584996173358988e-06
69                                    -1.3515951273695318e-02        -8.5264824111213854e-03        -9.8728821617753669e-03        -1.3883480884252316e-05        -8.9543325214261750e-06        -5.0450515877352229e-06        -1.1568279650599710e-05        -5.8488044025579121e-06
70                                     4.1210778110908090e-03         1.1243572777179366e-03         2.5382966617510691e-03        -3.4037544102121918e-06        -1.8246080393980807e-05        -1.2668738496657904e-05         1.3695489546856737e-05         2.3930814034326013e-06
71                                     1.6635121680818741e-02         9.6242730749909727e-03         9.5106105802885907e-03        -1.2970375880537388e-05        -1.5680837929899456e-05        -1.6716648035853935e-05        -5.1392145830693829e-06         9.8999681697532386e-07
72                                     2.1792882457254922e-01        -2.6773643273621132e-02        -1.5347331951981638e-01        -5.8325895979444495e-06        -4.7940519186159266e-06         1.9238285654557701e-06        -1.2385266574481691e-05        -5.1916362955972375e-06
73                                    -2.6773643273621132e-02         4.9382493326219953e-02         2.0022748260583003e-02        -1.6729456501675371e-05        -1.8928706069169378e-05        -1.0976021396463656e-05        -5.0259060669859593e-06        -2.7798717899051482e-06
74                                    -1.5347331951981638e-01         2.0022748260583003e-02         1.8832178356348189e-01         2.5730194139522694e-05         2.0679094220855520e-05         3.4864310237546790e-06         1.0107805304154222e-05         1.3581729545191325e-05
75                                    -5.8325895979444495e-06        -1.6729456501675371e-05         2.5730194139522694e-05         2.5307144821028682e-01        -1.0986119384071255e-01         9.6279295948948962e-02         9.0237204230715438e-03        -4.7499236662125917e-03
76                                    -4.7940519186159266e-06        -1.8928706069169378e-05         2.0679094220855520e-05        -1.0986119384071255e-01         9.7608574705299475e-02        -4.9666502478681318e-02         2.0892817596313222e-02        -7.1343133844562687e-03
77                                     1.9238285654557701e-06        -1.0976021396463656e-05         3.4864310237546790e-06         9.6279295948948962e-02        -4.9666502478681318e-02         8.4531511530609810e-02        -1.2258379728911584e-02         2.8596398678138132e-03
78                                    -1.2385266574481691e-05        -5.0259060669859593e-06         1.0107805304154222e-05         9.0237204230715438e-03         2.0892817596313222e-02        -1.2258379728911584e-02         6.0626231245641253e-02         6.2768959170956207e-02
79                                    -5.1916362955972375e-06        -2.7798717899051482e-06         1.3581729545191325e-05        -4.7499236662125917e-03        -7.1343133844562687e-03         2.8596398678138132e-03         6.2768959170956207e-02         2.5002044894983055e-01
80                                    -5.7357723329728430e-06        -4.6085625865556602e-06         1.1838709703279276e-05         4.3962723466595341e-03         6.5876149468708069e-03        -5.0748315099987638e-03        -4.0317127226309042e-02        -1.3414769773060339e-01
81                                     7.4043937170134583e-06         1.5821814558653170e-06         4.1860736586163600e-06        -1.1192212391805088e-02         4.5924236250879736e-03         1.9558587681215926e-02        -4.0666709252221711e-03         2.9867178131206314e-03
82                                     6.3468207820406815e-06         3.0887685375863913e-06        -9.0689795187304003e-06         4.6391557968660973e-03        -3.6067797209868753e-03        -9.5897188998636963e-03        -1.5130942019541039e-02         9.2716160560174302e-03
83                                     9.2109400586806939e-06         2.1088208034986528e-06        -4.2274736864668670e-06        -8.5670637474953310e-03         3.8501406669525931e-03         1.1118271936390076e-02         6.1609965742297681e-03        -6.2556620133704596e-03
                                                        80                          81                          82                          83

0                                      3.4319587376919802e-06         1.2489138036968746e-05        -1.6614995117047684e-06        -1.0048094912396731e-05
1                                      8.0602518304724916e-08        -2.8893098695815276e-06         1.8688881177541465e-06         3.7586140584376770e-06
2                                      3.3909965476175519e-06        -8.0402680388010723e-06        -6.8995194626129861e-06        -1.4831907401100867e-06
3                                     -2.2849629969312746e-05        -4.5883049990597817e-05        -2.4222569875236569e-05         1.0844401082464773e-05
4                                     -1.0900767806339118e-06         6.9434358802234993e-05         5.1275142712264836e-05         5.9762728272885724e-05
5                                     -7.7968032475262862e-06         7.0471222816086718e-05         4.0670929976237981e-05         5.5836859481967251e-05
6                                      7.9771200071233742e-05         2.4925837693937352e-06         2.0564907434233645e-06        -1.3902305644333460e-04
7                                      1.2086875999341254e-04         5.7768649502253297e-05        -3.5543564084001821e-05        -5.0471266435370401e-05
8                                     -1.3613994638234247e-04         3.6446262483949402e-04         8.1184043388817577e-05         8.4022050048206440e-05
9                                      6.0068450795146581e-05        -7.5339505194971733e-04        -2.3010888249080989e-04         1.4352738017580529e-04
10                                    -7.1313013796598995e-05        -4.4457816903352356e-04        -1.2560430632305243e-04        -8.2269762589124844e-05
11                                     4.6052264567287117e-05        -6.4904645443496852e-04        -2.8757843388299727e-04        -4.0227466808859572e-04
12                                     1.9641831718248456e-07         6.5702681336431178e-05         4.5531234226761476e-05         5.2758019904024472e-05
13                                     3.0508345974955529e-05         1.2917066358910417e-05        -2.1645375849383273e-05        -3.9355823788484698e-08
14                                     1.3345993738803026e-05         1.6396591561504534e-04         1.1089093422746538e-04         1.5086705991592731e-04
15                                     3.1208719032157833e-05        -7.9879730395447830e-05        -1.9835968926954268e-04        -2.8068261844212887e-04
16                                     1.6395442874591205e-04         6.1513525137201321e-05         7.5895914601811689e-05        -7.8188320544745617e-05
17                                     1.1889246016531666e-04         9.8078206166007746e-05        -9.6016812072528726e-05        -1.6515935063289350e-04
18                                    -1.0991309621102422e-04        -1.5756465502972543e-05         2.9403238578262861e-05         7.8039071104249349e-06
19                                    -1.1236115051207250e-04        -1.5228266342954855e-04        -6.9020794170067585e-05        -6.4753811654911638e-05
20                                    -6.9208910433135354e-05        -2.3548307839069013e-05        -1.4256842037656866e-06        -3.9115068632645730e-08
21                                     5.6221772645770958e-04        -4.3048012600033604e-04        -7.7934115084113409e-04        -1.4037409120381799e-03
22                                     6.5928852727507230e-04         3.9493381304889327e-04         4.8804378255352623e-04         5.0786740315443026e-04
23                                    -3.3411896809329650e-04         6.5506940865483533e-04         9.9462468598337725e-04         6.6136849180031105e-04
24                                    -2.7463693147016816e-03         8.3210069006256753e-03         1.3494913599107211e-02         1.0928874953970423e-02
25                                    -1.3111317534534718e-02        -1.9906198638574169e-03        -3.6069554737163645e-03         2.9626127963642071e-04
26                                     9.9453232508316114e-03        -9.5144434657409033e-03        -8.8479571373357400e-03        -9.3902090054842589e-03
27                                     3.7613700092402252e-02        -1.4794834321663219e-01         4.8483148756164100e-02         1.3614742962989460e-01
28                                     1.2471199973982491e-01         4.5463029572646751e-02        -6.2199935221162517e-02        -5.6953889983680270e-02
29                                    -1.2165613187829942e-01         1.3166489054233799e-01        -5.9001968946851849e-02        -2.1000850239632574e-01
30                                    -2.8556983074887916e-03        -6.9948337482525914e-04        -1.6439247687555405e-03        -9.8622808809053922e-04
31                                    -4.8152235363793624e-03         6.1113708780105233e-04         2.6974733091277849e-04         3.1201835659528917e-04
32                                    -1.9040108743943107e-03         8.0425714899576566e-04         1.3235641565142804e-03         1.0767935708311056e-03
33                                     1.2349234052180347e-04         9.6552498367276330e-04        -1.0646391297063117e-04         1.2403965412091005e-04
34                                     1.1303278245558524e-03        -3.1402271797923501e-03        -2.3432871533769933e-03        -2.9599881574372709e-03
35                                     1.0301139150740426e-04        -4.0099179021118566e-03        -4.8494482435479224e-03        -2.9120881284514515e-03
36                                    -2.7637690738679314e-08         1.6663236083515082e-06        -4.4015340539080243e-06        -4.3737258464375680e-07
37                                    -1.4851807142670677e-07        -2.1352019922518423e-06        -6.0643263152163860e-07         9.1470673680683169e-07
38                                     7.4792308325772423e-08         3.2955571542822522e-06        -1.4594342129616212e-07         1.6784550922205744e-07
39                                    -2.2900891109943540e-07         3.5938427392768997e-06        -3.4659499326186919e-06        -4.5053600693599060e-07
40                                    -1.3845627118588044e-07        -7.2118829477697238e-07         1.8864023526509003e-06         3.9555059658917343e-06
41                                    -4.9281869117821987e-07         3.4568313985106807e-06         2.4890723474604939e-06        -6.0589784800461487e-07
42                                     4.6935459505034239e-07         3.9465834433942437e-06         2.0029804368061694e-06         2.4790917626899093e-06
43                                    -2.0512001972496788e-06        -4.8864485083969464e-06        -3.2122261144464575e-06         1.8454326869261580e-07
44                                    -7.6238802777042091e-07        -4.6250515083544010e-07         7.6121611784340376e-07         1.6432006831733544e-06
45                                     2.0114995114134281e-06         1.6461296012713856e-05         1.0666787841124844e-05         1.0674159110467667e-05
46                                    -1.5222253486914115e-07        -1.9752194476429057e-05        -1.3348443523749711e-05        -1.2365049516654660e-05
47                                     2.4417579009259233e-07         3.6777641733805788e-06         3.4741478965046889e-06         3.8549486165596197e-06
48                                     2.2412444405253714e-06         7.6280512628959215e-06         3.6199952718893689e-06         3.3785958340289330e-06
49                                    -7.3299542462706350e-07        -3.0678050184531057e-06        -3.2493278275975510e-06        -2.9820023168470515e-06
50                                     1.4109155811533180e-06        -9.9761909894099975e-06        -8.9110270167474918e-06        -6.6227309245426983e-06
51                                     1.2452987781258294e-04        -3.2195743578912418e-05        -1.1888033976010087e-04        -6.2176613767735741e-05
52                                    -2.8076697008981599e-05        -1.6922222697574106e-04        -2.4552639679902211e-04        -1.0268655104957782e-04
53                                    -7.2239877060721423e-05        -6.9457479735559826e-05        -1.4731955834125727e-04        -6.0871686960641496e-05
54                                    -7.4434483466295819e-05        -7.2921170425193184e-04        -1.3382642809515712e-04         2.2957176949941734e-04
55                                     1.7793419295669308e-05         1.4641614793766745e-04         2.3262717515207438e-04         3.3625711258712622e-04
56                                     1.1978715072448167e-05         4.1343186409125462e-04         2.9904274729523932e-04         1.8501610726650046e-04
57                                    -9.5774101691981396e-06         3.6055226774765829e-05         3.0248964295066336e-05         2.7296437003021285e-05
58                                    -3.5092110000593943e-06        -1.3523314646141890e-06         3.0883009483314832e-06        -2.0060367273699051e-06
59                                     5.5795831329928024e-06        -2.6008946148929304e-05        -1.4237641290068025e-05        -1.7382904826025788e-05
60                                     1.1908034801176177e-06         7.2999864484061535e-07         1.1905292667345791e-06        -1.0126656938750819e-05
61                                    -2.5621701506266411e-06         5.7755052543988236e-06         7.3733325769918915e-06        -3.0740879116908306e-07
62                                    -1.9033909159279903e-06        -1.1080407535489996e-05        -6.4174851986421787e-06        -4.1494543017969911e-06
63                                     3.5963466708392562e-06         6.4777466128814631e-05         4.2719202801031585e-05         5.8337261081443385e-05
64                                    -8.5853488193012701e-07         3.1142645845990059e-05         2.3184952669808452e-05         3.1406835053870226e-05
65                                    -4.1499747916873687e-06        -2.5933371521132961e-05        -1.7088699964873359e-05        -1.9824682757863815e-05
66                                     6.5862012192576369e-06         2.1818438573713059e-05         1.4916796921486522e-05         1.3270913661811674e-05
67                                    -6.2829987849008192e-06        -1.4844120530564528e-05        -9.1482035228263804e-06        -6.3830761612236999e-06
68                                     2.1573460685987173e-05         2.5858914965635994e-05         1.1077984588639398e-05         4.1068285620751389e-06
69                                    -1.9762778215793000e-05        -2.2316036034176004e-06         8.1741882212689541e-06         1.2416375199865464e-06
70                                     2.8277828763135291e-05         6.4699041791678528e-06        -5.3909325802421027e-06        -9.6313021379591996e-07
71                                    -2.3397810380976452e-05        -2.6611558455957842e-06         5.8260881718533615e-06         2.1237687886124893e-06
72                                    -5.7357723329728430e-06         7.4043937170134583e-06         6.3468207820406815e-06         9.2109400586806939e-06
73                                    -4.6085625865556602e-06         1.5821814558653170e-06         3.0887685375863913e-06         2.1088208034986528e-06
74                                     1.1838709703279276e-05         4.1860736586163600e-06        -9.0689795187304003e-06        -4.2274736864668670e-06
75                                     4.3962723466595341e-03        -1.1192212391805088e-02         4.6391557968660973e-03        -8.5670637474953310e-03
76                                     6.5876149468708069e-03         4.5924236250879736e-03        -3.6067797209868753e-03         3.8501406669525931e-03
77                                    -5.0748315099987638e-03         1.9558587681215926e-02        -9.5897188998636963e-03         1.1118271936390076e-02
78                                    -4.0317127226309042e-02        -4.0666709252221711e-03        -1.5130942019541039e-02         6.1609965742297681e-03
79                                    -1.3414769773060339e-01         2.9867178131206314e-03         9.2716160560174302e-03        -6.2556620133704596e-03
80                                     1.2794184921102286e-01         3.1609898204838336e-03         1.8818671453804382e-02        -8.9393807699381239e-03
81                                     3.1609898204838336e-03         1.5646444547541108e-01        -4.8466589914680613e-02        -1.4255793037538703e-01
82                                     1.8818671453804382e-02        -4.8466589914680613e-02         6.1859557525515620e-02         6.1180122452443614e-02
83                                    -8.9393807699381239e-03        -1.4255793037538703e-01         6.1180122452443614e-02         2.1858874878814144e-01
   &MODES [&Type "ArrayOfDoubles", &Dim (84,84)] "The modes of vibrations"
                                                         0                           1                           2                           3                           4                           5                           6                           7

0                                      0.0000000000000000e+00         0.0000000000000000e+00         0.0000000000000000e+00         0.0000000000000000e+00         0.0000000000000000e+00         0.0000000000000000e+00         1.2291767509746074e-01        -2.6878852804320261e-02
1                                      0.0000000000000000e+00         0.0000000000000000e+00         0.0000000000000000e+00         0.0000000000000000e+00         0.0000000000000000e+00         0.0000000000000000e+00         3.5244668777877027e-02        -2.8416232770148469e-02
2                                      0.0000000000000000e+00         0.0000000000000000e+00         0.0000000000000000e+00         0.0000000000000000e+00         0.0000000000000000e+00         0.0000000000000000e+00         5.3502467265904588e-02         5.1856838419558238e-02
3                                      0.0000000000000000e+00         0.0000000000000000e+00         0.0000000000000000e+00         0.0000000000000000e+00         0.0000000000000000e+00         0.0000000000000000e+00         3.9776684607204037e-02        -5.3584656530118076e-03
4                                      0.0000000000000000e+00         0.0000000000000000e+00         0.0000000000000000e+00         0.0000000000000000e+00         0.0000000000000000e+00         0.0000000000000000e+00         5.9141851801988075e-02         1.5237478634601760e-03
5                                      0.0000000000000000e+00         0.0000000000000000e+00         0.0000000000000000e+00         0.0000000000000000e+00         0.0000000000000000e+00         0.0000000000000000e+00         2.9788062278803443e-02        -1.0031998543255856e-02
6                                      0.0000000000000000e+00         0.0000000000000000e+00         0.0000000000000000e+00         0.0000000000000000e+00         0.0000000000000000e+00         0.0000000000000000e+00        -1.3563599503382212e-03        -5.7630163046367162e-03
7                                      0.0000000000000000e+00         0.0000000000000000e+00         0.0000000000000000e+00         0.0000000000000000e+00         0.0000000000000000e+00         0.0000000000000000e+00        -2.4123504009076649e-03         1.3075382332807283e-03
8                                      0.0000000000000000e+00         0.0000000000000000e+00         0.0000000000000000e+00         0.0000000000000000e+00         0.0000000000000000e+00         0.0000000000000000e+00        -2.0947568567498630e-03        -9.0471091370510417e-03
9                                      0.0000000000000000e+00         0.0000000000000000e+00         0.0000000000000000e+00         0.0000000000000000e+00         0.0000000000000000e+00         0.0000000000000000e+00        -1.9259811814119891e-02        -2.6871664122679405e-02
10                                     0.0000000000000000e+00         0.0000000000000000e+00         0.0000000000000000e+00         0.0000000000000000e+00         0.0000000000000000e+00         0.0000000000000000e+00        -3.6753446552381178e-02        -2.7356515156187616e-02
11                                     0.0000000000000000e+00         0.0000000000000000e+00         0.0000000000000000e+00         0.0000000000000000e+00         0.0000000000000000e+00         0.0000000000000000e+00        -1.5466043310631760e-02        -1.7593059264250335e-02
12                                     0.0000000000000000e+00         0.0000000000000000e+00         0.0000000000000000e+00         0.0000000000000000e+00         0.0000000000000000e+00         0.0000000000000000e+00        -3.4961191568498549e-02        -4.1188423325546099e-02
13                                     0.0000000000000000e+00         0.0000000000000000e+00         0.0000000000000000e+00         0.0000000000000000e+00         0.0000000000000000e+00         0.0000000000000000e+00        -5.0430405296718425e-02        -4.0121270672433908e-02
14                                     0.0000000000000000e+00         0.0000000000000000e+00         0.0000000000000000e+00         0.0000000000000000e+00         0.0000000000000000e+00         0.0000000000000000e+00        -4.8036009939872129e-02        -4.8092212027760241e-02
15                                     0.0000000000000000e+00         0.0000000000000000e+00         0.0000000000000000e+00         0.0000000000000000e+00         0.0000000000000000e+00         0.0000000000000000e+00        -1.8133939502553122e-02         9.2431480411782029e-03
16                                     0.0000000000000000e+00         0.0000000000000000e+00         0.0000000000000000e+00         0.0000000000000000e+00         0.0000000000000000e+00         0.0000000000000000e+00        -3.6293646459546879e-02         1.6086031664163458e-02
17                                     0.0000000000000000e+00         0.0000000000000000e+00         0.0000000000000000e+00         0.0000000000000000e+00         0.0000000000000000e+00         0.0000000000000000e+00        -1.8210731080364459e-02         5.3328361459550619e-03
18                                     0.0000000000000000e+00         0.0000000000000000e+00         0.0000000000000000e+00         0.0000000000000000e+00         0.0000000000000000e+00         0.0000000000000000e+00        -2.3858711630636083e-02         3.6846844549711398e-02
19                                     0.0000000000000000e+00         0.0000000000000000e+00         0.0000000000000000e+00         0.0000000000000000e+00         0.0000000000000000e+00         0.0000000000000000e+00        -4.1699487925220616e-02         5.0867319882013505e-02
20                                     0.0000000000000000e+00         0.0000000000000000e+00         0.0000000000000000e+00         0.0000000000000000e+00         0.0000000000000000e+00         0.0000000000000000e+00        -1.9243665456654849e-02         1.5446126334776610e-02
21                                     0.0000000000000000e+00         0.0000000000000000e+00         0.0000000000000000e+00         0.0000000000000000e+00         0.0000000000000000e+00         0.0000000000000000e+00        -3.3500605572233666e-02         4.0189457192943319e-03
22                                     0.0000000000000000e+00         0.0000000000000000e+00         0.0000000000000000e+00         0.0000000000000000e+00         0.0000000000000000e+00         0.0000000000000000e+00        -7.1315001874062839e-02         3.5206580045862522e-03
23                                     0.0000000000000000e+00         0.0000000000000000e+00         0.0000000000000000e+00         0.0000000000000000e+00         0.0000000000000000e+00         0.0000000000000000e+00        -3.5837242779888222e-02         1.2215289952781302e-02
24                                     0.0000000000000000e+00         0.0000000000000000e+00         0.0000000000000000e+00         0.0000000000000000e+00         0.0000000000000000e+00         0.0000000000000000e+00        -9.3251519618324213e-03         1.0851959712562833e-02
25                                     0.0000000000000000e+00         0.0000000000000000e+00         0.0000000000000000e+00         0.0000000000000000e+00         0.0000000000000000e+00         0.0000000000000000e+00         5.2342955965419199e-03         1.1125495547338210e-02
26                                     0.0000000000000000e+00         0.0000000000000000e+00         0.0000000000000000e+00         0.0000000000000000e+00         0.0000000000000000e+00         0.0000000000000000e+00         2.0887683186398636e-03         8.3685308709390213e-03
27                                     0.0000000000000000e+00         0.0000000000000000e+00         0.0000000000000000e+00         0.0000000000000000e+00         0.0000000000000000e+00         0.0000000000000000e+00        -7.9818447605968831e-02         7.5798717778196578e-02
28                                     0.0000000000000000e+00         0.0000000000000000e+00         0.0000000000000000e+00         0.0000000000000000e+00         0.0000000000000000e+00         0.0000000000000000e+00         7.2395314621313878e-02         5.4749142484095771e-02
29                                     0.0000000000000000e+00         0.0000000000000000e+00         0.0000000000000000e+00         0.0000000000000000e+00         0.0000000000000000e+00         0.0000000000000000e+00        -1.5943487888226662e-02        -9.3399816947797379e-02
30                                     0.0000000000000000e+00         0.0000000000000000e+00         0.0000000000000000e+00         0.0000000000000000e+00         0.0000000000000000e+00         0.0000000000000000e+00         4.2782664122053622e-02         5.0339709029421772e-03
31                                     0.0000000000000000e+00         0.0000000000000000e+00         0.0000000000000000e+00         0.0000000000000000e+00         0.0000000000000000e+00         0.0000000000000000e+00         8.1030884451139210e-03         5.6538449480293684e-02
32                                     0.0000000000000000e+00         0.0000000000000000e+00         0.0000000000000000e+00         0.0000000000000000e+00         0.0000000000000000e+00         0.0000000000000000e+00         3.1236019129419940e-02         1.0203611599369672e-01
33                                     0.0000000000000000e+00         0.0000000000000000e+00         0.0000000000000000e+00         0.0000000000000000e+00         0.0000000000000000e+00         0.0000000000000000e+00         1.5039973736716037e-02        -4.0119285448813879e-02
34                                     0.0000000000000000e+00         0.0000000000000000e+00         0.0000000000000000e+00         0.0000000000000000e+00         0.0000000000000000e+00         0.0000000000000000e+00         2.9582377257879731e-02        -9.1593774714763168e-02
35                                     0.0000000000000000e+00         0.0000000000000000e+00         0.0000000000000000e+00         0.0000000000000000e+00         0.0000000000000000e+00         0.0000000000000000e+00         2.2644293753793454e-02        -2.2849888098604845e-02
36                                     0.0000000000000000e+00         0.0000000000000000e+00         0.0000000000000000e+00         0.0000000000000000e+00         0.0000000000000000e+00         0.0000000000000000e+00         1.5026611377109714e-01        -1.3263109484428444e-02
37                                     0.0000000000000000e+00         0.0000000000000000e+00         0.0000000000000000e+00         0.0000000000000000e+00         0.0000000000000000e+00         0.0000000000000000e+00        -1.3086294065192895e-03        -8.4188453729444612e-03
38                                     0.0000000000000000e+00         0.0000000000000000e+00         0.0000000000000000e+00         0.0000000000000000e+00         0.0000000000000000e+00         0.0000000000000000e+00         5.3492651132796561e-02         9.9474482092122687e-02
39                                     0.0000000000000000e+00         0.0000000000000000e+00         0.0000000000000000e+00         0.0000000000000000e+00         0.0000000000000000e+00         0.0000000000000000e+00         1.2909445422773438e-01        -5.8083858126213389e-02
40                                     0.0000000000000000e+00         0.0000000000000000e+00         0.0000000000000000e+00         0.0000000000000000e+00         0.0000000000000000e+00         0.0000000000000000e+00         2.1375530888052710e-04        -7.2020697885606264e-02
41                                     0.0000000000000000e+00         0.0000000000000000e+00         0.0000000000000000e+00         0.0000000000000000e+00         0.0000000000000000e+00         0.0000000000000000e+00         4.7394654706491401e-02         5.3879720686649410e-02
42                                     0.0000000000000000e+00         0.0000000000000000e+00         0.0000000000000000e+00         0.0000000000000000e+00         0.0000000000000000e+00         0.0000000000000000e+00         1.5507554912433527e-01        -2.6102850934488327e-02
43                                     0.0000000000000000e+00         0.0000000000000000e+00         0.0000000000000000e+00         0.0000000000000000e+00         0.0000000000000000e+00         0.0000000000000000e+00         8.8842750622082786e-02        -2.7417324336788902e-02
44                                     0.0000000000000000e+00         0.0000000000000000e+00         0.0000000000000000e+00         0.0000000000000000e+00         0.0000000000000000e+00         0.0000000000000000e+00         7.7329193673109822e-02         4.8542400683232872e-02
45                                     0.0000000000000000e+00         0.0000000000000000e+00         0.0000000000000000e+00         0.0000000000000000e+00         0.0000000000000000e+00         0.0000000000000000e+00         3.4426507169162138e-02         2.5775021114099430e-02
46                                     0.0000000000000000e+00         0.0000000000000000e+00         0.0000000000000000e+00         0.0000000000000000e+00         0.0000000000000000e+00         0.0000000000000000e+00         9.7806265741374965e-02         4.6620426701419151e-02
47                                     0.0000000000000000e+00         0.0000000000000000e+00         0.0000000000000000e+00         0.0000000000000000e+00         0.0000000000000000e+00         0.0000000000000000e+00         3.7423853442540345e-02        -1.2570012819508676e-02
48                                     0.0000000000000000e+00         0.0000000000000000e+00         0.0000000000000000e+00         0.0000000000000000e+00         0.0000000000000000e+00         0.0000000000000000e+00         1.6044384326498223e-02        -1.9668110520769819e-02
49                                     0.0000000000000000e+00         0.0000000000000000e+00         0.0000000000000000e+00         0.0000000000000000e+00         0.0000000000000000e+00         0.0000000000000000e+00         9.2651782719927481e-02        -1.8776780492244557e-02
50                                     0.0000000000000000e+00         0.0000000000000000e+00         0.0000000000000000e+00         0.0000000000000000e+00         0.0000000000000000e+00         0.0000000000000000e+00         3.0270571883657470e-02        -5.8742033636664796e-02
51                                     0.0000000000000000e+00         0.0000000000000000e+00         0.0000000000000000e+00         0.0000000000000000e+00         0.0000000000000000e+00         0.0000000000000000e+00        -2.0515945764733267e-02        -2.4084149561202771e-02
52                                     0.0000000000000000e+00         0.0000000000000000e+00         0.0000000000000000e+00         0.0000000000000000e+00         0.0000000000000000e+00         0.0000000000000000e+00        -3.3914580361344752e-02        -2.2522890598935644e-02
53                                     0.0000000000000000e+00         0.0000000000000000e+00         0.0000000000000000e+00         0.0000000000000000e+00         0.0000000000000000e+00         0.0000000000000000e+00        -2.9696613211503620e-02        -2.4646083247043149e-02
54                                     0.0000000000000000e+00         0.0000000000000000e+00         0.0000000000000000e+00         0.0000000000000000e+00         0.0000000000000000e+00         0.0000000000000000e+00        -2.3593479100600851e-02        -3.1475634543355072e-02
55                                     0.0000000000000000e+00         0.0000000000000000e+00         0.0000000000000000e+00         0.0000000000000000e+00         0.0000000000000000e+00         0.0000000000000000e+00        -5.8543784747556164e-02        -4.2360145884431384e-02
56                                     0.0000000000000000e+00         0.0000000000000000e+00         0.0000000000000000e+00         0.0000000000000000e+00         0.0000000000000000e+00         0.0000000000000000e+00         1.2857814462338487e-02         4.1440203711544240e-03
57                                     0.0000000000000000e+00         0.0000000000000000e+00         0.0000000000000000e+00         0.0000000000000000e+00         0.0000000000000000e+00         0.0000000000000000e+00        -2.8892695881583979e-02        -4.8448237492266122e-02
58                                     0.0000000000000000e+00         0.0000000000000000e+00         0.0000000000000000e+00         0.0000000000000000e+00         0.0000000000000000e+00         0.0000000000000000e+00        -5.6194683149858503e-02        -4.7774264562892965e-02
59                                     0.0000000000000000e+00         0.0000000000000000e+00         0.0000000000000000e+00         0.0000000000000000e+00         0.0000000000000000e+00         0.0000000000000000e+00        -2.6951840871830359e-02        -4.4726041345266018e-02
60                                     0.0000000000000000e+00         0.0000000000000000e+00         0.0000000000000000e+00         0.0000000000000000e+00         0.0000000000000000e+00         0.0000000000000000e+00        -5.3254769568781300e-02        -5.7040645003767189e-02
61                                     0.0000000000000000e+00         0.0000000000000000e+00         0.0000000000000000e+00         0.0000000000000000e+00         0.0000000000000000e+00         0.0000000000000000e+00        -8.7120062532065182e-02        -5.6784218290344989e-02
62                                     0.0000000000000000e+00         0.0000000000000000e+00         0.0000000000000000e+00         0.0000000000000000e+00         0.0000000000000000e+00         0.0000000000000000e+00        -6.4461361923894955e-02        -5.2084184906378027e-02
63                                     0.0000000000000000e+00         0.0000000000000000e+00         0.0000000000000000e+00         0.0000000000000000e+00         0.0000000000000000e+00         0.0000000000000000e+00        -3.6815736278836206e-02        -3.0816925922376694e-02
64                                     0.0000000000000000e+00         0.0000000000000000e+00         0.0000000000000000e+00         0.0000000000000000e+00         0.0000000000000000e+00         0.0000000000000000e+00        -1.8722873266352861e-02        -2.8231885989070737e-02
65                                     0.0000000000000000e+00         0.0000000000000000e+00         0.0000000000000000e+00         0.0000000000000000e+00         0.0000000000000000e+00         0.0000000000000000e+00        -8.1108552015018986e-02        -7.1384567268946444e-02
66                                     0.0000000000000000e+00         0.0000000000000000e+00         0.0000000000000000e+00         0.0000000000000000e+00         0.0000000000000000e+00         0.0000000000000000e+00         4.1963255881275086e-02         4.7138745949781791e-02
67                                     0.0000000000000000e+00         0.0000000000000000e+00         0.0000000000000000e+00         0.0000000000000000e+00         0.0000000000000000e+00         0.0000000000000000e+00        -2.8639865301414835e-02         4.8501412694451518e-02
68                                     0.0000000000000000e+00         0.0000000000000000e+00         0.0000000000000000e+00         0.0000000000000000e+00         0.0000000000000000e+00         0.0000000000000000e+00        -3.3349775665451269e-02         4.0318822767681652e-02
69                                     0.0000000000000000e+00         0.0000000000000000e+00         0.0000000000000000e+00         0.0000000000000000e+00         0.0000000000000000e+00         0.0000000000000000e+00        -6.0776057758215721e-02         3.8126807516407596e-02
70                                     0.0000000000000000e+00         0.0000000000000000e+00         0.0000000000000000e+00         0.0000000000000000e+00         0.0000000000000000e+00         0.0000000000000000e+00         2.1444266998010136e-03         7.2551576298051826e-02
71                                     0.0000000000000000e+00         0.0000000000000000e+00         0.0000000000000000e+00         0.0000000000000000e+00         0.0000000000000000e+00         0.0000000000000000e+00         1.8792789874693020e-02        -9.9580263998048316e-03
72                                     0.0000000000000000e+00         0.0000000000000000e+00         0.0000000000000000e+00         0.0000000000000000e+00         0.0000000000000000e+00         0.0000000000000000e+00        -5.3067383804576845e-02         4.7068382203575440e-02
73                                     0.0000000000000000e+00         0.0000000000000000e+00         0.0000000000000000e+00         0.0000000000000000e+00         0.0000000000000000e+00         0.0000000000000000e+00        -9.7949797535196850e-02         5.9796441756582698e-02
74                                     0.0000000000000000e+00         0.0000000000000000e+00         0.0000000000000000e+00         0.0000000000000000e+00         0.0000000000000000e+00         0.0000000000000000e+00        -4.2585852614295053e-02         2.5242408386860184e-02
75                                     0.0000000000000000e+00         0.0000000000000000e+00         0.0000000000000000e+00         0.0000000000000000e+00         0.0000000000000000e+00         0.0000000000000000e+00        -6.6047045830214465e-02         7.5181922405903975e-02
76                                     0.0000000000000000e+00         0.0000000000000000e+00         0.0000000000000000e+00         0.0000000000000000e+00         0.0000000000000000e+00         0.0000000000000000e+00         1.2458588332333558e-01         5.7460604103573870e-02
77                                     0.0000000000000000e+00         0.0000000000000000e+00         0.0000000000000000e+00         0.0000000000000000e+00         0.0000000000000000e+00         0.0000000000000000e+00         1.3176534059739077e-02        -8.8958417713299751e-02
78                                     0.0000000000000000e+00         0.0000000000000000e+00         0.0000000000000000e+00         0.0000000000000000e+00         0.0000000000000000e+00         0.0000000000000000e+00        -1.0989632085431797e-01         8.1371460433232956e-02
79                                     0.0000000000000000e+00         0.0000000000000000e+00         0.0000000000000000e+00         0.0000000000000000e+00         0.0000000000000000e+00         0.0000000000000000e+00         6.8374404242899811e-02         1.2682679115957485e-02
80                                     0.0000000000000000e+00         0.0000000000000000e+00         0.0000000000000000e+00         0.0000000000000000e+00         0.0000000000000000e+00         0.0000000000000000e+00        -3.6372875471807280e-02        -1.5618347815130498e-01
81                                     0.0000000000000000e+00         0.0000000000000000e+00         0.0000000000000000e+00         0.0000000000000000e+00         0.0000000000000000e+00         0.0000000000000000e+00        -1.0668034079561892e-01         1.0405840728424229e-01
82                                     0.0000000000000000e+00         0.0000000000000000e+00         0.0000000000000000e+00         0.0000000000000000e+00         0.0000000000000000e+00         0.0000000000000000e+00         6.6156749093655584e-02         1.2096266374817990e-01
83                                     0.0000000000000000e+00         0.0000000000000000e+00         0.0000000000000000e+00         0.0000000000000000e+00         0.0000000000000000e+00         0.0000000000000000e+00        -3.5380588996658843e-02        -9.2746335719982365e-02
                                                         8                           9                          10                          11                          12                          13                          14                          15

0                                     -3.6587516389827310e-02         6.4416471973782086e-02         1.0211474029385224e-03         8.0767456811688634e-02        -1.1880961389204190e-02         8.2242452101311231e-02        -4.0737423484713479e-02        -1.4945257387762648e-02
1                                      3.3764947170666991e-02         7.2382849826317611e-02         1.0231730824727000e-02        -3.1719517298580149e-02         7.4449418090181052e-03        -5.2780884754899275e-02         2.5265233935719080e-02        -4.9916564360740793e-03
2                                     -1.2651348342846740e-04        -1.4780304045663928e-01         3.7143628251729323e-02         2.8221964057746237e-02        -6.8345467384880196e-04        -5.1718322499527533e-03        -7.4599839815028329e-03        -2.2465485787949106e-02
3                                      9.0592772390940633e-03        -1.1657307758283567e-02        -1.2150619584524935e-02         9.1547606659469864e-03         1.4827357791232835e-03        -1.8541110955273093e-02        -1.5861951070152095e-02         2.4320956319483302e-02
4                                      2.3336728518068034e-02        -9.0126462361175743e-03         3.9511495559402567e-02        -1.2684216027151715e-02         1.0877344028374124e-03        -2.0947987800802665e-02         1.3624812859155701e-02        -2.8188361308331362e-02
5                                      8.0211380199756380e-03         2.4846009815364820e-02        -1.5870194099654452e-02         9.6465736387303883e-03         7.8400764689151876e-03        -3.8662199336271449e-02         6.7894810648693243e-03         1.3802159376826169e-02
6                                      2.9322408794750135e-02        -2.3781085604787793e-02        -3.2064690137864463e-02        -9.1457656715555335e-03         5.4662827843441602e-03        -6.0000502461480879e-02        -1.1953567354416137e-02         3.5252984961470522e-02
7                                      5.2033684226386649e-02        -2.7309251068651681e-02         9.5390893722375834e-03        -3.9208151745405637e-02         5.2803585344879042e-03        -7.9802380481414498e-02         1.7111461099212202e-02        -1.3340814645787175e-02
8                                      3.0583311111768000e-02         2.5958970438441559e-02         4.6255368295942097e-03        -3.0301353198220977e-02         1.8300158344242666e-02        -3.7152460006175329e-02        -1.1068859086004582e-02         4.1750500641465405e-02
9                                      1.8935258282335093e-02        -2.5889714886684092e-02        -6.0929959613374579e-02         1.6183257278572484e-02        -1.8503254236866832e-02        -2.8727711210947894e-02         1.6662566327976348e-02        -1.4232699116033540e-02
10                                     1.1035853915234824e-01        -5.1189668530378186e-02         1.0262959378561811e-02        -2.8567002397149179e-02        -1.6109548076008694e-02         7.0449665430610764e-02        -1.3729864670200473e-02        -1.8816700049988401e-02
11                                     6.0976202888298491e-02         1.4739425052196277e-02         1.2185706948427700e-02        -3.2603678058314114e-02         1.5929060481454017e-02         2.9145221857991416e-02        -3.5642935762562285e-02         5.7349458173529051e-02
12                                     3.0534768389101869e-02        -2.4889073079017353e-02        -9.3057839606548912e-02         3.1418117175105037e-02        -4.5322700456492386e-02         1.0207241870603899e-02         4.8835352152446519e-02        -7.4305084894718335e-02
13                                    -1.0992577456126469e-01        -7.9883980804863794e-02         2.8714213756291573e-02        -2.2851048433552713e-02         1.8796857146197287e-02        -5.0325646595895349e-04        -2.4872689259517567e-02         2.1698800088537348e-02
14                                    -7.3266742655788392e-02        -3.9237706276069144e-03        -2.1271529432920069e-02        -6.1282291274957091e-03         3.1994753170343426e-03         3.8474320445692295e-02        -3.5360066886090338e-04         5.8400926333082156e-03
15                                     6.6676132628028456e-03        -1.1823887305184405e-02        -1.3947582371714855e-02        -5.3912946140674449e-03         3.9738989662874763e-03        -2.0270028765865169e-02        -1.6352738949680964e-02         1.4200035797635228e-02
16                                     4.3115826576903046e-03         7.8432291687702271e-03        -1.5698711559220948e-02         6.5229139155450642e-03        -9.2357047586053931e-04        -2.6345567366835441e-02        -9.4292865868633776e-03        -1.3042213801294606e-02
17                                     8.2626444381798548e-03         3.7277967660847296e-02         1.9864918681108512e-02        -2.6368665520881223e-02         1.5892794503837890e-02        -4.0690049920838953e-03        -1.4374090622392765e-02         1.9298935912515341e-02
18                                    -2.4774032297012968e-02        -1.2681172244003275e-02        -1.0956725830088908e-02        -5.8497659725656875e-02        -1.0840376240107211e-02         3.7880728070281512e-02         1.9770978782424314e-02        -3.2413868647329196e-02
19                                    -4.6824908654371986e-02         2.8902020903257403e-02        -1.0076879937398696e-01        -6.0734683278255458e-02        -1.7274775461939691e-02         5.0812592062811544e-02         5.6691877849789020e-04        -1.2339319212981302e-04
20                                    -1.0366368512124694e-02         4.9525651441279309e-02        -2.8680038677715902e-02        -4.6235091185917940e-02         1.1434911568564727e-02         1.9092443134015299e-02        -1.8914435349123654e-02         4.1158469862780211e-02
21                                     5.7737655359683098e-03        -4.8000362827597494e-03        -1.5702217167981867e-03         3.9497964856820944e-02         5.7796669321931431e-03        -9.1728857515909236e-03        -1.6340623140711275e-02         3.2002168778801410e-02
22                                     1.5244041581853585e-03         2.6594636462687306e-02         1.9610719677099875e-02         1.0495084823601443e-01         1.7418064298794949e-03         6.7872439163519137e-03        -1.1584327352294243e-02         2.1713674319134620e-02
23                                    -8.8843253549068506e-03         3.8428860586479922e-02         7.7275677020749375e-02        -7.9600076818385074e-03         5.6194005894109819e-03         2.1205197389564303e-02         1.8285004165222267e-02        -4.2649853031118894e-02
24                                    -2.0932553572260348e-03         7.4232363147518736e-03         3.4102063227145193e-02        -1.3406157037614995e-02         1.4374896965176976e-02        -1.6753262072624277e-03        -4.6496198239451185e-03         1.3170408100528583e-02
25                                    -5.5283096611465164e-03         9.2094066466504431e-03         4.6364798894652261e-03         4.0617297275534127e-02        -1.9171023473576313e-03         1.2603690918841228e-03         2.1582786290354592e-03         6.7820407061059346e-03
26                                    -4.0988437064351201e-03         4.6296613406701624e-03         4.3130718630022928e-03         1.2957457958200328e-02        -1.0482347604872771e-02        -7.2674885976083353e-04         1.2921177203750812e-02        -2.6349551113067089e-02
27                                     2.0493929966235837e-03         4.1122330909861907e-02         9.2469459353419811e-02         4.9652931164329270e-02         4.8752657733398853e-03        -4.8845204753272557e-03         2.1580519065455946e-02        -1.5345084410834371e-03
28                                    -1.4871971598500625e-02        -4.9065111928723584e-03        -4.3476633032530972e-02        -2.2705295732814004e-02         3.9763761388418853e-03         2.9039148819023481e-03        -2.1096095872641902e-02         3.0087242625826925e-02
29                                     2.0135284127032077e-03        -7.3354170348935701e-03         1.0693706165564896e-02         3.2415780497712134e-02        -9.6830676275604776e-03        -9.4771034708243044e-04         1.8862408463246615e-02        -4.1189907951454406e-02
30                                    -2.3005115659302241e-02         1.3176746740085357e-02         5.3757736990382575e-02        -1.0729144852663265e-01         1.4440487463232661e-02         1.1581246120213908e-02         1.3464140620003428e-02        -6.2661430939650500e-02
31                                    -5.9876021862916126e-04         7.9035923972710868e-03        -1.3918939565882043e-02         5.5117506403938095e-02        -9.0700694461684668e-03        -3.6049501582609378e-03        -8.6891646338230471e-04         1.3720576959848584e-02
32                                    -2.1906084139584011e-03         4.5491956538912014e-03        -2.6516337579953551e-02         1.6344988169946322e-03        -2.5985430135916896e-02        -5.2247179034784303e-03         1.6160699318586561e-02        -4.8841672334619494e-02
33                                    -1.5370691238612338e-03        -2.1979351474255653e-02        -7.0262197818712693e-03        -1.0025325151389068e-02         2.0121665582405666e-02        -1.6418122600848878e-02        -1.7907830662536435e-02         6.8671517087513637e-02
34                                    -2.0596557233310293e-02         6.2326116226353607e-03         4.2545472333456673e-02        -2.2034668972721081e-02         7.4035773774813280e-03         1.8213750166545115e-02         1.4863824464062838e-02        -2.8245306439784276e-02
35                                     1.6196433400048850e-03        -2.5281773642612439e-02        -4.9840243008521377e-02         3.1021749434938919e-02        -8.0543880074320159e-03        -1.8998638000422213e-02        -3.8003086689426526e-03         3.6114062630341490e-02
36                                    -3.6927321309581596e-02         2.8165337450255224e-02         4.7156635478365676e-02         8.8947806361220599e-02        -1.9380011101965366e-02         2.2397625127948959e-01        -1.2731597799632349e-01         1.1228261982709474e-01
37                                     4.4913087044787456e-02         1.3825587771179293e-02        -7.0584129343104797e-03        -5.5575457727747545e-02         1.3838630593363384e-02        -1.6540613854266825e-01         8.3694834757074940e-02        -8.5412304321282190e-02
38                                     1.3012490642682392e-02        -2.8091461920448774e-01         9.2288997282203883e-02         1.1724544928001049e-02        -5.2257344388201756e-03         9.0871391885237768e-02        -7.8429520947029208e-02         8.9998799346653294e-02
39                                    -6.3815661329751694e-02         1.5758371686914144e-01        -5.6980699098480372e-02         1.1215035026572442e-01        -9.0448990440974968e-03        -5.9417246526722103e-02         5.9921850874667615e-02        -2.2380842410973883e-01
40                                     5.1981365066226706e-02         1.8484033097406297e-01        -3.0788314530503666e-02        -6.1517022284210562e-02         1.7035472308015272e-02        -9.6120457409370877e-02         4.4058825400596233e-02         4.1439437459992463e-02
41                                     8.8589479118170028e-03        -1.5605900316316071e-01         4.6134486891786571e-02         1.6524806908803417e-02        -7.8770631190703213e-05         2.3962477553977030e-02        -2.9893864216802575e-02         3.5489358224130990e-02
42                                    -4.8414305001958084e-02         6.7305752131904026e-02         2.4739625384062644e-02         1.0317689214671565e-01        -1.8926167477155243e-02         1.7344715859644680e-01        -8.7850040221279915e-02         3.1417641910564661e-02
43                                     1.2211463023754634e-02         7.8455632186448673e-02         4.6365212953071368e-02         7.5110160405592727e-03        -4.0061427687153577e-03         8.6042468617403320e-02        -4.4482867770555996e-02         5.4339925603635285e-02
44                                    -3.2305970775059693e-02        -1.3006115542882338e-01         8.3688994962449262e-03         7.1980887542005642e-02        -3.6489577164582560e-03        -1.0695049246830601e-01         7.2544553464750028e-02        -2.3567565626385223e-01
45                                     1.7132122948376918e-02        -9.8733807622712361e-02         3.8968159480443701e-02        -1.3030432938886628e-02         4.4616814619274255e-03         6.7932508559161000e-03        -2.7014366339551024e-02         3.8345538878795542e-02
46                                     8.4916774785244904e-03        -1.3621857491431053e-01         8.9494768013210768e-02         1.5424108670291089e-02        -7.5118085662229210e-03         2.3204054319626539e-02         1.1261701589816635e-02        -5.0945053855525377e-02
47                                     3.9915453298418127e-03         3.0778328567964482e-02        -2.3476124151336413e-02         2.0535822881935194e-02         5.8641305506820741e-03        -3.8973580488866087e-02         9.4525110127615056e-03         8.6246068955073210e-03
48                                     1.7769947229116765e-02         2.1962210937519294e-02        -5.0233918531183350e-02         5.3543541130563147e-03         1.7631720924926463e-03        -5.9298716851807924e-02        -2.7265740919463913e-03         2.1239989497549981e-02
49                                     6.5426438342028404e-03         5.9983888583670514e-02         4.6632407113422640e-02         3.9011812778662913e-03         1.0081288166959102e-03         1.6651963893846430e-02         4.8883589917737141e-03        -2.5655694369457974e-02
50                                     3.7730299230947584e-03         1.6321707295061760e-01        -7.1495428373435962e-02         2.3282390503015008e-02         6.9539094035534895e-03        -5.9631498545917330e-02         2.0108116123831263e-02         9.0391379756482801e-03
51                                     1.7725302267024209e-01        -1.6247916803776997e-02        -5.9885865898192218e-02         5.5537683977233418e-03        -3.5671707855332239e-02         7.9320058954632358e-02        -6.4200046045344407e-03        -1.4235727660185238e-02
52                                     2.2131918073523607e-01        -3.8758504040685982e-02         6.2700206854395899e-03        -3.3182201400501557e-02        -3.0026240737992215e-02         1.2972295327193933e-01        -1.9443123924215745e-02        -2.7830373707466525e-02
53                                     1.2992210366996676e-01        -2.9777105580442030e-03         2.2553483514860265e-02        -3.9164256346137988e-02         1.0653953019825850e-02         1.3237673965482663e-01        -7.8481411835867321e-02         8.3239241048725404e-02
54                                    -1.7018000704990319e-01        -3.3254027928739736e-02        -6.4197924108038679e-02         3.1730455814637765e-02        -4.4453525380330821e-03        -1.3888274369689607e-01         5.2695614986817720e-02        -3.0977456009814722e-02
55                                     2.0597850995569897e-01        -6.1241046671852331e-02         3.3077669309161200e-03        -2.6452855860548821e-02        -3.7348276123609941e-02         2.0120182958777158e-01        -3.7945530387930554e-02        -2.4435996926351487e-02
56                                     1.2170346874406032e-01         3.3364436237909564e-02         2.3645411995680245e-02        -4.8306097406620077e-02         2.6558749566848939e-02        -1.9903273738374770e-02        -4.0731118741212317e-02         7.8974531809860637e-02
57                                    -1.3718484269895792e-01        -2.1514052983751294e-02        -9.1281354006830268e-02         4.1115344577750387e-02        -1.1476839298118196e-02        -1.3189989956456019e-01         7.1000091570504312e-02        -4.6732225973407170e-02
58                                    -2.3248407787364209e-01        -9.3978473764658843e-02         4.1187836649242922e-02        -2.2071692025713557e-02         4.1652425083595859e-02        -4.5755284579427513e-02        -3.2637354272945923e-02         5.0213623228686527e-02
59                                    -1.0686685888289410e-01         2.9173432978430777e-02        -4.2648575583893948e-02         8.2779563795928757e-03         1.3486757509741360e-02        -1.0440443744266217e-01         5.1352852901310662e-02        -5.4117160466548991e-03
60                                     3.5780599582720569e-02        -2.4632784430816439e-02        -1.3195180898858827e-01         4.8868850219299299e-02        -7.4188715697003638e-02         4.8113466961807759e-02         8.7023733796197072e-02        -1.4161925807796508e-01
61                                    -8.3542413326974013e-02        -1.1510855248319189e-01         2.1561628445532721e-02        -2.4036463638851837e-02        -1.1840538772641030e-02         1.7523898493023216e-01        -5.1287869217330945e-02        -1.5277624461174911e-02
62                                    -5.7685303381117541e-02        -2.7668930288876917e-02        -8.5845725560259479e-03        -1.4775196594632009e-02        -4.4373694920831555e-03         1.3982723636773089e-01        -3.5349278307985572e-02         1.1293969940438081e-02
63                                     2.0313534018899540e-01        -2.7734406695936496e-02        -8.6628696465461827e-02         1.6560965122720359e-02        -7.3639131711549580e-02         1.4760240044275796e-01         1.7429004276833342e-02        -8.7477593690953592e-02
64                                    -1.8037053193089297e-01        -5.3907987688317102e-02         4.1018771430805456e-02        -2.1758097325718279e-02         5.5379965202245258e-02        -1.7366799513399148e-01        -5.5821448200848072e-03         6.6638886589851898e-02
65                                    -1.6581703678114765e-01        -2.9995679644415060e-02        -4.1073240664388291e-02         7.1224747338238638e-03        -9.0783254679179630e-03         9.3487899924059162e-02         9.3008784295853329e-03        -3.0514615412289746e-02
66                                    -4.0770705713585709e-02        -4.7989336189843239e-02         1.6724836358327295e-02        -7.0213888045898468e-02        -4.9915500503135639e-02         1.7746068618771377e-01         5.2376796267413495e-01         2.0600265804977380e-01
67                                    -4.3257049016780472e-02         1.9508618699603665e-02        -8.2755632418385669e-02        -5.4203748147296997e-02        -2.2067839839780397e-02         6.5667239454558393e-02         9.2335541169642571e-02         4.0821787221593672e-02
68                                    -4.8063532851310944e-02         6.9639358393779091e-02        -1.0879968082656094e-01        -9.5713459598262468e-02         4.1137150281236081e-04         7.2086308555400616e-02        -6.2007837703697929e-02         3.4393664194590647e-02
69                                    -2.3401295351314848e-02         5.0421446437177069e-03        -2.5178739760970799e-02        -6.5622616100146164e-02         6.1856798338569066e-03        -1.7956857999876723e-02        -2.3671203461527651e-01        -1.6509557491088722e-01
70                                    -7.8872129181879899e-02         1.0613981555906905e-02        -1.1102243280748722e-01        -9.8057413226058321e-02        -5.4282179974605244e-02         1.9051538538662802e-01         3.8041673426304273e-01         1.7534271007672197e-01
71                                     1.9591470288574962e-02         2.8401275303869298e-02         1.4494730410910333e-02         9.1877280113228134e-03         1.0616973051785189e-02         3.8597733412200357e-03         1.7675961483695110e-01         1.6518981260405979e-01
72                                    -3.4672252240455580e-02        -1.7095210028528435e-04        -2.0511172839502548e-02        -8.0923895458644132e-02        -3.8420088199695715e-03         2.1133377422392647e-02        -1.5678372085409883e-01        -1.4547104726631846e-01
73                                    -6.1891951213855274e-02         6.9376993436511630e-02        -1.7380892026824937e-01        -8.2200438897665457e-02         3.5668572786915539e-03        -1.1368121882297187e-02        -3.9272347189860635e-01        -1.7396781960559154e-01
74                                    -1.8753396520041953e-02         5.7071719208939158e-02        -2.8061104967491063e-02        -6.7621415645122390e-02         1.5980598308979580e-02         1.0367047639160026e-02        -1.5196706987725023e-01        -5.5635525762690284e-02
75                                    -2.2788561155990001e-02         5.1950345609687060e-02         1.3757351070612167e-01         1.5725382002192371e-03        -2.7546184142353186e-01        -4.6944905115586556e-02        -2.4122106679107077e-02         5.8868774202973609e-02
76                                    -3.4149828777567302e-02        -1.2302831694398214e-02        -5.3949932737597774e-02        -9.6689192043238115e-02        -1.6086944623923458e-01        -2.0263219478057815e-02        -7.5685368300079492e-02         9.3687673898479359e-02
77                                     3.4706315238327817e-02        -3.9567247242965169e-02        -1.0028750280799674e-01         5.4178469555688398e-02         4.1944484950588595e-01         6.5192568413815682e-02         5.7715709362251177e-02        -1.0222925620268626e-01
78                                     4.2368723616386127e-02         2.6343381000804189e-02         2.6628153238843114e-02         1.3608717811416904e-01         4.6075905176489523e-01         6.2468312624056901e-02         1.0116403066139486e-01        -9.9884583487319378e-02
79                                    -2.9951039765724542e-02         2.0886862632832968e-03         2.2240212198562639e-03        -4.4439790807044188e-02        -2.1968311952904726e-01        -3.0021562038666044e-02        -4.7803092481131300e-02         5.4691061216407912e-02
80                                    -2.5907444762966261e-03        -3.2890171368410897e-03         5.0982008489818320e-02         3.9141903702238863e-02        -1.4450415068065475e-01        -2.0538665348569799e-02         1.4693786258074713e-02        -4.9709189567350653e-02
81                                    -1.4667153532237943e-02         6.4484966975596858e-02         1.5613020109374307e-01         5.1677366880406271e-02        -1.9544305152936070e-01        -3.7596385272654340e-02         1.1888694918133031e-02         2.6756498340564459e-02
82                                     1.4635980568689406e-02        -1.5797084415840729e-02        -1.1847350815849794e-01         3.0468959257055967e-02         4.1667849574511201e-01         6.3101880212602310e-02         3.5010028438380060e-02        -2.4438163969989830e-02
83                                    -2.1353383998849333e-02         1.5513304078506552e-02         8.7949609782648888e-02         1.5675771689739215e-02        -3.1248572940748798e-01        -4.7841124914301668e-02        -8.4547701026629046e-03         3.6813617353459454e-04
                                                        16                          17                          18                          19                          20                          21                          22                          23

0                                      2.7705798009456072e-02        -1.7123888480439470e-02        -1.3689030501734811e-03        -2.7657182526214890e-02        -9.5921803335794684e-03         1.6047151512436377e-02         2.3844656961689113e-04        -1.0915039413811141e-02
1                                     -3.6059482814200558e-02         4.0097667667162280e-02        -7.1324392863754025e-04         4.4060805607168248e-02         2.2841936631495686e-02        -2.8604001272295496e-02         4.9831459589919492e-04         1.9685565131852104e-02
2                                      1.4256616881494112e-02         1.4686632364111312e-02         2.7109067023699869e-04         2.7026489014861086e-03         1.4278070701705604e-02        -8.4116763083242757e-03        -1.5649881675265494e-02        -1.2564241405729109e-03
3                                     -4.8188192127278070e-03        -3.6609611618932066e-02        -4.8016985571810566e-03         2.3203938697989049e-02        -5.5659790289871711e-02        -9.4117638837887263e-03         5.3412625255454448e-02         8.5046904318153271e-03
4                                     -2.2695814262529763e-02         4.5452572318667867e-02        -2.8483930745034775e-03         3.3873043867380617e-02         2.5421489714530860e-02        -3.5776841569168501e-02         4.6053542258776135e-02         3.7166926614291211e-02
5                                      1.7017479751923164e-03         3.7731830880572992e-04         5.9348843538959148e-03         8.3864217434929337e-04         1.2029542531621022e-02         2.1302836776121346e-02        -1.0949282161027440e-01        -4.7817145864428090e-02
6                                     -3.9439671898948182e-03        -5.5234857730604013e-02        -7.4987521593280278e-04         1.5793954035815211e-02        -6.1523566003905863e-02         1.9472557513006531e-02         1.9354965698441161e-02        -2.3821997085003734e-02
7                                     -2.2573032340209347e-02         8.1649628387551777e-03        -1.4437668925563929e-03         1.4201505748752780e-02        -4.5852325668672405e-03         1.4620993669825782e-02        -2.1379495568141795e-03        -2.7364734370903185e-02
8                                     -6.6461434402009106e-03        -1.7373788504765196e-02        -8.8899659056623798e-03         1.1706183003445782e-02        -3.5355689163386453e-02        -8.0100617422315824e-03        -7.0392414577434108e-03        -2.1125748421757826e-02
9                                     -3.1454175942979251e-02        -2.1260695319892713e-02        -1.0099612757612320e-03        -1.7257544450545028e-02        -3.0082154709869618e-02         5.1472504166920049e-02        -4.5481950104211785e-02         1.6096833818436043e-02
10                                     4.2685539892366960e-02        -8.9056843572002924e-03         1.5837819957352388e-02        -7.4560353537243523e-02         3.0535274189697592e-02         9.1701855087635668e-03        -7.6435277978177691e-03         5.3257560057979577e-03
11                                     3.5522988391295744e-02        -3.6047832113429483e-02        -2.4209389594349092e-03        -1.5952071799247229e-02        -3.2978990770304348e-02        -3.8479503177575113e-02         2.4515682047400868e-02        -3.9064501421239940e-02
12                                    -6.0656798491984014e-02         4.1297870385269442e-02        -8.7677217298432145e-03        -1.5642156841923452e-02         1.2533043114805168e-02         7.8691549421731552e-03        -6.4641169655214369e-03         3.5642498172567344e-02
13                                     3.2725019193670317e-02        -3.9678923789577998e-02         1.3088186095233167e-02        -1.8333810985246831e-02        -9.9268924324167783e-04         5.6703269665983630e-02        -5.2484210381444837e-02         1.3956014599484961e-02
14                                    -7.8338863351099155e-03         3.2381910313082317e-02        -1.6125030171196889e-02         2.7672308596601823e-02         7.6262898814207633e-03        -9.8157317226397631e-02         8.3614131582428822e-02        -3.3926504146102959e-02
15                                     6.1237364777990463e-03        -2.2200497005845178e-02        -2.7348717553915554e-02         7.5110917589735369e-03        -2.7144776553057647e-02         4.0279218975660331e-03         2.6392777198888471e-02         1.5000339652342499e-02
16                                    -1.1925935161038936e-02         5.9083246085091341e-03        -3.2540050860172913e-02         5.8606345657886746e-03         9.8752133405688013e-03         3.5797294944176695e-02         1.4543988031928762e-02        -3.8537829699889149e-02
17                                     1.1876280706492445e-04         4.6936213407164119e-03        -3.0192292924297488e-02         7.4910853219128470e-04        -1.4216131714667308e-02        -5.2933684040978217e-03        -4.5206171630018275e-03         1.8908826608282678e-02
18                                     5.1653048292383814e-04         2.1745652571694103e-02        -5.0936288811382006e-02        -1.8364410454949579e-02        -7.2028359814002449e-02        -9.4175494852908825e-02        -7.0947866239541704e-02        -6.6760271902977647e-02
19                                     1.0471345963428073e-02        -6.8854445969724395e-03         4.3890732770184973e-02        -4.5939032486507986e-03         2.7440978865791003e-02         2.5988848965537513e-02         1.8647073254812147e-02        -1.8364318761611043e-03
20                                     1.4581805428717103e-02        -1.5842706404017422e-02         1.8034456320995016e-02         1.4398200164354067e-03         8.2182706134610387e-03         2.2795032179570948e-02         2.0979108273592319e-02         8.3723268584873500e-02
21                                     1.4744676844496103e-02        -2.4450349464002246e-02        -4.3484899919696680e-02         7.1120444797509010e-03        -4.4984917673215937e-03         9.8923017107670329e-03         4.4148081647758124e-02         2.6104756444139912e-02
22                                     6.0045794904399017e-03        -9.6179353799433318e-04        -9.1903752389738649e-02        -3.0489649959533249e-03         2.6012089441128677e-02         4.1928776653707631e-02         4.4819460456242438e-02        -1.0214757610873733e-02
23                                    -1.1055935408136638e-02         6.0544112146012949e-02        -8.2142706652243019e-02        -3.1000579495624347e-02         1.1040623111945150e-02         2.6696831425685134e-02        -6.1762609425935748e-02         4.7921371425647903e-02
24                                     1.1206010314346178e-02        -3.9744662223540747e-03        -2.0674034521733903e-02         1.0450695017663663e-02         3.9061954494053745e-02        -1.9640604381983989e-02        -2.1273113531219828e-02         5.0923800243251577e-02
25                                    -1.8221038879525054e-03        -1.6721278470924694e-02         7.0437004087466892e-03         9.5442503583599569e-03         5.3172017978110808e-03        -2.1175376692959689e-02        -8.0621032825331489e-03        -4.9226814034540725e-02
26                                    -1.1597741319562786e-02         1.3734419069568427e-02        -4.5295510440382025e-03        -1.7298536598970828e-02        -3.4895912522149387e-02         4.1795082008516407e-02         2.3508169261703706e-02         2.2741288231552977e-03
27                                     3.3379642105301160e-04         4.3374264088763395e-02         1.0062645888573707e-01        -8.4349542389467701e-03        -2.4384339448922234e-02         9.6859138970375250e-03         8.8657298326057735e-03        -1.5654899240759430e-02
28                                     1.1787541444735377e-02         4.1824784506872860e-02        -7.5147560007756187e-02        -1.7566863623215526e-02        -2.4677118771238373e-02         1.7075222665748731e-02         1.6847445086085270e-03         1.0995638291190957e-04
29                                    -1.8670294676682180e-02        -8.6472895670975117e-02        -8.0379440228761194e-03         2.6305964824202176e-02         4.6171319891055662e-02        -1.7650520053192984e-02        -8.7261943712819024e-03        -7.9625916618578148e-03
30                                    -1.3912631752350304e-02        -3.7486533737935063e-02         1.0076193604328287e-03         6.3661491421087152e-03         8.1412159821750374e-02         7.3211938895374196e-02         5.9926742709890776e-02        -9.3650062011908966e-02
31                                    -1.3087405131285984e-04        -5.0347053819220146e-02         2.7295561527839289e-02         2.7540569383667696e-02         1.8169712960860531e-02        -7.1926679344541125e-02        -4.0890571923993133e-02         8.8136074828078573e-03
32                                    -2.0647150867729235e-02        -7.2004811996947873e-02         4.9667698445417116e-02         1.7429989342042398e-02         1.1837491292112118e-02        -1.6038029235801176e-02        -5.3283005727615407e-03         6.1289400989295445e-02
33                                     3.5616656017092685e-02         7.3496230189027192e-02         4.8510430088091472e-02         1.0423263314658543e-02         7.5365211589350847e-02        -3.0658532253482130e-02        -3.3114933486977471e-02         2.5684265378025758e-02
34                                    -1.2556823593408595e-02         3.0572707249980732e-03         6.3018007387708339e-02        -1.9428197613845850e-02        -1.0711746775539495e-01        -7.0493499851484540e-03         2.7297015255468371e-03         5.7172707331831392e-02
35                                     1.4126916493612751e-02         8.1238952957284227e-02         5.0833809945717762e-02        -1.1761847601443966e-02         1.7807169159493822e-02         3.2689891708339594e-02         2.0649230942041213e-02        -5.4038906511969249e-02
36                                    -2.8117830131656574e-01        -1.8921761410670701e-02         1.3770196353676066e-02        -6.0983623726171964e-02         2.0181378364919612e-02         4.8049046965148556e-02        -4.1172130534094645e-02        -3.3552903390021871e-02
37                                     1.5404271455179150e-01         4.1152769692211474e-02        -1.1418171681014890e-02         8.6084062748938706e-02        -8.7487979225083345e-03        -7.3812125086779715e-02         9.0718358752180039e-02         7.0996952698971452e-02
38                                    -2.6448173469357433e-01         1.2928649160900722e-02         1.2458002008123805e-02        -5.6837704402215659e-04         2.4802243607697026e-02        -1.1123405339909477e-02         2.6866864364636405e-02         2.4675673966860268e-02
39                                     4.9239115449127979e-01        -8.5328555111824963e-03        -2.3618871108283285e-02        -2.0897068478451679e-02        -3.1552170678797585e-02        -7.0733363619592880e-05         1.8560117220933835e-02        -9.7393920275396922e-03
40                                    -6.5881567029396251e-02         2.6243870544032512e-02         4.2940774871811239e-03         6.1214584529019851e-02         1.5080571336734705e-02        -1.3756329502074408e-02        -7.5405764827260219e-02        -1.2420808578493999e-02
41                                    -1.0497541816065860e-01         1.0722091589598134e-02         6.3487880722291343e-03         3.4757158373205613e-03         1.8543455226054040e-02        -2.2863067427556596e-03        -3.0413865012514855e-02        -5.8501506336766981e-03
42                                    -1.0107070438517295e-01        -1.4803706045865053e-02         5.4947189915706103e-03        -6.0066164404558788e-02         1.4170420984048865e-02         4.1849496183380255e-02        -3.6824845961788685e-02        -3.3282836261199052e-02
43                                    -2.1207077908073979e-01         4.5289159526683033e-02         8.5369892838698790e-03        -7.6678861553980092e-03         6.0097754562723864e-02         1.0502956087827418e-02        -5.4459755329265308e-02        -1.4061925217854456e-02
44                                     4.5029726511088947e-01         2.9809694312401623e-02        -2.2148610923207617e-02        -8.2710831495674841e-04        -9.6452501951320825e-04        -3.4695185224962344e-02         4.8570935687630525e-02         2.2244187994875930e-02
45                                    -3.5653488684059938e-02        -3.6126469603025568e-02        -2.7269687549930324e-02         4.8063352976744411e-02        -1.0347065026344644e-01        -5.9188750534418293e-02         1.8325567472609972e-01         5.6249299664740113e-02
46                                    -1.8001250896872094e-02         6.1100473980351233e-02        -1.0485221484175715e-02         4.0107788798092334e-02         3.1235390377588625e-02        -6.0002671089868870e-02         1.2061236042609319e-01         7.9949031483169494e-02
47                                     1.1578570047841978e-02         7.1200330283367329e-04         1.2672608815767355e-02        -4.8535676113345746e-03         2.7157181665150333e-02         3.4466470968199339e-02        -1.3222012885918932e-01        -5.1980364256768996e-02
48                                     1.0488711597451258e-02        -4.5682722981569231e-02         7.4675902362077665e-03         8.1582637816954261e-03        -3.8774773489066827e-02         2.4886413016945563e-02        -2.8549314360117702e-02        -3.7820427566608493e-02
49                                    -2.4012864024572270e-02         5.4727848434256772e-02        -5.1606942670124776e-03         3.0815243104192421e-02         3.3502338480348844e-02        -4.5241131507551963e-02         4.6110522335572300e-02         5.3733001856787560e-02
50                                     2.2667253392196204e-02         2.2007867178900169e-04         2.2594941661173106e-02        -2.9404964997140508e-02         5.1808187814118389e-02         6.0928667478554376e-02        -2.4027025449417239e-01        -1.0411698507248622e-01
51                                     2.0582939779533495e-02        -3.4175334647770797e-02         1.0726856362625983e-02        -7.3123479307072747e-02        -1.3567412682073494e-03         1.3847481236976732e-02        -2.2419911587460980e-02         8.4553671906831378e-03
52                                     6.4500441969263259e-02        -6.8635924441837219e-03         2.1017237575113947e-02        -1.0975568719493906e-01         5.2947340807540065e-02        -2.0031578115531534e-02         5.9167801667610589e-03         5.3501490155406055e-03
53                                     1.0582458440432696e-01        -7.8371602085472364e-02         1.4597116315373762e-02        -5.9785999453813306e-02        -3.1517498912827457e-02        -4.3093852572331774e-02         3.5430387442412954e-02        -5.1905946632104447e-02
54                                    -9.7997747656359269e-02         1.4341824966285657e-02        -1.4979906814989600e-02         4.5745955954577887e-02        -4.3093723218981403e-02         7.5741945906282734e-02        -6.1207735336433117e-02         3.3221083844199084e-02
55                                     9.6167211090989066e-02        -2.0102682666363558e-02         3.1189880899257047e-02        -1.3595409770502567e-01         6.1220482068692753e-02        -1.2829620200318503e-02        -2.0588030116901576e-03         1.2683964499719981e-02
56                                     3.4535691129308051e-02        -5.4823969624318999e-02        -7.3608414210108745e-03        -3.0218472776988720e-03        -5.5768828527172382e-02        -3.4956732573667409e-02         3.1433899576849819e-02        -6.1357724031141370e-02
57                                    -1.0944632322175891e-01        -7.4535260132496087e-04        -1.2107916072806403e-02        -2.3000120933015986e-01         5.5009316211958592e-02        -6.4027320334382659e-02         4.0598599426089704e-02         4.2698329249940978e-02
58                                     2.6046370825910038e-02        -6.4060840264565808e-02         1.1058010978458818e-02        -4.5620530940997757e-03        -1.6489831629411384e-02         7.7091681800971257e-02        -6.9855666005363734e-02         1.8894180254440673e-02
59                                    -7.5356828240496665e-02         1.2596029233210774e-02        -1.8153898195589335e-02        -3.5029626508562517e-01         1.0792775561803603e-01        -2.5886421978304525e-01         1.9809321458132434e-01        -3.1412502000786324e-02
60                                    -9.4759018790839492e-02         1.2128791142151644e-01        -2.0865255634614690e-02         5.4525499563949373e-03         6.3828179619939598e-02        -7.9767700618993881e-02         8.7086501812858680e-02         2.6693422332889426e-02
61                                     7.8650749701500780e-02         4.1425655192816740e-02         6.0498672760126021e-03         4.0895808246960647e-01        -6.9044176786625555e-02         1.6439276077515563e-01        -1.0961382621150932e-01         3.2156912727497995e-04
62                                     3.8454304723705798e-02         5.1327129180319023e-02        -1.5565776062798718e-02         3.0690634508411180e-01        -6.1442215776374653e-02         1.2855896132786529e-02         4.0531730338931315e-03        -3.9563432981659291e-02
63                                    -2.6670238898609667e-03         6.6284116098339965e-02        -2.1366544863547039e-03         2.0271386340733119e-01        -4.3333340978778091e-02         1.0344325213214402e-01        -7.5439331275883273e-02         2.7356048560468752e-02
64                                    -9.5116079344950075e-03        -1.2273164244074013e-01         1.8764500978086442e-02        -3.8947300726069917e-01         5.1977359911766517e-02        -2.5404388390701027e-02        -1.4127703558571727e-02         2.9635014163465527e-02
65                                    -1.8671525075382927e-02         9.8864116427722207e-02        -2.8915323487133732e-02         2.2033614617817276e-01         4.2992533986407760e-03        -1.0207563263369231e-01         1.1011358971153884e-01        -4.3274514325191929e-02
66                                     4.6945223849069261e-02        -2.9827000795280004e-02        -8.8490805740397277e-02        -2.6314711784299224e-02        -8.2251721766563132e-02        -7.7189415518602478e-02        -7.2366661527469733e-02        -8.0960155417672472e-02
67                                     1.4773748499383187e-02        -1.3224367056587893e-02         2.2293320527299761e-02        -3.9139640108839758e-03         2.0180118588460055e-02         2.6638950515009988e-02         1.6822253674134570e-02        -1.8296953710405892e-02
68                                     3.6004091897384113e-02        -2.8860022354858305e-02         1.0913063127886601e-01        -1.2564385654700930e-02         4.2752973986339683e-02         3.4988467071699086e-02         2.6085747908502460e-02         1.6573228177260890e-01
69                                    -2.4405722853740996e-02         5.6923271315007899e-02        -3.7565551742311042e-02        -2.0400822735859674e-02        -8.5148108304213571e-02        -1.3705402331598573e-01        -9.1725556533297226e-02        -8.9221480361488373e-02
70                                     5.3664243707628685e-02        -4.4967690762852994e-02         4.6366794395667800e-02        -2.1497550505951063e-02         2.3586438100123713e-02         2.2617056196058732e-02        -2.6700216299225328e-03        -1.6006197924176959e-03
71                                     2.7745055973377463e-02        -5.7903340915701478e-02        -1.5438550016095797e-02         2.3048980714734438e-02         4.2505927784857817e-02         1.2598848547642402e-01         9.2477211311822252e-02         1.3731371573395537e-01
72                                    -1.9362313974199234e-02         6.2667474068359250e-02        -4.9919860607315764e-02        -3.0598904782611042e-02        -1.0528952081118491e-01        -1.7545258151792564e-01        -1.3098825639859829e-01        -1.2924671696561404e-01
73                                    -7.0843868907430651e-03         2.0890205557443971e-02         1.3467791782125996e-01        -7.4367534717624069e-03         6.0060093491073052e-02         2.1530430155723999e-02         2.9497077744395056e-02         7.1051513645845887e-02
74                                    -4.4172218297232188e-03         2.4458930282295791e-02         5.2080800045682333e-03        -1.1449671340857254e-02        -3.3561307961623113e-02        -6.6148659013002348e-02        -4.6418319071108077e-02         4.5582025690659072e-03
75                                     2.8138957405990712e-02         8.6728176112992356e-02         5.9471508250677388e-02        -2.6563922752757065e-02        -4.8667534417498555e-02         3.2993386958850464e-02         2.1099535163441138e-02         9.1737938847912363e-03
76                                     4.3189172915706460e-02         9.3269278389835633e-02        -2.4492974938773376e-01        -4.3683108029553587e-02        -4.0146085608044918e-02         4.9353000172613175e-02        -4.2406284861881060e-03         1.1327873306085487e-01
77                                    -4.4357118678296607e-02        -1.2386853832109310e-01        -1.0724403192024551e-01         3.6778948126926177e-02         8.1582196967534867e-02        -3.2835062217789777e-02        -4.2175128258184341e-02         6.4708786083990472e-02
78                                    -4.5677883368580433e-02        -5.3876392000315656e-03         2.1021304361086088e-01         1.3491225408235290e-02        -7.7117768073871450e-03        -1.8377119860363555e-02         1.1574332123053489e-03        -7.9710319752069381e-02
79                                     2.3353235128986426e-02        -2.5653036380587590e-02        -9.3712145586311829e-02         1.3492135166401107e-02         4.0770850536638127e-02        -2.9689586408950416e-02        -2.6625527107792920e-02        -9.7631135668303694e-04
80                                    -2.2497411130239932e-02        -2.1646491446928587e-01         1.5101577193853273e-02         8.5666599541303901e-02         1.5690476360468694e-01        -1.0464135296280414e-01        -5.6705553234273162e-02        -3.9713712571723875e-02
81                                     1.0542966729020754e-02         1.1527849798077981e-01         2.1330627839490865e-01        -3.6678930368663924e-02        -9.9109480704078198e-02         5.4187814060431987e-02         5.8104399254345684e-02        -8.8985339651318426e-02
82                                    -1.4447345200319052e-02         1.4151557208057713e-01        -2.0842020500353595e-02        -6.3446724959997272e-02        -1.2459938067050136e-01         9.0525850495454516e-02         4.7784769374175293e-02        -1.8540242480730891e-02
83                                    -1.3151100223541120e-03        -6.4117539584916200e-02         6.2157667721597622e-02         1.9865294497412395e-02         2.1563329455984184e-02        -7.7333238715150956e-03         1.4748943129578041e-02        -6.0157642413684521e-02
                                                        24                          25                          26                          27                          28                          29                          30                          31

0                                     -1.9162520606482807e-02         4.1571914943210685e-02         1.1822697723187361e-02         6.6067138047118824e-03        -1.4766588146178491e-03        -1.1830517512688937e-02         1.2885530961337269e-02        -1.4368224810854791e-03
1                                      3.4272927670471985e-02        -7.6471533487961055e-02        -2.9201918899363227e-02        -9.8265894062127667e-03        -1.5079660700648781e-03         1.7650275456128857e-02        -1.9869327598957293e-02        -2.4755721242193569e-02
2                                      6.1247533881960475e-03        -3.9766594936704230e-02         2.2648100678363254e-03        -5.4622442606329976e-03        -2.6565909279735035e-03         9.6028950005448948e-04        -4.0914369470338059e-03         2.2328410361966904e-02
3                                      3.5022794379488034e-02        -2.7963886588554251e-02        -4.7463033318720704e-02         9.3750033612168091e-02        -5.4634375117598867e-02        -8.2774062741318294e-02         5.1316886627614071e-02         3.8367180369085134e-03
4                                      2.6728299341836848e-02        -8.7447109346603085e-03        -2.6150180802791596e-02        -2.3795052192432383e-02         1.1156197999492051e-02         2.0998672158088792e-02        -1.4181462379462741e-02        -4.2260181804189875e-02
5                                     -1.1118689247408633e-02        -9.6050381931251677e-02         2.5709069072448670e-02         8.7022692295478082e-03        -9.6904628509344917e-03        -5.9421421083832911e-03         1.3502485679273559e-02         7.6224710796283887e-02
6                                     -1.2025642377663570e-02         2.0870174115227628e-02         2.5739401835960542e-02         4.4066975261087618e-02         2.3456561413252065e-02        -5.6302968299091850e-02         8.3669794386002959e-04         4.9463729735029440e-05
7                                     -5.3618045619521264e-02         9.5651319621232023e-02         8.6192339108692853e-02        -9.8312949057873539e-03         8.4790292174212759e-02        -4.6140657284941163e-02         7.6119452665936423e-03         1.5706859775621078e-02
8                                     -7.8023740555058880e-03         5.9597155959607913e-02        -3.0268377727793349e-02        -4.3863510642593775e-03         4.5369995013796918e-02         3.6465694420466925e-02         7.8253866163113944e-03         2.1471646957261080e-02
9                                      2.8886607500040243e-02         2.2476832110781744e-02        -7.5652677065353224e-02         9.9492309679562324e-03         1.3098103447850394e-02         6.4627182477509412e-02        -3.2400484858397173e-02        -3.7127602495061883e-02
10                                    -4.0246132734566113e-03        -6.9415169036348189e-03         2.9855929085586340e-02        -1.3828729480172559e-02        -1.4382876347598958e-03        -3.4948934460401218e-02         2.0501074416327938e-02         1.2797486021277787e-02
11                                    -3.7020240268715336e-03         6.9575048143751730e-03        -3.5323314822788124e-02         3.6240761277434058e-02         2.6798421517569164e-02         7.2876542392000379e-02        -3.4749678270315339e-02        -4.7421240828619739e-02
12                                     1.6938891270181156e-02         2.5513597457567996e-02        -2.9208637692007669e-02        -2.4981529261595695e-02        -4.4314755137434512e-03         1.3318874395917670e-02         1.7014811065738983e-03         4.6685732678763111e-03
13                                     1.4609028383695129e-02        -6.3512383251156509e-03        -1.8558561176544645e-02        -1.5147945589180849e-02        -7.7145384471863651e-03        -4.3773338821954848e-03         1.0021988036422971e-02         6.0159788959646028e-03
14                                    -2.7469488347510465e-02        -8.2963472930031295e-03         3.9388260859897238e-02         2.8845899330914016e-02         7.4669104891235466e-03         5.4840092015418316e-03        -1.6479541896796093e-02        -2.2522995020018706e-02
15                                    -2.2063436800120757e-02        -2.2741368533918616e-02         5.3522768659812953e-02        -3.4849482662074896e-02        -7.9045396562254983e-02        -1.3458594701009729e-02        -4.2026161329866064e-02        -1.5228417631991703e-02
16                                    -8.4542453240806767e-02         3.6507805076784361e-02         2.8561832431560234e-02         1.1936922650159056e-02        -1.4524860801514700e-01         6.7111517781084595e-02         5.2241226693181368e-03        -6.1592125114654471e-03
17                                    -1.3199236385745175e-02         5.1678691700099359e-02        -2.7314462608066841e-02        -7.2373275412854349e-02        -6.2390146398315131e-02         2.1179015498270864e-02         1.8220273881167214e-02         8.0071999187863244e-03
18                                    -1.1182957761914605e-02        -2.0906796699200515e-02        -2.0768459548469308e-02        -6.6454397966861881e-02        -7.2657565183057221e-03        -1.3620419979081529e-02         6.5722132628698061e-03        -8.2868435723619741e-03
19                                    -6.9401573712154357e-04        -2.2333327796143459e-03         1.6762539943692485e-02         7.8737060987177657e-02        -5.9018707402712176e-03         4.5934456476401646e-02        -1.6898174857411345e-02         2.7017522595912538e-03
20                                     4.0587823799192985e-02         3.7171027804977587e-02        -2.0310720963336571e-02        -1.2114454977568254e-01        -2.8073150097860145e-02        -7.1071356958629150e-02         3.3031337786239789e-02         4.1539889945219448e-03
21                                    -2.1124792798764874e-02        -7.1720795891858008e-02         2.1267085373921676e-02        -5.9045839561401733e-02         4.1041213265812782e-02        -7.1592446524934338e-03        -2.1948176401562901e-02        -5.1818791239377688e-04
22                                    -6.9344551419205647e-02        -5.8008933081230604e-02        -7.1997014814769111e-02        -1.6150734897817605e-02         8.0115971027384866e-02        -5.8470181444686044e-03         3.5032050589784008e-02         4.9482315862685901e-03
23                                    -1.2699096268610568e-02         5.7786209099759629e-02        -4.5444467865303394e-02         1.1556228094499621e-01        -1.7459798742236819e-02        -8.5939660535983120e-02        -1.6021477542118152e-02        -1.7474817786800698e-02
24                                     2.2329512042035159e-02        -2.3065059302493406e-03         5.0128305263143824e-02         1.5496907837361556e-02         8.5840297671349580e-03         2.8413884756065860e-02        -6.5474491950686983e-02         2.2481274456316758e-02
25                                     5.4116456384250985e-02         2.7498881169763713e-02        -1.0368837887184800e-02        -8.6210685645380630e-03        -1.4877228320114018e-02        -3.0141858250476800e-02        -3.3031939090512392e-02         6.1347908212118984e-04
26                                     3.7235793745090208e-02        -1.8600929144650395e-02         4.0368157652091868e-02         5.3247692778436292e-03         7.8930584702271954e-03         1.5527923735780290e-02        -3.1187866512185698e-02         6.4175107642254273e-03
27                                     4.3506047192618628e-02         1.7144395390802116e-03         3.5184467148284326e-02         7.6564607607815596e-03         5.4430017659789377e-03         3.6494425671504648e-02         6.1941052805849932e-02        -2.1398857162367251e-03
28                                     6.1805664731303153e-02         2.5240751796096060e-03         4.4020726836551193e-02         6.2269172149920279e-03         2.2111898174768553e-04         3.6713164136767958e-02         1.0176698017424982e-01        -1.9654033759776840e-02
29                                     6.6172697689616491e-02         1.0844964672487302e-02         4.3555832947245070e-02         8.8342213005034934e-03         6.3814312151898311e-03         4.5920267316117820e-02         9.8469624224753804e-02        -1.5755659698122374e-02
30                                    -1.3712904616402583e-02        -1.4811470321013941e-02        -4.4975883828977443e-02        -2.0595384730572094e-02         4.8084023399995006e-03        -1.6518461440177698e-02        -3.8494629043565889e-03         2.2907566188502655e-04
31                                    -3.1340530208491023e-03         2.8552921925577700e-02        -2.1228817872630062e-02        -2.5990242764052126e-03        -1.6078136235871159e-02        -3.1650836432964180e-02        -4.1670881363935416e-02         3.5268966745962654e-03
32                                    -1.0607000783943461e-01        -2.6204764909944420e-02        -2.2708764193688814e-02         8.8286205766410480e-03         1.3817593965518963e-02         1.7239373912486942e-02         3.2906068557900091e-02        -3.8217271355422801e-03
33                                    -5.1006950847848183e-02         1.9047090187157726e-02        -2.1758817357058036e-02         2.1164946728913739e-02         4.0340823612259836e-03         1.3776865944251791e-02         6.2283104324319397e-02        -1.5459495498467962e-02
34                                    -5.7284841980089818e-02        -2.7682805505267704e-02         3.2505530588780780e-03        -1.2168158438813194e-03         3.0815305620509399e-03         9.2222292806036759e-04        -1.0122362815502862e-02         3.2342491095601459e-03
35                                    -2.9741877588566677e-03         5.2642050537350634e-03        -3.4411085453382437e-02        -1.5478043179941316e-02        -6.9021566640373290e-03        -2.1460223586030874e-02        -5.4627945725578005e-02         1.5702032854501422e-02
36                                    -6.1515425061278543e-02         8.3686349026297360e-02         7.1101120420869274e-02        -3.7113806122949233e-02         4.4340132051160205e-02         1.6603881975430831e-02        -2.6278169410097193e-02        -4.9393652802997227e-02
37                                     1.0486393862956345e-01        -1.3237713021435357e-01        -1.1496344334233957e-01         6.0012986896936051e-02        -7.0149179450571600e-02        -6.3034386152841820e-02         2.8399533162251623e-02        -2.2289671018361418e-01
38                                     2.3373066071362081e-02        -3.9489398192121578e-02        -5.3265719761161623e-03         7.8153717250625636e-03        -1.1214561853486437e-02        -5.2923213720586677e-02        -8.6785463501232955e-03        -3.0850203028308720e-01
39                                    -3.4974726779963099e-02         1.1650339831058454e-01         1.4354863063287912e-02        -3.2446682750191996e-02         4.3353865326138802e-02         5.4028843266981458e-02        -2.3189700948067236e-02         1.1716477390349203e-01
40                                     5.2596754525997429e-02        -2.0380874706838120e-01        -4.9986401136399849e-02         4.9570433973014832e-02        -6.5085278412330722e-02         1.3565601204368980e-03         4.3085927377257208e-02         3.8567773443317860e-01
41                                     1.2344673343625748e-02        -7.4955566626144166e-02        -9.0922860650090201e-04         1.1977122154812152e-02        -2.1855943167918637e-02        -1.7326941673687049e-02         1.2420111933390300e-02         4.3932247052568422e-02
42                                    -6.6855313773422659e-02         1.0608341018939313e-01         7.0993947004980365e-02        -5.2005394346446146e-02         5.5925679130253009e-02         4.3129370321551681e-02        -3.5638476423490668e-02         3.0654870499534730e-02
43                                    -4.2623135984190604e-02         3.3784932330774127e-02         6.5371343967658022e-02        -1.0796289856626522e-01         9.4605609292374326e-02         1.1075707333923680e-01        -1.0336260114120475e-01         1.1922350285415302e-02
44                                    -1.0327844525821969e-02         8.5496053704622627e-02         7.3573896412264120e-03        -6.5981846710113909e-02         6.1805022579174279e-02         5.6694907242723469e-02        -6.7292819378961921e-02        -1.7979809791258392e-01
45                                     7.7090599997517342e-02         1.0854517283593829e-01        -2.0040851652369346e-01         1.1117743926429209e-01        -2.9785810730261805e-02         6.8169600830035523e-02         6.1628559363297981e-02         3.3308735992154814e-01
46                                     5.3352736002288369e-02         1.5944243762222952e-02        -8.2301320350657417e-02        -1.2900838580249784e-02        -1.2829970495594626e-02         7.9412190335688651e-02        -2.4144280826602985e-03         3.0297160678632423e-01
47                                    -1.7725606282426400e-02        -1.3049479100282924e-01         6.1005086137107985e-02         6.4780952216014036e-03        -2.1339028107904830e-02        -4.4088810263974973e-02         1.3771498499099233e-02         3.2346992939220935e-02
48                                    -1.2057856228275965e-02        -7.6770845001792806e-02         7.2846447821334287e-02         7.1840518236571546e-02        -4.3832069712905271e-02        -1.8013755966906894e-01         4.4404118844818152e-02        -1.6826387093840339e-01
49                                     5.3032901688112664e-02        -3.0064971185671131e-02        -8.1884851800383587e-02        -1.8742899536687792e-02        -7.3504757066065263e-03         5.2944547446920606e-02        -1.3985256727786360e-02        -1.5073407632837460e-01
50                                    -5.8467812573078273e-02        -2.0121446260899148e-01         1.6168030444211828e-01        -2.2412202429537537e-02        -1.1606017146280966e-02        -1.2908471620702522e-01        -1.3662933054021953e-04        -3.4501091803751782e-01
51                                     3.8549700699418134e-02        -4.3097724985624641e-02        -7.6186193212673989e-02         3.8390704126001408e-02        -5.8325263904137288e-02         5.1461055164458126e-02        -4.3479301460650856e-02         1.6301025239741116e-02
52                                    -7.0441401198455581e-04        -3.1200639432792297e-02         3.1969636195994959e-02        -2.9219389386349708e-03        -3.7500653630589478e-02        -3.8985713013477752e-02         1.2537438399499196e-02         5.1838169162169170e-02
53                                     1.2458727887158516e-02        -9.9375048552369061e-02        -4.6887327720341918e-02         8.5164694812071798e-02        -5.5015026552259164e-02         4.2958850996562888e-02        -3.1808799166900374e-02        -2.6125296252610605e-02
54                                     1.7307432490637511e-02         1.0320084571235912e-01        -7.0369472128225738e-02        -3.4812202641742812e-02         9.2891237598202586e-02         8.1514853943510365e-02        -1.9970301247048513e-02        -1.0294223007333748e-01
55                                     2.6806241709324937e-02        -1.0305822140691624e-01        -8.6476764959400061e-03         1.3734886327566623e-02        -9.7373024077053269e-02        -1.8966699376719312e-02         1.0303249667355501e-02         2.8265676662146192e-02
56                                    -2.7334931649679543e-02         4.2146493890898397e-02         4.0158068070565295e-03         4.4896925819067630e-02         6.3148256701598154e-02         3.8603700634803208e-02        -3.5040936904612539e-02        -2.8755937910853167e-03
57                                     2.4106869589789023e-02         1.4295219688062726e-02        -3.8682898347889738e-02        -2.1114087028374466e-02        -2.7332381836327461e-02         5.7959700074538094e-03        -1.7160566150594603e-03         5.7713099635118496e-02
58                                     3.0957794746116995e-02        -8.2972473159489534e-03        -6.3173792612216575e-02        -1.3417272030259154e-02        -1.8191200301461551e-02         4.1902015407778909e-02        -2.2245058733863819e-02         2.2879526082110350e-02
59                                    -4.8153444821397676e-02        -2.1299925271523419e-02         1.1236110797440184e-01         3.2508135377454360e-02        -8.8691978664835625e-03        -9.7480472944669244e-02         3.9770138773171301e-02         2.9858878842200162e-02
60                                    -3.4684143242404167e-02         1.8527902004248260e-02         1.1643851314067784e-01        -3.4381436172933447e-02        -2.6109433725827396e-02        -1.7434285365233210e-01         1.0337593726160670e-01         1.2101006461393113e-01
61                                    -6.8028881099552654e-03        -4.1615454852992903e-03         2.6606182879194092e-02        -2.5372444007411666e-02        -1.1536515863344674e-02        -5.7188320622512785e-02         3.1724358414022401e-02         5.3119431476490522e-02
62                                    -1.9249381189527279e-02        -3.8254908818514738e-03         5.6758512079747173e-03         2.7218106930514078e-02         1.5070148810715833e-02         5.3549923554932488e-02        -4.8095569703956745e-02        -4.3326519201371365e-02
63                                     1.9016362683500779e-02         3.8614112088473880e-02        -4.7955582976630509e-02        -2.9603035526437643e-02         2.3689160871919510e-02         5.0643831072716756e-02        -3.7681669431522025e-03        -6.4089022314232663e-02
64                                     4.3547177245933530e-02        -9.4117275343812614e-03        -8.4879259687879322e-02        -8.0731344172209688e-03        -9.0760543806311014e-03         7.2157970606667135e-02        -2.9817814662336056e-02        -2.8007081778700621e-02
65                                    -6.1428019432865931e-02        -1.7131952889511349e-02         1.3037431406706410e-01         2.5366836295830815e-02        -1.8563046761270623e-02        -1.1525248694861252e-01         3.3280854669750864e-02         8.3469955412497715e-02
66                                    -1.5220855033090844e-02        -2.8457282139340034e-03        -4.1178676234032187e-02        -6.0553930653196100e-02         7.9076190067606217e-02        -2.0805233228463258e-02         3.0590632438966304e-02         9.4808711473874114e-03
67                                    -2.2359872975368650e-02         8.8464010405897488e-03         1.3159531407013174e-02         7.3449215337012735e-02        -3.4910865269488986e-02         7.2729149403530952e-02        -6.9521976532346723e-03         8.8460350661735167e-03
68                                     1.6617706314479844e-01        -1.5844975170768799e-02        -1.6239427235298927e-02        -7.6805231776689603e-02         2.4539384229622099e-01        -2.3482025473120260e-01        -9.1227167496234704e-03        -1.7162386041417954e-02
69                                    -1.5905232684424681e-03        -2.3412141847093660e-02        -4.8320169193924054e-02        -6.8256880783637480e-02        -4.1099803557802895e-04         9.6301573104634035e-03         2.8511015132605809e-02         1.0424557750479083e-02
70                                     4.7396149388708751e-02        -1.1693498087035643e-02        -1.0127687376249011e-02         1.0813231228144590e-01         2.0358227371270146e-01        -1.3775077545362738e-02        -1.3000899003638863e-02         9.6577099660301244e-03
71                                    -3.0151720758205186e-02         5.4382294390171011e-02         6.9196369994874996e-02        -1.5104894743868663e-01        -2.5983894949073583e-01        -6.7494517862611444e-02        -1.9338715637295171e-02        -4.7683031742882374e-02
72                                     7.6825111298928373e-03        -2.7025800804543081e-02        -8.6107205210089716e-02        -6.5762699131951499e-02         8.7399011748324679e-02         1.1122642461794063e-02         5.9554199852558318e-02         2.8071779145455111e-02
73                                     9.7714915379159134e-02        -5.1645439384257884e-02         2.7040236635432025e-02         1.1693246063715063e-01         1.5693165754267399e-01        -6.2109194150178057e-02        -6.4077233108464124e-02        -2.4107320643829548e-03
74                                     4.6471892918415809e-02         3.8651165610552922e-02        -9.4399305281263474e-02        -1.3175384623651293e-01         5.0104807365153062e-02        -2.9738261402188462e-02         1.0088613106013243e-01         4.4978873405259974e-02
75                                     3.5955882382562594e-02        -1.8635547924288343e-02         5.5195521466300516e-02         1.1741345070332494e-02         2.2823837723631248e-02         5.8404188595586257e-02         8.0484190586791057e-02        -1.4314319403830786e-04
76                                     3.9778119371535282e-02        -3.5571972132623524e-02         1.0784929232789921e-01         4.3191186370041858e-02         5.8913638366758926e-02         9.9956953008040875e-02         1.1042308751252909e-01         1.0116579094393317e-02
77                                     5.8903974590430376e-02         1.2634964628886084e-02         7.2766340898828413e-02         4.1314522864675102e-02         3.3780394243224959e-02         7.1840821099672075e-02         7.7688582852189186e-02         1.1287765268837537e-02
78                                     5.7770392912688776e-02         3.3507134989943656e-02        -5.6578093850283787e-03        -9.7156445098149271e-03        -3.2176647231935376e-02         2.4584173185787547e-04         9.1795729067454271e-02        -2.9544994502960019e-02
79                                     6.6799811302085996e-02         2.6557640231810422e-02         3.2305300793807355e-02         1.2435356536794274e-02        -8.4458999424629165e-03         2.5654807371188200e-02         9.7708231766599665e-02        -1.4918654000007428e-02
80                                     7.9455633540182966e-02         6.3218615350289928e-02         4.9553029781352021e-03         9.8808835201759215e-03        -2.5643611802824144e-02         9.3357062025599385e-03         9.7449510940857034e-02        -1.9918942529475746e-02
81                                     4.5639479327111980e-02        -1.1904556269454209e-02         8.9776427292458296e-03        -2.8268301408735097e-02        -1.4968044846597304e-02         2.2121261710545306e-02         1.3137675763725290e-01        -4.2220810677653695e-02
82                                     5.7018137329051415e-02        -2.8031831537654525e-02         4.9037635180799490e-02        -6.6688137322700987e-03         1.3692373089590997e-02         5.4375540596292363e-02         1.6480787750500411e-01        -3.9380353680032544e-02
83                                     7.0041524574477335e-02         1.0616652230090361e-02         2.1739536299588358e-02        -1.5060032722879061e-02        -1.4237428222639075e-02         2.9378094480234783e-02         1.3804694991644254e-01        -4.1554342750958144e-02
                                                        32                          33                          34                          35                          36                          37                          38                          39

0                                      3.9209800507626494e-03         1.7879098756645843e-02        -1.8971728749404868e-02         2.0418057150100519e-03        -3.5469119459526563e-03         4.2594566680583222e-02         2.5711934759545505e-02        -6.8969365797057411e-03
1                                     -3.4172197358465330e-03        -2.8610198677502825e-02         2.1912188544412490e-02        -3.9304435714169351e-03         7.0124842995503960e-03        -9.9833602590853318e-02        -6.1238560014956825e-02        -5.5051353286437376e-03
2                                     -6.4657247041489544e-03        -1.0913751921078140e-02         2.5346621623796618e-02        -6.6074481612584546e-03         6.6042798759455732e-03        -2.3916112544140705e-02        -3.6307941288796192e-02        -5.2131982402519247e-03
3                                      1.2788595784221049e-02         5.4699573398070862e-02        -4.8918916869603458e-02         6.5682920991434728e-03        -8.4932149511466916e-03         9.4107884155606742e-03        -3.7111313836654863e-02         2.5182234175653330e-03
4                                      2.4680671588278359e-03        -8.7995685966371015e-03        -5.2887379714958325e-03         7.1636610833890674e-05        -4.1584575928880520e-04         6.1356548630241696e-02         6.0012470517315626e-02         8.8149262003053286e-03
5                                     -6.6478206926473948e-03         1.4235118616190350e-02         6.6676024245740755e-03         3.2898140382129630e-03        -4.8971620604353018e-03         2.5948259372250870e-02         3.6850385267562236e-02         6.1792935292169036e-03
6                                     -1.8221901268214136e-03        -3.6724479698431109e-02         2.3760344558241393e-02        -9.2110955825118190e-03         1.1932309850189397e-02        -4.2110119434100667e-02        -2.4487862996546924e-02         1.0949296925774584e-02
7                                      5.5510262888691939e-03        -1.6540020877706636e-02        -9.9847546835881117e-03        -7.2471418653825934e-04        -1.4562564318645352e-03         6.3926234068493418e-02        -1.4222197463229147e-02         1.8803161735491156e-02
8                                      7.9197428488816685e-03         1.5009194382752640e-02        -5.2764102277160406e-02         2.3535052437884504e-02        -2.0897224984869248e-02        -3.6983550974245931e-02         5.3229730672356729e-02         7.5288079386638075e-03
9                                     -3.1422267214266130e-03        -3.3576825597414345e-02         2.9407142104748471e-02        -1.3737313334414062e-02         1.2381888881320790e-02         4.1264812031083252e-02        -4.0571628577494759e-02         7.7039416125505497e-04
10                                    -7.6627662990932776e-03         7.3379275697347271e-02         1.3445450627091821e-02         2.5420441511145963e-03        -4.0980484101764102e-03         6.3070800676304243e-03        -2.0097961357197377e-02         2.5257195123982359e-03
11                                    -1.0013299253871379e-02         8.9383009273409017e-03         3.9361468486959990e-02        -6.2895592882647768e-03         7.0024700692912058e-03        -6.0495018224980364e-03         5.3822924176167637e-02        -3.3649730619423192e-03
12                                     1.8420977042922430e-03        -5.0202063527345136e-03        -2.1020834989867163e-02         9.5335112045626582e-03        -4.6392217499379830e-03        -5.6783315857155360e-03         3.3263177113373885e-02        -1.0863454705223395e-03
13                                    -1.6817089165669292e-03         3.6148889274593130e-02        -2.1189182701159726e-03         4.6321089903814203e-03        -4.0789350904448848e-03        -5.4451570579247606e-02         3.6774368173609177e-02        -1.8445455890265976e-03
14                                    -8.0939014412762227e-03         1.5370700673449002e-02         4.7274559450596984e-02        -1.6517771842257514e-02         1.1757135058565144e-02         6.2938477899536729e-02        -6.8687961902823211e-02         1.9863705715473241e-03
15                                    -1.3632667156957530e-02        -2.4746658001480657e-02         6.9961282263725486e-02        -3.7620367230657226e-03         1.9442307565747765e-03        -1.4082732043996335e-02         3.2822811055105566e-02        -5.6896554817796180e-02
16                                     4.1899550406552220e-04         9.9064375085437147e-03        -1.4062202852488844e-02        -7.4666915724768048e-03         8.5891874788033874e-03         1.3082289978580288e-02        -2.1391052755533806e-02        -1.2036800412965601e-01
17                                     8.5061121904995741e-03         2.4106201217857094e-02        -4.8024384892617976e-02         1.2512895770540426e-02        -1.4682453724261873e-02        -1.7172143797508595e-02         1.5765744265603829e-02        -4.7327711072614242e-02
18                                    -3.8052798181132568e-03        -1.0981612802799294e-02         2.8429196842561184e-02        -1.2209094353734792e-02         1.3520153598188945e-02         1.9647256002461314e-02         4.6247071527920555e-02         5.0112059193043165e-02
19                                     6.4489514012361273e-04         1.0276787950092278e-02        -1.0580918059666079e-02         9.6545893230088990e-03        -9.8940620272705802e-03        -2.1035330091239424e-02         5.7215818594315432e-03         1.0809848704761470e-01
20                                    -1.0240187592286565e-04        -4.6228192547567151e-03         4.5742165769496881e-04        -1.0763983861691197e-02         1.2358381381641201e-02         1.9663893718499491e-02        -6.2783470838067901e-02         4.2543873052709208e-02
21                                    -9.9921795539917087e-03        -1.1575138826955968e-02         2.9848026663435522e-02         1.0316539707468052e-02        -5.5409971342759851e-03        -6.8839723662165566e-03         2.7579696020257709e-02         8.7808450758908706e-03
22                                     8.3250166745649987e-03         7.8796978879341097e-03        -1.9914188682272828e-02         1.6815149252883972e-02        -6.1743993248556785e-03         9.2163502725073516e-03        -1.3334012235155271e-02         1.7421167803636076e-02
23                                     2.9776516698090888e-03        -3.5670864388636273e-02         6.0704651460497805e-02        -7.7253356160416333e-03        -9.2877407085654260e-03        -1.3391255260481415e-02         6.1013724222383908e-03         7.3967262416819749e-03
24                                     3.7322160374622548e-02         2.9846764750804829e-02        -3.2079099154312396e-02         1.8367236643543176e-02        -5.4606246803576036e-02         1.0197064453852059e-02        -1.8862556175545775e-02         1.7193366636062627e-03
25                                    -4.4700163636302366e-02        -1.3042848154079137e-03        -1.2235277445519091e-02        -1.2453747464675485e-02         2.1274272599386763e-02        -1.6038746315803203e-03         1.9430816875637101e-03         1.7244945680274350e-03
26                                    -8.3802733946653815e-02         9.9703102290010538e-03        -4.3188290669714892e-02         3.1515533847193897e-02         3.3011764744616076e-02         5.1115359784805418e-03        -6.6837858433677578e-03         1.9072089244063244e-03
27                                     6.9273905342519038e-02         6.2232114251959737e-04        -4.8012950155701243e-05        -2.8530506875498383e-02         1.0354917066762476e-01        -6.5099048252733683e-03         8.8229809931207638e-03         6.5765387687044942e-04
28                                     3.8879232668472152e-02        -2.3485376912324028e-02         5.7514196085307043e-02         9.1986365313324034e-02        -2.3466892062433832e-02         3.9018961135052700e-03        -2.8772000093158488e-03        -2.1997859178855932e-03
29                                     1.1211616069049002e-02        -1.6465928500932502e-02         1.4294384694219902e-02        -8.8276631608056530e-02        -6.3760915189017553e-02        -4.0938363641862723e-03         3.2937053485550369e-03         5.5330473128290751e-04
30                                     1.1496038288762620e-03         1.5692322166958690e-03         5.9201679839920190e-04        -2.0118086665817381e-02         5.1558686395242618e-03        -3.0440908589330329e-03         4.7991000949661701e-03        -1.7611826941174143e-04
31                                     2.4031669768574794e-03         4.0665161729124093e-03         4.5622482933268130e-03        -4.5951646565264369e-02        -2.0725728219158940e-02        -7.2149435296814026e-03         1.1624048826729167e-02         2.2546926099724571e-03
32                                     4.5117821246782285e-03        -4.0810449824570157e-03         9.4028532925398780e-04         4.5072892994745808e-03        -1.6442975002073543e-03         2.8038549802658010e-03        -4.8491422436994121e-03        -2.1354063563289176e-03
33                                    -9.6731258558159408e-02        -1.3265340645762716e-02        -1.3054765959383487e-02         5.8652964614537327e-03         3.1803385231337106e-02        -5.3893879622508574e-04         1.4631213652479436e-03        -8.6281046501277946e-04
34                                     2.8771775255343707e-02         2.2918483891157557e-03         5.1315965403562038e-03         5.4484952485391036e-03         2.8483337954605128e-03         8.1088753802242218e-05         1.1493610940514805e-04        -1.6120184150161633e-04
35                                     1.1097130286655058e-01         1.4937799088481168e-02         1.2614157666454719e-02        -9.4289768241528817e-03        -1.7188443125120155e-02        -1.7342464083571274e-04        -1.0941937773348460e-03         1.6540567948390914e-04
36                                     2.6935984282604247e-03        -3.2635418147999307e-02         3.4471884178526283e-03         2.7610614334035743e-03         9.3747257637120853e-04        -8.6363729986934881e-02        -4.0233465332240405e-02         7.3527311852594852e-03
37                                     3.8502810940009562e-02         6.2219624812522162e-02        -1.2695738832492900e-01         1.8612608546449860e-02        -1.7892445820232476e-02         2.8425961061811861e-02         5.4894686603674490e-02        -2.8179830184026294e-02
38                                     4.4541729725173812e-02         1.8867976573770956e-02        -1.2621704549812279e-01         2.3283208127803635e-02        -1.7555084289593674e-02        -7.2677586444952980e-02         6.0421826712966035e-03        -7.6357050319244332e-03
39                                    -2.2311666097980420e-02        -4.9336215710818802e-02         7.8144813426063262e-02        -1.2036279302882083e-02         1.3702497786688979e-02        -8.8799557746827726e-02        -8.4532626158596177e-02         3.4603546301688595e-03
40                                    -5.4210159718496555e-02         9.1001878492592472e-03         1.5245963939588483e-01        -3.6047242953026484e-02         2.6874364304703423e-02         7.7663532936763660e-02        -6.5633393600634249e-02        -2.9743625497352873e-02
41                                    -6.2670518217042811e-03         1.0202381249047128e-02         1.7612577367427530e-02        -6.9380499541207693e-03         4.7140007594328763e-03         2.7840997283191771e-02        -1.1856091113188102e-02        -1.1101639048161945e-02
42                                    -1.2662545019217791e-02        -5.5163752589639327e-02         5.5461381814400974e-02        -7.7732277511153615e-03         1.1086957562950649e-02        -1.0187920544473592e-01        -7.3825371913903939e-02         2.5399543729529152e-03
43                                    -2.8939677596602480e-02        -1.5096784982461864e-01         1.4036655729133615e-01        -1.8590061932790742e-02         3.0197154208764020e-02        -3.4953069735201475e-01        -2.2666569891391458e-01         9.7028154241776098e-03
44                                     1.3089849013510459e-02        -7.6669247395656573e-02        -1.2213182885176140e-02         1.0161714412031684e-02         8.5355444483372852e-04        -2.3642726095878505e-01        -9.4229929718423630e-02         1.1209694457555030e-02
45                                    -2.2626692751710847e-02         4.4692298403914588e-02         2.8672063879165333e-03         1.8350658881704996e-02        -1.8676991159376297e-02        -9.3420822331980943e-02         7.3334138012172943e-03         8.8289835915395000e-03
46                                    -5.1047842477572207e-02        -1.9607406460129852e-02         1.5380970770399049e-01        -3.3529961828643005e-02         2.3353035171244711e-02         2.0331856526076619e-01         1.0420564012822102e-01         2.4956114992589476e-03
47                                    -4.1208171292082775e-03         1.6757223850999321e-02         1.4130108428739310e-02        -4.9912950951073072e-03         1.4615369630129810e-03         7.7232354979709122e-02         3.1215684366986178e-02         3.4593076231121717e-03
48                                     2.9588744070587963e-02         3.3605207134474881e-02        -6.1880545524288913e-02        -8.3544423475541175e-03         7.5920895481827386e-03         3.0353200798356045e-03        -1.3997740421404981e-01         9.6006956095623965e-03
49                                     2.4795668249951087e-02         3.9134041569471194e-02        -9.8573826283662611e-02         3.1035781744590433e-02        -3.1269323346561212e-02         1.0885586195780574e-01         2.1081084408116532e-01         5.9004613635452886e-03
50                                     4.8429359174076807e-02         3.7544811109973146e-02        -1.2684212103505874e-01         1.6837526495806488e-02        -1.6397824692725136e-02         7.0544481649259264e-02         4.9505527794471732e-02         1.5130316595652322e-02
51                                     5.4483432761821361e-02        -3.5509823134445401e-01        -1.2241316832251731e-01        -5.9513055749672791e-03         1.7407573056086468e-03         9.1112317956434222e-02        -7.7298205382394847e-02         5.1812447568555034e-03
52                                     3.6812617964592995e-02        -1.5143327645131652e-01        -1.0764779224480200e-01         1.1713697402119069e-02        -1.8835484854950485e-02         7.7994673410208298e-02        -5.1634792828404247e-02         7.3179827452370290e-03
53                                    -1.3430157452570134e-03        -1.3591558577325577e-01         2.0521138573435536e-02        -1.3445152545727628e-02         2.7173113517172161e-02        -1.1200116282489284e-01         5.8022490193008244e-02        -4.3602040025291821e-03
54                                    -6.1318568282393404e-02         3.6124540944438227e-01         2.1273380057525235e-01        -3.1981766666118877e-02         8.1840464674825496e-03         3.8008881606772134e-02        -5.7117277040968091e-02         3.1992403864723518e-03
55                                     1.7158875137625769e-02        -1.2127157312982563e-01        -4.9470010419617676e-02        -1.1662889377737103e-02         1.4887058873690172e-02         4.8112695098045478e-02        -1.1521657888233512e-01         4.0658743246911253e-03
56                                     1.5222947484712703e-02        -1.2664892584785117e-01        -5.7354591196343417e-02         2.8240714050490279e-02        -1.1407391418232635e-02        -5.2053005397035605e-02         1.7875126143156123e-01        -6.8018277517278630e-03
57                                     4.7699961812369129e-02        -2.9100406491881026e-01        -1.8087181909210648e-01         3.7037840335514563e-02        -1.8074325626695486e-02         2.9746400743954005e-02         8.3702576567645473e-02        -7.1920071525558590e-04
58                                     3.8531334687332150e-02        -2.5109630929708959e-01        -1.2915791935297261e-01         2.0003258201911206e-02        -7.7864342176596707e-03         8.9695467206934151e-02         9.6630551879349057e-03         1.2733696057404798e-03
59                                    -1.1251233193947439e-02         1.0840810693235324e-01         3.5442176556964432e-02        -2.1362956649196340e-03        -3.4479911792195481e-03        -1.5411960258975879e-01         5.9643196694570223e-02        -2.9911726596217364e-03
60                                     9.6503137170737951e-03         7.6274114630014961e-02        -9.7104661903436099e-02         4.5838191813790945e-02        -3.5259665389295772e-02        -3.4884044355934879e-01         2.6201396749033318e-01        -1.0296881814723172e-02
61                                     2.8797063276865688e-02        -1.0649225668498309e-01        -1.1919074369293230e-01         3.1317364937682085e-02        -2.2255571838582528e-02        -9.0144970487990417e-02         1.1137300341375780e-01        -1.9405204821208017e-03
62                                     8.8536513517834623e-03        -1.1778629283611025e-01         4.1087928374303568e-03        -1.5353621486022276e-02         1.3425721514181185e-02         1.9368468072186940e-01        -1.2274325563628713e-01         6.1396633960770506e-03
63                                    -4.7872812156475951e-02         2.8480321006268167e-01         1.4518166885774478e-01        -1.8625054116775428e-02         1.3393458352511765e-02        -5.4843293596461756e-02         1.7502916231301374e-02        -4.0189132247782930e-03
64                                    -2.1032297606083791e-03        -1.9990466461090161e-02         1.3679509936843930e-02        -5.6133007377053698e-03         6.8899146705880820e-03         9.6378774965893671e-02        -5.0484949907035483e-02         2.6400183411874065e-03
65                                     4.1660671856983980e-02        -2.1060724783721088e-01        -1.3663711264748021e-01         2.3399652118247165e-02        -1.8225973490725862e-02        -5.7907472110470731e-02         4.9216136602845718e-02        -2.5354528065784970e-04
66                                     8.8793132296921262e-03         1.2536002520296685e-02        -5.0225668964757074e-02         6.3518628809825194e-03        -5.4836020319613283e-03         1.3080368264662657e-03        -8.6946684669062774e-02        -2.0443395171257611e-01
67                                     6.4064902480601479e-03         2.7778144133391674e-02        -4.7444014121989730e-02         1.9709646690909972e-02        -1.9700225399201295e-02        -3.4742003612622079e-02        -4.1769575984523404e-02         1.3753741077463394e-01
68                                    -2.0991035717660259e-02        -8.4748389020124534e-02         1.4108638348032543e-01        -4.9091456761143550e-02         4.7370520993457003e-02         8.0566029443119455e-02         1.0653030422700031e-01        -4.2015565893982254e-01
69                                     5.2707422627461878e-03         1.6832160476821473e-02        -3.3921750027272136e-02         2.8119378617768665e-03        -6.8683784742382928e-04        -8.5492290147130769e-04        -4.9836776652671659e-02         1.1904471387767654e-01
70                                     8.5246689578875861e-03         8.5012862663883439e-03        -4.1910898043046867e-02         1.8138724441775094e-02        -2.3111027696202602e-02        -1.6621233909308503e-02         5.9442394285306463e-03        -3.2526821470546663e-01
71                                    -2.9533335391757551e-02        -6.8172183948244286e-02         1.7768536402047802e-01        -5.5985775383676578e-02         6.1145296225456579e-02         6.3944234143887058e-02         1.4949779497573809e-01         3.2368746691623967e-01
72                                     2.0020893316233194e-02         4.5853620108916249e-02        -1.1800283260833472e-01         1.6785611059473911e-02        -1.5889327715683840e-02        -1.6864985530355063e-03        -1.4592026102175168e-01        -1.1151969072539800e-01
73                                    -2.0598681440893961e-02        -5.4906258874182309e-02         1.2041670654770251e-01        -1.9217915913171991e-02         1.4451690700441855e-02         2.2698664472650565e-02         1.8452057029642890e-01        -2.5032378210323275e-01
74                                     2.9396279833166533e-02         6.7440321059832511e-02        -1.8036406947010145e-01         2.4024927042666313e-02        -2.2048584402164235e-02        -7.3285983302702595e-03        -3.0437039924929032e-01        -7.9174484382341648e-02
75                                     5.1942326227264225e-02         1.7700929743145559e-03        -4.3009537131059858e-02        -2.5755684058437861e-01         3.2377058772954284e-02        -1.7150360625542756e-02         1.7526206126529303e-02         2.8224719620163850e-03
76                                     1.4236057758767842e-01         2.6132376982287212e-02        -8.9063522015955646e-02        -4.1546218925076195e-01         2.1094101186017902e-01        -3.2224981460677364e-02         3.5158445747050085e-02         4.1142666918059893e-03
77                                     1.7326910366825754e-01         3.3976316092903081e-02        -4.7574928522036729e-02        -1.4652485984910399e-01         3.4406969762363343e-01        -2.0848775603628793e-02         2.6519089566746919e-02         2.5248448010108697e-03
78                                     4.2968244877872909e-02        -4.0532480777005789e-02         1.3354347055348337e-01         3.2026487533233144e-01        -9.9386034124131592e-02         1.6348256401030808e-02        -1.4660525215866485e-02        -6.2091096857166501e-03
79                                     1.4726569470576270e-01        -1.2137352532276071e-02         9.1104959234989985e-02         2.7339860471185840e-01         2.0136612013178742e-01         3.9524236283464392e-03         3.3983258009356908e-03        -4.1231843294688795e-03
80                                     1.6263077142975987e-01        -1.6340581111356639e-02         1.2720748591443470e-01         3.7301562894148699e-01         1.9740065322975664e-01         7.8618624711900564e-03         7.1641430816034855e-04        -5.4056733684327016e-03
81                                    -8.5482015141478240e-02        -6.1310264234063980e-02         9.0716700777370679e-02        -1.1425888134655217e-03        -3.5457908605994037e-01         7.7786005547853107e-03        -9.2157049175946269e-03        -3.8290038326897415e-03
82                                    -8.5225864305506910e-02        -5.2273030543336256e-02         3.5165118643952942e-02        -2.5971303537438079e-01        -3.4651582077027693e-01        -7.5120460827779933e-03         4.8770589912281968e-03         2.8167102766035366e-04
83                                    -6.4736725445122739e-02        -5.7518041041014219e-02         9.6167173591064609e-02         5.5902074305463588e-02        -3.0985213127964256e-01         1.0391297858412567e-02        -1.2282198552194120e-02        -4.1784249579360560e-03
                                                        40                          41                          42                          43                          44                          45                          46                          47

0                                     -8.1636650161799017e-03         2.3027777411551653e-02         9.6026792198483771e-02         4.6567707917274902e-02         4.3628141419739530e-02        -7.5441685454455823e-03        -4.6608047406700627e-05         1.3898974783825936e-02
1                                      4.5499033442835360e-02         1.0469500713218328e-02         5.4247332670385645e-02         2.2039731664485727e-02         2.1014272223378597e-02        -2.3963276300850298e-02        -2.0255917882882284e-04         3.5604282606298131e-02
2                                     -1.0240022823844711e-02         3.6084465412593046e-02         6.7643038734808855e-02        -2.2162938059029483e-02        -2.9481581861266676e-02         5.9007865097002808e-02        -4.1034418069945972e-03        -5.5546877095237444e-02
3                                      5.5413477472640187e-02        -9.9567248634244744e-03        -5.9562526098093677e-02        -7.2059114596541032e-02        -5.5820352746744309e-02         1.7464748369706462e-02        -1.8174345462038406e-02         3.5554593075387428e-02
4                                     -7.7637834728782093e-02        -2.3361818753766427e-02        -1.0139664224332601e-01        -2.7674458396577842e-02        -3.1416906163663993e-02         3.5894022695272997e-02         1.0861954704491269e-02        -3.6462564317274744e-02
5                                      2.5302300418773113e-02        -3.7958578709981546e-02        -9.0205499007635595e-02         3.6372714611030019e-02         3.9302182704262049e-02        -7.9966218311780371e-02         6.2079704786308296e-03         4.1581594562651307e-02
6                                     -5.2253612998308718e-02        -4.3857473092824371e-03        -4.1047345613301504e-03         1.7871276255128948e-02         3.7824933477545723e-02        -1.6321439774537344e-02         3.0900526776009071e-02        -9.0528594006822533e-02
7                                      7.1122089656009560e-03         7.5900159294102635e-03         2.4521672491001709e-02        -1.8906503846236832e-02         3.9633519169891267e-02         3.7488240571094851e-03        -2.4076262261394896e-02         6.0170691252027536e-02
8                                      5.3345805444484147e-02         2.0704089465533659e-02        -1.4656359777377325e-02         3.2314562914373561e-02         1.2807300594555312e-02         5.6620257894794600e-02         7.2247145106858800e-03        -5.8491670461468886e-02
9                                     -3.4923201654553093e-02        -1.1008922687238548e-01         1.6262426044493947e-02         8.1888406546760634e-02        -3.6896359527922758e-02         5.6453756203450105e-02        -2.1230613708434893e-02         3.4306517296607941e-02
10                                     4.8199862233707570e-02         5.8220941638526119e-03        -2.5225340176308069e-03         7.3500269528142342e-02        -9.4969667437426367e-02        -3.5229565970248455e-02         2.4519864611982769e-02        -4.1004470276053549e-02
11                                    -4.3982901328300544e-02         6.2628295814811273e-03         4.9926082872334833e-02        -7.0664294668680738e-02        -6.1896674629918262e-02        -6.3575799035455682e-02        -4.8336763147747205e-03         5.8926318867312401e-02
12                                     1.8291232775407468e-02         9.1118154001224527e-02        -4.5250898178065373e-03        -8.0368694649527242e-02         2.6492793689065396e-02        -4.7339641711554283e-02         7.6963930614217238e-03        -1.5331427795124055e-02
13                                    -3.4984055363365456e-02        -1.4437885097003906e-02        -2.1101834428778276e-04        -3.9063566001576622e-02         6.3155951972360000e-02         2.9931271411722599e-02        -1.3928093523385511e-02         1.7022586503012485e-02
14                                     2.4034791351755590e-02         1.3564848485547055e-02        -2.4276383686576489e-02         7.3750225693713410e-03         5.3134393546192003e-02         1.6960355332373549e-02        -3.5868928446794484e-04        -1.7536516387286743e-02
15                                    -1.8432401074123032e-02         5.8890449528649844e-02        -3.5370187037868872e-02         4.6696829339947406e-02        -6.5399186528564031e-03        -1.8853237885524204e-02         1.6064572342688641e-02        -1.4361657060226084e-04
16                                     7.0091032361445562e-03        -5.5588042016853377e-02         1.7545510250372740e-02        -3.2870548717790035e-02         6.0419292953679052e-03        -3.6970860375100646e-02        -1.1201712144717272e-02        -3.2339866515789864e-02
17                                     8.4266595440311391e-03         6.2031082748252628e-02        -2.2171563736923781e-02         3.6303567304159894e-02        -1.3948912319299435e-02         1.1174239804552871e-01         1.1731752350546644e-02         6.9895624867502282e-02
18                                     7.3771988548193668e-02        -4.9706590065692932e-02         2.7810151993256590e-02        -3.4576420112146983e-02         1.9868574568005135e-03         2.3280748367608892e-02        -6.5073224413401938e-03        -3.8512730551288105e-03
19                                    -1.8138802808959509e-02         3.6965964508697623e-02        -6.5407207309345792e-03         2.3959855836238764e-02        -5.6862183617723029e-03         8.2587099716526363e-03         5.6406447620958389e-03         3.9518887400598222e-03
20                                    -3.9379332441976042e-02        -3.2389847166994182e-02         1.2792268910002810e-02        -1.6226053634066477e-02         5.9119421659094900e-03        -5.0055986198948160e-02        -5.0512515848289618e-03        -7.1465075553328334e-03
21                                    -2.6031684617021104e-02         7.0394381966023670e-02        -3.0654284573003180e-02         5.5280637608443067e-02         5.7800600361387997e-04         1.0943529112852112e-02         7.2334049425537335e-03         3.9248552072368138e-02
22                                     1.9316498191122678e-02        -3.5229364237304744e-02         1.5564922170656520e-02        -3.1080781650296110e-02         2.6943660151356819e-04         1.4183330564851420e-03        -1.0227350826515843e-02        -1.4271594919739275e-02
23                                    -2.4185274400568030e-02         2.5966440122374569e-02        -1.4073501024266273e-02         2.0972352009217290e-02         6.5422139533812711e-04        -1.1796264278948922e-02         1.1125200337356811e-02        -1.2440151304030584e-03
24                                     6.6517728131967524e-03        -3.3021508193345699e-02         1.7498461793755277e-02        -2.5817256689773967e-02         4.1188327934633161e-03        -1.8613003852258046e-03         1.6898493648346873e-02        -5.9141039147248050e-03
25                                    -2.2233008699241970e-03        -3.1680259567048279e-03         2.1228178566760824e-03        -2.7931209826525202e-03         4.8317806899021666e-03         7.7153197357194767e-03         9.4869703899166630e-02         1.2102678551137305e-02
26                                     3.2592239591387804e-03        -7.5901414942324170e-03         2.9971033990938162e-03        -3.7554096652900712e-03        -1.3689688700285630e-03        -2.7523603993992148e-03        -4.8562960358523220e-02        -7.0379617912200241e-03
27                                     1.4251390371477523e-03         6.8545935823735252e-03        -4.4629186080695103e-03         4.2723499776455096e-03        -1.5316454007932505e-03        -1.1121402895609006e-03         4.9818435981653676e-03        -2.5792143947106598e-03
28                                    -1.0476599769011260e-03        -3.6422086537613587e-05         2.4989905889121833e-04        -7.9398645139391150e-04         1.2594257907397113e-03        -8.4531580308505589e-05        -3.3357151221235872e-03        -3.9532049659900927e-03
29                                     2.6149763879092756e-03        -2.3184637421352975e-04        -3.8758683636266195e-04        -2.5449650255711851e-03         4.1418862085409070e-04        -1.0797242314028131e-03         1.6833311731000850e-02        -4.0049290449935496e-03
30                                    -8.7343648630842376e-05         9.3513980820010192e-03        -5.1045444166966372e-03         6.4907783179385704e-03        -3.0783227691815202e-03        -2.3215691479501711e-03        -3.4579552580260485e-02        -2.3456983504895322e-03
31                                    -3.1215318772859291e-03         3.0146433408715534e-02        -1.5143171056667447e-02         2.3534712113406981e-02        -1.0897046640657583e-02        -1.1574149458893311e-02        -1.6114149376723660e-01        -1.3818215103213740e-02
32                                     2.5618616450323716e-03        -1.4511560919608672e-02         7.0405952948812758e-03        -1.1259293082231605e-02         4.3033331257144886e-03         4.4684028301239841e-03         7.6582037168345218e-02         5.5930673702079626e-03
33                                     2.4380345423978232e-03         1.1146264860656455e-03        -1.5961551922938039e-03         1.1893690769859452e-03        -1.1931226314792097e-03         5.6602540662313051e-04        -6.2247238965318068e-03        -7.3194164479942344e-04
34                                    -1.0942144622450899e-03         5.8542096439864527e-04        -1.0075214306094311e-04         5.6729709184258370e-04         3.3573171329388991e-04        -3.2082442150655225e-04        -5.8789666449303609e-04         9.7321021145196541e-05
35                                    -2.7837076329904008e-04        -2.1908412555578616e-03         1.7293528811645543e-03        -2.2801909060917039e-03         4.5148888843212772e-04        -5.0522764440582093e-04         5.9711069870859428e-03        -1.6525519345517633e-04
36                                     5.8222578881708772e-02        -3.6301722053992805e-02        -9.4211014211838959e-02        -6.6467980388738570e-03         6.5757581306457842e-03        -6.3268644694465845e-02         1.2188785895063679e-04         8.4737145031657579e-02
37                                     5.4325745638197476e-02         4.3149890036733016e-02         3.1192682967070812e-01         1.9845213612653559e-01         1.8692695909800777e-01        -1.0987688591225886e-01        -1.4684925035609347e-04         8.8053044941234587e-02
38                                     1.0784479535148180e-01        -2.4313194143981479e-02         6.3382660663843529e-02         1.1401759743016733e-01         1.2033052859063934e-01        -1.4518421083098218e-01        -1.8079478077424650e-03         1.2951593977449549e-01
39                                     1.8169158684665461e-02        -6.8240896754073761e-03        -9.8043387882013999e-02        -1.1502249824881951e-01        -1.0839585501564930e-01         7.3830841197659439e-02        -1.1244556908445228e-02        -6.0167599095770526e-02
40                                    -9.1557556363802126e-02         1.4973697362266106e-01         3.2137461717434784e-01        -6.4643235145880232e-02        -8.5672788720585522e-02         1.9009965592441558e-01        -1.8335807873417247e-02        -1.6425429614412196e-01
41                                    -3.0764914398795133e-02         6.2118895481868421e-02         1.5328043042655509e-01         7.8364919261860334e-03        -4.5151275765935609e-03         6.3893520014564928e-02        -4.1595250339576326e-03        -6.2152657140951917e-02
42                                     2.2093408504256663e-02        -6.5901862227803372e-03        -5.2243658678951296e-02        -5.8304540091795642e-02        -5.0979339515429177e-02         3.4093040343809611e-02        -4.1521022727027089e-03        -4.0224626296649406e-02
43                                     1.0396512886418992e-01        -4.1118702028152404e-02        -1.8413612602936588e-01        -1.3882307757298160e-01        -1.2264759504556656e-01         2.8691785152020026e-02        -6.3176331737219964e-03        -4.2738972658100630e-02
44                                     1.3378791384753705e-01        -6.4513856519659046e-02        -1.3233005698666248e-01         2.7202318760487003e-02         4.4628966159647197e-02        -1.3011622907078621e-01         4.7303882613583354e-03         1.1195740534420168e-01
45                                     2.2637781729858181e-01        -8.8353445607528627e-02        -1.3178753234420301e-01         1.5710096774527590e-01         1.4307737403576798e-01        -1.5185355479437226e-01        -1.6813180004023988e-03        -4.2117388431953583e-02
46                                    -2.1582462389113005e-01        -4.6674031075745380e-02        -5.3156287790472836e-02        -3.4639436805077931e-02        -1.2834069231691574e-02        -1.0776652531776267e-01         2.9897506593464886e-02         2.7400467021418995e-01
47                                    -4.1693330104876275e-02        -1.9193307625945982e-02        -6.7589844751750908e-02        -3.1566935792744076e-02        -1.6905556232710735e-02        -5.2278427190437259e-02         4.7524155751020756e-03         1.1162661585079545e-01
48                                    -4.3213316887395485e-02         5.3914512766739885e-02        -3.7305511401358307e-02        -2.2029377243256798e-01        -1.8603652355942543e-01         1.8281666659816906e-01        -1.8598679746140143e-02         2.0410476588910750e-01
49                                    -3.6577095087073457e-02        -6.3936458392565440e-02        -1.1231789513255254e-01         1.0386118931483984e-01         5.0336405935575430e-02        -3.9482162075215592e-02         1.4844108961119656e-02        -4.3370785721341387e-01
50                                    -8.8016996239289769e-02         2.1994088223558798e-02        -5.5321195191396312e-02        -4.9119028825370205e-02        -7.6933668086128101e-02         1.0078281339594053e-01         8.8126540590236953e-03        -1.6068916478247497e-01
51                                    -3.4376419233629843e-02        -1.1366212750598392e-01        -3.3285981442849728e-02         4.5152069102546544e-02         1.5831786690382196e-01         1.8754588958641427e-01        -4.9300844745990252e-02         5.9287452369439192e-02
52                                     9.4944671559734725e-02         3.8802914999041503e-02        -2.8369322267187493e-02         6.1361005081582994e-02        -2.1699786706244086e-02         4.7030281256063865e-02         8.1179313968994526e-03         1.0582249930418116e-02
53                                    -1.9436592633798408e-01        -1.0553104409855957e-01        -6.2529369922621229e-03        -1.3770544202189897e-01         2.3536062781477454e-01         8.6360243228331066e-03        -4.5163261034106797e-02        -5.6729999410081201e-02
54                                     3.0508079500084211e-02        -5.7156911272819508e-02         3.0532700533821632e-02         1.6537689808854528e-01        -2.5477494813876350e-01        -4.9113754176723326e-02         4.9463698698495845e-02        -8.6146065113438634e-03
55                                     1.4668048241333522e-02        -2.3975023173943892e-02        -8.5320836206722678e-02         3.3645122944904078e-02         1.8414800498262882e-01         1.6939827716840045e-01        -2.0013245112053192e-02         4.4213193926318770e-02
56                                    -6.1459508134231698e-02        -1.2778495674172767e-02         1.3031708883713491e-01        -9.1475413426842705e-02        -1.8817914404012712e-01        -2.0114295609868105e-01        -1.6863710238966725e-02        -8.4434769050439930e-03
57                                     5.7026872759533574e-02         1.2660216865567311e-01         4.9576361471861362e-02        -4.3440277205923750e-02        -2.0713837938290275e-01        -1.5618563171354460e-01         3.2796627064917712e-02         1.4279532742000927e-02
58                                     8.0400805726011909e-02         1.3623970258601747e-01         1.4334982874972372e-02        -4.2916252500697853e-02        -1.0724637155962563e-01        -1.0861258121507179e-01         2.5738598247859804e-02        -6.2234582361962599e-03
59                                    -1.3360999296720241e-01        -2.2910334245739858e-01         3.3748761844696898e-02         8.8405398938006044e-02        -3.7965105917277188e-03         1.1157420845976454e-01        -3.5711851679066653e-02         7.1490149827622820e-02
60                                    -1.8392079076960155e-01        -1.8392906444734272e-01         7.8984640505577325e-02        -1.8834079356764392e-02        -3.5116867093064483e-02         2.5210559317088831e-02        -2.1829605278092152e-02         4.0428260824367970e-02
61                                    -3.1226347559170517e-02        -4.8758544425561372e-02         4.8304725124109001e-02         3.4600566163221748e-02        -1.5641674015579235e-01        -5.1016277626690219e-02         1.2778688230239973e-02         1.1146977337630412e-02
62                                     1.1505735720774440e-01         1.0721345518535659e-01        -2.7840071539174116e-02         3.4381030916181360e-02        -7.0065397637276830e-02        -6.8165359067391670e-02         2.9828688868112543e-02        -4.4907057374900139e-02
63                                    -4.9583839930532662e-02         8.3525103398968487e-02        -3.7269181589330541e-02        -1.9755685998055963e-01         2.7510471331660941e-01         4.7304447754826569e-02        -2.9362771793426671e-02         3.5262220318370473e-02
64                                     8.4553245306752206e-02         1.6433403154813522e-01        -4.2132545349301567e-02        -8.9687429189865553e-02         6.9681633449587235e-02        -6.7244441297027294e-02         2.4360563760890401e-02        -7.0822326567913443e-02
65                                    -4.2089960427382903e-02        -1.7255175829961927e-01         5.6626909225952336e-02         1.7334220757116858e-01        -2.0397335080408713e-01         2.4562942513209840e-02        -5.1423700621570367e-03         3.0856712973710024e-02
66                                    -9.7494394295306777e-02         1.2247063734488450e-02        -2.9658324899295537e-02         1.5666136380220970e-02         7.2881164519645984e-03        -8.9508695664604759e-02         6.9080418856917840e-03        -4.2915796963956233e-02
67                                    -8.2030236025036729e-02         7.2417860148529078e-02        -2.3038412122070695e-02         5.0004160131824446e-02        -7.8614093489643190e-03        -9.6521631187114123e-03         1.1523483612819982e-02         1.6401915027165891e-02
68                                     1.8603692597081622e-01        -1.6847376181398327e-01         4.9818755972348173e-02        -1.1217344303791428e-01         2.1359887016628418e-02        -2.5768929630117177e-02        -2.6188840913364986e-02        -9.8887041278509877e-02
69                                    -5.1013785765950413e-02         3.2842875128350595e-03         4.8447249679218580e-03         8.7833371209550103e-03         1.7026974918825574e-03        -4.2747772452874450e-02         3.9148353787515208e-03        -1.5016553131437207e-02
70                                    -5.6355717915967498e-03         5.4693872537065848e-02        -4.2012735254069192e-02         2.9345602726203016e-02        -8.6714798164250519e-03         8.4504915532712083e-02         3.1041812999595491e-03         7.4622301468019708e-02
71                                     2.2749848270625447e-01        -1.7931857750938771e-01         1.0483186663019628e-01        -1.2589580102166770e-01         9.8650405165814706e-03         8.0160117407919122e-03        -2.6502435345186193e-02        -6.5599413981049778e-02
72                                    -1.4777268016120687e-01         8.2643354949370178e-03        -2.2051091862355727e-02         4.9072184326717765e-03         4.2403696798166256e-03        -9.9373264119377511e-02        -5.2841010128646584e-03        -3.5962459410267877e-02
73                                     1.7802838423596373e-01        -2.1521489122711610e-02        -1.3911137733824233e-02        -1.9159957928564592e-02        -3.7794349583398067e-03         1.2245667549830647e-01         5.8559851699812471e-03         5.1529046235121362e-02
74                                    -3.1047829742189609e-01         3.1610169683044406e-02        -3.6932460206195665e-02         2.7814773641103293e-02         9.1351688130233248e-03        -2.0727241366976260e-01        -5.7665193220348869e-03        -5.3851029939645800e-02
75                                     3.4851519104850417e-03         1.0639820952540130e-02        -6.4384537810797081e-03         3.4284157389975331e-03        -1.2580739076108191e-03        -3.1518731754591588e-03         1.3823291139711662e-02         1.5629976257709871e-04
76                                     6.1357490049739093e-04         3.0623002025009637e-02        -1.7067968985014541e-02         2.3032281198391347e-02        -1.0472754881626960e-02        -5.4533859211148509e-03        -5.1810339129640302e-02         1.3532863481889458e-02
77                                    -2.8780696442911745e-04         2.6539219411946331e-02        -1.5665626254619303e-02         2.6433272822587058e-02        -1.3597693195331436e-02        -3.3562225012364953e-03        -6.8072387046960517e-02         9.1731511315363036e-03
78                                    -5.5758190871951219e-03        -1.8750114298010786e-03         2.9574158939718437e-03        -2.3403362966705043e-03         2.4387762705700556e-03        -2.9636250884495052e-03        -6.4805834576867741e-02         1.4623520955469883e-04
79                                    -6.4026172401781623e-03         1.7726138891395564e-02        -9.8921207498619459e-03         1.9225042287395487e-02        -4.9142365521060065e-03         1.2991209571812706e-03        -5.1833665604430909e-02         8.6749064689575009e-03
80                                    -8.8865570705346734e-03         2.1755811460140429e-02        -1.1848704756937920e-02         2.4681817679077907e-02        -7.2217941976228592e-03         2.5554863715907206e-04        -9.2902416267919827e-02         1.6298603815147375e-02
81                                    -5.2755392194398787e-03         3.4214579812215165e-03         7.1757909769279882e-04         3.7045261847370244e-03        -2.1571738095348806e-03        -8.4581733131373156e-04        -7.8623739077843133e-02         1.4912968029780259e-02
82                                    -4.2685975209353554e-04         8.7730638666837692e-03        -4.3203094694892101e-03         4.9921127346125469e-03        -1.4115477514155398e-03         5.9764420334766394e-04        -4.7480190103115112e-03         1.4129476358889099e-02
83                                    -3.4667211507248196e-03        -3.4914443424205570e-03         4.1547191897785673e-03        -3.6618636697552777e-03         9.2294512272649563e-04        -1.1107057692913075e-03        -5.4019091227664143e-02         4.2651267282412860e-03
                                                        48                          49                          50                          51                          52                          53                          54                          55

0                                      5.3545427325539892e-03         1.0478324640816163e-02        -2.9372694677456822e-03         3.3063239834031810e-02         2.1054648438714792e-02         9.6266200331551373e-03         1.6473169045991404e-02        -9.4299708670088377e-04
1                                      3.0339471079185230e-03         8.4868313078409596e-03        -6.4729742488505619e-03         3.9128300457676221e-02         2.2476165582875924e-02         3.6230072699879379e-02        -1.0743474200216790e-01         4.6530521149209456e-03
2                                     -1.3992161532057658e-02        -3.0088083515932063e-02         2.0156006728616799e-02         2.9921587694548543e-02         1.4237554801622693e-02         1.7696163499014320e-02        -4.5160639084991808e-02         1.4612621455297660e-03
3                                     -2.2725442685392210e-02        -3.5349754251691276e-02         1.6736404780014955e-02        -3.9321805566923738e-02        -1.5304417661482253e-02        -1.2160419090502429e-02        -1.8134405273713072e-02         2.9120985263288708e-03
4                                      1.0558073058299304e-02         1.3615567691784283e-02        -5.4044894906534217e-03         7.8127244547401803e-02         4.8065000466694555e-02         1.8744088308527002e-02         8.0067841677003829e-02        -5.3866883488931901e-03
5                                     -3.5306749370126360e-03        -6.4267316321040893e-03         1.0147030672941284e-02         2.8882646810494017e-02         1.1946288669295009e-02         5.3378170923581705e-03         3.5639521690073346e-02        -2.8779507879757899e-03
6                                      5.7805108459533891e-02         8.5349641176038119e-02        -3.6254602553261073e-02         7.9977167247578043e-03        -1.6165508735544995e-02         2.1397206816461189e-02        -5.9579188337751093e-03        -5.0794581354317797e-03
7                                     -2.3355698429121989e-02        -4.5586685589911490e-02         6.4245594082183305e-02        -1.2845357887528157e-02        -7.6267782109479109e-03        -2.0973733068033476e-02        -8.6398176309822397e-03         3.8534663915393784e-03
8                                      2.0090064296062079e-02         3.4717986458660914e-02        -3.4328187825265116e-02        -2.5658034985096626e-02         2.2765633236130928e-02         4.8708462350340511e-03        -7.8293335900907670e-03         1.6288900097333446e-03
9                                     -2.9156127598457884e-02        -2.8765203595157156e-02        -1.2290396741093647e-02         5.3523713823730565e-04        -3.6848239229249598e-03         2.3942134111173043e-03         9.2807605089933673e-03         6.6312366519981529e-03
10                                     1.4868895143159732e-02         2.7157315442434292e-02        -2.7049010266416238e-02         2.4773918457180792e-02        -2.7808693597867230e-03        -7.0627427174174270e-03         7.7243945627007227e-03         2.6958037705979913e-03
11                                     1.1301636554508908e-03        -1.8441562274665403e-02         7.7166176031726541e-02        -2.5275994501164658e-02         1.2319561334586031e-03         7.6087737746063583e-03        -1.0617696899308320e-02        -6.1504673105233195e-03
12                                     6.2786075910415398e-03         8.7541356935478282e-03        -1.1817856245211754e-02         3.5852079445417684e-02         2.7097201529471707e-03        -9.4339125991073233e-02        -2.1922153743263638e-02        -4.0143850183369219e-03
13                                    -2.9985800721526609e-02        -3.1188477051384531e-02        -4.0705046000562517e-02        -9.0757041760383401e-04         3.2952796548543902e-03        -3.7394188260570893e-02        -1.5925056673427768e-02        -5.5679481914453453e-03
14                                    -1.3551495728880852e-02        -8.7229012976119350e-03        -4.1166649778206443e-02        -6.8864204993315465e-03        -9.1041921450814422e-03         5.9868631727299927e-02         1.8726966779269324e-02         3.4265470122461419e-03
15                                    -2.6156002734718877e-02        -2.8413756919737354e-02         1.6558727148647348e-03        -6.4720415067414244e-03        -1.1292371672108159e-03        -5.6096554613170391e-03        -1.2877103437673750e-04         2.6786608608147166e-03
16                                     5.8638381700495835e-03         5.1989649274449955e-04         5.2622906595739798e-04         3.5668165968950117e-03        -1.1825317161123024e-03         9.1091780628812322e-03         1.0841247135867237e-03        -1.8191974819412862e-03
17                                     1.7255553778727711e-02         3.3658548933106630e-02        -3.5752354749919741e-03        -6.2176672734771488e-04         4.2219106889760955e-03        -1.5326293751575628e-02        -1.7466030784293060e-03         2.1233857780454408e-03
18                                     1.2868052271401139e-02         1.9060841866631477e-02        -4.2277601005323538e-03         2.1726706619751322e-02        -4.0469846394482874e-02         7.9891219745695120e-03         2.5783724024008663e-04        -1.5483703043433009e-03
19                                    -3.4503338212517978e-03        -5.3922692695418401e-03        -4.8237972749552950e-03        -2.7609549013224776e-02         5.4730505481165675e-02        -9.5771118365937449e-03         1.8328323573428707e-03         9.5514657452449236e-04
20                                    -1.0435781291150487e-02        -1.6400328128435709e-02         1.3858868593476044e-02         4.6206445576403937e-02        -8.9642280895755391e-02         1.3911773212130718e-02         5.1684178798217153e-03        -1.7160687148729710e-03
21                                    -2.4021999242167316e-02        -4.1923554646304241e-02         2.5322171349859760e-02        -1.6956469488339374e-02         1.8049641383847317e-02        -3.6593800473056488e-03        -3.0971052743730253e-04        -1.0368361226554040e-03
22                                     1.0241715405748184e-02         2.2194855891914635e-02        -1.1096024228519141e-02         8.0221813957030361e-03        -8.2904192408114353e-03         9.1393932009458181e-04         4.1348825637121641e-04         2.3562559621222810e-03
23                                    -8.5013766515215465e-03        -9.6444416603416357e-03         2.8696054849235747e-03        -2.8205860351151880e-03         3.4538711127702396e-03         1.8497282311658201e-03         6.5026595276008374e-04        -1.7470727116228272e-03
24                                     1.3527234728029577e-02         3.9390574697425323e-03        -1.8424612830651107e-03         4.2620210880663081e-03        -1.8915518519412248e-03         4.5385861853787339e-04         4.3911878179360366e-04        -3.9117597573426125e-04
25                                     8.8833063642041812e-03        -2.5066231744793683e-02         1.5405765576074803e-03        -2.6760324087185864e-03         1.1061746308554275e-03        -2.9050293234319990e-03        -1.7151000156857824e-04        -7.5882893705060952e-03
26                                     7.4997864006846344e-03         7.8570260012443254e-03        -3.9848913013214990e-03         2.0216858274737745e-03        -1.5957011628155136e-03         2.1399932766769311e-03         9.9003766781718781e-05         6.7850640795687886e-03
27                                    -5.6199106627837607e-02         3.3965546946635505e-02         1.0047657963587879e-02        -2.1872685876544082e-03         4.6950443212946820e-04        -6.7679721399029145e-04        -2.1722873107037758e-03        -3.1582505249929544e-05
28                                    -7.2457952706418582e-02         5.0958111945343929e-02         1.4723968404153060e-02        -5.5743078533460663e-04         2.2024797194477208e-03         1.3741412855169343e-03        -3.3345772201527206e-04        -3.5163642306737110e-02
29                                    -6.6630065435362928e-02         4.2484074596253654e-02         1.1675714150108140e-02        -1.8320654106084995e-04         7.4995636133336283e-04        -1.2484541547302082e-03         1.6826080351282462e-03         4.0279226677558212e-02
30                                    -4.3226428380884448e-03         5.9148666929669308e-03        -4.5664255475383309e-04        -3.5901610308357367e-05        -2.9763369331174737e-04         2.2364785483970883e-04        -1.9657013122665711e-04         3.6378588483302276e-04
31                                    -1.2227961484702513e-02         3.0615030794778269e-02        -1.1457779294488472e-04         2.1460282526657368e-03         4.8132708207800144e-04         3.3506959305877734e-03         2.2826544140819253e-04         5.0414841908223143e-03
32                                     4.0274931540172226e-03        -1.3434723756705000e-02        -2.6608967400723724e-04        -9.2817791076832250e-04        -4.5524588608413262e-04        -1.3679403776907849e-03        -3.7585128427683730e-05        -3.5719570981652305e-03
33                                     6.9954557879787864e-04         2.5992956988503619e-04        -1.7469049892959523e-03         2.1688475260423745e-05        -9.8543110417722624e-04        -1.6065720631779326e-04        -2.0007426096286279e-04         2.4574880269675136e-04
34                                    -1.0247353865483033e-03         2.4825065770954263e-04         5.3819388134844688e-04        -1.4681869658670466e-04         3.7174638675228580e-04         1.4859499251408963e-04         5.8399564345334530e-05         1.0148499496709595e-03
35                                    -1.5835825018526923e-03         1.3465014493416760e-03         8.4355723730579620e-04         2.9477562450599720e-04         2.0654780762680301e-04        -8.8468302312099650e-05         1.2821886914316687e-04        -7.6995102005746909e-04
36                                     1.0840550802760482e-03         8.5857762092983684e-03        -5.3369425779953667e-03         3.0963269851612524e-03         3.6595693408419836e-03         4.3750958940692766e-02        -2.0824650048973481e-01         1.2186234497033818e-02
37                                     3.4424758199262794e-02         7.3105966526452570e-02        -5.1180593156536121e-02        -1.2624990130415761e-01        -5.3782515784993205e-02        -1.1190629327502925e-01         3.3421402344435830e-01        -1.2742815665344229e-02
38                                     1.8632885588548701e-02         4.7661489690735692e-02        -3.8062070465179766e-02        -2.0730024844456413e-01        -1.0175628275743025e-01        -1.0116282903686374e-01         1.2412790502949174e-01         1.3867317992016285e-03
39                                    -3.1148272362038393e-02        -6.0574576620527738e-02         2.9742061377556486e-02        -7.4723965618166174e-02        -2.8094685221076474e-02        -3.3313718810275743e-03        -1.6697789673452992e-01         1.2205420424499111e-02
40                                    -3.0940204624424220e-02        -6.4228734580474456e-02         3.9183805935122343e-02        -2.2424543630600299e-01        -1.3539720965162350e-01        -1.5313228230087919e-01         3.2320916006189687e-01        -1.0530066348588470e-02
41                                    -9.7493997364730065e-03        -2.2380723232553721e-02         1.8438043658238829e-02         1.4432209503240661e-02         9.3261828909174595e-04        -6.7440063706013529e-03         5.8620398558323343e-02        -3.6680153479271161e-03
42                                    -1.8991876285105879e-03        -4.8372981544688616e-03        -3.5192286078725992e-03        -1.1031986044756682e-01        -6.1373397833453421e-02        -9.1962770473885638e-02         2.4987183042934272e-01        -1.1650455792179158e-02
43                                    -4.8778948201647233e-03        -7.9405518350445566e-03        -1.3276231060123047e-02        -2.1155052017113282e-01        -1.2353603917694775e-01        -1.3950110320127221e-01         2.9632106751108134e-01        -1.3841359123254597e-02
44                                     2.1625123858322028e-02         4.9272375236285020e-02        -3.1526687661470300e-02        -1.3438389527707031e-01        -9.3024044595467523e-02        -8.1621399827812177e-02         1.9498536072189210e-01        -8.9168916825751610e-03
45                                    -9.1776901236562694e-02        -1.9068495365628488e-01         1.6066660666213484e-01         1.3301103789803145e-01         1.1305922851424260e-02        -4.3498012051685665e-02         7.9751475951790121e-02        -1.2459178871868908e-02
46                                     1.6878161614644774e-01         3.5153243462876094e-01        -2.7958189719144172e-01        -3.6390685068686440e-01        -1.7748397909253930e-01        -7.4964510624854055e-02        -2.5266936115445388e-01         1.8318806353915265e-02
47                                     3.9779153317866127e-02         8.8445059009559235e-02        -7.2676968593613320e-02        -9.0057938787261427e-02        -3.2040830674197239e-02        -2.2830944043312875e-03        -4.1955741875639371e-02         4.9989968418205607e-03
48                                     4.8471056031791027e-02         1.1706306317523919e-01        -1.0267766909953117e-01         1.1951664676571019e-01         1.2168263271733895e-01        -1.7896931893600029e-03         1.1321476376785208e-01        -1.3663486205999769e-03
49                                    -8.8970846088792105e-02        -2.0982470775107417e-01         1.5877472631817499e-01        -3.0155862558607810e-01        -2.6505184448156466e-01        -6.9871864854637020e-02        -2.4124891057329992e-01         5.8915174814567275e-03
50                                    -8.0454778765392896e-03        -2.7415838760507859e-02         1.4048960581477908e-02        -1.6116441854214950e-01        -1.3409842056265853e-01        -7.8840131221589504e-02        -1.3698270387987027e-01         3.9545598149287806e-03
51                                    -8.3449873168955871e-02        -1.0119754329083555e-01        -9.9793287482320331e-02        -8.5593582447142338e-02         1.3728404088344441e-02         1.1515364220788946e-01        -1.7315413218566410e-02        -1.8310090850387720e-02
52                                    -7.3223200335274352e-02        -7.8500102863065024e-02        -1.5697949165830885e-01        -1.1437878403550079e-01         1.0624961364561425e-02         1.5209890445060598e-01        -3.0184994282252117e-02        -3.1873514056588843e-02
53                                     1.5361049205312097e-01         1.4842797084324919e-01         2.7310334254674429e-01         2.2101887679278354e-01         1.0624868991564403e-03        -2.3166235513874242e-01         4.6735099675911912e-02         4.5824246928765855e-02
54                                     1.2221359923367230e-01         1.0829418676846503e-01         2.1338189725397286e-01        -1.8204463653111080e-02         2.7456883824297715e-02         2.9592258468335814e-02        -8.5031614269470441e-03        -7.1609036017223826e-03
55                                     1.1912734641299666e-01         1.0107236128446075e-01         2.9127815889912517e-01        -1.0853313672596737e-01         3.1533551955555426e-02        -1.0476403666878838e-04        -3.0549696292137440e-02         2.1659187824967048e-03
56                                    -2.5949981161837737e-01        -2.2779035817838528e-01        -5.0432602849476971e-01         1.4690969021377340e-01        -6.4619754920200403e-02        -1.6921057947812495e-02         5.2334234957350512e-02         9.0164569211047003e-03
57                                     8.7008518152445355e-02         7.0755528063575990e-02         1.9528622410798846e-01        -6.2797089837920664e-02        -1.8890272179770183e-03         1.8144896749737935e-01         4.7858389883153010e-02         6.6013444740751787e-03
58                                     5.1863863240946599e-02         4.3336141007942974e-02         1.0214957978318807e-01        -7.5217181338481806e-02        -1.3316726131008197e-02         2.8039972130736884e-01         7.7713155509815279e-02         1.0878113128356013e-02
59                                    -4.4312822916009575e-02        -5.3729953932238221e-02         5.8820594006232909e-03        -1.1796653924618553e-02         1.6757391112701043e-02        -1.3050365389505408e-01        -5.3504126916673257e-02        -1.1253087062568211e-02
60                                     4.6179725931103721e-03        -1.7212865407206752e-02         9.2192687130213738e-02        -1.2402742593279638e-01        -2.2516758157610839e-02         4.4770378667463101e-01         1.1699307220907132e-01         2.4405046778063433e-02
61                                     4.2943737834294685e-02         3.3585241020586264e-02         1.0799583181836446e-01        -3.2804451324533558e-02        -4.8792936006890435e-03         1.3851111999137070e-01         3.4810050028794753e-02         1.3424225936399420e-02
62                                     3.4191718206237363e-02         4.4237073935815080e-02         1.1349406646066760e-02         4.5726348195496751e-02        -2.8572700400193215e-03        -7.4683645926822251e-02        -1.1618023904838366e-02         3.0409373261877505e-03
63                                    -6.7297334458071303e-02        -7.5912444900345821e-02        -6.4048840963541562e-02        -9.7649146227283573e-02        -1.6325395429824165e-02         2.3167552382356069e-01         4.4666560532295209e-02        -2.2643487730722332e-03
64                                     1.8748196949681915e-02         3.0320677311315897e-02        -4.1624551074738850e-02         2.7556989248294923e-02        -2.0133890088309993e-02         9.8562928269559438e-02         3.9657802877400096e-02         1.5136740515651399e-02
65                                     6.5445439001118530e-03         6.7132721895802293e-03         1.8558476007566146e-02         8.6402219629294161e-02         3.3748327566950134e-02        -3.9617064345283654e-01        -1.0692667168969422e-01        -2.0938981360997175e-02
66                                    -3.4050212113746890e-02        -5.6082218179551127e-02         4.9054471197340719e-03        -1.1492750701673586e-01         2.4578459488066323e-01        -4.5392704941371223e-02         2.4622943396928028e-03         1.2319625716651825e-02
67                                    -1.5154187121790412e-02        -1.9473838437067695e-02         2.9636052200785138e-03        -8.5350505803361218e-03         9.1739495851934499e-03        -7.4615180796005045e-03        -7.4660234459392042e-04         2.3876394070653922e-03
68                                     1.6945353655497319e-02         3.4724099283066096e-03        -2.3660364554136976e-02        -1.8752968831586989e-01         4.2695394045270990e-01        -4.9109832026407972e-02         1.9522921663151269e-02         3.5470563351946574e-03
69                                    -2.1885032824809567e-02        -3.4664203892840188e-02         1.0088747431067767e-02        -5.6713335018400320e-03         2.9899642089970539e-02        -1.2354118025145506e-02         2.7545363255610085e-02         2.1562502559503427e-03
70                                     2.2124008984607771e-02         4.9550410798265131e-02         1.3851595078253292e-02         1.9047170998713886e-01        -4.1160576524563025e-01         6.3304616580290352e-02        -1.5830654848544127e-02        -1.1040511720438470e-02
71                                     4.1775145637635590e-02         4.7199435834122762e-02        -4.1095750312812200e-02        -1.2813306745258174e-01         2.5436990963118949e-01        -1.5877098398881219e-02        -4.1259948387165860e-02         2.7149753857666913e-03
72                                     4.9338225953654774e-03         3.5883495514019478e-03        -2.5807787930696987e-02        -1.0574620008598798e-01         1.7864605667774042e-01        -1.1107749211262567e-02        -3.4062692010708030e-02         2.1516285990843230e-03
73                                     1.8065632259365579e-02         3.6843369697609617e-02         6.7284604486959288e-03         7.5484797969544076e-02        -1.6387138283332117e-01         1.3525278063062805e-02        -3.1270720643585902e-02         3.7637442122618230e-03
74                                    -2.1622814094141907e-02        -3.9733104590916342e-02        -1.1756585041840175e-02        -1.0982638813556392e-01         1.8530534019304973e-01        -9.7236492444349679e-03        -2.7763918157394738e-02         1.5343955346025170e-03
75                                     5.6874124777259574e-02        -4.8175424757141441e-02        -2.1474588514473449e-02         6.1976792392056919e-03        -4.7662678957599222e-03        -5.8522827026462245e-03         1.6507262936736794e-02         2.7615493305501232e-01
76                                     3.5225419560767141e-01        -2.4054340841460420e-01        -7.9465375892650389e-02         1.0916081106523486e-02        -1.0845696076634336e-02         1.7590451477071908e-04         1.4579233391127617e-02        -3.5661990835653802e-03
77                                     1.7775847354681823e-01        -1.1295275062826496e-01        -2.8632763690370305e-02        -4.8076491281011779e-03        -2.7555071808757943e-03         9.4755863247201373e-03        -2.2140838059525429e-02        -5.4454103931854958e-01
78                                     1.7389143855828565e-01        -1.0350969150719552e-01        -4.4457999606160731e-02         1.6314352732436897e-02        -4.3141409621039826e-03         3.0980127399334676e-03         2.6062574752697677e-02         7.6425742401634536e-02
79                                     1.2904512828307105e-01        -8.9681217449280759e-02        -2.3206278137127098e-02        -4.6065154199734972e-03        -2.8706320572743152e-03        -3.1391875217605912e-03        -6.7796563687287257e-03         1.3975659663875051e-01
80                                     3.4850796215322200e-01        -2.3523526875778702e-01        -7.1282641900520832e-02         2.1230060177197078e-03        -9.1850866942735712e-03        -6.0245892577178196e-03         4.4497709183756780e-03         3.3556286357134713e-01
81                                     3.1029737701991184e-01        -1.9716812222100200e-01        -5.6683222292834026e-02         4.9956572487824271e-04        -4.4571814961003537e-03         7.4047502312063491e-03        -1.4564663450851965e-02        -3.5252604309113716e-01
82                                     2.3124258663126915e-01        -1.6894051762191922e-01        -4.7207204883931007e-02        -3.3211809953302088e-03        -6.9909037927112609e-03        -1.0584043418763957e-02        -3.3383463606090980e-03         3.9187009576537790e-01
83                                     1.2777687764461279e-01        -7.1270699553755812e-02        -2.2144314828187420e-02         2.7309914347516339e-03        -5.8930223479513358e-05         9.3126094437525307e-03        -7.7263397546566180e-03        -3.9337743335047964e-01
                                                        56                          57                          58                          59                          60                          61                          62                          63

0                                      2.1546731893546298e-03        -1.3514088401142980e-02        -1.1114445305323552e-02        -1.3154873705399240e-02         1.8761955613067375e-02         1.4016267996203024e-02        -1.0866560464910278e-02         2.5723792592348048e-02
1                                     -3.8654058457617134e-03         9.0490001790444821e-03        -4.1570482159528997e-03         3.0613842045008536e-03         6.8019843801717886e-03         1.1894236505256631e-02        -7.7367531019940589e-03         1.0493485376063774e-02
2                                     -1.0542196220372827e-03         4.3749314445644421e-04        -1.8600074456848403e-03        -3.6160304850811550e-02        -1.8656871470048679e-02        -9.8604187171559571e-03        -1.3207306894473655e-02         6.6284259981621687e-03
3                                     -1.7666055946379453e-03         1.4912437786383985e-02         2.0176080421898925e-02         4.5755990012206560e-03         3.9384779963687524e-03        -1.4123509594848071e-02         6.7408349816486211e-03         3.3772394977341240e-02
4                                      6.4638577032220595e-03        -3.4840481831676290e-02        -4.4269762556432325e-04         2.8338535749619965e-02         1.8875933416879897e-03        -5.7576488132483235e-03         2.4286490443023771e-02        -2.0649244629697801e-02
5                                      2.3314908738200661e-03        -1.3034230933612683e-02         9.8814780906604054e-03        -2.0751827511719654e-03        -1.5504364424284505e-02        -1.6583961700057066e-02         8.7911585946876172e-03        -3.2362446415734069e-03
6                                      2.2517678305217009e-03        -3.6723855183121899e-02        -9.9152354987165400e-03         8.5224065051856760e-03        -2.5771003511811286e-03         8.0066828189312537e-03         3.4618553372187445e-03        -1.1431641948241603e-02
7                                     -3.1482899376907318e-03         3.0388691184833831e-02         1.2380215158654683e-02        -7.8445171347304408e-03         4.2497447004644189e-03        -2.9725912012764123e-03        -7.2035831895338265e-03         6.1540154127049150e-03
8                                      2.4922445091308176e-03        -1.8848737039782595e-02        -1.5307918924128890e-02         6.2021268540788533e-03        -6.4330476593451504e-03        -1.2579655587570042e-02         2.0475059022360693e-02         4.0875810583286621e-03
9                                     -7.6985471417214749e-03         4.9835170648063178e-02         1.6490802872087630e-02        -3.5581640613927684e-04         1.1813017272160387e-02         7.4871501207285076e-03        -2.0841553332354858e-02        -8.7364007473578129e-03
10                                    -2.1229805262262722e-03         3.1868101073874985e-02         1.0101484994018082e-02         1.0874805616588016e-02         2.1385244582829751e-03        -8.5262234438988563e-03        -3.3652672873624903e-02        -1.3562916638969665e-02
11                                     1.9848868195927604e-03        -6.8857478948993980e-02        -1.7314871534162668e-02        -1.9118788012455732e-03        -4.0154059629541128e-03        -1.7283756458987716e-03         2.5214120008266359e-02         2.8163195511703598e-02
12                                     1.8605067050655555e-03        -1.0460010986936006e-02         2.6984664065035436e-03        -5.4335504330733451e-03        -8.5316002583783821e-04        -6.2890822485351999e-04         3.4367761516606650e-02         2.4487433372273257e-02
13                                     3.1216581828045582e-03        -4.8128513021163451e-02        -1.0882815784497653e-02         1.3359311951625643e-02        -5.8435592337260402e-03        -1.2960444154286075e-02        -1.1407735114889159e-02         5.7922693912098710e-03
14                                    -1.1335708745296754e-03         3.9096327806476594e-02         1.2842607380071107e-02         1.4016108330004612e-02         9.4906714130131749e-04        -1.8667034993833025e-02        -2.4910018772403619e-02         1.7303813982617194e-02
15                                    -4.2282845387129040e-05         4.4559361812829034e-03        -1.0578036072226972e-03         3.9466118327686197e-03        -8.2096817880214674e-03         1.0086785842461679e-05         1.7373009911345594e-03         5.4539921471481456e-03
16                                     2.5976999450718049e-03        -2.2801883914019012e-02        -4.7142838432630346e-03         4.3958993288920681e-03        -1.4705665955546260e-02         9.4504723669693331e-03         8.3924249138643409e-03         5.5619677032862514e-03
17                                    -6.0979719116213780e-03         5.2059062834986423e-02         1.8879417875849160e-02         2.0149497865633724e-03         2.8732719237210404e-03         1.6100271852231392e-02        -2.9512212810112112e-02        -5.8942712679865943e-03
18                                     2.1518038041648166e-03        -1.7476379227646339e-02         2.5726607845323397e-02         1.3327863091663463e-03        -1.0754121894635907e-02         1.4329233928655873e-02        -2.4576749404196787e-03         2.3920498279892386e-03
19                                    -1.9536382106680535e-03         1.4284813659139287e-02         1.5905629710159984e-02         1.0041362455728144e-02        -2.5074135623184148e-02         2.7401404481858342e-02        -1.0606803918350628e-02         8.8356815473878310e-03
20                                     2.3890744173284168e-03        -1.2938684793619282e-02        -5.1996998916010777e-02         1.3363479145205999e-02        -2.5934168850892256e-02         3.0095270348473076e-05         1.5998931658643318e-02         8.3822293841697860e-03
21                                    -1.9957200604048871e-03        -6.9424663422678777e-03         2.6737088648804613e-02        -9.8639930407993046e-03         4.6123338967930137e-03        -3.1525031813706720e-03         3.6748008007683303e-03         3.5853829282909361e-03
22                                     1.2263548295221086e-03         4.8075702158278666e-03        -1.3290958200672980e-02         4.4356224747324332e-03        -1.4597491552292684e-03         1.2014395098144763e-03        -2.0556420770735271e-03        -1.7682708763369444e-03
23                                     1.4282587124343292e-03        -7.2627357771635221e-03         5.2954120347278016e-03        -1.8770547578793766e-03         9.6472827752112369e-04        -1.1271525269209630e-03         2.5877215412093584e-03         2.2709603897024485e-04
24                                     6.2510763966929150e-03         1.7399710009680543e-03        -3.2349212993495664e-03         1.3345095017231923e-03        -8.2593273976348309e-05         7.4390758163076062e-04        -1.5173112789737782e-03        -1.6067105630216767e-03
25                                    -3.4668717079366718e-03         3.0743078181782431e-03         4.1157013318737458e-03        -7.9021624409637121e-04         7.2914558378011382e-04        -1.1383440346311217e-03        -7.6256444694903201e-04         3.4664580389323282e-04
26                                    -1.3551393874814436e-03        -2.8736505069068457e-03        -3.5563653415430535e-03         6.2875466694408495e-04        -6.5347911795413387e-04         4.7827885173087350e-04         1.0814215012882398e-03         1.2232799668324221e-04
27                                     4.8275584681662584e-02         2.7955533248595014e-03        -8.0030840800364978e-05         4.4601848634623839e-05         3.5649037617685350e-04         4.5484493561179142e-04        -5.4527960885895183e-04        -5.1169543195039087e-04
28                                    -2.0462992648320927e-02         3.9519202751475566e-04         1.1276130212304351e-03        -2.3526723320163814e-04        -8.8782025541379766e-05        -4.3382308563966394e-04         4.3638148425861867e-04         4.6152518764242727e-04
29                                    -1.7726059571041473e-02        -4.4489584154417455e-03         1.6991442415287928e-05        -1.2377142584504784e-04        -4.4169376463921241e-04        -5.0956462188568856e-04         7.9496197603850616e-04         1.0410490121659406e-03
30                                    -1.8292448629584109e-03        -8.8752511483109115e-04        -5.6624624638052586e-04        -5.3489712516085293e-05        -1.3746791450373826e-04         1.3300314337802947e-04         4.7726996278060947e-04         2.7415087135668084e-04
31                                     1.4719168595308978e-03        -3.2273378439414652e-03        -2.7480052155635995e-03         2.6618299559607304e-04        -3.9505984267100108e-04         9.7385368921973988e-04         8.6666232267434875e-04        -3.1640664929428509e-04
32                                     3.4341445770862587e-05         1.8175892097102987e-03         9.4154884897679376e-04         7.0518235767215109e-05         1.3506915382945276e-04        -3.6851784865069107e-04        -5.9771600084121575e-04        -1.5064842551947040e-05
33                                    -5.8325177134162655e-04         5.5534313459380661e-04        -7.0755794984062959e-04         2.3068857504536324e-04        -2.3223358120639783e-04        -3.7517839401616351e-06         2.0855547597765187e-05         2.3757095312292457e-04
34                                    -9.1923716820922451e-05        -5.6909210142955366e-04         2.1283191742134790e-04        -1.1124562529388541e-04        -1.3647154486265812e-05        -1.0073694159776795e-06         2.0135010069212523e-04         4.5402770761730248e-05
35                                    -5.7531044765458299e-04         2.5036940602375456e-04         1.3462819398433600e-04         4.4045467649799679e-05         8.4031193298531175e-05         5.7896376444259576e-05        -2.9606731136925792e-04        -2.2974228934499811e-04
36                                    -1.3825682493550748e-02         6.0221120463800321e-02         4.2890423484685379e-02         3.5248136940895242e-01         9.7605173306986232e-02         5.4083915715317302e-02         1.3003661668602667e-01        -1.5022432498766949e-01
37                                     1.5675861094404168e-02        -2.3968222567693934e-02         4.4503469304043048e-03        -2.5562320776418807e-01        -2.1828751538880445e-01        -1.6513082127086812e-01        -1.9088073698176434e-02        -3.6443153387312591e-02
38                                    -3.3220159126754094e-03         7.7210755832199565e-02         9.4362612700208681e-02         2.5596154897727258e-01        -1.4775601087689455e-01        -1.4927308450413052e-01         2.0116710273118343e-01        -3.3171462040409661e-01
39                                    -1.1910864925634614e-02         1.0171277094947702e-01         1.1416300176428758e-01         7.2197600163296891e-02        -3.4606736075349698e-01        -2.6056737314372519e-01         1.6437144170868731e-01        -3.7212714291678328e-01
40                                     4.2050501355285043e-03         1.6042865098066125e-02         4.0522349140439090e-02         3.6960871551953661e-01         1.9155764874199066e-01         8.2080742632966594e-02         1.4254147082048552e-01        -1.2343525576077022e-01
41                                     3.2493625597514292e-03        -2.5558367420958076e-02        -2.6117734661029745e-02         2.1153549838308825e-03         1.0162466911464613e-01         6.9605415853779065e-02        -3.3546879126459733e-02         8.4994004783310706e-02
42                                     1.0577329863712400e-02        -2.7864879472534416e-02        -1.0000117360911777e-02        -1.9895982579853952e-01        -7.5294781832371968e-02        -5.5248402483208017e-02        -5.8287643185810374e-02         6.3011770122386915e-02
43                                     1.0438520734778153e-02        -1.8464466621442761e-02        -1.0536955965263566e-02        -2.8170845773001318e-01        -1.0640966191703392e-01        -7.2768062830444805e-02        -9.0658382953466454e-02         9.3219640907126242e-02
44                                     1.9600147781180886e-03        -2.7879953977969940e-02        -4.3333681558333198e-02         2.9197836887244616e-01         4.1752654129363453e-01         2.7555668727091209e-01        -6.9719101267265281e-03         1.7358824704348078e-01
45                                    -6.6967696718549189e-03         2.9337610709503439e-02        -1.2366523871549732e-01        -1.6149580008557207e-01         6.1018038011521038e-02         1.8278395868720382e-01        -1.9144809735548168e-01        -1.2797329195860499e-01
46                                    -1.8399707697799129e-02         1.0810519308447450e-01        -8.1034317953148902e-02        -1.2036154643419887e-01        -3.2467435923553438e-02         8.6198377109059740e-02        -1.1632611199845667e-01         4.5755418984057203e-02
47                                    -3.0558713349641489e-04         6.4039973230570531e-03         3.8335741545410022e-02         1.7312517505256086e-02        -3.5714907230323327e-02        -5.7935205376974074e-02         3.9334728371597773e-02         5.3268972704993554e-02
48                                     4.9317084232198783e-03         1.2384821210342551e-02        -1.1048147185342064e-01        -5.5210111708899293e-02         2.8790553507794935e-02         9.4911229180486903e-02        -6.8942410997044026e-02        -6.3545923999997880e-02
49                                    -2.1269942631027897e-02         6.3809055479661050e-02         4.8437739973456753e-02        -1.2605448658930474e-02         4.4164764691431158e-02         2.6336662454297239e-02        -5.9294557512958986e-02         8.0122835172565243e-02
50                                    -1.9272906283465931e-02         9.6304909283328854e-02        -1.4363654268028822e-01        -1.4483248649911731e-01         6.9701987859468073e-02         1.9107647556391766e-01        -2.0708219843979681e-01        -4.4792138399182654e-02
51                                     3.4640557153565142e-02        -1.2099561941379544e-01        -4.1775456734237472e-02        -1.8741976922380291e-02        -4.9752509719586571e-02        -5.6376581850715195e-02         1.5436697294286381e-01         1.0345893030077406e-01
52                                     3.4770826495722988e-02        -2.5790222695455445e-01        -8.0444032317200667e-02        -1.1266156896935789e-02        -4.9376129669686776e-02        -3.7631044623330639e-02         1.4921993505150316e-01         9.1031730353789753e-02
53                                    -6.2487201203338368e-03         4.5840592874649272e-01         1.3396931355838917e-01         2.7732921608205053e-02         2.4367738744798723e-03        -8.1937737056126822e-02        -1.3668406243184356e-01        -2.7405608423667221e-02
54                                     2.6405889812860149e-02        -6.8490543023577835e-02        -2.1281188227066206e-02         2.6442765274803905e-02        -5.2451182468199090e-02        -1.0501280848270901e-01         7.0659513566832283e-02         1.1103711158204686e-01
55                                    -1.9855739696289773e-02        -1.2066340536473691e-01        -3.8295294382265942e-02        -3.2548361814883028e-03         1.2750483011604424e-02         4.7739294026808800e-02         1.1217179215675133e-02        -9.2217879375929793e-03
56                                    -7.4303057009773698e-03         2.1523402681157511e-01         7.2191657090123193e-02        -7.2026335482530453e-03         3.8440712782834896e-02         2.6801947506145667e-02        -1.0671375493529588e-01        -7.9435631362938533e-02
57                                    -7.1301450229954190e-03        -7.5831709684024654e-02        -5.9270755638659335e-02         1.5728313129795335e-02         9.7928100623897681e-04         6.9652448525746397e-02        -2.5482291857508826e-01        -2.9881680523879955e-01
58                                    -4.0000846967893980e-03         4.6743160196577316e-03        -8.8843430675260467e-03         1.2527618528745882e-01        -1.7040090176532623e-02        -1.0569393412378764e-01        -3.2547096806674708e-01        -6.4692750360339071e-02
59                                    -2.0357108367415112e-03        -1.5669978744975874e-01        -8.9238019933801732e-02        -1.8904715105535921e-01         2.9527471144959766e-02         2.9464538068907492e-01         1.5001991101627019e-01        -3.7417827368674045e-01
60                                    -3.8858695604997574e-03         2.2471929972658272e-01         7.0493001783156137e-02         1.5270385490808685e-02         5.6931934936443928e-03        -9.1899448164722161e-02         7.3003195242502719e-02         2.3108094196473766e-01
61                                    -8.1189843846571075e-03         1.4252347265618986e-01         1.9589195807295148e-03        -2.4620210512833593e-01         4.9085345050255573e-02         2.6293310695179517e-01         3.6166135420245360e-01        -1.2003703537016434e-01
62                                    -6.3066692299796135e-03         5.6270200984788479e-02        -1.0743808737966511e-02        -1.7083192927915003e-01         3.5715631067281463e-02         2.1288099210742323e-01         2.0533652824676607e-01        -1.7121954923350860e-01
63                                    -9.8391141782666722e-04        -1.2314381433439024e-01        -7.1913926192706326e-02         2.4627762781638814e-02        -2.3301664133140183e-03         6.6462417084069608e-02        -2.6250143000610032e-01        -3.0112518838640684e-01
64                                    -4.0208840351914103e-03         2.6020417538611562e-01         7.6316085281912527e-02        -1.4458668315125695e-01         3.4094064988190231e-02         8.1018485236388105e-02         3.5561113439796410e-01         1.7330343484307609e-01
65                                     9.1639185437138188e-03        -1.9257929930197487e-01        -1.2710797775626980e-02         1.5036772483251309e-01        -4.0440829031800497e-02        -1.7737149939170055e-01        -1.3120904415644019e-01         1.4177691491807118e-01
66                                    -1.7583822785075635e-02         1.9518071690762670e-01        -5.2992100894155014e-01         2.6640337900070161e-02         9.2885849084873712e-02        -2.0279394458541453e-01         7.3480962451554582e-02        -3.0597461785640257e-02
67                                    -4.0406234051115391e-03         3.9114919481799085e-02        -1.0285958797812887e-01        -2.3053817908703336e-03         3.5269276539884244e-02        -6.0184344835480789e-02         1.8062164142224429e-02        -1.2725495736220180e-02
68                                    -4.2209280027443504e-03         4.3489391169389324e-02         1.3511605513365035e-01         8.9971370002022211e-02        -2.3965345463384563e-01         2.7421573465824817e-01        -8.0222226401357483e-02         8.5160057992736127e-02
69                                    -5.4553118619527670e-03         8.4988297663357915e-02        -2.3909460590885823e-01         1.1449291537958210e-01        -2.1409312424575067e-01         1.0853190859425081e-01         1.3237474228709635e-02         6.9497465451510657e-02
70                                     1.7216755011924770e-02        -1.8161428493593257e-01         3.4648400265141399e-01        -7.1418242344746530e-02         6.3820316195649610e-02         1.3635259940142476e-02        -1.5348674958905793e-02        -2.1811457894777387e-02
71                                    -5.8968995416268431e-04        -4.0760092381809415e-02         1.9026862580221515e-01        -1.6343020103897501e-01         3.6280533416811656e-01        -2.2043542386419313e-01        -7.7722018473687267e-03        -1.1698444081860254e-01
72                                     2.2652704664516332e-03        -6.1880572827698432e-02         2.3795737194766417e-01        -1.3110306819947773e-01         2.6159286680677807e-01        -1.4460713038951176e-01        -1.1978801454447047e-02        -7.9884886192707977e-02
73                                    -6.4102325008283095e-03         6.2645320158844220e-02        -3.4004374308032842e-01        -1.0891803663486090e-01         3.5247740018983126e-01        -3.7436922393433669e-01         8.6380486990121588e-02        -1.2022377918105136e-01
74                                     3.7501383568638372e-03        -7.4557252684310363e-02         2.4688320982147402e-01        -1.1563510897709289e-01         2.1591646304613521e-01        -1.0973762521727227e-01        -1.0568707306823036e-02        -6.2165519456101909e-02
75                                    -2.4060900218937981e-01        -3.6879211731089857e-02        -1.6641146981042326e-03        -1.0286822292742939e-03        -4.1694099983383458e-03        -3.4489019857361324e-03         7.6668611355622477e-03         8.0549793277707570e-03
76                                    -3.9289963361971858e-01        -1.8637279718581760e-02        -1.4800465109517704e-04         1.0353461052556640e-04        -4.6748623937759356e-03        -6.9569098683411991e-03         7.3110247293336744e-03         8.4740157411121314e-03
77                                     1.7998798786259004e-01         6.1442388306973246e-02         1.8913370677650432e-03         2.6995893840265008e-03         4.2574195064851040e-03         6.5807412720664921e-04        -9.4673922563788607e-03        -8.8489315522728776e-03
78                                    -6.2709113251243143e-01        -4.5350821744647850e-02         1.9776116486615743e-03        -1.4513239370715864e-03        -7.4234173915788543e-03        -9.3127825839702666e-03         1.3317218960100061e-02         1.4022148455522731e-02
79                                     2.8596548934988819e-01         4.7387382805125075e-03        -4.3760820443569165e-03         2.1513996028999540e-04         2.4335048230134009e-03         5.9947851025707200e-03        -3.8635155984778858e-03        -5.4587968857610792e-03
80                                     1.4283440788096324e-01        -1.9595663643572684e-02        -7.6544591983776456e-03        -7.9596208255327874e-05        -1.8783112559483833e-04         4.8417254040456137e-03         6.7492510371237326e-04        -1.3347461560330540e-03
81                                     1.6530366569404267e-01         4.4819064910963491e-02        -6.1398466208990559e-05         2.0189180732380742e-03         4.4661416427773312e-03         3.7641975593700355e-03        -9.6048200635148392e-03        -1.0310690561947390e-02
82                                     4.1564477319062149e-01        -4.3528921744612351e-03        -8.4239713706889315e-03         4.2623651676170101e-04         3.6227528359559888e-03         9.9113271444123702e-03        -6.4982612525107042e-03        -8.7384944380801393e-03
83                                    -6.3704639716692005e-02         3.2033407328585888e-02         3.4722459147057501e-03         1.1513775636453946e-03         1.7804184167670961e-03        -1.0677254725736157e-03        -4.3893054996702466e-03        -4.0952944683403233e-03
                                                        64                          65                          66                          67                          68                          69                          70                          71

0                                     -7.7068058961253473e-03        -9.0325686995068721e-03         6.7456570830009355e-03         4.7203056750053547e-03         1.3746677645360727e-03        -9.7518592010750280e-03        -6.0314829262297790e-04         6.5579590569018346e-06
1                                     -4.7027202165461895e-03        -5.4911109609029471e-03         2.3073404482251369e-03        -1.3500890314862930e-03         6.8790631351888804e-03        -4.3667705198850465e-02        -2.8524317626095587e-03        -1.7032715377991915e-04
2                                     -6.0722468427868775e-03        -8.0752972305215144e-04        -1.6899034637963934e-03         4.3478937807631465e-04         4.3108887538643049e-03        -2.2362572019692311e-02        -9.3438442569614838e-04        -2.8073196153686575e-04
3                                     -4.9941247021708025e-02        -5.1381825720919691e-02         6.2624288932401637e-03        -8.3907674876115383e-03        -3.0518643284282857e-04        -5.6108015224878873e-07         8.8088995816703252e-04         1.0517456622548074e-03
4                                      2.1399473784945284e-03         1.5509298987689046e-02        -2.9392624284531477e-03         1.7679511731410161e-03        -9.9614803001255308e-04         2.1488288698714351e-03         8.8483407576063315e-04         3.8684666965036474e-05
5                                     -1.4306600643283146e-02        -3.0809696196024941e-03        -3.3857284928661753e-02         4.1629593366248691e-04        -4.1414228419997323e-04         1.0238118190384598e-03        -7.2962632135035950e-05         2.1308267694619275e-03
6                                     -5.5542540944364220e-03         2.4317590413136237e-02        -9.1399267537517884e-02        -3.2588026198071988e-02         7.5784476161154903e-04         3.0225529696573073e-04        -2.7466617443538662e-04        -3.1038046458859765e-04
7                                      5.0001865433022083e-04        -1.1580525339081611e-02        -5.5536038581636745e-03         1.5815662630625244e-02         9.2492941895301476e-04         1.1867418077927634e-04         8.3551757982511623e-05         2.1973202585736181e-04
8                                     -1.9793552371109167e-02        -1.7086766947562813e-02         1.4439904406406651e-01         1.8703378324169889e-02        -1.5566576811283865e-03        -6.1878528115562271e-04         9.6892190669715449e-06        -8.9361735408368561e-05
9                                     -5.4509626756621535e-02         3.9137236623583337e-02         1.6860551860923573e-02         6.5801673164182298e-03        -5.2420729032100342e-02        -8.7473180126761470e-03         1.4181541648352191e-03        -3.7839762097939485e-04
10                                    -8.0026983111946594e-03        -1.1609170422037816e-02         6.1898459969920196e-03        -1.3034017325114413e-02        -3.3514556334023844e-02        -5.3402289085835121e-03        -1.5266751989286738e-04        -2.0226342145827052e-04
11                                     7.1219105213562338e-03         4.8599738067907162e-02        -3.6641335019040523e-02         8.5643102419094858e-03        -3.6676167985311640e-02        -5.9591209924520112e-03        -2.2580796879406000e-03        -3.5856195486475549e-04
12                                     4.8408852489561930e-03         1.6818018535436831e-02        -8.1823043633554114e-03        -3.8563476980152328e-03         2.7699784039687319e-03         3.1718553978289611e-03        -4.0747459941070180e-02        -3.1424386378690151e-04
13                                     6.9728372985785091e-03         4.2013167952775911e-04        -4.3132299977455928e-03         2.5168973458656340e-03         1.5969581191966659e-03         1.1119199089717853e-03        -2.2358867418814946e-02        -2.1192683511580011e-04
14                                     2.8044003268770708e-03         1.2924284402754815e-02        -7.7399571277093513e-04        -3.6493447112807549e-03         3.1500841144740162e-03        -7.6748908259836955e-04         2.1674253798943378e-02         2.3685712029675759e-04
15                                    -6.1478821026039352e-03        -1.8521110368819697e-02         3.2629189683458452e-02         1.9298853276492672e-01        -1.6078194311877846e-03        -7.6771654608362623e-04         2.8633140536747545e-04         9.1608081073573148e-04
16                                     2.1617274332805833e-03         6.6866616322473690e-03         4.5716428529106672e-02        -8.4520938325836445e-02         3.4405320076332500e-04         2.6679306908998957e-05        -1.2515187261789973e-04        -1.4462313332910277e-03
17                                     3.7221326025798250e-03         2.4340688778706227e-03        -1.5136464418344048e-01        -1.3122320783525168e-02         9.3273978753968573e-04         4.9323294138285971e-04        -8.4476469710470926e-05         2.4434751531457505e-03
18                                     3.6710195826644950e-03         3.4792782790473912e-03         2.8021329845952111e-03        -1.2028145321579786e-02         3.3905348461729412e-04         3.6388135254321270e-04         2.4123584569630608e-04        -2.5863873912926671e-02
19                                    -1.0778370412787773e-04        -3.0359389350444257e-03        -1.4395499111367182e-02         9.0915247231721768e-03        -3.0373480698862388e-04        -6.6347692648542777e-05        -2.5676754221072698e-04         2.9030307605057173e-02
20                                    -7.7332079518806947e-03        -2.0591017450786279e-03         3.7612676072785678e-02        -6.8672476619336823e-03         2.1432971178733618e-05         1.2520174768958765e-04         3.5024307884346190e-04        -3.5422299759428920e-02
21                                     4.5470261714559163e-03         3.5600532231129379e-03         5.4469722640766757e-02        -1.5068028377697262e-01         7.7949126858258726e-04         5.3026943237780315e-04        -1.6059962256222978e-04        -1.3998551076133764e-06
22                                    -2.0844816842478580e-03        -1.7023383655588591e-03        -3.0371229561753123e-02         7.2917691010998292e-02        -3.9697944793344700e-04        -2.3355852731129638e-04         5.1604228578112922e-05         1.4185347967553748e-07
23                                     1.4444935749153209e-04         1.5413563884448085e-03         1.9526609343823245e-02        -2.0490015067302646e-02         9.9759228605744406e-05         4.6547965577370535e-05         3.4709827998325037e-05         1.8634710462209654e-05
24                                    -1.1971649176817545e-03         1.9097968043994740e-03        -7.0703230716012934e-03         5.1019078208119385e-03        -1.8570373549813739e-04        -1.1015910845741183e-04         8.4261230209935518e-05         3.2961486485568963e-05
25                                    -1.1832422146821062e-03        -2.1111618262223590e-03         7.5068652676704766e-03        -2.1934039129758989e-03        -1.3143823712725359e-04         2.6497713402667765e-05        -7.0020512537963511e-06        -1.8926267124478690e-05
26                                     1.7572074737351167e-03         6.3516186603066415e-04        -6.5916772385941529e-03         4.3238935806004892e-03        -5.0225258600205188e-05        -5.3321169756861461e-05        -2.2494770053719024e-05         1.4981196001466155e-05
27                                    -1.2326042825364235e-03         1.5302738763798429e-04         1.3688565699395557e-03         3.5840903458684262e-03        -3.4441592615639272e-04        -6.4990154416794936e-06        -6.4344815831477494e-05        -1.3164547346260097e-05
28                                     1.3841494109812955e-03        -2.6766292867045775e-04        -1.7760403735957929e-04        -3.6975113623557861e-03         7.4614042319466633e-04         1.2725562872448610e-04         1.4133305955529554e-05         5.3915134939817981e-06
29                                     1.4910910824338529e-03        -9.3827489428948514e-04         1.2936015108915315e-04         1.8443589922125523e-03         1.0225566824744500e-03         2.1337857945248577e-04         1.8556303358279401e-05        -1.3204000534967787e-05
30                                    -1.0070378905518340e-05         2.7466299393560218e-04        -5.1374312104699371e-04         1.4514401289443023e-03        -3.9490689622446433e-06         2.2253862546385989e-05        -7.1041166062441345e-05        -2.0920078446926878e-05
31                                     1.5665464511158671e-03         2.3952272748233782e-03        -5.1660006956841843e-03        -5.3040707284543100e-03         2.2197115784529248e-04         2.6537286552307398e-06         2.3009439671292510e-05         4.2053387928011049e-05
32                                    -1.5099417091021005e-03        -9.2455060196970716e-04         2.7817791625248923e-03         4.7153951202133018e-03         2.3416280010008949e-06         1.8793849750476020e-05         2.3143822910106863e-05        -1.8942432902700536e-05
33                                     1.1218559788568552e-04        -1.0089253591704145e-03        -1.5325151781469110e-03         5.6112666527932797e-03         5.3928705711878518e-05         2.9063494476706708e-05        -2.1831889075332745e-05        -2.1729197411232978e-05
34                                     1.4358465984812505e-04         2.6034641214917872e-04         7.4784803811734659e-04        -2.1943297705134136e-03         1.3712180108999538e-05        -4.8350957332980084e-06        -1.1930197004392575e-06         7.7778647808018220e-06
35                                    -3.7771787608631397e-04         3.9182538527399082e-04         2.8576334487933532e-05        -6.7188551918941151e-04        -4.1292744788074777e-05        -1.3621820210192600e-05         1.4917879882725217e-05         5.9552769790164367e-06
36                                     7.6424011369450137e-02         5.1189822886293555e-02         1.7665201185438229e-02         1.3443710039856122e-03        -6.5992829228090494e-02         4.2478504117289689e-01         2.7927330086597969e-02         5.8842244641319201e-04
37                                    -1.4823181650424023e-02         1.9757103227302703e-02        -4.4942410410613890e-03         8.8315170523093744e-03        -4.8538123507361058e-02         3.1069194943743683e-01         2.0497775821128082e-02         1.0935873136543460e-03
38                                     1.1994208993221793e-01         1.2778214674874430e-01         4.4423504212694953e-03         5.5831402980259879e-03         4.0826584715546607e-02        -2.6224195148143425e-01        -1.6968811214183251e-02         2.2419618624839544e-04
39                                     9.6372598413261762e-02         1.5254831290517556e-01        -8.6792843531846818e-03         3.6694430269835999e-03        -2.3307082441757544e-02         1.3271194285224502e-01         6.8931466480017731e-03         1.1953629422857171e-03
40                                     9.8696122828834304e-02         3.7911107241323169e-02         1.5469534894421929e-02         1.3770964402234386e-03         1.4095409186796597e-02        -8.0745359573118319e-02        -4.2310664322770253e-03        -5.4436606388696008e-04
41                                    -1.6555489379310590e-02        -3.5052201479216373e-02         4.3276721778055076e-03         2.1931290035351715e-03        -9.4575862169212099e-02         5.4132282853336189e-01         2.8198608732362605e-02         3.9621898959127724e-03
42                                    -3.8326267038218800e-02        -2.5689399633662124e-02        -1.7340247215951361e-02        -7.4587126437207375e-03         7.2545661476909690e-02        -4.4395673442746947e-01        -2.7360855071983589e-02        -1.7614601467084235e-03
43                                    -5.4016062199275211e-02        -4.1661777249771687e-02        -3.4288855932658194e-02        -1.8885100113017386e-02        -4.3402042640794489e-02         2.6846812878484255e-01         1.6420756073894288e-02         1.2749393466796963e-03
44                                    -2.0486854260418925e-03        -8.8063272686259547e-02         8.2652456839213129e-03        -1.5554100408992712e-02         4.8352092341845320e-03        -2.4172512302481526e-02        -1.4251545752147301e-03        -2.9797959390427507e-04
45                                     4.0937538530067430e-01         3.1493146858537763e-01        -1.6628939839906862e-02         2.6732091034726468e-02         1.3018993324156664e-03         1.3543580178671576e-03        -8.0137215265615612e-04        -6.4111494086859693e-03
46                                     9.6322046041480827e-02         3.1304002067995947e-02         1.4345857956980274e-01        -3.9871937941357797e-03        -1.6047084532753669e-04        -2.0806414419399402e-03         5.9682520304851446e-04         3.8462210082465592e-03
47                                    -1.2668314518535856e-01        -1.0333450864028995e-01        -6.4360726050860483e-03        -1.2949061186908752e-02         5.9964714384695660e-03         1.7553013140989887e-03        -5.8424898842283713e-03        -2.5589706416940333e-02
48                                     2.3236825992768320e-01         1.6311727858071476e-01         1.9433914484925860e-01         2.4326312137588502e-02         5.3722583931323656e-03         7.5676420706727082e-04        -9.0947639250565891e-03        -6.3420274287124094e-03
49                                    -8.0032488162975465e-02        -7.6503961838177634e-02        -1.6541736224927106e-01        -3.9205249798758501e-02         5.0587519246742697e-03        -1.5450437062986611e-03        -7.8290406523082653e-03        -5.2569075721801877e-03
50                                     3.4044516119559731e-01         2.3409546738095888e-01         8.2201604872248354e-02         1.7476256443463095e-02        -3.1568132504699717e-03        -8.7879477187140492e-04         5.7990869545466459e-03         5.2990919614105689e-03
51                                     3.6215288045085042e-01        -2.9234848146186182e-01        -5.1570082445718611e-02         1.2835482341463833e-02         1.5280797574252636e-01         2.6310281397616524e-02        -3.2301990684592925e-03         1.9126582816859758e-03
52                                     2.7853071807821317e-01        -1.5675894080440467e-01        -9.9620373650814276e-02        -2.7718504774098830e-04        -2.0617432524737511e-01        -3.4994439902399845e-02         1.6874053274107592e-03        -2.6172338355384545e-03
53                                     1.7377561439862299e-01        -3.7458310401165906e-01         1.3152364147551562e-01        -2.8775072911718172e-02        -6.0638299238649475e-02        -9.9987398724561069e-03         2.1474902654371546e-03        -4.7950417730302795e-04
54                                     3.6272454347569022e-01        -2.9857758757293762e-01        -3.6179997687864972e-02        -2.1763672111008536e-03         4.5827791890524344e-01         7.4309090956927129e-02         5.9647790613038872e-03         3.5689995309572077e-03
55                                    -2.8025551381976543e-01         3.0865424882634301e-01         7.7290114301324236e-02         6.0754409655000903e-02         5.9826539390479172e-01         9.7792216243086219e-02         8.2079589383830930e-03         4.8096446904683995e-03
56                                    -3.8721374049581668e-02        -3.1710551303100742e-02        -6.1157197239327436e-02        -5.6371067867042941e-02         5.1311170361505209e-01         8.3594576723433331e-02         9.7727808667296915e-03         4.0036659745802151e-03
57                                    -7.0824370894281050e-02        -1.8496697028139347e-01         1.2595096747957614e-02        -8.5130821426914593e-03         1.0852654368861493e-02        -2.0418098811940840e-02         3.1948801526848652e-01         2.6660509370793248e-03
58                                    -2.8040285041884450e-03        -3.7786274688335710e-02         2.1083097085487997e-02        -3.0814849510636608e-03        -1.1024711966029194e-02         2.5515339476058035e-02        -3.9870102130445373e-01        -3.2348059649972257e-03
59                                    -1.0159601358130052e-01        -2.4143870541876136e-01        -1.4843791687989319e-02         1.0774078579562621e-03        -3.8220516283514797e-03         1.2863475840932235e-02        -1.9511426445673971e-01        -1.6613517606214978e-03
60                                     6.3295174460907586e-02         1.5605593629943915e-01         2.4129352234055258e-02         2.6255704727125920e-02        -1.1562173851453285e-02         8.3947357884759689e-03        -1.8993803073833676e-01        -1.8376803234748428e-03
61                                    -3.5022513800222914e-02        -6.2598677576124917e-02        -1.7178605781999383e-03         6.8381746681237376e-03         1.2487011314230899e-02        -1.2743407680289425e-02         2.7163241543958305e-01         2.8453002802925091e-03
62                                    -5.8291241268473529e-02        -9.7141106714648359e-02        -1.4585405626167783e-02        -1.3536333626327087e-02        -1.6570606938289788e-02         1.8892972348646130e-02        -4.0135233827600647e-01        -4.1989373129717690e-03
63                                    -5.6196218479092119e-02        -1.9072169798809921e-01        -5.8428341036657078e-03        -8.6473230557899301e-03        -1.8409834645879170e-02        -2.2242582018901152e-02         3.3752207733768652e-01         2.7147640831600545e-03
64                                     3.5775132628995690e-02         1.2558157401052961e-01        -9.9372789455410924e-03        -2.4542366368296717e-03        -2.2273538472321247e-02        -2.5463022950993619e-02         3.8302656576769140e-01         3.0570614484102519e-03
65                                     2.8252806727451132e-02         7.2762105639209429e-02        -1.4770980946487765e-03         4.4496670482697320e-03        -2.1094022642238454e-02        -2.3746018632507377e-02         3.5488240825557910e-01         2.8293182347844028e-03
66                                    -7.4005717522565281e-02        -2.4708207052079163e-02        -5.3441223497257641e-02        -4.2628210256831854e-02        -6.1398467989584636e-04        -5.5431424054313118e-04        -9.2244274773106867e-04         9.6592654382269660e-02
67                                    -1.6783136095974000e-02        -8.0806477737131177e-03        -1.1415383518019401e-02         8.2909625783005279e-03         4.7769480425928230e-03         2.8272743857647013e-03         5.7455081735020451e-03        -6.2180447448878384e-01
68                                     2.2070773252433128e-02         4.5801485262731787e-03        -5.0593843169210145e-02        -2.3225027560475054e-02         9.9998899805997955e-04         5.9503182254342453e-04         1.1275207357372974e-03        -1.1025642001427832e-01
69                                    -4.6756329142560123e-02        -2.4890996931693367e-02         1.2226887577703235e-03        -2.8450883707176803e-02        -3.8146935248383651e-03        -3.7152653728785186e-03        -5.0270525800693144e-03         5.1514958081463791e-01
70                                     4.9422505000470372e-02         1.9150879750615159e-02         7.0578287891753508e-02         3.9337279763643207e-02        -1.9020063663388069e-03        -1.4519684450904180e-03        -2.3781802736596177e-03         2.4382580093152359e-01
71                                     5.0281549545697433e-02         3.7127615564484788e-02        -4.1997539644249390e-02        -3.5346943151317060e-03        -1.8209918372687384e-03        -1.4422295436837861e-03        -2.0274934953607849e-03         2.2218807173484764e-01
72                                     4.2752574909381127e-02         1.8892424148020025e-02         9.0787175356169172e-03         5.9556510764543463e-02         1.0249644403091452e-03         4.4658059428987444e-04         2.8658886849575529e-03        -3.1075449527736820e-01
73                                    -2.8668008694204734e-02         8.8131259439871018e-03        -4.5651985776904748e-02        -5.4677524521409442e-02         1.0463307743710174e-05        -6.1956561358641630e-06        -5.1574772324054839e-04         4.7137252420099113e-02
74                                     4.2323607850230191e-02         1.4715989106075123e-02         5.4366347442254125e-02         7.3192342602158358e-02        -1.6145172703591003e-03        -4.7476299518460778e-04        -2.2744409291454476e-03         2.7718914422052926e-01
75                                     1.0851281011915280e-02        -6.9073615792896621e-03        -8.7013872541283257e-04         8.3419646065336448e-03        -6.9782410951886699e-03        -1.5595458214351448e-03         3.9788333743295484e-05        -8.3020730467135741e-05
76                                     7.4575423547870220e-03        -1.5224109981049080e-02         6.6081775818563962e-03         2.4862051525565271e-02         3.4305655912897637e-03         9.0966553727047327e-04        -1.5081351581459071e-04        -7.8326075354278354e-05
77                                    -1.8540453498114545e-02        -2.1248032238986117e-03         1.2567251384133881e-02         2.3624076236698880e-02        -1.9656835635966249e-03        -4.5100767011250418e-04         8.2743672755510944e-05        -9.1824945686833564e-05
78                                     2.1058212604729516e-02        -1.5576600434158070e-02        -2.1742389928015894e-03         5.7581901077721222e-06        -2.0768564931359632e-03        -4.4162870725205988e-04        -1.9989120032925031e-05         2.5770401958352839e-05
79                                    -7.3406791441704717e-03         9.9124852705383213e-03        -4.2667659325827684e-03        -3.4608878477600793e-03        -6.8704955523688433e-03        -1.4755411974833529e-03         7.0465187958562462e-05         4.8773156761570462e-05
80                                    -1.3056787336637374e-03         7.4276929865316798e-03        -8.3656257662377692e-03        -1.1450937368785081e-05         4.6005362168866039e-03         9.6310859839152682e-04        -6.7600307525286354e-05        -2.5498834723343769e-05
81                                    -1.9484803282208675e-02         6.7841875531891660e-03         4.2532513802164178e-03         8.2143689165779243e-03         1.2063155289379590e-02         2.2662317298311578e-03         4.9802758517785946e-04        -9.3712360570069136e-05
82                                    -1.3811125047449607e-02         1.7694598766510923e-02        -7.1695249616241493e-03        -1.1537058085143912e-03        -4.0082194083022856e-03        -8.0284456354960210e-04        -1.7673576495555830e-05         6.6553497421661028e-05
83                                    -8.6435378315162549e-03        -1.3081210979948152e-03         5.0257211733962370e-03         3.6485767604390314e-03        -1.3082931542077255e-02        -2.5264607065375150e-03        -2.5377708574293798e-04         1.4377017741724226e-04
                                                        72                          73                          74                          75                          76                          77                          78                          79

0                                      1.8104903017884408e-05         1.5349010734924990e-02        -1.8186737523360984e-02         9.0151218137665811e-03        -5.1815908100449302e-02        -6.7088360683981219e-02         9.4709166995158439e-04         4.7586816804256836e-04
1                                      4.3677406934750852e-05         1.4004123677100961e-03        -3.7097298215605465e-02         6.0688053043328385e-04         1.1426246027354224e-02         1.6424416480981460e-02         2.9958756627550791e-04        -5.0584679587435569e-04
2                                      1.0484258663205284e-05        -5.0301832373143320e-03         7.7579299393588624e-02        -4.5085013952009933e-03        -5.4241724193970255e-03        -1.0722417893132236e-02        -9.5256246341568170e-04         9.0404525261409947e-04
3                                      2.6376618774030674e-05        -6.2000831382676633e-02        -5.5708912046919133e-03        -3.0279078008914003e-03        -4.6174059000578136e-03        -9.8483816506699257e-03         9.1085120737301097e-04         1.1966685284052776e-03
4                                      3.3622389743029656e-05        -3.2171306220301052e-02         1.1441911583214641e-03        -1.2595375386828607e-03        -2.9511116844812553e-03        -5.0496001134246729e-03         2.7876100340701884e-04        -3.0521801682152508e-04
5                                      8.9193184148403443e-06        -3.1370253296898395e-03        -1.2906511093360039e-02        -8.4465135476340949e-04         1.9583088979591473e-03         1.1980805732964959e-04         1.0114000005378835e-03         3.4739503014779081e-03
6                                      6.7561185529436929e-06        -4.1342640210124623e-04         7.2608417478333160e-05        -1.2080918419421800e-04         3.0174635051060831e-04         3.8038283632843839e-05        -2.0492005870351300e-05        -6.2517693387375929e-05
7                                     -3.6799211133307425e-07         3.8130819575444988e-04         1.1775338872008567e-04         1.4630161371114453e-04        -7.4841440467446571e-05        -1.3369493485395180e-04         8.9182575474308683e-05         5.4262997385561527e-04
8                                      6.1110915201273886e-05         4.6691195178010680e-04        -1.7017154700275268e-05        -2.3464087817754975e-05        -3.8399824447891078e-04         2.7885786651043229e-04        -4.7954987717347184e-05        -6.3555122889007249e-05
9                                      1.0785671643219158e-03        -1.2552570105124237e-04         1.6270650940070370e-03         1.6807555775715986e-02        -3.4112054575002491e-03         4.7964733008656821e-03        -4.4258773084954303e-04         3.2514219725234050e-02
10                                     5.1581563796791632e-04         9.2274486445746663e-04        -1.8170401403835483e-03        -2.7725275141147920e-02         1.1065087513498920e-02        -1.2099910909281562e-02         6.2525492562304035e-04        -6.4962513719750550e-02
11                                     6.6104180567748861e-04         1.1815816890086768e-03        -2.6970523611958452e-04        -9.5244251626803184e-03         5.4144466525802943e-03        -5.1532156943768686e-03         2.2720322963675784e-04        -2.4439422888133742e-02
12                                    -7.7845661106381347e-05         2.3695785863396385e-03        -1.2198798204642817e-03        -3.5801015437729416e-03         4.3688311198501063e-02        -3.3229487354619849e-02        -2.1366733921959421e-04         1.4077634128436291e-02
13                                    -3.1903604800887332e-05        -7.2712653269656740e-03         4.8235246111633647e-03         6.5292749388320304e-02        -2.1998308963850077e-02         2.2647460801132589e-02         2.7848640582448626e-04        -3.6600438519933047e-02
14                                    -9.6742952552177045e-05        -5.4132709704212962e-04         1.7095387928877659e-03         4.8645620323768173e-02         5.0227281250338304e-02        -3.2879922889357475e-02        -1.1422916700816272e-04        -8.2625111244922240e-03
15                                     6.5789905957191842e-06         1.2532495568821013e-03         2.0307602565946506e-04         1.5222211743691751e-04         2.0427207560203808e-04         3.3158020546904032e-04        -1.4652523942285293e-04         1.2402349772844802e-04
16                                     1.1417363731973266e-05        -2.8784952123419146e-04        -8.6345053937457759e-05         5.4145132238770922e-05        -1.1602381108354342e-04        -1.1623267884085954e-04        -1.9057645697948596e-04         8.7970446323535259e-05
17                                     2.8791561575166912e-05        -1.0280184722528654e-03        -1.2145153839673484e-04         1.5662938569561995e-05        -2.2771884883072442e-04        -1.3157150585035678e-04         1.2377855588189163e-04         2.7975456451292827e-04
18                                    -1.3507309722165816e-07         2.6173570120369393e-04        -9.8426258905993320e-05         1.9057846497718642e-05        -2.8746316251614898e-04        -1.1846564530487002e-04        -3.5977912113565776e-02        -8.2188120083327091e-04
19                                    -5.3178459867569922e-07        -4.1929931139795081e-04        -1.0441295370315306e-03        -1.1098844035228375e-04        -4.9397080917503876e-04        -5.0741745517601637e-04        -7.4993233182698363e-02        -7.2552925508738821e-04
20                                    -9.6325827312590109e-06        -1.6539839576833624e-03        -1.0753443401317229e-03        -1.7111812443667876e-04        -1.8267259938647780e-04        -4.7451029325801795e-04        -3.1449506584264521e-02        -7.6684804785609519e-05
21                                     1.1236347025723721e-04        -7.4452263503887886e-04        -1.1694309725059647e-04         4.4646418546615165e-05        -1.9610541794746363e-04        -9.9718362566594121e-05        -1.2302709250663513e-05         2.4999008362249755e-04
22                                    -2.5840012556796016e-05         2.7693194826025293e-04         4.0742851679564747e-05        -4.4220989173123450e-05         9.8479686688804618e-05         3.6327168032899396e-05        -1.6366367734846940e-04        -1.4430809196492710e-04
23                                     9.4825850873682060e-05        -2.1622788276256458e-05        -1.8311405708498950e-05        -1.2884688211803701e-04         3.5639835047497596e-05        -6.2506686749559253e-05        -5.2941242481053018e-05        -3.0037403742985209e-04
24                                    -4.0377624782075763e-04         1.3197838537249321e-04         2.6264504942800468e-05         8.9691719005063691e-05         5.2152864544252885e-06         5.7220990748304927e-05        -1.1946716591306703e-05         1.5127799102170996e-04
25                                    -6.9996792879285427e-04        -9.6099112331244379e-05        -4.0874127134497089e-07         2.0388846336293968e-04        -8.5948173834719498e-05         5.8667648243240864e-05        -1.4998064753048070e-05         4.3947261778102631e-04
26                                    -6.3313780401523946e-04         7.6665806444055915e-05         5.6401142641178668e-06        -1.2863968065385679e-04         6.2886668551610401e-05        -3.9104200427951393e-05        -6.6165914049363162e-06        -2.8313227736476626e-04
27                                     2.3718117397070040e-02        -1.1813897899979006e-05        -1.4332940785981151e-05        -2.2377304028136697e-04         2.3486171182523824e-04        -2.2642402090791231e-04        -1.4820271132620914e-05        -1.4849314530567600e-03
28                                     2.9771727415675547e-02         5.2017674252485713e-05         3.3818191526170076e-06        -2.9400097311142098e-05         1.5412154805827941e-05         1.6373241469499805e-05         2.6060381874866176e-05         9.0598768887139263e-05
29                                     3.0105954803442764e-02        -4.8420426661146911e-05        -3.2877816043760783e-06         1.2950516759671805e-04        -1.4454456438954251e-04         1.0257166829985724e-04        -3.7574440845656719e-06         8.4721800959615683e-04
30                                     2.6101801606460338e-05        -4.4374688066973046e-05         8.4800419944125404e-06         1.4303818612011095e-04        -5.7776158991092532e-05         4.9851198768762376e-05         4.3695910205120091e-06         3.4070524027454859e-04
31                                     1.6834497465432471e-04         6.4915674372912667e-05        -1.7223861300210370e-05        -3.3502336519626938e-04         1.2072813087314861e-04        -1.1390519469710093e-04        -3.2043872710592003e-06        -7.1508430254038841e-04
32                                    -4.3727949594556996e-05        -2.8907761874313074e-05        -5.7646465467093460e-06         1.0643323793525378e-05        -5.0562236802993104e-06        -4.1727756909497321e-06         1.0013986868404242e-05         1.2781367894605736e-06
33                                    -9.7802485264950398e-05        -3.4113149728229811e-05        -6.9304543458829588e-06        -3.4277033022935058e-05         1.1367028918752974e-06        -1.7009815338330487e-05         3.3033975100174833e-06        -5.8319482008522290e-05
34                                    -1.7754054771955976e-05         9.8977954010898008e-06        -4.9942844054085719e-07        -2.0451877910865069e-05         8.3665822056813425e-06        -4.9909797990219003e-06         3.8788721469570606e-06        -4.0396909920391026e-05
35                                     8.3491790910982314e-05         1.0560092608107139e-05         5.0863921705266786e-06         4.4905386704823848e-05        -1.0715437537319547e-05         1.8600967888782686e-05         2.9255922206533256e-07         8.2942753356573528e-05
36                                    -4.2123632304318635e-04        -8.5225283146464298e-02         4.4621143093541121e-01        -5.5405924790292320e-02         1.8046452833728199e-01         2.1950735040707145e-01        -8.0164386302616682e-03         1.7243085244422948e-03
37                                    -3.1227698520052300e-04        -6.3575417473812859e-02         3.2527372644516467e-01        -4.1653574934258822e-02         1.3884621797905652e-01         1.6981435964842556e-01        -6.1382342981765757e-03         1.2003937296652374e-03
38                                     2.6791529848930085e-04         5.4707969591200063e-02        -2.6194309490466477e-01         3.3911017566301639e-02        -1.1437866556994411e-01        -1.3955015112549959e-01         4.2944910511857155e-03        -9.8197120283015967e-04
39                                    -9.4236902158084535e-05         9.2261119806064853e-03        -1.7095504526403410e-01         7.2918221420408104e-03         3.3577958658975927e-02         5.2558121367620884e-02         1.7196044533180220e-03        -2.5880226912635518e-03
40                                     5.5898603205817543e-05        -2.5194494167361269e-03         9.0357787966884998e-02        -3.6780235987787019e-03        -2.1367636279377412e-02        -3.2786479868691057e-02        -8.5403195454244714e-04         1.7942992903913530e-03
41                                    -4.0253349165436810e-04         2.1637484913376328e-02        -6.6872134758373980e-01         2.3569726214162173e-02         1.6157970198597141e-01         2.4504123117973295e-01         7.1147298387598638e-03        -9.8845128873833697e-03
42                                     3.7238610516445711e-04        -9.9471360523686658e-02        -5.7944904957470351e-02        -5.9423097709762070e-02         4.0445849015559315e-01         5.2977309406065587e-01        -5.3919136330153996e-03        -5.0180455530360454e-03
43                                    -2.3734834682351911e-04         5.8410147282336004e-02         2.8942087790181932e-02         3.7104174156882233e-02        -2.5110438971715232e-01        -3.2892088303592432e-01         3.5176952594800021e-03         3.1584080584999025e-03
44                                    -5.7296184474451510e-07        -8.1767947616363298e-03         7.1367905750667603e-03        -3.7804347672956611e-03         1.9177253115919918e-02         2.4541302937901820e-02        -2.9758641620606437e-04         5.8521576999752967e-05
45                                    -7.3129706966982552e-05         1.0796105221207823e-01         4.6643474052346236e-02         6.2316239151092058e-03         1.6147074887556685e-03         1.4870143521634089e-02        -2.1905601369253823e-03        -1.4173580864712957e-02
46                                     3.5965702945688574e-05        -6.6887883767558928e-02        -2.7603508385716447e-02        -3.2397990467358784e-03        -1.0063819309477885e-03        -7.3401742829968235e-03         2.5197168284480580e-03         7.3444029760899743e-03
47                                    -3.3371452697627006e-04         4.0541569206830813e-01         1.6505022204861453e-01         2.2261753073333702e-02         5.8397065723653644e-03         5.1307662234588269e-02        -1.3429206084120975e-02        -4.6611051629863835e-02
48                                    -3.3389374755793367e-04         6.0983269373449422e-01         1.3321006293607905e-02         2.7679551396540741e-02         4.7889733551096859e-02         9.3891332463260244e-02        -5.1639375123026616e-03        -3.2119577467345081e-03
49                                    -2.8370634744211268e-04         4.4604861058292777e-01         1.2056880349511226e-02         2.0900878788323300e-02         3.6688669009494489e-02         6.8077329726206337e-02        -4.0294389666209627e-03        -2.3879699604595077e-03
50                                     2.1434498918887376e-04        -3.7894906106361004e-01        -9.3310297923770782e-03        -1.7803498514838461e-02        -2.9618285309385425e-02        -5.6001701831677193e-02         3.9780757478105645e-03         2.1184189497047831e-03
51                                    -4.3442070129379590e-03         5.0033954762423024e-03        -1.7977335047185565e-02        -2.3250366863640767e-01         7.4467800135658582e-02        -8.6841159774354457e-02         5.8904959911609241e-03        -5.0363675434443855e-01
52                                     5.5383937602067673e-03        -6.6180167861717657e-03         2.2034827002132953e-02         2.8673420009327261e-01        -9.2570441905543213e-02         1.0760088130893208e-01        -7.2451736431418173e-03         6.1542997894467433e-01
53                                     1.6714949271826006e-03        -2.9133769797537418e-03         5.9400504600805202e-03         8.0288997739047310e-02        -2.7372403857136709e-02         3.1050516730406930e-02        -1.9089893018221717e-03         1.7732045209381181e-01
54                                    -1.0223016514598445e-02        -5.0162258106133751e-03        -1.2466300433193423e-03         3.5514449820110754e-02        -3.2125200140926728e-02         2.8846385647725830e-02        -1.3049982519936444e-03         1.1860568808066195e-01
55                                    -1.2205617647721750e-02        -5.6513224179123266e-03        -2.1119476943780554e-03         4.1900283701311589e-02        -3.9343618238390297e-02         3.4819301095832096e-02        -1.3667313664357686e-03         1.4765422554973601e-01
56                                    -1.0020717391332616e-02        -6.1017868498939925e-03        -1.7495013576145932e-03         3.8394200559311656e-02        -3.3165639569477379e-02         2.9823009154553340e-02        -1.5083355485482554e-03         1.2456535358615070e-01
57                                    -2.3189001389973168e-04        -3.1389242163622023e-02         2.5982684631574993e-02         3.7486784795767369e-01        -1.1483665395707575e-01         1.2333856011181531e-01         1.5988824684897327e-03        -2.1659285409270218e-01
58                                     2.3640725391770568e-04         3.8126997718326436e-02        -3.0702006535150241e-02        -4.5385832255534686e-01         1.4538188797743165e-01        -1.5448565149711782e-01        -1.9174332021241823e-03         2.5639700721273273e-01
59                                     7.1518431665014580e-05         2.1593896493694715e-02        -1.5857505457654186e-02        -2.2101100848042693e-01         8.0402339273251050e-02        -8.1719908523973331e-02        -1.0559810232115469e-03         1.3193119134066042e-01
60                                     3.3878430545035513e-04        -1.2077483560701803e-02         5.9320707731782846e-03        -1.3769822379331980e-02        -2.2237075624843444e-01         1.6533548282893218e-01         9.7964955004830332e-04        -5.5836802618503475e-02
61                                    -3.9149903794176124e-04         1.9263393844375632e-02        -8.1288081616941576e-03         2.9159141805280155e-02         3.3063995415515751e-01        -2.4442049279482558e-01        -1.4966910005781899e-03         8.2495008363291225e-02
62                                     5.4415180322424578e-04        -3.1337328046080713e-02         1.2953657317439502e-02        -2.2826357186556161e-02        -4.8815949851633794e-01         3.6268694249407252e-01         2.2322257972536238e-03        -1.2763553961340623e-01
63                                     5.9420158289547628e-04         2.1887021601027408e-02        -1.7327773651920335e-02        -3.2434653197051860e-01        -1.8410948379335429e-01         1.0836473128187001e-01         3.3930586169185187e-05         9.5005043429673003e-02
64                                     6.8519442600288344e-04         2.2546686025507787e-02        -1.8774633840552085e-02        -3.5496983098226947e-01        -2.1582876071595009e-01         1.2933355579776779e-01         1.0426999054868130e-04         1.0051081181835127e-01
65                                     6.0088802059748482e-04         2.2842300081807664e-02        -1.7622390610095164e-02        -3.3020959488628970e-01        -1.9004219841996448e-01         1.1239885297786419e-01         6.7712969044273879e-05         9.5033261387110643e-02
66                                     1.1486808552395041e-04         1.1049683287391407e-03        -8.7117138136507625e-04        -2.3524363832644724e-05        -7.1671859459510750e-04        -4.9021327952997000e-04        -1.1383137764782091e-01        -9.8488301964039454e-04
67                                    -3.6967901906365949e-04        -2.7630710179963728e-03         7.0212109633462621e-03         3.6310714884018691e-04         4.3401530043604116e-03         3.3874026192308262e-03         6.4665641502863846e-01         5.5968400178094749e-03
68                                     1.8836407662207902e-05        -1.7734115953815710e-03         2.5331160767468340e-04         2.9504817996764092e-05         5.0308121599055883e-04         2.3527265497710353e-04         1.0912671833113004e-01         1.0578081735024324e-03
69                                    -4.0462664493162134e-05         1.5358598751754582e-02         1.1766944943402106e-02         1.2802071434388413e-03         4.2854934733073989e-03         5.5731552004056840e-03         5.7277031790681210e-01         6.4379541504308510e-03
70                                     3.0347622828998373e-05         5.8125603379230424e-03         5.1099500584436174e-03         5.4178206334268460e-04         1.9309751962649838e-03         2.4802617013253065e-03         2.5522612153154201e-01         3.1257909997127803e-03
71                                    -4.4180817578619674e-05         4.7980622251931311e-03         4.4805804024657401e-03         3.9321469021616045e-04         1.8587353103012867e-03         2.1773837603544710e-03         2.4421132903568274e-01         2.7703626091777648e-03
72                                    -6.5155680430588130e-05        -1.2161996619918611e-02        -6.6308395420749582e-03        -1.3269613150325417e-03         1.2290828711795262e-04        -2.7533507738827395e-03        -3.0100319430132496e-02         2.8289307128026978e-03
73                                     2.8453244457729494e-05         9.7245677261608668e-04         7.0664776315939573e-04         9.7484858744687844e-05        -4.8238860365817579e-05         2.5824311501619656e-04        -5.3184481454776993e-03        -4.8460730715099042e-04
74                                     6.1406344267524903e-05         1.2029382289391811e-02         6.2841898177570469e-03         1.3051680366132753e-03        -7.9809159420326056e-05         2.6924646604255843e-03         1.9879701672338698e-02        -2.7260237853634164e-03
75                                    -4.8092836850789361e-01        -2.6380971886427767e-04         5.4598200198441797e-05         1.0277125519122219e-03        -1.2496636313690144e-03         1.1025688828166964e-03        -4.3065343869999405e-05         7.4723253750577688e-03
76                                     2.5400872229837590e-01        -8.5721412992751693e-05        -6.1528497089907347e-05        -5.3464145174522855e-04         6.1451454224124705e-04        -6.3081499152449678e-04        -3.0317370695819084e-05        -3.8878766250433675e-03
77                                    -2.1522268364402478e-01        -2.3807972787837672e-04         6.8874469955995698e-07         6.0131568307014098e-04        -7.0101280557315884e-04         5.8321989315689908e-04        -3.4868349223374250e-05         3.8842463850247430e-03
78                                    -1.3322409733299995e-01        -1.2370450444349290e-04         1.4531755891012057e-05         2.5134353654683849e-04        -3.1016467242002681e-04         2.1131819273383423e-04        -6.9619734448078620e-05         1.4297074717178819e-03
79                                    -4.4692549817839583e-01        -4.4034614574327166e-04         1.1526497434827950e-05         9.0162621107948927e-04        -1.1092374821518700e-03         7.5574161608845953e-04        -2.2230207896175276e-04         5.2120798882561081e-03
80                                     2.9449705845791407e-01         3.2488527394054518e-04        -1.8065332796008640e-05        -7.9732487313632059e-04         7.9026253666792019e-04        -5.5893942216604241e-04         1.6514464328638815e-04        -3.7445495427638384e-03
81                                     3.4559206030815437e-01        -2.5060148364824916e-05        -7.9101519192250099e-06         1.0027323635961741e-03        -1.1907405672413830e-03         1.0509490626266257e-03         1.1525929745189711e-04         7.8834727232516607e-03
82                                    -1.4192534220851508e-01         5.8833909401666666e-05        -2.7994082687232492e-05        -5.8644388683938477e-04         5.4962132879312275e-04        -4.7402060219279174e-04        -3.6639267147950326e-05        -3.7139212866085587e-03
83                                    -4.2143071288569373e-01         8.0062680208947077e-05        -1.9997139676017953e-05        -1.3323955247692273e-03         1.4587946408575101e-03        -1.2688680647253126e-03        -1.2956229614360823e-04        -9.9983106974498824e-03
                                                        80                          81                          82                          83

0                                     -5.6230776357515459e-06         1.0640299664356233e-03         6.4246906336748793e-06         5.1240109002088935e-05
1                                     -3.7520141209729422e-05         6.6316419831762442e-03        -1.5531775990257565e-06         7.6595289037916382e-04
2                                      6.5726086373027830e-05        -1.1931234168015944e-02        -1.4063985567119387e-05        -1.4919520290666627e-03
3                                     -1.0022036423907318e-05         5.4643401281014616e-03         4.5131438245613009e-05         1.7648132352496935e-04
4                                     -1.5014646563944143e-04         2.8543294371488417e-02         3.7449719357330993e-05         4.1058572510400057e-03
5                                      4.5126131360494030e-04        -8.0716122177568128e-02        -5.7614112532520792e-05        -1.2901995413956110e-02
6                                     -1.4017218825749946e-05         1.6792862747534802e-04        -3.9309471077009113e-05        -2.2840550440138275e-05
7                                     -8.0802086227806233e-06        -2.4653847585893193e-04         2.0448897277448046e-05         1.1611926851116171e-04
8                                     -1.2310834101773813e-05         2.3665919774765041e-04         1.1142101749865895e-05        -1.9291833457272167e-04
9                                      2.6910931891285426e-04         1.5437131406233389e-03         1.4001343100376586e-04         7.1885182757190871e-05
10                                    -1.4325880194793229e-03        -2.6793597708243059e-03        -5.9668087057541063e-04        -2.0656486581418945e-04
11                                    -7.4284519856448214e-04        -7.3821949426516864e-04        -3.1521392416854237e-04        -1.7474816003031180e-04
12                                     3.3334444757188377e-05         1.4701107272307396e-03         9.7665518105839861e-06         8.0788884141964583e-05
13                                    -3.4992629265910623e-04        -2.8597874328510041e-03        -1.3341817656280886e-04        -1.7377606185814634e-04
14                                    -1.9283915836137524e-04        -5.0356740085544437e-06        -7.6769644782191855e-05         2.9435814117102307e-05
15                                     5.5983623136627637e-07         1.2442192072057402e-04         1.1442688309275187e-04        -1.3392114149734832e-03
16                                    -7.7429949209689494e-06         3.1209956564007485e-04        -7.2234487706795725e-05         8.1721289373709756e-04
17                                    -6.9933648391518031e-05        -2.0818259904753240e-04        -1.0919335353974191e-05        -3.9403313055470188e-04
18                                     2.9931950576545431e-05         1.1895215979686404e-02         4.2041340563107391e-06        -7.5421245156309866e-02
19                                    -1.8028516263644611e-05        -2.9012875766128775e-03        -1.4229506487778867e-05         1.7893954491365053e-02
20                                     1.7501522019757798e-06        -7.9919801119921821e-03        -1.3473631084476218e-05         4.2267408485018830e-02
21                                    -2.2541993819689035e-04        -1.6559688057604961e-04        -8.9380239117791243e-05         4.1365425106744017e-04
22                                     2.1397005360671446e-05         2.0409348715225116e-05        -3.9473139356882221e-05        -8.8148955953537856e-05
23                                    -9.3268696698098222e-05         1.1321971985362331e-04         9.6686761223794111e-05        -3.5802987851710563e-04
24                                     3.7273122311340563e-04         2.7310086156571733e-05         2.4409706333345562e-05         6.7533752411067484e-05
25                                    -1.6757041185520578e-04         1.8453169165292180e-06         2.5601985296904350e-04        -3.6475257291606598e-05
26                                    -9.8146842363647780e-05         2.4092748141344558e-06        -3.5111583682066250e-04        -3.0341988362584972e-06
27                                     7.8473552200336250e-02         3.6070997122196382e-04         7.3150724532018074e-03         7.1125414033471808e-05
28                                    -3.6802209370422889e-02        -2.3889139964249927e-04         5.8743759368056050e-02        -3.7121378596733878e-05
29                                    -2.2950050331191258e-02        -4.2707619771235651e-05        -6.7987275923292359e-02        -2.7095649178043353e-05
30                                    -7.8146405068365684e-05         6.8256328679845041e-06        -4.6981902703582046e-05        -1.6779887603361642e-05
31                                     3.0253242837493915e-05        -1.9674679697143124e-05        -2.5462666857739162e-04         4.1165422135270834e-05
32                                    -7.9596485956598507e-07        -5.4898926422937586e-06         4.3406766739564259e-05        -9.0230478714474269e-06
33                                    -1.4050527579655359e-04        -7.4561073153001013e-06        -4.2051341100809471e-05        -2.1913943523494911e-05
34                                     1.4136874963516322e-04         8.6478575949615354e-07        -8.5218317049727810e-06         1.1188424290772992e-05
35                                     2.0699322356769771e-04         3.9171840959101724e-06         1.6557133833413734e-04         6.5673613502440757e-06
36                                     3.1486755860243555e-04        -6.1658702603071838e-02        -7.3748957998556771e-05        -6.7361797453006260e-03
37                                     2.4448341407319406e-04        -4.7004137507586294e-02        -6.3885626180449265e-05        -5.1438773251642877e-03
38                                    -1.8894919173508359e-04         3.5629286195507343e-02         3.8520947394700495e-05         4.0040005616776529e-03
39                                    -1.6680489148139307e-04         2.7573078971237654e-02         2.5514909611960816e-05         3.8039336221026795e-03
40                                     8.1612896485898758e-05        -1.1679589348970459e-02        -8.2593494847739367e-06        -1.3067148395704640e-03
41                                    -6.0847162705930050e-04         1.0964451728847255e-01         1.1250493034643195e-04         1.4750267258624961e-02
42                                    -1.4688188487424773e-04         2.4406922641827682e-02        -1.3988583554390885e-04         2.9153231465743274e-03
43                                     9.6381848924258321e-05        -1.6433952611228885e-02         1.0712216565925024e-04        -1.9796999013509922e-03
44                                     7.8806331658426075e-06         6.7526372247461719e-04         1.0221313633489724e-05         9.3340387977468699e-05
45                                    -1.3034772375633366e-03         2.2233466801210564e-01         1.1396171606918108e-04         3.7902742812655620e-02
46                                     6.9016235633053964e-04        -1.1754328791643180e-01        -6.0553653226461124e-05        -1.9544282483118184e-02
47                                    -4.5661932745152114e-03         7.8477856892118358e-01         4.2387278816547326e-04         1.2964442701950410e-01
48                                     1.5108600786720395e-03        -3.0427282827549085e-01        -5.5277960584525947e-04        -4.1296609191387737e-02
49                                     1.0955894338579616e-03        -2.2254581688310301e-01        -3.8867259201071753e-04        -3.0358123242455730e-02
50                                    -8.9154082884184923e-04         1.8047703782976279e-01         3.2609850298265187e-04         2.5166548377491941e-02
51                                    -8.2661399635707896e-03        -1.7717480889677128e-02        -3.6336793631978987e-03        -7.3705227390463159e-04
52                                     9.6879464390123658e-03         2.1399167562571767e-02         4.1812106088588777e-03         7.7851543663669384e-04
53                                     2.7024325047133226e-03         6.8761115167241286e-03         1.2033419440776647e-03         6.4014469668910619e-04
54                                     6.7001880990501987e-03         3.5931662806162894e-03         2.9023652927425499e-03         8.1141719559134232e-04
55                                     7.8720470279204265e-03         5.0247272415690674e-03         3.2206274209756330e-03         1.0591356760861551e-03
56                                     6.3239541764135432e-03         3.5986566284106247e-03         2.5875754419129164e-03         1.1612324767274595e-03
57                                    -1.8850637311740011e-03        -1.7782385890026991e-02        -7.1132994147762125e-04        -9.3471947142617293e-04
58                                     2.2066801202444580e-03         2.0686010327012051e-02         8.3356114369580550e-04         1.0544044454747644e-03
59                                     1.1505010868825538e-03         1.0507810361829651e-02         4.3020869287581240e-04         4.8754736315026741e-04
60                                    -1.4057743366273096e-04        -7.9100998853692712e-03        -4.4599112852458414e-05        -6.1961367126764063e-04
61                                     1.7010765187375755e-04         1.1260583090972293e-02         3.7569687792680806e-05         7.7795773959277485e-04
62                                    -2.8810183132381222e-04        -1.6420033512023226e-02        -6.1999969066536963e-05        -1.1037268056271674e-03
63                                     1.5853465581765409e-03         4.1562190326862704e-03         6.2081490446808953e-04         2.3725262486145137e-04
64                                     1.7070898628149917e-03         4.5186592430117387e-03         6.7238142273844635e-04         3.3172195046139209e-04
65                                     1.5434444869388323e-03         3.9087776804270502e-03         6.0186529662738610e-04         2.0478585458791015e-04
66                                    -1.0007777459898346e-04        -3.6158525606797523e-03         2.6178788493156481e-05         3.3568790890813216e-02
67                                     4.7996916930055633e-04         3.2405905845923642e-02        -1.6380768834147591e-05        -2.5152792390973167e-01
68                                     1.8346979140685015e-05         4.0826810234524677e-03         2.0132714055134140e-05        -4.0170564742681575e-02
69                                    -9.8668724223296335e-05        -2.2487284086132851e-02        -1.3540003169415886e-04         2.4978237372177442e-01
70                                    -8.0492135184481273e-05        -1.2993290086830702e-02        -2.0670168491161662e-06         1.1996038350848787e-01
71                                    -1.6804570485035704e-05        -1.3917969054613203e-02        -9.9065105702983016e-05         1.1317673870480814e-01
72                                    -1.4142442480194958e-04        -1.0428249207182166e-01        -9.3595801119411586e-05         6.2492549003654874e-01
73                                     2.4614688710590827e-05         1.4028087914590315e-02         6.9339471290332511e-06        -9.0685457479087975e-02
74                                     1.0237551987210136e-04         9.5843716497045844e-02         1.0838803461187537e-04        -5.6598499188525342e-01
75                                    -5.3468757218249852e-01        -2.9088844618860481e-03         3.2586725044923803e-01        -6.7864675272147281e-04
76                                     2.7577635224258207e-01         1.4574655275217420e-03        -1.6213008011416613e-01         2.5987227800431019e-04
77                                    -2.4870626830703874e-01        -1.3524826796611599e-03         1.4119048481061791e-01        -3.0764775594046493e-04
78                                     5.4988974070539374e-03         2.4264461459201793e-04        -1.9390121587279022e-01        -4.0965616643743837e-05
79                                    -1.2019065536074871e-02         6.3735728632261402e-04        -6.4028994573212417e-01        -7.5093137705565193e-05
80                                     2.3822397300492367e-03        -4.3513510170626669e-04         4.0763172153471938e-01         2.7635142050178191e-06
81                                    -4.1175720954049327e-01        -1.7319641556217565e-03        -2.1867006488494811e-01        -4.5761396013634944e-04
82                                     1.7609228819186382e-01         7.3169180941027798e-04         9.9830473197010716e-02         2.3433789801183529e-04
83                                     5.2089637059944449e-01         2.2121070560388394e-03         2.6688714917113349e-01         6.2212871630598523e-04
$End
$Calculation_Info
   &GeometryIndex 26
   &Mult [&Type "Integer"] 1
   &Charge [&Type "Integer"] 0
   &NumOfAtoms [&Type "Integer"] 28
   &NumOfElectrons [&Type "Integer"] 104
   &NumOfBasisFuncts [&Type "Integer"] 252
   &NumOfAuxCBasisFuncts [&Type "Integer"] 0
   &NumOfAuxJBasisFuncts [&Type "Integer"] 766
   &NumOfAuxJKBasisFuncts [&Type "Integer"] 0
   &NumOfCABSBasisFuncts [&Type "Integer"] 0
$End
$Calculation_Timings
   &GeometryIndex 26
   &GTOINT [&Type "Double"]       7.8637489000000130e+01
   &SCF [&Type "Double"]       1.2063045870000003e+03
   &SCFGRAD [&Type "Double"]       3.4600239699999986e+02
   &GSTEP [&Type "Double"]       2.4925959999999359e+00
   &PROPINT [&Type "Double"]       1.0046703299999979e+02
   &RESPONSE [&Type "Double"]       1.6154560799999990e+02
   &PROP [&Type "Double"]       1.2891200199999980e+02
   &SUM [&Type "Double"]       2.0243617120000001e+03
$End
