*************************************************
******************* ORCA 6.1.1 ******************
*************************************************
$Calculation_Status
   &GeometryIndex 19
   &version [&Type "String"] "6.1.1"
   &progName [&Type "String"] "LeanSCF"
   &Status [&Type "String"] "NORMAL TERMINATION"
$End
$Geometry
   &GeometryIndex 1
   &NAtoms [&Type "Integer"] 42
   &NCorelessECP [&Type "Integer"] 0
   &NGhostAtoms [&Type "Integer"] 0
   &CartesianCoordinates [&Type "Coordinates", &Dim(42,4), &Units "Bohr"] 
              C     -4.336829164228    2.439335311033    4.434350427787
              C     -2.858140649819    0.572956516729    2.807926204482
              N     -3.857858252358    0.098952806694    0.256946194710
              C     -6.433045635008   -0.940798606197    0.205879520681
              C     -6.714802119719   -3.417248232987    1.656708671971
              C     -3.595203119408    2.346536680953   -1.375420782649
              C     -3.856145593563    1.872241367278   -4.237090647201
              S     -1.787700538047   -0.575959253761   -5.484756097724
              P      1.815099148139    0.590231674949   -4.417839455917
              C      4.074624598680   -1.099784497276   -6.287385185557
              O      2.097313059959    3.405029660647   -4.694116263964
              O      2.453198568718   -0.371810741117   -1.589054870109
              C      4.417727017213    0.873999546363   -0.256657671324
              C      5.153782168286   -0.695358727149    2.061131834275
              C      6.199269107864   -3.277758344076    1.286360238731
              C      7.078907011196    0.727117691323    3.672099741866
              H     -4.447820830306    4.305152705497    3.550889684075
              H     -3.390724055868    2.673002687595    6.260286248235
              H     -6.257208753637    1.775299928389    4.814228409769
              H     -2.688676057253   -1.221550436907    3.828778031671
              H     -0.905342789685    1.251794823379    2.648701452020
              H     -6.967712199558   -1.360016283226   -1.749528996107
              H     -7.813712864323    0.434114955060    0.910586836398
              H     -6.531409659731   -3.143030451639    3.697682740884
              H     -8.588413217191   -4.225120290389    1.309792313669
              H     -5.306197613878   -4.804575329629    1.045565382110
              H     -4.984667590794    3.788652701882   -0.834231337019
              H     -1.736204348164    3.209131049796   -1.060746213548
              H     -3.434628422186    3.628809290878   -5.247983806637
              H     -5.803201010613    1.368644470397   -4.718786298491
              H      6.001736602003   -0.559291264548   -5.775260880600
              H      3.800484655151   -0.686753311178   -8.293717513079
              H      3.874398987414   -3.137411672233   -6.005257842092
              H      6.049724553112    1.150454971324   -1.500009236131
              H      3.721766828029    2.733725616504    0.328063845678
              H      3.453902683889   -1.032353456331    3.200049347250
              H      6.720945562689   -4.386842731677    2.954096483146
              H      7.882732201186   -3.078765986982    0.098529432451
              H      4.793865968169   -4.365955739897    0.227236392864
              H      6.313186032203    2.545550240774    4.296318689355
              H      7.572830494484   -0.362155790148    5.360952315225
              H      8.820149236953    1.093784276650    2.614682621054
$End
$SCF_Mulliken_Population_Analysis
   &GeometryIndex 1
   &NAtoms [&Type "Integer"] 42
   &ATNO [&Type "ArrayOfIntegers", &Dim (42,1)] 
                                                         0

0                                                        6
1                                                        6
2                                                        7
3                                                        6
4                                                        6
5                                                        6
6                                                        6
7                                                       16
8                                                       15
9                                                        6
10                                                       8
11                                                       8
12                                                       6
13                                                       6
14                                                       6
15                                                       6
16                                                       1
17                                                       1
18                                                       1
19                                                       1
20                                                       1
21                                                       1
22                                                       1
23                                                       1
24                                                       1
25                                                       1
26                                                       1
27                                                       1
28                                                       1
29                                                       1
30                                                       1
31                                                       1
32                                                       1
33                                                       1
34                                                       1
35                                                       1
36                                                       1
37                                                       1
38                                                       1
39                                                       1
40                                                       1
41                                                       1
   &AtomicCharges [&Type "ArrayOfDoubles", &Dim (42,1)] 
                                                         0

0                                     -8.4356694494283957e-02
1                                      4.0831448424399674e-02
2                                     -4.2645606702594385e-01
3                                      4.9770563658468880e-02
4                                     -6.0431933717485897e-02
5                                      1.0096330510379836e-01
6                                     -1.0105186216050477e-01
7                                     -2.0559488316294505e-01
8                                      7.4660955800736595e-01
9                                     -2.0362560089175563e-01
10                                    -5.9057689156169246e-01
11                                    -4.9652821712475870e-01
12                                     2.1974341542098053e-01
13                                    -1.9072250667858448e-01
14                                    -3.3665989157404042e-02
15                                    -3.7771688213576127e-02
16                                     4.0444742333864081e-02
17                                     3.9776498530871507e-02
18                                     4.0515248432387185e-02
19                                     3.5092072675524832e-02
20                                     3.7850162173554303e-02
21                                     3.4997724627145455e-02
22                                     9.6501515598372833e-03
23                                     4.2190741374194207e-02
24                                     4.2818555360005561e-02
25                                     3.5596960442921044e-02
26                                     3.1304524949702150e-02
27                                     3.6251590976479564e-02
28                                     9.4365890581353140e-02
29                                     1.0627533389523625e-01
30                                     1.0678387164958758e-01
31                                     9.8840057381270441e-02
32                                     9.7210821006198045e-02
33                                     3.7326391445696938e-02
34                                     4.2442985794655552e-02
35                                     4.0969173443459517e-02
36                                     3.8613037353764756e-02
37                                     2.9232319015679020e-02
38                                     3.4809286209974477e-02
39                                     3.9433773389771387e-02
40                                     4.4209104230853002e-02
41                                     3.5863024740004024e-02
   &Method [&Type "String"] "SCF"
   &Level [&Type "String"] "Relaxed density"
   &Mult [&Type "Integer"] 1
   &State [&Type "Integer"] -1
   &Irrep [&Type "Integer"] 0
$End
$SCF_Loewdin_Population_Analysis
   &GeometryIndex 1
   &NAtoms [&Type "Integer"] 42
   &ATNO [&Type "ArrayOfIntegers", &Dim (42,1)] 
                                                         0

0                                                        6
1                                                        6
2                                                        7
3                                                        6
4                                                        6
5                                                        6
6                                                        6
7                                                       16
8                                                       15
9                                                        6
10                                                       8
11                                                       8
12                                                       6
13                                                       6
14                                                       6
15                                                       6
16                                                       1
17                                                       1
18                                                       1
19                                                       1
20                                                       1
21                                                       1
22                                                       1
23                                                       1
24                                                       1
25                                                       1
26                                                       1
27                                                       1
28                                                       1
29                                                       1
30                                                       1
31                                                       1
32                                                       1
33                                                       1
34                                                       1
35                                                       1
36                                                       1
37                                                       1
38                                                       1
39                                                       1
40                                                       1
41                                                       1
   &AtomicCharges [&Type "ArrayOfDoubles", &Dim (42,1)] 
                                                         0

0                                     -8.3103227563587900e-02
1                                      1.6572485477193588e-02
2                                     -1.6271076400149997e-01
3                                      2.0547561526578662e-02
4                                     -7.1075813434318569e-02
5                                      1.3764414578370854e-02
6                                     -1.3511860468535630e-01
7                                      5.6225148870018060e-02
8                                      7.8748028891891941e-01
9                                     -2.2088791695112064e-01
10                                    -5.8397011781800146e-01
11                                    -2.8789360103031392e-01
12                                     8.0508370756243508e-02
13                                    -5.5313043692377661e-02
14                                    -6.1367585907533773e-02
15                                    -5.6233163274296061e-02
16                                     2.5833256934339355e-02
17                                     3.2697635086233023e-02
18                                     2.5101829216527372e-02
19                                     2.0763185378081306e-02
20                                     2.2667381242698292e-02
21                                     2.2856983581324819e-02
22                                     2.7580634186278319e-03
23                                     2.4710503992008026e-02
24                                     3.4186800417049690e-02
25                                     2.6756058986874720e-02
26                                     1.5143247110969371e-02
27                                     1.9060749153980372e-02
28                                     3.8392907420574884e-02
29                                     4.3677974903742922e-02
30                                     5.9618664928567267e-02
31                                     5.2278479981409776e-02
32                                     5.1429725680596561e-02
33                                     1.5994710360683784e-02
34                                     1.7249509678788244e-02
35                                     2.8771571328668366e-02
36                                     2.8320449329426123e-02
37                                     2.4935018702804790e-02
38                                     2.2999405608691736e-02
39                                     2.7713586575219606e-02
40                                     3.1460350653686464e-02
41                                     2.7197518559571865e-02
   &Method [&Type "String"] "SCF"
   &Level [&Type "String"] "Relaxed density"
   &Mult [&Type "Integer"] 1
   &State [&Type "Integer"] -1
   &Irrep [&Type "Integer"] 0
$End
$SCF_Mayer_Population_Analysis
   &GeometryIndex 1
   &NAtoms [&Type "Integer"] 42 "Total number of atoms"
   &NBondOrdersPrint [&Type "Integer"] 41 "The number of bond orders larger than threshold"
   &bondThresh [&Type "Double"]       1.0000000000000001e-01  "The threshold for printing"
   &components [&Type "ArrayOfIntegers", &Dim (41,4)] "The indices and atomic numbers of the bonding atoms"
                                                         0                           1                           2                           3

0                                                        0                           6                           1                           6
1                                                        0                           6                          16                           1
2                                                        0                           6                          17                           1
3                                                        0                           6                          18                           1
4                                                        1                           6                           2                           7
5                                                        1                           6                          19                           1
6                                                        1                           6                          20                           1
7                                                        2                           7                           3                           6
8                                                        2                           7                           5                           6
9                                                        3                           6                           4                           6
10                                                       3                           6                          21                           1
11                                                       3                           6                          22                           1
12                                                       4                           6                          23                           1
13                                                       4                           6                          24                           1
14                                                       4                           6                          25                           1
15                                                       5                           6                           6                           6
16                                                       5                           6                          26                           1
17                                                       5                           6                          27                           1
18                                                       6                           6                           7                          16
19                                                       6                           6                          28                           1
20                                                       6                           6                          29                           1
21                                                       7                          16                           8                          15
22                                                       8                          15                           9                           6
23                                                       8                          15                          10                           8
24                                                       8                          15                          11                           8
25                                                       9                           6                          30                           1
26                                                       9                           6                          31                           1
27                                                       9                           6                          32                           1
28                                                      11                           8                          12                           6
29                                                      12                           6                          13                           6
30                                                      12                           6                          33                           1
31                                                      12                           6                          34                           1
32                                                      13                           6                          14                           6
33                                                      13                           6                          15                           6
34                                                      13                           6                          35                           1
35                                                      14                           6                          36                           1
36                                                      14                           6                          37                           1
37                                                      14                           6                          38                           1
38                                                      15                           6                          39                           1
39                                                      15                           6                          40                           1
40                                                      15                           6                          41                           1
   &BondOrders [&Type "ArrayOfDoubles", &Dim (41,1)] "The bond orders"
                                                         0

0                                      1.0699836503861901e+00
1                                      9.6999161667151035e-01
2                                      9.6732105437717619e-01
3                                      9.6630989155682201e-01
4                                      1.0077103348974157e+00
5                                      9.6050304328404368e-01
6                                      9.5642329838325324e-01
7                                      9.8679881234815869e-01
8                                      1.0104703216128925e+00
9                                      1.0933745902184102e+00
10                                     9.5755922401384352e-01
11                                     9.4407697091004972e-01
12                                     9.6931185329027292e-01
13                                     9.6846195894525566e-01
14                                     9.6774778688228413e-01
15                                     1.0379914159889465e+00
16                                     9.3524403147316770e-01
17                                     9.4306602343744506e-01
18                                     9.6406519370582278e-01
19                                     9.4772050440459477e-01
20                                     9.4678033883394885e-01
21                                     1.0442444332490273e+00
22                                     1.0327876219231253e+00
23                                     1.7689835758670505e+00
24                                     1.0276529386657947e+00
25                                     9.4424506176348366e-01
26                                     9.5138122097639632e-01
27                                     9.4270127745869237e-01
28                                     8.7869551639749766e-01
29                                     1.0272368918323203e+00
30                                     9.4489470769650186e-01
31                                     9.5988995755305329e-01
32                                     1.0507592579379450e+00
33                                     1.0538982981905072e+00
34                                     9.3482968072534101e-01
35                                     9.7446326862920540e-01
36                                     9.7198531307445368e-01
37                                     9.7140299587836954e-01
38                                     9.7190987113675331e-01
39                                     9.7222863672705551e-01
40                                     9.7194952743014074e-01
   &ATNO [&Type "ArrayOfIntegers", &Dim (42,1)] "Atomic number of the elements"
                                                         0

0                                                        6
1                                                        6
2                                                        7
3                                                        6
4                                                        6
5                                                        6
6                                                        6
7                                                       16
8                                                       15
9                                                        6
10                                                       8
11                                                       8
12                                                       6
13                                                       6
14                                                       6
15                                                       6
16                                                       1
17                                                       1
18                                                       1
19                                                       1
20                                                       1
21                                                       1
22                                                       1
23                                                       1
24                                                       1
25                                                       1
26                                                       1
27                                                       1
28                                                       1
29                                                       1
30                                                       1
31                                                       1
32                                                       1
33                                                       1
34                                                       1
35                                                       1
36                                                       1
37                                                       1
38                                                       1
39                                                       1
40                                                       1
41                                                       1
   &NA [&Type "ArrayOfDoubles", &Dim (42,1)] "Mulliken gross atomic population"
                                                         0

0                                      6.0843566944942928e+00
1                                      5.9591685515756003e+00
2                                      7.4264560670259430e+00
3                                      5.9502294363415249e+00
4                                      6.0604319337174841e+00
5                                      5.8990366948962025e+00
6                                      6.1010518621605030e+00
7                                      1.6205594883162941e+01
8                                      1.4253390441992641e+01
9                                      6.2036256008917530e+00
10                                     8.5905768915616925e+00
11                                     8.4965282171247587e+00
12                                     5.7802565845790177e+00
13                                     6.1907225066785854e+00
14                                     6.0336659891574023e+00
15                                     6.0377716882135726e+00
16                                     9.5955525766613636e-01
17                                     9.6022350146912872e-01
18                                     9.5948475156761281e-01
19                                     9.6490792732447472e-01
20                                     9.6214983782644548e-01
21                                     9.6500227537285443e-01
22                                     9.9034984844016261e-01
23                                     9.5780925862580568e-01
24                                     9.5718144463999477e-01
25                                     9.6440303955707896e-01
26                                     9.6869547505029829e-01
27                                     9.6374840902351999e-01
28                                     9.0563410941864708e-01
29                                     8.9372466610476331e-01
30                                     8.9321612835041231e-01
31                                     9.0115994261872956e-01
32                                     9.0278917899380251e-01
33                                     9.6267360855430295e-01
34                                     9.5755701420534423e-01
35                                     9.5903082655654059e-01
36                                     9.6138696264623524e-01
37                                     9.7076768098432131e-01
38                                     9.6519071379002552e-01
39                                     9.6056622661022861e-01
40                                     9.5579089576914722e-01
41                                     9.6413697525999575e-01
   &ZA [&Type "ArrayOfDoubles", &Dim (42,1)] "Total nuclear charge"
                                                         0

0                                      6.0000000000000000e+00
1                                      6.0000000000000000e+00
2                                      7.0000000000000000e+00
3                                      6.0000000000000000e+00
4                                      6.0000000000000000e+00
5                                      6.0000000000000000e+00
6                                      6.0000000000000000e+00
7                                      1.6000000000000000e+01
8                                      1.5000000000000000e+01
9                                      6.0000000000000000e+00
10                                     8.0000000000000000e+00
11                                     8.0000000000000000e+00
12                                     6.0000000000000000e+00
13                                     6.0000000000000000e+00
14                                     6.0000000000000000e+00
15                                     6.0000000000000000e+00
16                                     1.0000000000000000e+00
17                                     1.0000000000000000e+00
18                                     1.0000000000000000e+00
19                                     1.0000000000000000e+00
20                                     1.0000000000000000e+00
21                                     1.0000000000000000e+00
22                                     1.0000000000000000e+00
23                                     1.0000000000000000e+00
24                                     1.0000000000000000e+00
25                                     1.0000000000000000e+00
26                                     1.0000000000000000e+00
27                                     1.0000000000000000e+00
28                                     1.0000000000000000e+00
29                                     1.0000000000000000e+00
30                                     1.0000000000000000e+00
31                                     1.0000000000000000e+00
32                                     1.0000000000000000e+00
33                                     1.0000000000000000e+00
34                                     1.0000000000000000e+00
35                                     1.0000000000000000e+00
36                                     1.0000000000000000e+00
37                                     1.0000000000000000e+00
38                                     1.0000000000000000e+00
39                                     1.0000000000000000e+00
40                                     1.0000000000000000e+00
41                                     1.0000000000000000e+00
   &QA [&Type "ArrayOfDoubles", &Dim (42,1)] "Mulliken gross atomic charge"
                                                         0

0                                     -8.4356694494292839e-02
1                                      4.0831448424399674e-02
2                                     -4.2645606702594296e-01
3                                      4.9770563658475098e-02
4                                     -6.0431933717484121e-02
5                                      1.0096330510379747e-01
6                                     -1.0105186216050299e-01
7                                     -2.0559488316294150e-01
8                                      7.4660955800735884e-01
9                                     -2.0362560089175297e-01
10                                    -5.9057689156169246e-01
11                                    -4.9652821712475870e-01
12                                     2.1974341542098230e-01
13                                    -1.9072250667858537e-01
14                                    -3.3665989157402265e-02
15                                    -3.7771688213572574e-02
16                                     4.0444742333863637e-02
17                                     3.9776498530871285e-02
18                                     4.0515248432387185e-02
19                                     3.5092072675525277e-02
20                                     3.7850162173554525e-02
21                                     3.4997724627145566e-02
22                                     9.6501515598373944e-03
23                                     4.2190741374194318e-02
24                                     4.2818555360005228e-02
25                                     3.5596960442921044e-02
26                                     3.1304524949701706e-02
27                                     3.6251590976480008e-02
28                                     9.4365890581352918e-02
29                                     1.0627533389523669e-01
30                                     1.0678387164958769e-01
31                                     9.8840057381270441e-02
32                                     9.7210821006197490e-02
33                                     3.7326391445697049e-02
34                                     4.2442985794655774e-02
35                                     4.0969173443459406e-02
36                                     3.8613037353764756e-02
37                                     2.9232319015678687e-02
38                                     3.4809286209974477e-02
39                                     3.9433773389771387e-02
40                                     4.4209104230852780e-02
41                                     3.5863024740004246e-02
   &VA [&Type "ArrayOfDoubles", &Dim (42,1)] "Mayer's total valence"
                                                         0

0                                      3.9808230762092225e+00
1                                      4.0611810634740957e+00
2                                      3.0301438390209450e+00
3                                      4.0329311217219974e+00
4                                      4.0074852695039569e+00
5                                      3.9531625168545563e+00
6                                      3.9289368055755021e+00
7                                      2.1451941127848428e+00
8                                      5.0594165189647065e+00
9                                      3.9183310090588748e+00
10                                     1.9762983378985819e+00
11                                     2.0145972264140934e+00
12                                     3.8689572622716408e+00
13                                     4.1185820522991108e+00
14                                     3.9486582455410968e+00
15                                     3.9617022039748528e+00
16                                     9.9207743138128857e-01
17                                     9.8992588120006553e-01
18                                     9.9262110665637737e-01
19                                     9.8920294150759203e-01
20                                     9.9166973507095790e-01
21                                     9.8525035867670940e-01
22                                     9.8411015089458209e-01
23                                     9.9087477412588554e-01
24                                     9.8875515837841776e-01
25                                     9.9656288751483624e-01
26                                     9.8581851708247825e-01
27                                     1.0282574708208105e+00
28                                     9.8906900975193823e-01
29                                     9.8437068430824259e-01
30                                     1.0021740775604673e+00
31                                     9.9478354082563747e-01
32                                     9.8966881639865434e-01
33                                     9.9690517077065077e-01
34                                     9.9742370451560980e-01
35                                     9.7531284836890453e-01
36                                     9.9020802141970832e-01
37                                     9.9527382182513358e-01
38                                     1.0000804439580884e+00
39                                     9.8978844420273837e-01
40                                     9.9025977064487936e-01
41                                     9.9370143004146105e-01
   &BVA [&Type "ArrayOfDoubles", &Dim (42,1)] "Mayer's bonded valence"
                                                         0

0                                      3.9808230762092389e+00
1                                      4.0611810634741170e+00
2                                      3.0301438390209627e+00
3                                      4.0329311217220329e+00
4                                      4.0074852695039285e+00
5                                      3.9531625168545412e+00
6                                      3.9289368055754386e+00
7                                      2.1451941127848499e+00
8                                      5.0594165189646549e+00
9                                      3.9183310090589023e+00
10                                     1.9762983378985890e+00
11                                     2.0145972264141037e+00
12                                     3.8689572622716089e+00
13                                     4.1185820522990753e+00
14                                     3.9486582455411470e+00
15                                     3.9617022039747858e+00
16                                     9.9207743138129656e-01
17                                     9.8992588120006997e-01
18                                     9.9262110665638026e-01
19                                     9.8920294150760479e-01
20                                     9.9166973507096223e-01
21                                     9.8525035867671462e-01
22                                     9.8411015089458820e-01
23                                     9.9087477412588165e-01
24                                     9.8875515837841377e-01
25                                     9.9656288751483169e-01
26                                     9.8581851708246948e-01
27                                     1.0282574708208065e+00
28                                     9.8906900975193723e-01
29                                     9.8437068430823438e-01
30                                     1.0021740775604713e+00
31                                     9.9478354082563691e-01
32                                     9.8966881639866588e-01
33                                     9.9690517077064622e-01
34                                     9.9742370451560791e-01
35                                     9.7531284836889398e-01
36                                     9.9020802141971098e-01
37                                     9.9527382182513202e-01
38                                     1.0000804439580968e+00
39                                     9.8978844420273726e-01
40                                     9.9025977064486903e-01
41                                     9.9370143004145517e-01
   &FA [&Type "ArrayOfDoubles", &Dim (42,1)] "Mayer's free valence"
                                                         0

0                                      0.0000000000000000e+00
1                                      0.0000000000000000e+00
2                                      0.0000000000000000e+00
3                                      0.0000000000000000e+00
4                                      0.0000000000000000e+00
5                                      0.0000000000000000e+00
6                                      0.0000000000000000e+00
7                                      0.0000000000000000e+00
8                                      0.0000000000000000e+00
9                                      0.0000000000000000e+00
10                                     0.0000000000000000e+00
11                                     0.0000000000000000e+00
12                                     0.0000000000000000e+00
13                                     0.0000000000000000e+00
14                                     0.0000000000000000e+00
15                                     0.0000000000000000e+00
16                                     0.0000000000000000e+00
17                                     0.0000000000000000e+00
18                                     0.0000000000000000e+00
19                                     0.0000000000000000e+00
20                                     0.0000000000000000e+00
21                                     0.0000000000000000e+00
22                                     0.0000000000000000e+00
23                                     0.0000000000000000e+00
24                                     0.0000000000000000e+00
25                                     0.0000000000000000e+00
26                                     0.0000000000000000e+00
27                                     0.0000000000000000e+00
28                                     0.0000000000000000e+00
29                                     0.0000000000000000e+00
30                                     0.0000000000000000e+00
31                                     0.0000000000000000e+00
32                                     0.0000000000000000e+00
33                                     0.0000000000000000e+00
34                                     0.0000000000000000e+00
35                                     0.0000000000000000e+00
36                                     0.0000000000000000e+00
37                                     0.0000000000000000e+00
38                                     0.0000000000000000e+00
39                                     0.0000000000000000e+00
40                                     0.0000000000000000e+00
41                                     0.0000000000000000e+00
   &Method [&Type "String"] "SCF"
   &Level [&Type "String"] "Relaxed density"
   &Mult [&Type "Integer"] 1
   &State [&Type "Integer"] -1
   &Irrep [&Type "Integer"] 0
$End
$SCF_Energy
   &GeometryIndex 1
   &Method [&Type "String"] "SCF"
   &totalEnergy [&Type "ArrayOfDoubles", &Dim (1,1)] "Total energy of each state"
                                                         0

0                                     -1.3787621202462474e+03
   &Mult [&Type "ArrayOfIntegers", &Dim (1,1)] "Multiplicity of each state"
                                                         0

0                                                        1
$End
$DFT_Energy
   &GeometryIndex 1
   &nAlphaEl [&Type "Integer"] 73
   &nBetaEl [&Type "Integer"] 73
   &nTotalEl [&Type "Integer"] 146
   &finalEn [&Type "Double"]      -1.3787621202462474e+03  "No Van der Waals correction"
   &eExchange [&Type "Double"]       0.0000000000000000e+00
   &eCorr [&Type "Double"]       0.0000000000000000e+00
   &eXC [&Type "Double"]      -9.9896532431277649e+01
   &eCNL [&Type "Double"]       0.0000000000000000e+00
$End
$Solvation_Details
   &GeometryIndex 1
   &Solvent [&Type "String"] "WATER"
   &Epsilon [&Type "Double"]       8.0150999999999996e+01
   &Refrac [&Type "Double"]       1.3328000000000000e+00
   &RSolv [&Type "Double"]       1.3000000000000000e+00
   &SurfaceType [&Type "String"] "GAUSSIAN VDW"
   &CPCMDielEnergy [&Type "Double"]      -2.2372438000000001e-02
   &NPoints [&Type "Integer"] 3436
   &SurfaceArea [&Type "Double"]       1.2181518353560000e+03
$End
$SCF_Timings
   &GeometryIndex 1
   &TOTAL [&Type "Double"]       8.9455804000000001e+01
   &PREP [&Type "Double"]       2.6483349999999999e+00
   &FOCK [&Type "Double"]       7.9440957999999995e+01
   &DENS [&Type "Double"]       9.9477300000000923e-01
   &ETOT [&Type "Double"]       6.1006400000000127e-01
   &POP [&Type "Double"]       2.2789699999999868e-01
   &TRAFO [&Type "Double"]       1.7125399999999757e-01
   &DIIS [&Type "Double"]       1.6649310000000046e+00
   &SOSCF [&Type "Double"]       8.3257999999999655e-01
   &XC [&Type "Double"]       1.3457915999999996e+01
   &FOCKSTART [&Type "Double"]       3.9403649999999915e+00
   &SOLV [&Type "Double"]       1.3284230999999989e+01
   &SOLV_INIT [&Type "Double"]       9.3280099999999999e-01
   &INT_PREP [&Type "Double"]       4.9999999927052841e-06
   &INT_BF [&Type "Double"]       1.0064619999998445e+00
   &INT_DENS [&Type "Double"]       7.2485700000028253e-01
   &INT_DENSIO [&Type "Double"]       2.0431148108500041e+05
   &INT_FUNC [&Type "Double"]       2.1489899999978235e-01
   &INT_POT [&Type "Double"]       6.4990899999994944e-01
   &INT_POTIO [&Type "Double"]       1.0110169999999989e+00
   &INT_SUM [&Type "Double"]       5.4869999999898056e-03
   &SPLITRIJ [&Type "Double"]       4.0050180000000086e+00
   &COSX [&Type "Double"]       4.6776646000000000e+01
$End
$VdW_Correction
   &GeometryIndex 1
   &vdW [&Type "Double"]      -2.0900532639362882e-02
$End
$Single_Point_Data
   &GeometryIndex 1
   &FinalEnergy [&Type "Double"]      -1.3787830207788868e+03  "Final single point energy"
   &Converged [&Type "Boolean"] true
$End
$SCF_Nuc_Gradient
   &GeometryIndex 1
   &NAtoms [&Type "Integer"] 42
   &gradNorm [&Type "Double"]       6.5017449274293163e-02
   &grad [&Type "ArrayOfDoubles", &Dim (126,1)] 
                                                         0

0                                     -2.3545330286929515e-03
1                                      2.4665927707173759e-03
2                                      3.6154724043554665e-06
3                                      3.9594554781003958e-03
4                                     -7.7279277789715393e-04
5                                      4.5833406950875058e-03
6                                     -1.8453620429084833e-03
7                                     -8.4749145788735169e-03
8                                      5.7362858176110507e-03
9                                     -1.1972619873702286e-02
10                                     7.0856644435325694e-03
11                                    -2.7915996703985744e-03
12                                     2.7489080396705075e-05
13                                    -5.6528389525352853e-03
14                                     6.9449591874318304e-04
15                                     7.0228235468462795e-04
16                                     1.6363603537391556e-02
17                                    -2.7999667110102404e-03
18                                    -7.7135948331355638e-03
19                                    -9.1578899139848069e-03
20                                    -1.6473057358494671e-02
21                                     3.6595262506825543e-03
22                                     1.7588129298972688e-02
23                                    -1.8300651447518038e-05
24                                    -1.3954181597606377e-02
25                                    -2.6709656194364186e-02
26                                     6.5450887433142219e-03
27                                     8.1511095643503305e-03
28                                     1.1077985504148321e-02
29                                     8.8665920275868403e-03
30                                     3.3623471400379347e-03
31                                     2.0497527968619338e-03
32                                    -4.2355799682556212e-03
33                                     1.4560632556871568e-02
34                                     9.3883946590212711e-03
35                                     8.7081102288253894e-04
36                                     7.5139748895721380e-04
37                                     1.5626557826840884e-03
38                                    -1.5123262118869205e-02
39                                    -8.8264603408914101e-03
40                                     4.5093240231222648e-03
41                                     7.2646790191118931e-03
42                                     4.9038845125735633e-03
43                                    -1.7791156218592550e-03
44                                    -5.0647651896688840e-04
45                                     6.1270121000127960e-03
46                                    -1.8530139154028398e-03
47                                     1.6702513878417036e-03
48                                     1.1158598506711876e-03
49                                    -4.2254124488998925e-03
50                                     1.8133238130021987e-03
51                                    -1.5119727799624463e-03
52                                    -5.0400904726347789e-04
53                                    -3.3425690935589107e-03
54                                     4.8541507099837287e-03
55                                     6.2764197880091886e-04
56                                    -8.0653252758025118e-04
57                                     1.9060298397484132e-03
58                                     5.0426592487422175e-03
59                                     1.7061987499629563e-04
60                                    -2.9077182568436931e-03
61                                    -1.1503700472529368e-03
62                                     5.4029493489391621e-03
63                                    -2.1615854941423487e-03
64                                    -3.3417238314526840e-03
65                                     5.6390618216722553e-03
66                                     7.0186837354673870e-03
67                                    -6.0722742013513643e-03
68                                    -2.3472236678680346e-03
69                                    -1.0954985533888875e-03
70                                     6.1809072841872580e-04
71                                    -4.4756060793843377e-03
72                                     3.1762201817919279e-03
73                                     7.7861742809667562e-04
74                                     5.3706063200260857e-04
75                                    -3.6026125930137582e-03
76                                     1.6985833225744284e-03
77                                     1.1466372177173407e-03
78                                     6.0636804668499468e-03
79                                    -7.0654755341282545e-03
80                                     2.8204087817337779e-03
81                                    -3.4364771750475484e-03
82                                     1.5350826459867878e-03
83                                    -2.7299132449691917e-03
84                                    -8.4282481072444943e-04
85                                    -2.7044959342316832e-03
86                                     1.9440791796375000e-04
87                                     3.9701911491414572e-04
88                                     7.5600324510954704e-03
89                                     4.8552169920647436e-03
90                                    -1.4162120287961773e-03
91                                    -4.4290376032750612e-03
92                                    -5.0784157419870172e-03
93                                     1.4517215747360478e-03
94                                    -1.9522299839512703e-03
95                                     3.1830318924933525e-03
96                                     4.8866920469912284e-04
97                                     4.4017906223662445e-03
98                                    -8.2485751231773491e-04
99                                    -6.0743682794161527e-03
100                                   -1.0270590222565294e-03
101                                    1.7252259492154323e-03
102                                   -6.7738203962424966e-04
103                                   -4.9850366460788276e-03
104                                   -1.5681885704270566e-03
105                                    5.1474540031077459e-03
106                                   -2.4135137570172236e-03
107                                   -1.0428507084275600e-03
108                                   -1.1677896039896205e-03
109                                    1.8892027997642377e-03
110                                   -3.0033750899287805e-03
111                                   -4.0754593991242562e-03
112                                   -9.3018835650547432e-04
113                                    2.6228037051427362e-03
114                                    2.2022166648979370e-03
115                                    1.6967175593173515e-03
116                                    2.5824503303362866e-03
117                                    3.3550371772291465e-04
118                                   -4.3077315876868423e-03
119                                   -1.8319979960671007e-03
120                                   -8.7650467806263312e-04
121                                    2.1440239631105697e-03
122                                   -2.3794140803021892e-03
123                                   -3.8491881647645908e-03
124                                   -5.7576554862148190e-04
125                                    2.4508290013955498e-03
   &Method [&Type "String"] "SCF"
   &Level [&Type "String"] "Relaxed density"
   &Mult [&Type "Integer"] 1
   &State [&Type "Integer"] 0
   &Irrep [&Type "Integer"] 0
$End
$Geometry
   &GeometryIndex 2
   &NAtoms [&Type "Integer"] 42
   &NCorelessECP [&Type "Integer"] 0
   &NGhostAtoms [&Type "Integer"] 0
   &CartesianCoordinates [&Type "Coordinates", &Dim(42,4), &Units "Bohr"] 
              C     -4.300345314286    2.471510683637    4.428524410995
              C     -2.835059774709    0.597631387379    2.782971459035
              N     -3.826410761722    0.126790477675    0.252647680698
              C     -6.378876585956   -0.907114020152    0.188691490648
              C     -6.649966848850   -3.371287956103    1.655801199983
              C     -3.549444203165    2.317772826287   -1.385115761801
              C     -3.788642599111    1.746330269053   -4.206088259163
              S     -1.756701612547   -0.774595886034   -5.354520266756
              P      1.793485252729    0.608616885532   -4.395611782450
              C      4.006509310347   -1.067610196028   -6.339653127615
              O      1.937281096868    3.433126465245   -4.656138734557
              O      2.437286444056   -0.358445636079   -1.562976486805
              C      4.367775885278    0.913027582814   -0.162400163418
              C      5.117399064342   -0.714650696810    2.087220089206
              C      6.145625590140   -3.278132807595    1.225986185117
              C      7.038329970113    0.692478114114    3.723975539874
              H     -4.405917040212    4.354172800664    3.550285064353
              H     -3.344425990648    2.691737003032    6.262529010414
              H     -6.238602582594    1.820445970765    4.812546969556
              H     -2.675297020599   -1.218216734045    3.790702768205
              H     -0.875648446561    1.270728012986    2.578520325918
              H     -6.871538876645   -1.316221416444   -1.791675480984
              H     -7.793256316030    0.482568669087    0.874901934231
              H     -6.476914461224   -3.089676616761    3.708956018469
              H     -8.521537921174   -4.202008965009    1.298317008368
              H     -5.211321394683   -4.749172835382    1.056780783015
              H     -4.952626381719    3.806431043886   -0.923186832104
              H     -1.673223840078    3.158669656102   -1.061894510320
              H     -3.361825647126    3.467820142075   -5.287101209377
              H     -5.724459403453    1.176744776094   -4.698863660160
              H      5.934932025101   -0.465853010334   -5.860602537345
              H      3.660127653607   -0.652668199047   -8.344766801930
              H      3.853459571399   -3.119222024152   -6.039510986900
              H      6.028105387510    1.257469687336   -1.378361128059
              H      3.640383615705    2.756461249850    0.478746799271
              H      3.401768786944   -1.060183023282    3.222198796464
              H      6.659733143633   -4.455416846339    2.861761496495
              H      7.845629545389   -3.041356427668    0.045093526964
              H      4.733704170127   -4.320525751498    0.111017951566
              H      6.280572210309    2.512784151316    4.391052643772
              H      7.541017477414   -0.435362435142    5.395895717558
              H      8.788916822077    1.076381455724    2.663342821776
$End
$SCF_Energy
   &GeometryIndex 2
   &Method [&Type "String"] "SCF"
   &totalEnergy [&Type "ArrayOfDoubles", &Dim (1,1)] "Total energy of each state"
                                                         0

0                                     -1.3787691970067374e+03
   &Mult [&Type "ArrayOfIntegers", &Dim (1,1)] "Multiplicity of each state"
                                                         0

0                                                        1
$End
$DFT_Energy
   &GeometryIndex 2
   &nAlphaEl [&Type "Integer"] 73
   &nBetaEl [&Type "Integer"] 73
   &nTotalEl [&Type "Integer"] 145
   &finalEn [&Type "Double"]      -1.3787691970067374e+03  "No Van der Waals correction"
   &eExchange [&Type "Double"]       0.0000000000000000e+00
   &eCorr [&Type "Double"]       0.0000000000000000e+00
   &eXC [&Type "Double"]      -9.9871178548393459e+01
   &eCNL [&Type "Double"]       0.0000000000000000e+00
$End
$Solvation_Details
   &GeometryIndex 2
   &Solvent [&Type "String"] "WATER"
   &Epsilon [&Type "Double"]       8.0150999999999996e+01
   &Refrac [&Type "Double"]       1.3328000000000000e+00
   &RSolv [&Type "Double"]       1.3000000000000000e+00
   &SurfaceType [&Type "String"] "GAUSSIAN VDW"
   &CPCMDielEnergy [&Type "Double"]      -2.1446654999999998e-02
   &NPoints [&Type "Integer"] 3417
   &SurfaceArea [&Type "Double"]       1.2140746832410000e+03
$End
$SCF_Timings
   &GeometryIndex 2
   &TOTAL [&Type "Double"]       7.8180354000000008e+01
   &PREP [&Type "Double"]       2.5930409999999999e+00
   &FOCK [&Type "Double"]       6.5696996999999996e+01
   &DENS [&Type "Double"]       8.4392099999999459e-01
   &ETOT [&Type "Double"]       5.0655100000001596e-01
   &POP [&Type "Double"]       9.9999999747524271e-07
   &TRAFO [&Type "Double"]       1.6552099999999825e-01
   &DIIS [&Type "Double"]       1.0839620000000014e+00
   &SOSCF [&Type "Double"]       8.1609699999998497e-01
   &XC [&Type "Double"]       1.1284527000000008e+01
   &FOCKSTART [&Type "Double"]       3.0256300000001790e-01
   &SOLV [&Type "Double"]       1.0775492000000007e+01
   &SOLV_INIT [&Type "Double"]       8.2938000000000012e-01
   &INT_PREP [&Type "Double"]       3.9999999899009708e-06
   &INT_BF [&Type "Double"]       8.4319299999999231e-01
   &INT_DENS [&Type "Double"]       6.1045000000017247e-01
   &INT_DENSIO [&Type "Double"]       1.5558106630100039e+05
   &INT_FUNC [&Type "Double"]       1.8105499999976260e-01
   &INT_POT [&Type "Double"]       4.9566899999997460e-01
   &INT_POTIO [&Type "Double"]       8.3877600000001529e-01
   &INT_SUM [&Type "Double"]       8.3820000000205397e-03
   &SPLITRIJ [&Type "Double"]       6.8580400000000186e+00
   &COSX [&Type "Double"]       3.8730250999999981e+01
$End
$VdW_Correction
   &GeometryIndex 2
   &vdW [&Type "Double"]      -2.1127150056185415e-02
$End
$Single_Point_Data
   &GeometryIndex 2
   &FinalEnergy [&Type "Double"]      -1.3787903241567935e+03  "Final single point energy"
   &Converged [&Type "Boolean"] true
$End
$SCF_Nuc_Gradient
   &GeometryIndex 2
   &NAtoms [&Type "Integer"] 42
   &gradNorm [&Type "Double"]       3.0566929219377172e-02
   &grad [&Type "ArrayOfDoubles", &Dim (126,1)] 
                                                         0

0                                     -6.9649431784949865e-04
1                                      7.7443663362776396e-04
2                                     -4.6370420388804632e-04
3                                     -9.3757551828049714e-04
4                                      9.1711078838678983e-04
5                                     -1.2545997552631904e-03
6                                      1.5455550603882349e-04
7                                     -5.0400923096261289e-03
8                                      1.2146978955585562e-03
9                                     -2.4426268694073224e-03
10                                     4.7086220695423458e-03
11                                    -1.4415003689701167e-03
12                                     1.3971360754566726e-03
13                                    -1.3851383143918018e-03
14                                    -3.8898359851496499e-04
15                                    -2.0099422480387757e-04
16                                     5.3798290572692926e-03
17                                    -1.9986059643704803e-03
18                                    -1.1565565229828751e-03
19                                    -7.8011491788633871e-03
20                                    -4.5864720452328239e-03
21                                     1.9453788706787615e-03
22                                     1.0759551062406645e-02
23                                    -7.7195470993868481e-04
24                                    -8.4811752625309350e-03
25                                    -1.6346030963399538e-02
26                                     5.0777309588535798e-03
27                                     1.9091264493222228e-03
28                                     7.2250763084632744e-03
29                                     5.5939875579771358e-03
30                                     6.0389133331252651e-04
31                                     3.6445126452058587e-03
32                                    -2.5554477045902613e-03
33                                     6.3413437441058309e-03
34                                     2.2431131408979098e-03
35                                     1.2153627497643069e-04
36                                     3.6522941050901232e-04
37                                     6.9345201733447812e-05
38                                    -4.2327613347338056e-03
39                                    -3.8423197752167513e-03
40                                     3.5962945304796740e-03
41                                     1.4874765289755536e-03
42                                     1.6603383919807011e-03
43                                    -4.5843644248305882e-05
44                                    -2.3353809212040696e-04
45                                     2.1843504826837283e-03
46                                    -1.1283473421369583e-03
47                                     1.9667660128871788e-04
48                                     5.7557776475624669e-04
49                                    -1.9097178264162394e-04
50                                     1.0415772004117015e-04
51                                     3.9603731260910650e-05
52                                    -3.5174758612574064e-05
53                                    -7.2605753558780344e-05
54                                     3.5186146860630401e-04
55                                    -4.2981595444194931e-04
56                                     7.2571170378870673e-05
57                                     8.7842532000744682e-04
58                                     3.7441100493117559e-04
59                                     4.6345665235496638e-04
60                                    -3.3937789524125518e-04
61                                    -2.1087454565864652e-04
62                                     2.0062304165229068e-03
63                                    -7.1562781605092642e-04
64                                    -1.8858636851601294e-03
65                                     3.0319740954196729e-04
66                                     1.4277584585522648e-03
67                                    -6.2415135258099151e-04
68                                     3.8228484919390539e-04
69                                    -3.4427911916719685e-04
70                                     6.6029221565115398e-04
71                                    -2.7412157882023557e-05
72                                     1.6155165211184281e-04
73                                     2.5776349322988448e-05
74                                    -2.5846828196364100e-04
75                                    -6.6249600108429026e-04
76                                    -4.1452908575198452e-04
77                                     4.2388169470819554e-05
78                                     8.8931621737112655e-04
79                                    -1.9259709500422191e-03
80                                     2.6087813526402630e-03
81                                     1.2326010823146438e-04
82                                     4.5152290653348710e-04
83                                    -1.0212671004744933e-03
84                                    -1.1769688971863509e-04
85                                     7.5562169057250423e-05
86                                    -8.7606105196016639e-05
87                                    -1.3767020717909929e-03
88                                     2.6728615445040151e-03
89                                     2.5339348589021203e-03
90                                     3.4788245045909482e-04
91                                    -1.6220807237697379e-03
92                                    -2.2335582472836025e-03
93                                     7.7945876503908689e-04
94                                    -1.2019462024893271e-03
95                                    -5.6163465966998171e-04
96                                     5.4658243037229292e-04
97                                    -5.0031772339051634e-04
98                                    -7.1545772049482078e-04
99                                    -5.4905895541385160e-04
100                                   -5.4268830535665234e-04
101                                    3.4126827159932770e-05
102                                   -1.6321344666378690e-04
103                                   -2.8687944302369111e-04
104                                    4.5739726796125118e-04
105                                    9.9898636921874574e-04
106                                   -1.3611315316601562e-03
107                                    1.7492935864192420e-04
108                                   -2.4189758006325918e-04
109                                    1.3791273547361240e-05
110                                   -5.1268110026108786e-05
111                                   -3.6762679004305953e-04
112                                   -3.4764099097226396e-04
113                                   -4.0439870996752502e-05
114                                   -1.8498277439657246e-04
115                                   -4.0396990645297351e-04
116                                    8.3651347440941322e-05
117                                   -3.3032518185092464e-04
118                                   -9.3192090440196251e-05
119                                   -6.2738584229412713e-05
120                                   -2.9241538932014386e-04
121                                    1.8993635020380007e-04
122                                   -9.8918626937511160e-05
123                                   -2.3817261276533024e-04
124                                    4.1755591211497025e-05
125                                    1.9972982307442925e-04
   &Method [&Type "String"] "SCF"
   &Level [&Type "String"] "Relaxed density"
   &Mult [&Type "Integer"] 1
   &State [&Type "Integer"] 0
   &Irrep [&Type "Integer"] 0
$End
$Geometry
   &GeometryIndex 3
   &NAtoms [&Type "Integer"] 42
   &NCorelessECP [&Type "Integer"] 0
   &NGhostAtoms [&Type "Integer"] 0
   &CartesianCoordinates [&Type "Coordinates", &Dim(42,4), &Units "Bohr"] 
              C     -4.285623414429    2.488245582668    4.472319196529
              C     -2.854742180516    0.616980262960    2.790048300668
              N     -3.873306006898    0.164894133549    0.274780767055
              C     -6.411676453086   -0.888439873513    0.209643919018
              C     -6.671224876691   -3.348756934155    1.680093324992
              C     -3.554666048483    2.309375871094   -1.391165973009
              C     -3.693088344209    1.688474190479   -4.202531872896
              S     -1.692033784220   -0.911742011763   -5.244090415011
              P      1.831834478862    0.625710797868   -4.421044737740
              C      3.984991567676   -1.088321115607   -6.404204646189
              O      1.908374027270    3.447950693764   -4.680371541224
              O      2.459611111480   -0.342259080144   -1.581462316387
              C      4.349565569161    0.939185279988   -0.118078293484
              C      5.116473387931   -0.737464853499    2.082196721770
              C      6.182037608840   -3.260131169725    1.161636199816
              C      6.993179757579    0.673510854905    3.765142781184
              H     -4.400177436856    4.379454732842    3.607235255972
              H     -3.301744170497    2.692447179389    6.295112073749
              H     -6.225502239724    1.848693200763    4.880490568522
              H     -2.694909232579   -1.211717841416    3.777781505437
              H     -0.896564242744    1.284048509122    2.533794298583
              H     -6.881121054289   -1.283403997600   -1.779706185529
              H     -7.851716609706    0.495072449365    0.881503166445
              H     -6.503166499339   -3.071420086760    3.735730673986
              H     -8.534401151321   -4.199985059133    1.317345569725
              H     -5.209943956698   -4.707985907496    1.085350674755
              H     -4.968247148616    3.830372370586   -1.038976669020
              H     -1.686004242694    3.144910320864   -1.012000881888
              H     -3.204163936554    3.378873114609   -5.307169612164
              H     -5.603511176543    1.104476594702   -4.776857880380
              H      5.919120528211   -0.480467884987   -5.938160319570
              H      3.599714324632   -0.663154269562   -8.400703821859
              H      3.816910624446   -3.136084181984   -6.085136616025
              H      6.020172450322    1.357390076201   -1.304127468691
              H      3.578020485755    2.752091528665    0.563625251512
              H      3.388556540811   -1.119977347096    3.193289088898
              H      6.692537299869   -4.481789986549    2.768052622928
              H      7.897412742601   -2.962033041486    0.011756946237
              H      4.799109989366   -4.280311321459   -0.009122537624
              H      6.205042033356    2.469431175010    4.466793775609
              H      7.507684391831   -0.482565668888    5.416864407341
              H      8.747185286694    1.108400540179    2.724324660167
$End
$SCF_Energy
   &GeometryIndex 3
   &Method [&Type "String"] "SCF"
   &totalEnergy [&Type "ArrayOfDoubles", &Dim (1,1)] "Total energy of each state"
                                                         0

0                                     -1.3787712659470008e+03
   &Mult [&Type "ArrayOfIntegers", &Dim (1,1)] "Multiplicity of each state"
                                                         0

0                                                        1
$End
$DFT_Energy
   &GeometryIndex 3
   &nAlphaEl [&Type "Integer"] 73
   &nBetaEl [&Type "Integer"] 73
   &nTotalEl [&Type "Integer"] 146
   &finalEn [&Type "Double"]      -1.3787712659470008e+03  "No Van der Waals correction"
   &eExchange [&Type "Double"]       0.0000000000000000e+00
   &eCorr [&Type "Double"]       0.0000000000000000e+00
   &eXC [&Type "Double"]      -9.9866073802875775e+01
   &eCNL [&Type "Double"]       0.0000000000000000e+00
$End
$Solvation_Details
   &GeometryIndex 3
   &Solvent [&Type "String"] "WATER"
   &Epsilon [&Type "Double"]       8.0150999999999996e+01
   &Refrac [&Type "Double"]       1.3328000000000000e+00
   &RSolv [&Type "Double"]       1.3000000000000000e+00
   &SurfaceType [&Type "String"] "GAUSSIAN VDW"
   &CPCMDielEnergy [&Type "Double"]      -2.0843608999999999e-02
   &NPoints [&Type "Integer"] 3430
   &SurfaceArea [&Type "Double"]       1.2191078667170000e+03
$End
$SCF_Timings
   &GeometryIndex 3
   &TOTAL [&Type "Double"]       8.9252874999999989e+01
   &PREP [&Type "Double"]       2.6524139999999998e+00
   &FOCK [&Type "Double"]       7.2990751999999986e+01
   &DENS [&Type "Double"]       9.9103299999998740e-01
   &ETOT [&Type "Double"]       5.9518099999999485e-01
   &TRAFO [&Type "Double"]       1.6748899999999622e-01
   &DIIS [&Type "Double"]       1.0947350000000000e+00
   &SOSCF [&Type "Double"]       4.7242539999999948e+00
   &XC [&Type "Double"]       1.3276580000000006e+01
   &FOCKSTART [&Type "Double"]       3.5921299999999334e-01
   &SOLV [&Type "Double"]       1.6396054999999969e+01
   &SOLV_INIT [&Type "Double"]       9.1047100000000003e-01
   &SOLV_FINAL [&Type "Double"]       1.0000000116860974e-06
   &INT_PREP [&Type "Double"]       6.9999999876557695e-06
   &INT_BF [&Type "Double"]       9.8956099999968572e-01
   &INT_DENS [&Type "Double"]       6.8177000000042476e-01
   &INT_DENSIO [&Type "Double"]       2.1127722329700043e+05
   &INT_FUNC [&Type "Double"]       2.1385200000029947e-01
   &INT_POT [&Type "Double"]       4.8913499999973986e-01
   &INT_POTIO [&Type "Double"]       1.0134230000000244e+00
   &INT_SUM [&Type "Double"]       5.8910000000178542e-03
   &SPLITRIJ [&Type "Double"]       3.7552869999999898e+00
   &COSX [&Type "Double"]       4.4200083999999997e+01
$End
$VdW_Correction
   &GeometryIndex 3
   &vdW [&Type "Double"]      -2.1163180009135078e-02
$End
$Single_Point_Data
   &GeometryIndex 3
   &FinalEnergy [&Type "Double"]      -1.3787924291270099e+03  "Final single point energy"
   &Converged [&Type "Boolean"] true
$End
$SCF_Nuc_Gradient
   &GeometryIndex 3
   &NAtoms [&Type "Integer"] 42
   &gradNorm [&Type "Double"]       1.1654911765217111e-02
   &grad [&Type "ArrayOfDoubles", &Dim (126,1)] 
                                                         0

0                                     -1.1409650628943110e-04
1                                      2.0678479974769890e-04
2                                      1.1118009260006034e-04
3                                     -2.0204519083946190e-03
4                                      7.2822650564249457e-04
5                                     -1.2951634560681153e-03
6                                      1.4896027343531575e-03
7                                     -2.0195583151415802e-03
8                                     -8.1189946442767193e-04
9                                      3.0111846078486086e-04
10                                     7.2725963170240508e-04
11                                    -5.6654487465983836e-04
12                                     6.0371220767160816e-04
13                                     1.4289701640653657e-04
14                                     3.1146794078252158e-05
15                                    -3.8181084896111821e-04
16                                     8.9260156294283203e-04
17                                    -8.6518892525833222e-04
18                                     2.1363274171417998e-03
19                                    -2.3321392408573046e-03
20                                     2.5971194892509533e-04
21                                     1.4660932741723770e-03
22                                     3.4729205696531862e-03
23                                    -1.0594075192795691e-03
24                                    -3.2829730062146540e-03
25                                    -5.7586914654249831e-03
26                                     2.6910370468932569e-03
27                                    -1.7513880660216493e-03
28                                     1.5172320985796682e-03
29                                     2.0018375920107215e-03
30                                    -6.4721928906850891e-04
31                                     3.3121741203859393e-03
32                                    -7.6684852490233794e-04
33                                     1.0028896355670630e-03
34                                    -1.2571807116980838e-03
35                                    -7.7584101528825719e-04
36                                    -7.5311757008640233e-05
37                                     4.5088901113162606e-04
38                                     9.8566391143916363e-04
39                                    -2.8973604007852759e-04
40                                     1.1974038933800868e-03
41                                    -8.6918554222582378e-04
42                                    -1.9282909524327490e-04
43                                     7.8656624569147079e-05
44                                    -5.3403167320330297e-05
45                                    -4.3407416214394533e-05
46                                    -5.1184570251031742e-06
47                                    -3.3257183597427942e-04
48                                     1.6202746565499132e-04
49                                     5.7998585356346100e-04
50                                     2.4536534999654699e-05
51                                     2.4755373214350047e-04
52                                     2.6763863089294256e-05
53                                     4.0739548314443945e-04
54                                    -5.2098661991298323e-04
55                                    -2.1675328901472161e-04
56                                     3.0205879012283268e-04
57                                     2.0847541775532703e-04
58                                    -5.6589803492768814e-04
59                                     5.8265576824289666e-05
60                                     2.9456376710524333e-04
61                                     2.3359826008123986e-04
62                                    -3.2785401236371989e-04
63                                     2.9886088826100118e-04
64                                    -5.9156230093515756e-04
65                                    -8.1689904545085017e-05
66                                    -5.8007091381904931e-04
67                                     7.6756561923693940e-04
68                                     6.8349302968258199e-04
69                                    -1.1690354041158425e-04
70                                     1.4298181986768847e-04
71                                     5.5947014427693606e-04
72                                    -4.7646991893754930e-04
73                                    -1.9409821120126099e-04
74                                    -2.5029544907861429e-04
75                                     2.3186308690334507e-04
76                                    -3.7278690193833593e-04
77                                    -1.7614508622308361e-04
78                                    -5.6993889364507729e-04
79                                     4.2597255418204243e-04
80                                     9.5961117943081024e-04
81                                     4.6699417785719000e-04
82                                    -4.0527975773947228e-04
83                                    -8.3700466143402254e-05
84                                    -2.3246244835914334e-04
85                                     5.5428975893887075e-04
86                                    -1.4344600556351025e-04
87                                    -2.6108422334252570e-04
88                                     4.3487004802885769e-05
89                                     5.6692640977267579e-04
90                                     3.5915687425259270e-04
91                                     1.4554402605676309e-04
92                                    -2.8889219645500646e-04
93                                     2.6438470268817636e-04
94                                    -7.9511024830826210e-04
95                                    -8.2691929907978455e-04
96                                     6.3585877706314256e-04
97                                    -1.0392041787562008e-03
98                                    -8.1829002421267901e-04
99                                     9.4573780029029756e-04
100                                   -1.5732713149665500e-04
101                                   -3.2249037944128019e-05
102                                    1.9019870303038080e-04
103                                    6.7456809999112168e-04
104                                    4.6068527760830880e-04
105                                   -3.2354256991560441e-04
106                                   -3.4079386308002389e-04
107                                    2.7136803857183753e-04
108                                    7.0445304560798111e-05
109                                   -3.3081434610440958e-04
110                                    4.6581069705217291e-04
111                                    4.4229970942600145e-04
112                                    7.4764360681168517e-06
113                                   -5.1249911410082560e-04
114                                   -2.6698759966535990e-04
115                                   -3.5218967928471825e-04
116                                   -2.9029285111036788e-04
117                                   -4.0842095943858726e-05
118                                    6.1594997459718753e-04
119                                    3.5116549916719707e-04
120                                   -9.4196859657306417e-05
121                                   -3.4094183107978928e-04
122                                    3.3252610290096974e-04
123                                    4.6454549088417230e-04
124                                    1.3021890343413629e-04
125                                   -2.9556234862228482e-04
   &Method [&Type "String"] "SCF"
   &Level [&Type "String"] "Relaxed density"
   &Mult [&Type "Integer"] 1
   &State [&Type "Integer"] 0
   &Irrep [&Type "Integer"] 0
$End
$Geometry
   &GeometryIndex 4
   &NAtoms [&Type "Integer"] 42
   &NCorelessECP [&Type "Integer"] 0
   &NGhostAtoms [&Type "Integer"] 0
   &CartesianCoordinates [&Type "Coordinates", &Dim(42,4), &Units "Bohr"] 
              C     -4.233495101325    2.422550290877    4.526515123661
              C     -2.878686989570    0.522724334399    2.817549516527
              N     -3.929870855717    0.147384431826    0.302171361354
              C     -6.493812858084   -0.839139075624    0.224903295860
              C     -6.812123438718   -3.326511233363    1.634203242463
              C     -3.542005685671    2.285570032559   -1.352556972294
              C     -3.642568230793    1.679625995574   -4.170280170356
              S     -1.664991647587   -0.955252543925   -5.190894898054
              P      1.876721372910    0.612008898989   -4.467793960125
              C      3.995792724185   -1.162256946094   -6.436808825042
              O      1.963336330870    3.425846024391   -4.768683938197
              O      2.493741729112   -0.317260764644   -1.611991645312
              C      4.372516525606    0.975487915391   -0.146186806597
              C      5.140910543317   -0.690557827075    2.064397250308
              C      6.247353738161   -3.198768062035    1.160647429456
              C      6.977797416270    0.749540739913    3.765018656735
              H     -4.288071373920    4.324203557816    3.680088364765
              H     -3.236746388769    2.573328357111    6.346616776948
              H     -6.192787143671    1.848057234902    4.934209057274
              H     -2.787371675474   -1.323473409502    3.779217826829
              H     -0.899051634406    1.118693648977    2.556902368967
              H     -6.981452782977   -1.163622468834   -1.773256039578
              H     -7.895478268762    0.562871555175    0.934791227334
              H     -6.617139721880   -3.109032122975    3.693699573798
              H     -8.700227450960   -4.116443571407    1.267946822538
              H     -5.393211945183   -4.707887292332    0.991763061766
              H     -4.930177468768    3.836271297444   -1.033214813302
              H     -1.666528616576    3.086357937929   -0.935286833813
              H     -3.105022986856    3.363330365565   -5.260438594079
              H     -5.547251188428    1.120466575303   -4.788672674789
              H      5.939270062845   -0.587233503661   -5.967614088105
              H      3.615605370291   -0.737642867922   -8.433118460987
              H      3.777856570027   -3.199501123195   -6.094680338857
              H      6.041944480512    1.403947750818   -1.328520537400
              H      3.585172438756    2.784248054997    0.524783585514
              H      3.404441380951   -1.088395684003    3.155825148069
              H      6.747378666910   -4.415419202025    2.772767172632
              H      7.976793302776   -2.878461272660    0.039931650648
              H      4.895540233016   -4.231250325205   -0.033565162169
              H      6.156562126810    2.533509852528    4.455233307590
              H      7.494708021458   -0.395486997729    5.422893789276
              H      8.734630419315    1.209549268475    2.741489110949
$End
$SCF_Energy
   &GeometryIndex 4
   &Method [&Type "String"] "SCF"
   &totalEnergy [&Type "ArrayOfDoubles", &Dim (1,1)] "Total energy of each state"
                                                         0

0                                     -1.3787716940723849e+03
   &Mult [&Type "ArrayOfIntegers", &Dim (1,1)] "Multiplicity of each state"
                                                         0

0                                                        1
$End
$DFT_Energy
   &GeometryIndex 4
   &nAlphaEl [&Type "Integer"] 73
   &nBetaEl [&Type "Integer"] 73
   &nTotalEl [&Type "Integer"] 146
   &finalEn [&Type "Double"]      -1.3787716940723849e+03  "No Van der Waals correction"
   &eExchange [&Type "Double"]       0.0000000000000000e+00
   &eCorr [&Type "Double"]       0.0000000000000000e+00
   &eXC [&Type "Double"]      -9.9868165870445424e+01
   &eCNL [&Type "Double"]       0.0000000000000000e+00
$End
$Solvation_Details
   &GeometryIndex 4
   &Solvent [&Type "String"] "WATER"
   &Epsilon [&Type "Double"]       8.0150999999999996e+01
   &Refrac [&Type "Double"]       1.3328000000000000e+00
   &RSolv [&Type "Double"]       1.3000000000000000e+00
   &SurfaceType [&Type "String"] "GAUSSIAN VDW"
   &CPCMDielEnergy [&Type "Double"]      -2.0851910000000001e-02
   &NPoints [&Type "Integer"] 3431
   &SurfaceArea [&Type "Double"]       1.2232361193940001e+03
$End
$SCF_Timings
   &GeometryIndex 4
   &TOTAL [&Type "Double"]       7.6982980999999995e+01
   &PREP [&Type "Double"]       2.7419479999999998e+00
   &FOCK [&Type "Double"]       6.4566414000000009e+01
   &DENS [&Type "Double"]       4.4406260000000017e+00
   &ETOT [&Type "Double"]       5.0384499999999832e-01
   &POP [&Type "Double"]       1.0000000116860974e-06
   &TRAFO [&Type "Double"]       1.8363099999999477e-01
   &DIIS [&Type "Double"]       1.0760440000000013e+00
   &SOSCF [&Type "Double"]       8.1001000000000545e-01
   &XC [&Type "Double"]       1.1322254999999998e+01
   &FOCKSTART [&Type "Double"]       3.0517500000000464e-01
   &SOLV [&Type "Double"]       1.4291918999999984e+01
   &SOLV_INIT [&Type "Double"]       9.3532799999999994e-01
   &INT_PREP [&Type "Double"]       4.9999999927052841e-06
   &INT_BF [&Type "Double"]       8.4349600000003910e-01
   &INT_DENS [&Type "Double"]       6.0012599999999239e-01
   &INT_DENSIO [&Type "Double"]       1.4736885720200030e+05
   &INT_FUNC [&Type "Double"]       1.8616100000011215e-01
   &INT_POT [&Type "Double"]       4.6134500000003520e-01
   &INT_POTIO [&Type "Double"]       8.5548599999993513e-01
   &INT_SUM [&Type "Double"]       2.7950000000060982e-03
   &SPLITRIJ [&Type "Double"]       3.2345929999999909e+00
   &COSX [&Type "Double"]       3.7484099000000008e+01
$End
$VdW_Correction
   &GeometryIndex 4
   &vdW [&Type "Double"]      -2.1091619041602512e-02
$End
$Single_Point_Data
   &GeometryIndex 4
   &FinalEnergy [&Type "Double"]      -1.3787927856914264e+03  "Final single point energy"
   &Converged [&Type "Boolean"] true
$End
$SCF_Nuc_Gradient
   &GeometryIndex 4
   &NAtoms [&Type "Integer"] 42
   &gradNorm [&Type "Double"]       5.4783705794112791e-03
   &grad [&Type "ArrayOfDoubles", &Dim (126,1)] 
                                                         0

0                                     -5.5864936929157446e-05
1                                     -7.2258101558867651e-05
2                                     -7.2750959751543003e-05
3                                     -9.4296808298194236e-04
4                                      3.2624171175222130e-04
5                                     -1.1302198550554513e-04
6                                      1.0107104911345143e-03
7                                     -6.0510980346980951e-04
8                                     -5.3461544396913490e-04
9                                      2.9136583853333069e-04
10                                    -1.0213492572201714e-04
11                                    -1.8694227163566416e-04
12                                     1.8298024424666517e-04
13                                     3.7777473889191005e-04
14                                     2.6007116043169984e-04
15                                    -6.2775637403037160e-04
16                                    -4.6237703498539531e-05
17                                    -1.9056405170645578e-05
18                                     1.7276168616735391e-03
19                                     4.2495582952913527e-05
20                                     6.6274941968166227e-04
21                                     9.5542768721294260e-04
22                                     9.4193707340379596e-04
23                                    -5.8468714522902495e-04
24                                    -9.3064650451189985e-04
25                                    -1.6827652586982615e-03
26                                     1.2559472072268122e-03
27                                    -1.5423084917414937e-03
28                                    -3.5537542891919292e-04
29                                     6.7819990201973450e-04
30                                    -4.9457464440123508e-04
31                                     1.8228724911388409e-03
32                                    -1.3634848269006425e-04
33                                    -2.0361598334524890e-04
34                                    -1.0733404648282118e-03
35                                    -1.0166561760617241e-03
36                                    -1.0025422001534316e-04
37                                     6.1611515352949855e-04
38                                     1.0462937145410336e-03
39                                     4.5095951104106311e-04
40                                    -5.3885583414954507e-07
41                                    -5.9171038365957499e-04
42                                    -3.3959511825305962e-04
43                                    -6.1055262308003135e-05
44                                     9.8730249397212326e-05
45                                    -3.0264488324324392e-04
46                                     1.7492483372653764e-04
47                                    -1.8423177812816079e-04
48                                    -6.9527695021503342e-06
49                                     3.2042533336659404e-04
50                                     9.1544622425128870e-05
51                                     1.5339681374755491e-04
52                                    -8.1977074651663762e-05
53                                     1.3338837709860713e-04
54                                    -2.6604368996566911e-04
55                                    -1.1082063821219543e-05
56                                     1.6393475926545475e-04
57                                     1.9798501173450846e-05
58                                    -3.0698814350937551e-04
59                                     3.9872240528768303e-05
60                                     3.8990088971353062e-05
61                                     2.3178606021555579e-04
62                                    -4.0059518839949176e-04
63                                     2.9650474315157848e-04
64                                    -1.3489807572989712e-04
65                                    -3.6294303651216310e-04
66                                    -3.2747531835382630e-04
67                                     4.5757500935188135e-04
68                                     3.5532818446244426e-04
69                                    -6.7017861592622997e-05
70                                    -1.1880844378751122e-04
71                                     2.4162129164087456e-04
72                                    -1.6207639460882919e-04
73                                    -5.6006927948313776e-05
74                                    -1.1948306253062894e-04
75                                     1.3931827647969204e-04
76                                    -1.1903116034959462e-04
77                                    -1.3725853334618329e-04
78                                    -3.2930681942436166e-04
79                                     4.2242553884596474e-04
80                                     1.1288346892769784e-04
81                                     2.2317083692563228e-04
82                                    -4.4064361283161852e-04
83                                     1.1610889737919116e-05
84                                    -2.5414271419462337e-04
85                                     2.3325771214340445e-04
86                                     4.6348373737551334e-05
87                                    -1.1550770292476466e-04
88                                    -5.1628193937727220e-04
89                                    -6.6441439543582259e-05
90                                     1.9976537073103384e-04
91                                     4.1605401576695595e-04
92                                     1.2408270655634530e-04
93                                     1.0023921529485818e-04
94                                    -4.8758655450733353e-04
95                                    -3.2866015150737982e-04
96                                     4.2252107608619380e-04
97                                    -4.1497819682861958e-04
98                                    -6.1739972063858334e-04
99                                     5.2808236563011096e-04
100                                   -6.7511695452936827e-05
101                                    3.3359322548180456e-05
102                                    1.4016043819723039e-04
103                                    3.0845162967633338e-04
104                                   -9.2187866945342965e-06
105                                   -2.9100799136075171e-04
106                                   -4.8502009026398048e-05
107                                    1.0085794464472328e-04
108                                    7.7403620999607413e-05
109                                   -7.9373877944309538e-05
110                                    2.0457012235727449e-04
111                                    1.9444812135567988e-04
112                                    6.7516584266865570e-05
113                                   -2.4635740945548839e-04
114                                   -4.7741485489655648e-05
115                                   -4.5398773197164085e-05
116                                   -1.1760848953551476e-04
117                                    1.2562047753466517e-04
118                                    2.7627193389954312e-04
119                                    1.7398874859579102e-04
120                                   -6.7545944769996046e-05
121                                   -1.6331436698516075e-04
122                                    1.5896295945104104e-04
123                                    1.9656734740847385e-04
124                                    5.5073381366917795e-05
125                                   -1.4835875595425969e-04
   &Method [&Type "String"] "SCF"
   &Level [&Type "String"] "Relaxed density"
   &Mult [&Type "Integer"] 1
   &State [&Type "Integer"] 0
   &Irrep [&Type "Integer"] 0
$End
$Geometry
   &GeometryIndex 5
   &NAtoms [&Type "Integer"] 42
   &NCorelessECP [&Type "Integer"] 0
   &NGhostAtoms [&Type "Integer"] 0
   &CartesianCoordinates [&Type "Coordinates", &Dim(42,4), &Units "Bohr"] 
              C     -4.122939632399    2.418201781400    4.511635189969
              C     -2.871534161459    0.462164905848    2.790447939352
              N     -3.986446744957    0.125887762279    0.295823328206
              C     -6.573880742719   -0.801852312526    0.260952319350
              C     -6.919845346170   -3.301198870407    1.640909074976
              C     -3.568346929257    2.246341340359   -1.374119435069
              C     -3.644399881429    1.620098590146   -4.189655643194
              S     -1.638459657872   -1.017160642167   -5.162072073558
              P      1.890662605566    0.612061439429   -4.467672495753
              C      4.036779348136   -1.143825382592   -6.424607181366
              O      1.946381614647    3.422720318703   -4.773674354870
              O      2.498118679698   -0.303654824520   -1.604198174829
              C      4.359289590014    0.993904616868   -0.125600629968
              C      5.152215882527   -0.688442588508    2.066754734250
              C      6.305328660966   -3.163268131416    1.133247369730
              C      6.958292880811    0.759793502403    3.792288156060
              H     -4.124385407922    4.313432059412    3.651288236219
              H     -3.091108875805    2.544576653916    6.313145978090
              H     -6.094065020320    1.918489260765    4.954211102700
              H     -2.838631540133   -1.382697486988    3.756028714604
              H     -0.874864896203    0.976923416101    2.494641818672
              H     -7.114103418467   -1.082304816061   -1.729511938516
              H     -7.927214503208    0.619349121830    1.018374012251
              H     -6.665997966936   -3.118664640548    3.696505010465
              H     -8.835016327708   -4.039133498837    1.313370650755
              H     -5.552033260809   -4.706304575536    0.943686195161
              H     -4.948509734063    3.807914914189   -1.085515366367
              H     -1.694464907252    3.044136952637   -0.944104421212
              H     -3.093484608112    3.294454132781   -5.286563809149
              H     -5.538557115810    1.051575844705   -4.829181200477
              H      5.973592905129   -0.577360510901   -5.922835932940
              H      3.678806715012   -0.695019323481   -8.418810246708
              H      3.803368730117   -3.180377366403   -6.097095136613
              H      6.018063964676    1.463567546208   -1.304824259604
              H      3.544027516341    2.780946430539    0.567348834329
              H      3.420106940302   -1.129414155546    3.146578129643
              H      6.812095575317   -4.397179790551    2.728867286110
              H      8.037925283719   -2.797189849491    0.033702756216
              H      4.980261220176   -4.197111089937   -0.088518684678
              H      6.100015391772    2.515340875848    4.506790123176
              H      7.497088900298   -0.398503079693    5.432998728726
              H      8.705868273785    1.270759296493    2.778965258066
$End
$SCF_Energy
   &GeometryIndex 5
   &Method [&Type "String"] "SCF"
   &totalEnergy [&Type "ArrayOfDoubles", &Dim (1,1)] "Total energy of each state"
                                                         0

0                                     -1.3787718187651594e+03
   &Mult [&Type "ArrayOfIntegers", &Dim (1,1)] "Multiplicity of each state"
                                                         0

0                                                        1
$End
$DFT_Energy
   &GeometryIndex 5
   &nAlphaEl [&Type "Integer"] 73
   &nBetaEl [&Type "Integer"] 73
   &nTotalEl [&Type "Integer"] 145
   &finalEn [&Type "Double"]      -1.3787718187651594e+03  "No Van der Waals correction"
   &eExchange [&Type "Double"]       0.0000000000000000e+00
   &eCorr [&Type "Double"]       0.0000000000000000e+00
   &eXC [&Type "Double"]      -9.9870413239938955e+01
   &eCNL [&Type "Double"]       0.0000000000000000e+00
$End
$Solvation_Details
   &GeometryIndex 5
   &Solvent [&Type "String"] "WATER"
   &Epsilon [&Type "Double"]       8.0150999999999996e+01
   &Refrac [&Type "Double"]       1.3328000000000000e+00
   &RSolv [&Type "Double"]       1.3000000000000000e+00
   &SurfaceType [&Type "String"] "GAUSSIAN VDW"
   &CPCMDielEnergy [&Type "Double"]      -2.0792582000000000e-02
   &NPoints [&Type "Integer"] 3438
   &SurfaceArea [&Type "Double"]       1.2238662642029999e+03
$End
$SCF_Timings
   &GeometryIndex 5
   &TOTAL [&Type "Double"]       7.2962821999999989e+01
   &PREP [&Type "Double"]       2.7250549999999998e+00
   &FOCK [&Type "Double"]       6.0657218999999984e+01
   &DENS [&Type "Double"]       7.7790399999998527e-01
   &ETOT [&Type "Double"]       4.4714399999999443e-01
   &POP [&Type "Double"]       9.9999999747524271e-07
   &TRAFO [&Type "Double"]       1.8848200000000759e-01
   &DIIS [&Type "Double"]       1.0944790000000015e+00
   &SOSCF [&Type "Double"]       6.2694399999998041e-01
   &XC [&Type "Double"]       1.0194569000000003e+01
   &FOCKSTART [&Type "Double"]       2.8211900000000734e-01
   &SOLV [&Type "Double"]       9.9211080000000003e+00
   &SOLV_INIT [&Type "Double"]       8.9708900000000003e-01
   &INT_PREP [&Type "Double"]       9.9999999925159955e-07
   &INT_BF [&Type "Double"]       7.5990500000015970e-01
   &INT_DENS [&Type "Double"]       5.3931899999988886e-01
   &INT_DENSIO [&Type "Double"]       1.2521492137500027e+05
   &INT_FUNC [&Type "Double"]       1.6627599999996079e-01
   &INT_POT [&Type "Double"]       4.2325200000010454e-01
   &INT_POTIO [&Type "Double"]       7.6869999999996175e-01
   &INT_SUM [&Type "Double"]       5.3769999999904172e-03
   &SPLITRIJ [&Type "Double"]       2.9581409999999950e+00
   &COSX [&Type "Double"]       4.3379066999999992e+01
$End
$VdW_Correction
   &GeometryIndex 5
   &vdW [&Type "Double"]      -2.1103961213371783e-02
$End
$Single_Point_Data
   &GeometryIndex 5
   &FinalEnergy [&Type "Double"]      -1.3787929227263728e+03  "Final single point energy"
   &Converged [&Type "Boolean"] true
$End
$SCF_Nuc_Gradient
   &GeometryIndex 5
   &NAtoms [&Type "Integer"] 42
   &gradNorm [&Type "Double"]       2.8012800743648291e-03
   &grad [&Type "ArrayOfDoubles", &Dim (126,1)] 
                                                         0

0                                     -5.9460384273308828e-05
1                                     -1.3828823308992939e-04
2                                     -2.8468714803828990e-04
3                                     -4.8518321478881220e-05
4                                     -5.1260223394874126e-05
5                                      6.1351623623558138e-04
6                                      4.8652256163850239e-04
7                                      1.5319622130489832e-04
8                                     -1.2312011816041936e-04
9                                     -3.0462462422566039e-04
10                                    -3.8937066384326339e-04
11                                    -1.5316071825098826e-04
12                                     5.2000698580612882e-05
13                                     3.5910826891101511e-04
14                                     2.9663239126330145e-04
15                                    -2.9940712731034262e-04
16                                    -2.8668020381278749e-04
17                                     6.1978578888515271e-05
18                                     2.0887570316815328e-04
19                                     9.1049621784999055e-04
20                                     2.6655727744376659e-04
21                                     3.1995978152828130e-04
22                                    -3.5891833268995936e-04
23                                     6.8189072038480508e-05
24                                     2.1814510460600576e-04
25                                     8.4086873442929238e-04
26                                    -2.8277446149873095e-05
27                                    -6.4621064387739284e-04
28                                    -9.6199271107055774e-04
29                                    -1.0445217935996256e-04
30                                    -2.2459936191156994e-04
31                                     8.1623155961819564e-05
32                                     3.7277704830751307e-04
33                                    -6.7678902586244783e-05
34                                    -3.7776665209451589e-04
35                                    -7.1452256007037711e-04
36                                    -1.6980830860822190e-04
37                                     5.6393527108724347e-04
38                                     5.0276469300660300e-04
39                                     3.0137436475701895e-04
40                                    -4.7331323910484448e-04
41                                     8.8758989225697484e-06
42                                    -1.4293966129065583e-04
43                                    -9.7709859179393927e-05
44                                     1.1963086358222048e-04
45                                    -1.7176377070649408e-04
46                                     8.2659961195773754e-05
47                                     3.5856086731074610e-06
48                                    -1.1851263322462836e-04
49                                    -2.5638700128916133e-05
50                                     1.1996046196789242e-04
51                                     3.3378341331972396e-05
52                                    -1.0708198612633467e-04
53                                    -9.2759682524821759e-05
54                                     8.6393016092543704e-05
55                                     1.5470433202626556e-04
56                                     5.4410215142697226e-05
57                                    -1.7879113606098938e-04
58                                    -6.3669437165614191e-05
59                                    -1.2002010742875771e-05
60                                    -3.4854812551420681e-05
61                                     1.8974366038841908e-04
62                                    -6.1792902531278737e-05
63                                     3.1572344167004841e-05
64                                    -1.0537732708040942e-04
65                                     1.4098933517295978e-04
66                                     8.5981385271276784e-05
67                                    -4.7410559318942353e-06
68                                    -4.0327911342165018e-05
69                                     6.4583370310037884e-05
70                                    -1.3707590083676346e-04
71                                    -6.9497243568342594e-05
72                                     8.7532633071056625e-05
73                                     2.8727334453060893e-05
74                                    -1.5466148394086777e-05
75                                    -5.3938940100862754e-05
76                                     4.2182801140897380e-05
77                                    -7.2031457422002553e-05
78                                     8.1599315290930058e-05
79                                     1.2948217633002943e-04
80                                    -3.5268749110682455e-04
81                                     1.6746426949364632e-04
82                                    -2.2626629023267704e-04
83                                     1.4228531631787502e-04
84                                    -1.1522960034506007e-04
85                                    -6.2019848553836440e-06
86                                     1.4198751979537918e-04
87                                     2.2381408574823576e-04
88                                    -2.5671838548851266e-04
89                                    -4.1998272196133030e-04
90                                    -7.3990800915115602e-05
91                                     3.1638050322074904e-04
92                                     1.7027300557765563e-04
93                                     5.0818931189564998e-05
94                                    -1.3616185364115786e-04
95                                     2.9845262358813111e-05
96                                     1.3872835090800712e-04
97                                     1.4940242700178712e-04
98                                    -2.6517111681703329e-04
99                                    -3.7010824586357975e-05
100                                   -7.5915303849706620e-05
101                                    6.4950576634619916e-05
102                                    3.5547786211365790e-05
103                                   -6.1485488794878283e-05
104                                   -2.6763001500149835e-04
105                                   -4.7109998242586261e-05
106                                    1.0564796328930284e-04
107                                   -7.9707996951634868e-05
108                                    4.8396311941060265e-05
109                                    1.1704428496148475e-04
110                                   -5.0631048625132021e-05
111                                   -8.7724961577183481e-05
112                                    4.2458770286976476e-05
113                                    4.3714016309800063e-05
114                                    6.6594532929918111e-05
115                                    1.1222444623847530e-04
116                                   -4.5308240332179214e-06
117                                    1.7378427718305961e-04
118                                   -5.0718296987124778e-05
119                                   -7.8152888534144461e-06
120                                   -1.3246240341719986e-05
121                                    2.1926808206009733e-05
122                                   -3.0523866627069781e-05
123                                   -6.7646126591287240e-05
124                                   -9.4611491044620702e-06
125                                    2.7854530833992608e-05
   &Method [&Type "String"] "SCF"
   &Level [&Type "String"] "Relaxed density"
   &Mult [&Type "Integer"] 1
   &State [&Type "Integer"] 0
   &Irrep [&Type "Integer"] 0
$End
$Geometry
   &GeometryIndex 6
   &NAtoms [&Type "Integer"] 42
   &NCorelessECP [&Type "Integer"] 0
   &NGhostAtoms [&Type "Integer"] 0
   &CartesianCoordinates [&Type "Coordinates", &Dim(42,4), &Units "Bohr"] 
              C     -4.024665372699    2.395876941692    4.504289211445
              C     -2.837050636359    0.424188883644    2.756295902135
              N     -4.002556759070    0.118363167550    0.280933147476
              C     -6.600513040309   -0.780283076738    0.277797989148
              C     -6.953350908862   -3.301757006720    1.616098077206
              C     -3.586238173676    2.237962740181   -1.389869965412
              C     -3.665341007395    1.601307877621   -4.203296331294
              S     -1.642704124014   -1.030582544890   -5.160924092663
              P      1.882953197558    0.614737045187   -4.461200306694
              C      4.052608864000   -1.149337083441   -6.384333152880
              O      1.938495799152    3.421348286303   -4.793302658531
              O      2.469508879922   -0.273915752548   -1.583966492580
              C      4.341252555979    1.015276873398   -0.114227017258
              C      5.138003439930   -0.669243043920    2.075718288209
              C      6.290657533312   -3.142682330670    1.137037746893
              C      6.946436201925    0.776678877777    3.800574079910
              H     -4.007978333999    4.292177645424    3.646807091792
              H     -2.962360214844    2.501098368363    6.289279057583
              H     -5.996666912573    1.927672350020    4.976269969701
              H     -2.819648614498   -1.423836843287    3.714942153960
              H     -0.836837233058    0.902837991770    2.428583192643
              H     -7.179311796771   -1.016324936537   -1.707821813365
              H     -7.924427607294    0.641128403224    1.083488755594
              H     -6.668416075607   -3.157774933445    3.670522265334
              H     -8.880629540383   -4.014234919826    1.303854434503
              H     -5.609431218399   -4.707571278295    0.875615235129
              H     -4.968391143307    3.796820324711   -1.100922232729
              H     -1.714167942013    3.041506921485   -0.964670236160
              H     -3.119770584454    3.272331327949   -5.308176775991
              H     -5.558593657787    1.023887451508   -4.836900154278
              H      5.984924710369   -0.591536196296   -5.858216341883
              H      3.720954712946   -0.701547075047   -8.383149690028
              H      3.803306814010   -3.183402918108   -6.052491325352
              H      5.995468512722    1.481059466570   -1.300868772629
              H      3.534008865906    2.804219654709    0.583655955125
              H      3.408273537732   -1.112553435346    3.157817313738
              H      6.794950311823   -4.381082804322    2.729878456055
              H      8.024464072317   -2.775628069561    0.040023527363
              H      4.965662479462   -4.173121897455   -0.087745025955
              H      6.085254051257    2.528318825299    4.521029992128
              H      7.491500695128   -0.384371719151    5.437065440357
              H      8.690365661920    1.293966267971    2.784505064458
$End
$SCF_Energy
   &GeometryIndex 6
   &Method [&Type "String"] "SCF"
   &totalEnergy [&Type "ArrayOfDoubles", &Dim (1,1)] "Total energy of each state"
                                                         0

0                                     -1.3787717947130482e+03
   &Mult [&Type "ArrayOfIntegers", &Dim (1,1)] "Multiplicity of each state"
                                                         0

0                                                        1
$End
$DFT_Energy
   &GeometryIndex 6
   &nAlphaEl [&Type "Integer"] 72
   &nBetaEl [&Type "Integer"] 72
   &nTotalEl [&Type "Integer"] 145
   &finalEn [&Type "Double"]      -1.3787717947130482e+03  "No Van der Waals correction"
   &eExchange [&Type "Double"]       0.0000000000000000e+00
   &eCorr [&Type "Double"]       0.0000000000000000e+00
   &eXC [&Type "Double"]      -9.9870447195782802e+01
   &eCNL [&Type "Double"]       0.0000000000000000e+00
$End
$Solvation_Details
   &GeometryIndex 6
   &Solvent [&Type "String"] "WATER"
   &Epsilon [&Type "Double"]       8.0150999999999996e+01
   &Refrac [&Type "Double"]       1.3328000000000000e+00
   &RSolv [&Type "Double"]       1.3000000000000000e+00
   &SurfaceType [&Type "String"] "GAUSSIAN VDW"
   &CPCMDielEnergy [&Type "Double"]      -2.0768504000000000e-02
   &NPoints [&Type "Integer"] 3428
   &SurfaceArea [&Type "Double"]       1.2225865323820001e+03
$End
$SCF_Timings
   &GeometryIndex 6
   &TOTAL [&Type "Double"]       7.1062918999999994e+01
   &PREP [&Type "Double"]       2.6564960000000002e+00
   &FOCK [&Type "Double"]       5.9093766000000002e+01
   &DENS [&Type "Double"]       7.7801400000000598e-01
   &ETOT [&Type "Double"]       4.5470799999998768e-01
   &TRAFO [&Type "Double"]       1.7447400000000535e-01
   &DIIS [&Type "Double"]       1.0741359999999975e+00
   &SOSCF [&Type "Double"]       6.4642199999999939e-01
   &XC [&Type "Double"]       1.3791515000000006e+01
   &FOCKSTART [&Type "Double"]       2.8090000000000925e-01
   &SOLV [&Type "Double"]       9.8205939999999821e+00
   &SOLV_INIT [&Type "Double"]       8.6352399999999996e-01
   &INT_PREP [&Type "Double"]       4.9999999962579977e-06
   &INT_BF [&Type "Double"]       7.5785599999969833e-01
   &INT_DENS [&Type "Double"]       5.2328700000022543e-01
   &INT_DENSIO [&Type "Double"]       1.2324415723500022e+05
   &INT_FUNC [&Type "Double"]       1.6716300000014428e-01
   &INT_POT [&Type "Double"]       3.9991300000015961e-01
   &INT_POTIO [&Type "Double"]       7.8846599999997480e-01
   &INT_SUM [&Type "Double"]       1.2079999999858870e-03
   &SPLITRIJ [&Type "Double"]       2.9067949999999998e+00
   &COSX [&Type "Double"]       3.8086160999999997e+01
$End
$VdW_Correction
   &GeometryIndex 6
   &vdW [&Type "Double"]      -2.1185819671620993e-02
$End
$Single_Point_Data
   &GeometryIndex 6
   &FinalEnergy [&Type "Double"]      -1.3787929805327199e+03  "Final single point energy"
   &Converged [&Type "Boolean"] true
$End
$SCF_Nuc_Gradient
   &GeometryIndex 6
   &NAtoms [&Type "Integer"] 42
   &gradNorm [&Type "Double"]       2.5251342758666529e-03
   &grad [&Type "ArrayOfDoubles", &Dim (126,1)] 
                                                         0

0                                      3.3397698755400254e-05
1                                     -5.9995847148586670e-05
2                                     -2.6774827937699799e-04
3                                      3.8793077048459673e-04
4                                     -2.5311317481678042e-04
5                                      6.1388321734722980e-04
6                                      2.7368255440822422e-04
7                                      3.3738935839357768e-04
8                                     -2.2567855897737143e-04
9                                     -3.9015642900688786e-04
10                                    -1.3548648232821267e-04
11                                     3.7621938475731830e-05
12                                    -1.8508894390706880e-04
13                                     7.5114172315285236e-05
14                                     1.1137272646261034e-04
15                                     1.6456334094331986e-05
16                                    -1.6835189783982106e-04
17                                     6.5206358563339527e-05
18                                    -7.4211710931606785e-04
19                                     5.4845508832117459e-04
20                                     2.0138746259370908e-04
21                                    -1.8778584597828579e-04
22                                    -5.4626429297929000e-04
23                                     2.0481791302506467e-04
24                                     4.4935612044369325e-04
25                                     1.1892664465155563e-03
26                                    -4.1475384414303869e-04
27                                     1.0614044171075547e-04
28                                    -5.3148331343433807e-04
29                                    -2.0505213532599274e-04
30                                     5.1481102723116712e-05
31                                    -6.0185256063318804e-04
32                                     3.2502333108912267e-04
33                                     1.7942348413807377e-04
34                                     5.6492536594072507e-05
35                                    -3.0326257428198806e-04
36                                    -1.1662784614606967e-04
37                                     2.5521459528820976e-04
38                                     1.3694991214091795e-04
39                                    -1.8584401633985574e-05
40                                    -3.0365302816138536e-04
41                                     2.5075858439698259e-04
42                                    -1.0376462947719748e-05
43                                    -8.1461101618019105e-05
44                                     5.6786816497269150e-05
45                                    -2.4805622591768481e-05
46                                    -3.5291138117839239e-05
47                                     5.3442928428527866e-05
48                                    -1.1515953775882961e-04
49                                    -1.1809165351023335e-04
50                                     8.9613635675992053e-05
51                                    -1.6296753951458280e-05
52                                    -6.4378551296579689e-05
53                                    -1.0375673673538201e-04
54                                     1.2508848222564169e-04
55                                     1.2885759153985043e-04
56                                     1.6143697150008330e-05
57                                     3.2725760749883277e-05
58                                     2.5959520471780748e-04
59                                    -6.1734657965312661e-05
60                                    -1.1974738863796756e-05
61                                     1.2238430071372826e-04
62                                     1.4861923404201052e-04
63                                    -2.6437653352070922e-05
64                                    -1.4306546997484826e-04
65                                     6.3541497403986564e-05
66                                     1.6182861196720216e-04
67                                    -1.4241617949348428e-04
68                                    -2.0358432643661757e-04
69                                    -1.6182342337390635e-05
70                                    -1.4255665388629112e-04
71                                    -1.9285233963917405e-04
72                                     9.5164459586716502e-05
73                                     1.3166160814480173e-05
74                                     1.1760189002533983e-05
75                                    -6.9234268522659045e-05
76                                     5.3431570925356352e-05
77                                     1.7559789475450968e-06
78                                     1.5850600438102358e-04
79                                    -2.2758447566540573e-05
80                                    -2.8399399544820825e-04
81                                     3.7124732224532037e-05
82                                    -8.8375724958020813e-05
83                                     7.2310915024175588e-05
84                                     3.1110461753851591e-05
85                                    -4.5642510369557618e-05
86                                     1.8224110095154669e-04
87                                     1.3243079513247256e-04
88                                    -1.2597886048987239e-05
89                                    -2.7765567742947333e-04
90                                    -1.0365784933140185e-04
91                                     1.2510107013735005e-04
92                                     9.8403392099965262e-05
93                                    -3.0736681395023181e-06
94                                     4.2080564930596149e-05
95                                     1.1587213399700214e-04
96                                    -6.9472088487270328e-05
97                                     2.1830189791783585e-04
98                                     6.8969780768307317e-06
99                                    -1.7285536154181935e-04
100                                   -9.8347090170482286e-05
101                                    7.3697725633375526e-06
102                                   -1.9076379150718314e-05
103                                   -1.1360347074215786e-04
104                                   -2.1179859039412440e-04
105                                    2.5443939459213839e-05
106                                    1.0463776470989268e-04
107                                   -1.0023674503678573e-04
108                                    2.7594450484190851e-05
109                                    1.1537019274088837e-04
110                                   -8.0598325023240597e-05
111                                   -1.0294557878527501e-04
112                                    1.0520090780806050e-05
113                                    8.3617743663786498e-05
114                                    7.8259367483054590e-05
115                                    9.6177085792986157e-05
116                                    3.1796998715086331e-05
117                                    9.4110116215608228e-05
118                                   -9.6272925265876493e-05
119                                   -5.7410210508749837e-05
120                                    7.3122399729786566e-06
121                                    7.2308649847879623e-05
122                                   -5.7071527069560878e-05
123                                   -1.0265905339875114e-04
124                                   -1.8804875168462336e-05
125                                    5.9994121561159903e-05
   &Method [&Type "String"] "SCF"
   &Level [&Type "String"] "Relaxed density"
   &Mult [&Type "Integer"] 1
   &State [&Type "Integer"] 0
   &Irrep [&Type "Integer"] 0
$End
$Geometry
   &GeometryIndex 7
   &NAtoms [&Type "Integer"] 42
   &NCorelessECP [&Type "Integer"] 0
   &NGhostAtoms [&Type "Integer"] 0
   &CartesianCoordinates [&Type "Coordinates", &Dim(42,4), &Units "Bohr"] 
              C     -3.984036809270    2.407575364496    4.484557298666
              C     -2.846804148629    0.408592629659    2.733247383728
              N     -4.040455297537    0.114151264434    0.271248943793
              C     -6.648390748093   -0.750360255079    0.294150702161
              C     -7.015805203581   -3.276224492844    1.620746250593
              C     -3.612740807970    2.220950665065   -1.413064636663
              C     -3.678726285290    1.557026344705   -4.221698263829
              S     -1.632264710005   -1.068192209991   -5.146862012652
              P      1.878877843117    0.605109540552   -4.433826471435
              C      4.075436871598   -1.135760511445   -6.347285362781
              O      1.913799602708    3.411621975439   -4.769650148449
              O      2.462075418586   -0.277364172112   -1.553497158551
              C      4.330424078516    1.015143004181   -0.084165561397
              C      5.167837066458   -0.687710314979    2.075607792338
              C      6.363181604040   -3.124024804280    1.092581025019
              C      6.954178673455    0.765545600386    3.816650326505
              H     -3.938087256034    4.299904528057    3.618792417600
              H     -2.907878669939    2.500308295269    6.262116962753
              H     -5.961286446087    1.976047939554    4.970715622342
              H     -2.854120579199   -1.436483585250    3.698779549205
              H     -0.840723026682    0.847777006843    2.385934986236
              H     -7.254406189148   -0.964248217578   -1.686003318739
              H     -7.944713788057    0.681819038489    1.125944684031
              H     -6.709681749948   -3.144518786811    3.673406821556
              H     -8.953793349560   -3.966362629273    1.323878719926
              H     -5.693238669708   -4.692197300589    0.861171576753
              H     -4.996877783006    3.780828592950   -1.140065374583
              H     -1.743620997214    3.030010420780   -0.987041435140
              H     -3.141209259967    3.220595838641   -5.342411831246
              H     -5.567419804027    0.961462442754   -4.851886118989
              H      6.001386796340   -0.569418397719   -5.808029627158
              H      3.752796818414   -0.683169188913   -8.346626279395
              H      3.835945918554   -3.172612297151   -6.022059340124
              H      5.968276315457    1.519638853185   -1.277999420895
              H      3.506156884829    2.783580121188    0.646691703440
              H      3.452041330409   -1.182625829056    3.157573229541
              H      6.893815170686   -4.379984071908    2.663277068860
              H      8.087143644616   -2.707948220250   -0.002788518713
              H      5.053144115957   -4.158522882068   -0.145272552146
              H      6.056556149833    2.484984901756    4.570416222454
              H      7.531511913548   -0.411398732425    5.430686436611
              H      8.681695361830    1.338430358088    2.802057670980
$End
$SCF_Energy
   &GeometryIndex 7
   &Method [&Type "String"] "SCF"
   &totalEnergy [&Type "ArrayOfDoubles", &Dim (1,1)] "Total energy of each state"
                                                         0

0                                     -1.3787718182486531e+03
   &Mult [&Type "ArrayOfIntegers", &Dim (1,1)] "Multiplicity of each state"
                                                         0

0                                                        1
$End
$DFT_Energy
   &GeometryIndex 7
   &nAlphaEl [&Type "Integer"] 73
   &nBetaEl [&Type "Integer"] 73
   &nTotalEl [&Type "Integer"] 145
   &finalEn [&Type "Double"]      -1.3787718182486531e+03  "No Van der Waals correction"
   &eExchange [&Type "Double"]       0.0000000000000000e+00
   &eCorr [&Type "Double"]       0.0000000000000000e+00
   &eXC [&Type "Double"]      -9.9869936041890043e+01
   &eCNL [&Type "Double"]       0.0000000000000000e+00
$End
$Solvation_Details
   &GeometryIndex 7
   &Solvent [&Type "String"] "WATER"
   &Epsilon [&Type "Double"]       8.0150999999999996e+01
   &Refrac [&Type "Double"]       1.3328000000000000e+00
   &RSolv [&Type "Double"]       1.3000000000000000e+00
   &SurfaceType [&Type "String"] "GAUSSIAN VDW"
   &CPCMDielEnergy [&Type "Double"]      -2.0741407000000000e-02
   &NPoints [&Type "Integer"] 3440
   &SurfaceArea [&Type "Double"]       1.2236788611330001e+03
$End
$SCF_Timings
   &GeometryIndex 7
   &TOTAL [&Type "Double"]       7.0909239999999997e+01
   &PREP [&Type "Double"]       2.7431850000000000e+00
   &FOCK [&Type "Double"]       5.8930771999999983e+01
   &DENS [&Type "Double"]       7.5169999999999249e-01
   &ETOT [&Type "Double"]       4.5042399999998928e-01
   &TRAFO [&Type "Double"]       1.7117700000000369e-01
   &DIIS [&Type "Double"]       1.0854320000000026e+00
   &SOSCF [&Type "Double"]       6.2953800000000726e-01
   &XC [&Type "Double"]       1.0153614999999995e+01
   &FOCKSTART [&Type "Double"]       2.7624700000000102e-01
   &SOLV [&Type "Double"]       1.3461327999999991e+01
   &SOLV_INIT [&Type "Double"]       9.3585900000000000e-01
   &INT_PREP [&Type "Double"]       4.9999999944816409e-06
   &INT_BF [&Type "Double"]       7.4781899999979906e-01
   &INT_DENS [&Type "Double"]       5.3375800000016405e-01
   &INT_DENSIO [&Type "Double"]       1.1981465772200027e+05
   &INT_FUNC [&Type "Double"]       1.6443999999999548e-01
   &INT_POT [&Type "Double"]       3.9998099999996839e-01
   &INT_POTIO [&Type "Double"]       7.6097499999990248e-01
   &INT_SUM [&Type "Double"]       8.9129999999961740e-03
   &SPLITRIJ [&Type "Double"]       2.9237790000000028e+00
   &COSX [&Type "Double"]       3.4326937999999991e+01
$End
$VdW_Correction
   &GeometryIndex 7
   &vdW [&Type "Double"]      -2.1194378783804941e-02
$End
$Single_Point_Data
   &GeometryIndex 7
   &FinalEnergy [&Type "Double"]      -1.3787930126274368e+03  "Final single point energy"
   &Converged [&Type "Boolean"] true
$End
$SCF_Nuc_Gradient
   &GeometryIndex 7
   &NAtoms [&Type "Integer"] 42
   &gradNorm [&Type "Double"]       2.0638484966398140e-03
   &grad [&Type "ArrayOfDoubles", &Dim (126,1)] 
                                                         0

0                                      1.0220432628617416e-04
1                                     -1.3616100530321419e-05
2                                     -1.0895623407695817e-04
3                                      1.3234742468386528e-04
4                                     -9.7140392872926881e-05
5                                      1.3315159837148802e-04
6                                     -1.4018238113766378e-04
7                                      2.1850107397868655e-04
8                                      5.5853896670048550e-05
9                                     -4.0518577400092312e-05
10                                     1.4740373909006630e-04
11                                     1.1993721534717046e-04
12                                    -6.3707846106729281e-05
13                                    -3.2706015766692241e-06
14                                    -1.1902815305806076e-04
15                                     2.2161758614867112e-04
16                                    -1.0573118537646095e-04
17                                     1.7381248384724582e-04
18                                    -9.4126186057547046e-04
19                                     3.0651121503077905e-06
20                                    -9.3048572222015954e-05
21                                    -2.8827897081603086e-04
22                                    -4.8231935620934250e-04
23                                     1.1064765046067730e-04
24                                     1.6871765624803056e-04
25                                     8.8413805934792525e-04
26                                    -3.3950890564655469e-04
27                                     4.3469483909823822e-04
28                                     3.4050152044679460e-06
29                                    -2.0975982965376603e-04
30                                     1.9368979793583655e-04
31                                    -7.0070160791100395e-04
32                                     1.7393349333077505e-04
33                                     5.7662326845891391e-04
34                                     2.1589513316064629e-04
35                                     6.9811767949385045e-05
36                                    -1.5898285973117184e-04
37                                    -9.4519901898763755e-05
38                                    -1.9429894519022701e-04
39                                    -2.3113662080756297e-04
40                                     5.7280291127950164e-05
41                                     3.2029759616638995e-04
42                                     2.7838439853265369e-05
43                                    -8.4748103491722512e-05
44                                    -6.5197030924919952e-05
45                                     2.2704519523297352e-05
46                                    -1.6511965353915945e-04
47                                    -1.4399169874807677e-05
48                                    -6.4165042496846408e-05
49                                    -7.8038686292055670e-05
50                                     1.2235322272655841e-05
51                                    -2.0743885132343391e-05
52                                    -1.5723829939679240e-06
53                                    -2.2156513883400035e-05
54                                     1.8573579816847129e-05
55                                     4.1547432176602990e-05
56                                    -3.8942035946018991e-06
57                                     1.5646126656763981e-05
58                                     8.5494952094667895e-05
59                                    -2.1838345617699543e-05
60                                     1.1042951235783144e-04
61                                     3.5312233327576976e-05
62                                     1.5028705659381655e-04
63                                     5.0828526213053148e-06
64                                    -1.2235707438684198e-04
65                                    -1.6260463579557083e-05
66                                     9.2011995550671656e-05
67                                    -8.9950782658224055e-05
68                                    -1.6548504500217445e-04
69                                     2.2063245351952299e-05
70                                    -3.9102502849439475e-05
71                                    -5.9522384652884845e-05
72                                     3.8080772947540481e-05
73                                     1.3324752061806160e-05
74                                     5.2795617848651024e-06
75                                    -3.0745676517258640e-05
76                                    -7.1158410811657762e-06
77                                     4.0970294975629808e-05
78                                     7.7041523773356091e-05
79                                    -3.6665847829577901e-05
80                                    -6.6490427114644985e-05
81                                    -6.1245905261607606e-05
82                                    -7.1823096333294911e-06
83                                     1.1359083696382653e-05
84                                     1.3087606069439527e-04
85                                     1.1585054706807638e-05
86                                     7.0554571772212153e-05
87                                     5.0943586171021651e-05
88                                     1.7158073824541728e-04
89                                    -9.3457389428929530e-05
90                                    -7.5213989856520738e-05
91                                    -2.2042250601762821e-05
92                                    -4.3858163136571932e-06
93                                    -6.6047261800821784e-06
94                                     1.3352324593435909e-04
95                                     7.7417300178705847e-05
96                                    -1.7225738431409692e-04
97                                     1.1859977385178149e-04
98                                     1.8717736032520919e-04
99                                    -8.5049925114298716e-05
100                                   -6.8738765459799703e-05
101                                   -2.7468301816323278e-05
102                                   -5.5076435021051204e-05
103                                   -3.3351680698726274e-05
104                                   -4.0787306841097494e-05
105                                    8.5316837917922324e-05
106                                   -1.5325120796702051e-06
107                                   -5.9612968772531757e-05
108                                    3.1740172690474948e-05
109                                    6.2460993327892672e-05
110                                   -2.4731164766949695e-05
111                                   -4.6979033268268361e-05
112                                    1.1986141166704055e-05
113                                    7.3032683838507930e-05
114                                    5.3186675092412923e-05
115                                    2.9412005398517874e-05
116                                    2.8927223840311090e-05
117                                   -8.4828730326674714e-05
118                                   -3.5359190757716343e-05
119                                   -6.0875068741390160e-05
120                                    1.5409189530620027e-05
121                                    4.6678289016100572e-05
122                                   -2.2455416859461549e-05
123                                   -5.9860132867084854e-05
124                                   -1.0172565160601163e-06
125                                    1.8931532482487233e-05
   &Method [&Type "String"] "SCF"
   &Level [&Type "String"] "Relaxed density"
   &Mult [&Type "Integer"] 1
   &State [&Type "Integer"] 0
   &Irrep [&Type "Integer"] 0
$End
$Geometry
   &GeometryIndex 8
   &NAtoms [&Type "Integer"] 42
   &NCorelessECP [&Type "Integer"] 0
   &NGhostAtoms [&Type "Integer"] 0
   &CartesianCoordinates [&Type "Coordinates", &Dim(42,4), &Units "Bohr"] 
              C     -3.915304702471    2.379328561826    4.474193468060
              C     -2.831586678418    0.371487471029    2.698131720773
              N     -4.061856255116    0.105566757997    0.252411038126
              C     -6.679938084609   -0.723443869193    0.309095422489
              C     -7.056878435308   -3.261553233307    1.610090976159
              C     -3.627947483544    2.211436517896   -1.432529724354
              C     -3.685820299502    1.538105045210   -4.239497460031
              S     -1.627557383088   -1.080886286332   -5.151048703292
              P      1.873035219939    0.602808686597   -4.417730865882
              C      4.091739583384   -1.145478065467   -6.298514541266
              O      1.904900503544    3.406916919305   -4.779286001513
              O      2.433934070636   -0.254290680725   -1.525068677772
              C      4.311200849672    1.035782423101   -0.064280228769
              C      5.168840706464   -0.674501362115    2.080540568138
              C      6.368956254690   -3.100246262558    1.076477636026
              C      6.956327991435    0.778343906815    3.821040014130
              H     -3.846790509436    4.275390261397    3.617209310408
              H     -2.818524803625    2.444976630928    6.240514474675
              H     -5.894190090153    1.976445986193    4.979024819064
              H     -2.854806709761   -1.478324247659    3.655583210730
              H     -0.823546273292    0.779572544469    2.325257067574
              H     -7.323721685456   -0.900639043114   -1.662698120085
              H     -7.942305446472    0.714242923188    1.184321771484
              H     -6.718869661250   -3.156233413862    3.659712702255
              H     -9.007102112278   -3.926323646177    1.334620963013
              H     -5.761112323319   -4.682875327118    0.814781806262
              H     -5.013086071590    3.771092957071   -1.162234795074
              H     -1.760031993851    3.022174009476   -1.004676931050
              H     -3.156768701309    3.199167318729   -5.368333812456
              H     -5.572224175542    0.929979393055   -4.865061901042
              H      6.012449367930   -0.571602217335   -5.748305674233
              H      3.784656181215   -0.708950167844   -8.304078863785
              H      3.855603236733   -3.181174437511   -5.960472277892
              H      5.939777491930    1.549679931829   -1.267266822088
              H      3.489543724396    2.799461687724    0.681832487772
              H      3.461541390598   -1.184537773793    3.169572336083
              H      6.910091724053   -4.365323015270    2.636623656259
              H      8.086723689958   -2.671967280901   -0.024559797982
              H      5.056212241312   -4.131680234788   -0.161726571790
              H      6.050086806169    2.486433813865    4.590861918943
              H      7.549443772096   -0.405729620381    5.424324156149
              H      8.674905073236    1.369344264496    2.801150207988
$End
$SCF_Energy
   &GeometryIndex 8
   &Method [&Type "String"] "SCF"
   &totalEnergy [&Type "ArrayOfDoubles", &Dim (1,1)] "Total energy of each state"
                                                         0

0                                     -1.3787717803360824e+03
   &Mult [&Type "ArrayOfIntegers", &Dim (1,1)] "Multiplicity of each state"
                                                         0

0                                                        1
$End
$DFT_Energy
   &GeometryIndex 8
   &nAlphaEl [&Type "Integer"] 73
   &nBetaEl [&Type "Integer"] 73
   &nTotalEl [&Type "Integer"] 145
   &finalEn [&Type "Double"]      -1.3787717803360824e+03  "No Van der Waals correction"
   &eExchange [&Type "Double"]       0.0000000000000000e+00
   &eCorr [&Type "Double"]       0.0000000000000000e+00
   &eXC [&Type "Double"]      -9.9869350843135010e+01
   &eCNL [&Type "Double"]       0.0000000000000000e+00
$End
$Solvation_Details
   &GeometryIndex 8
   &Solvent [&Type "String"] "WATER"
   &Epsilon [&Type "Double"]       8.0150999999999996e+01
   &Refrac [&Type "Double"]       1.3328000000000000e+00
   &RSolv [&Type "Double"]       1.3000000000000000e+00
   &SurfaceType [&Type "String"] "GAUSSIAN VDW"
   &CPCMDielEnergy [&Type "Double"]      -2.0724467999999999e-02
   &NPoints [&Type "Integer"] 3437
   &SurfaceArea [&Type "Double"]       1.2226533235679999e+03
$End
$SCF_Timings
   &GeometryIndex 8
   &TOTAL [&Type "Double"]       7.5157048000000003e+01
   &PREP [&Type "Double"]       2.7468979999999998e+00
   &FOCK [&Type "Double"]       6.3226538999999995e+01
   &DENS [&Type "Double"]       8.6363699999998289e-01
   &ETOT [&Type "Double"]       5.0660099999999808e-01
   &TRAFO [&Type "Double"]       1.7291299999999588e-01
   &DIIS [&Type "Double"]       7.8262100000000068e-01
   &SOSCF [&Type "Double"]       9.8610700000000051e-01
   &XC [&Type "Double"]       1.4833912999999995e+01
   &FOCKSTART [&Type "Double"]       3.0430399999999702e-01
   &SOLV [&Type "Double"]       1.0750575999999997e+01
   &SOLV_INIT [&Type "Double"]       9.3581899999999996e-01
   &SOLV_FINAL [&Type "Double"]       1.0000000116860974e-06
   &INT_PREP [&Type "Double"]       3.0000000013075123e-06
   &INT_BF [&Type "Double"]       8.3465499999976522e-01
   &INT_DENS [&Type "Double"]       5.9440500000022922e-01
   &INT_DENSIO [&Type "Double"]       1.4579329896800031e+05
   &INT_FUNC [&Type "Double"]       1.8109800000008214e-01
   &INT_POT [&Type "Double"]       4.0563400000018923e-01
   &INT_POTIO [&Type "Double"]       8.5213299999981729e-01
   &INT_SUM [&Type "Double"]       5.0849999999940110e-03
   &SPLITRIJ [&Type "Double"]       3.1284470000000075e+00
   &COSX [&Type "Double"]       3.9534578999999979e+01
$End
$VdW_Correction
   &GeometryIndex 8
   &vdW [&Type "Double"]      -2.1259513909184180e-02
$End
$Single_Point_Data
   &GeometryIndex 8
   &FinalEnergy [&Type "Double"]      -1.3787930398499916e+03  "Final single point energy"
   &Converged [&Type "Boolean"] true
$End
$SCF_Nuc_Gradient
   &GeometryIndex 8
   &NAtoms [&Type "Integer"] 42
   &gradNorm [&Type "Double"]       1.6863902978657243e-03
   &grad [&Type "ArrayOfDoubles", &Dim (126,1)] 
                                                         0

0                                      1.3772361283389780e-04
1                                      5.0441141404894149e-05
2                                      1.1752121631707310e-04
3                                     -2.6597328809411592e-04
4                                      3.2021173975225513e-05
5                                     -3.7509523627816531e-04
6                                     -2.2131939995484893e-04
7                                     -7.0413877864519852e-05
8                                      2.1974121098467770e-04
9                                      2.7416769270801505e-04
10                                     1.7134451872554156e-04
11                                     1.1288016585721180e-04
12                                     3.9651640792816572e-05
13                                    -6.1106371500847101e-05
14                                    -2.2831105171708822e-04
15                                     2.0200492830380369e-04
16                                    -5.9016927111228966e-05
17                                     5.2436496512859497e-05
18                                    -4.8410584745604433e-04
19                                    -2.8719715038368006e-04
20                                    -1.7571485080264740e-04
21                                    -4.0169055732889046e-04
22                                    -1.8904772891798491e-04
23                                    -4.6990188901348566e-05
24                                    -7.9618648319502544e-05
25                                     2.4722807279250791e-04
26                                     3.9066498189005194e-05
27                                     4.5004852013247917e-04
28                                     3.9699194611914941e-04
29                                    -1.3067899079554027e-04
30                                     1.8379175218904823e-04
31                                    -3.2707813159790820e-04
32                                    -1.1077627656165567e-04
33                                     5.5127716910666484e-04
34                                     4.4155994338230412e-05
35                                     1.9201987021898973e-04
36                                    -2.2215083767542344e-04
37                                    -2.4851584893337633e-04
38                                    -1.9235932515977716e-04
39                                    -2.5579060661346398e-04
40                                     3.2440080342289941e-04
41                                     1.0477222264429691e-04
42                                     2.1959423921040413e-05
43                                    -2.1982620158790919e-05
44                                    -9.8723774511860703e-05
45                                     4.9600331739634501e-05
46                                    -1.1713835901731569e-04
47                                    -1.6126220520501126e-05
48                                     1.1137859974004306e-05
49                                     1.0126213084995779e-05
50                                    -4.0349756392451029e-05
51                                    -2.1605750875945881e-05
52                                     4.0557298716380419e-05
53                                     4.5726926759562757e-05
54                                    -7.8028560701569083e-05
55                                    -6.7897306964597950e-05
56                                    -3.0488252977887723e-05
57                                    -6.1323341177815663e-06
58                                    -9.3684493022936285e-05
59                                     8.8359908193556315e-06
60                                     2.1331174202907988e-04
61                                     1.0382960443981910e-05
62                                     7.6041860408924175e-05
63                                     6.4221147382795686e-05
64                                    -7.7645570795992252e-05
65                                    -2.2656336874484377e-05
66                                    -6.6430883420132660e-05
67                                     5.1678104842758501e-05
68                                    -1.4186540699087069e-05
69                                     3.7150911646923318e-05
70                                     4.1506156905031440e-05
71                                     8.7501110795257627e-05
72                                    -3.2931914923850820e-05
73                                     5.9875324927433184e-06
74                                    -7.1349441536978777e-06
75                                     2.5804641020749094e-05
76                                    -4.5709736890054217e-05
77                                     4.3333689201417419e-05
78                                    -6.6244293663655064e-05
79                                     5.8990855210394332e-05
80                                     1.3652491535188078e-04
81                                    -2.5158970136165654e-05
82                                     4.5488895988712039e-05
83                                    -1.0426758176299253e-04
84                                     1.5850568068305232e-04
85                                     3.4406506578260387e-05
86                                    -1.0131191107670440e-05
87                                    -1.9546280575991638e-05
88                                     2.0215550449273730e-04
89                                     7.6587732041838108e-05
90                                     1.5245715761860298e-05
91                                    -1.0609101801109957e-04
92                                    -2.2286300590592669e-05
93                                    -2.8186839524483993e-05
94                                     1.2422604061048152e-04
95                                     2.1671541149337136e-06
96                                    -1.6374420540034483e-04
97                                    -3.5825361483625900e-05
98                                     2.3359896934149510e-04
99                                     7.0531078143410802e-05
100                                   -5.6321045303077524e-05
101                                   -3.1326995402420840e-05
102                                    2.7760008261686872e-05
103                                    6.8260386639163150e-05
104                                    1.2204016712034479e-04
105                                    2.4882499766993709e-05
106                                   -6.0039358393631272e-05
107                                    1.7707838046863383e-06
108                                    1.4302282950882474e-05
109                                   -2.9510476981267878e-05
110                                    4.0978596502729724e-05
111                                    4.5574459510529963e-05
112                                    1.2077423431181366e-05
113                                   -7.8742109572070790e-06
114                                   -1.3962545009585223e-05
115                                   -5.6375586782513449e-05
116                                   -1.4645473981349577e-05
117                                   -2.0611537512931947e-04
118                                    1.3577267394019298e-05
119                                   -3.9225932762403454e-05
120                                    1.5438589530077021e-05
121                                    2.0344688029461509e-06
122                                    2.9388253625667811e-05
123                                    2.4645462350312934e-05
124                                    2.2557769143576907e-05
125                                   -2.3584338540336433e-05
   &Method [&Type "String"] "SCF"
   &Level [&Type "String"] "Relaxed density"
   &Mult [&Type "Integer"] 1
   &State [&Type "Integer"] 0
   &Irrep [&Type "Integer"] 0
$End
$Geometry
   &GeometryIndex 9
   &NAtoms [&Type "Integer"] 42
   &NCorelessECP [&Type "Integer"] 0
   &NGhostAtoms [&Type "Integer"] 0
   &CartesianCoordinates [&Type "Coordinates", &Dim(42,4), &Units "Bohr"] 
              C     -3.842313972368    2.346403779622    4.463072785394
              C     -2.824867350889    0.322538565886    2.665666065051
              N     -4.094470857095    0.090543224380    0.236738380042
              C     -6.727920192457   -0.686330118625    0.327929110433
              C     -7.133361698706   -3.235822552380    1.598416807621
              C     -3.641988899542    2.190612866337   -1.450876890807
              C     -3.685290427490    1.504397356919   -4.255150235094
              S     -1.611363018485   -1.107556721553   -5.146459485830
              P      1.873232343783    0.597550073441   -4.399839885452
              C      4.114467963828   -1.154529877904   -6.250393015497
              O      1.893046112378    3.399283679470   -4.785349282648
              O      2.412632730782   -0.233020078260   -1.495307866947
              C      4.292756689347    1.060295946577   -0.039643371404
              C      5.181715326990   -0.660291343757    2.083750502510
              C      6.395278300755   -3.066677298469    1.050389639819
              C      6.965920850386    0.794817799880    3.825699630668
              H     -3.742556713690    4.243719547950    3.611435015234
              H     -2.722635564674    2.381717809325    6.215898848264
              H     -5.823047263520    1.983899118337    4.990574247806
              H     -2.873883938016   -1.529672202623    3.617695753079
              H     -0.814146872012    0.688261341088    2.265272357266
              H     -7.411665312172   -0.816740877506   -1.634089266827
              H     -7.944238043675    0.762338979832    1.249645214679
              H     -6.760526409329   -3.165679539507    3.643480870472
              H     -9.100293658803   -3.859497375842    1.345888680760
              H     -5.877567341342   -4.669419277278    0.762017306965
              H     -5.023296976812    3.755108485187   -1.191837838769
              H     -1.774124387014    2.997278291078   -1.015257648632
              H     -3.165876622301    3.161934461298   -5.393535177479
              H     -5.566596322732    0.878299380317   -4.879585717217
              H      6.028748873909   -0.565490210211   -5.693446197945
              H      3.818092621583   -0.736963561965   -8.261655572521
              H      3.889453751142   -3.189126536164   -5.897923364595
              H      5.907588739477    1.597560346897   -1.250942281550
              H      3.463486556523    2.811562859767    0.727030299507
              H      3.486639780983   -1.195344030012    3.180369392480
              H      6.953872605480   -4.343119940914    2.595107821647
              H      8.103551336542   -2.615466758966   -0.056448247520
              H      5.082949300697   -4.096139923940   -0.190130504239
              H      6.045354871347    2.485196749707    4.617313264122
              H      7.581628594840   -0.398173563344    5.413848624758
              H      8.671614492353    1.413718952679    2.800631194600
$End
$SCF_Energy
   &GeometryIndex 9
   &Method [&Type "String"] "SCF"
   &totalEnergy [&Type "ArrayOfDoubles", &Dim (1,1)] "Total energy of each state"
                                                         0

0                                     -1.3787717465490664e+03
   &Mult [&Type "ArrayOfIntegers", &Dim (1,1)] "Multiplicity of each state"
                                                         0

0                                                        1
$End
$DFT_Energy
   &GeometryIndex 9
   &nAlphaEl [&Type "Integer"] 73
   &nBetaEl [&Type "Integer"] 73
   &nTotalEl [&Type "Integer"] 145
   &finalEn [&Type "Double"]      -1.3787717465490664e+03  "No Van der Waals correction"
   &eExchange [&Type "Double"]       0.0000000000000000e+00
   &eCorr [&Type "Double"]       0.0000000000000000e+00
   &eXC [&Type "Double"]      -9.9869414230434614e+01
   &eCNL [&Type "Double"]       0.0000000000000000e+00
$End
$Solvation_Details
   &GeometryIndex 9
   &Solvent [&Type "String"] "WATER"
   &Epsilon [&Type "Double"]       8.0150999999999996e+01
   &Refrac [&Type "Double"]       1.3328000000000000e+00
   &RSolv [&Type "Double"]       1.3000000000000000e+00
   &SurfaceType [&Type "String"] "GAUSSIAN VDW"
   &CPCMDielEnergy [&Type "Double"]      -2.0721296000000000e-02
   &NPoints [&Type "Integer"] 3441
   &SurfaceArea [&Type "Double"]       1.2220487574849999e+03
$End
$SCF_Timings
   &GeometryIndex 9
   &TOTAL [&Type "Double"]       7.1231315000000009e+01
   &PREP [&Type "Double"]       2.7591580000000002e+00
   &FOCK [&Type "Double"]       5.9162356000000010e+01
   &DENS [&Type "Double"]       7.6525600000000793e-01
   &ETOT [&Type "Double"]       4.4109700000000274e-01
   &POP [&Type "Double"]       9.9999999747524271e-07
   &TRAFO [&Type "Double"]       1.7692500000000777e-01
   &DIIS [&Type "Double"]       1.0969730000000002e+00
   &SOSCF [&Type "Double"]       6.4380299999999835e-01
   &XC [&Type "Double"]       1.0232282999999992e+01
   &FOCKSTART [&Type "Double"]       2.7754200000001550e-01
   &SOLV [&Type "Double"]       1.3408003000000010e+01
   &SOLV_INIT [&Type "Double"]       9.5770999999999995e-01
   &INT_PREP [&Type "Double"]       2.9999999995311555e-06
   &INT_BF [&Type "Double"]       7.5808099999992429e-01
   &INT_DENS [&Type "Double"]       5.4669100000008974e-01
   &INT_DENSIO [&Type "Double"]       1.2096942884500025e+05
   &INT_FUNC [&Type "Double"]       1.6862400000014510e-01
   &INT_POT [&Type "Double"]       4.1040899999989655e-01
   &INT_POTIO [&Type "Double"]       7.6680600000010379e-01
   &INT_SUM [&Type "Double"]       2.6689999999991443e-03
   &SPLITRIJ [&Type "Double"]       2.9329569999999996e+00
   &COSX [&Type "Double"]       3.4585205999999999e+01
$End
$VdW_Correction
   &GeometryIndex 9
   &vdW [&Type "Double"]      -2.1308848081797008e-02
$End
$Single_Point_Data
   &GeometryIndex 9
   &FinalEnergy [&Type "Double"]      -1.3787930553971482e+03  "Final single point energy"
   &Converged [&Type "Boolean"] true
$End
$SCF_Nuc_Gradient
   &GeometryIndex 9
   &NAtoms [&Type "Integer"] 42
   &gradNorm [&Type "Double"]       1.5606365187919909e-03
   &grad [&Type "ArrayOfDoubles", &Dim (126,1)] 
                                                         0

0                                      1.0722434416783508e-04
1                                      8.3840581733861275e-05
2                                      2.9820504850570153e-04
3                                     -3.2567465444914172e-04
4                                      1.2042289083855252e-04
5                                     -5.0077831003598485e-04
6                                     -1.4211181913746293e-04
7                                     -2.4671514228907755e-06
8                                      1.8684472157305736e-04
9                                      3.6736184728292071e-04
10                                     3.8762213677786706e-05
11                                     1.4408635693910002e-05
12                                    -2.9279394593027587e-05
13                                    -1.3170458738556698e-04
14                                    -1.5598484775092734e-04
15                                     5.7208979022056009e-05
16                                    -1.0673296821472341e-04
17                                     2.5446724306581902e-05
18                                     1.4359770314110524e-04
19                                    -2.7636037173329266e-04
20                                    -1.7475554880095473e-04
21                                    -3.0023323188342626e-04
22                                     1.6267374330315211e-05
23                                    -9.3222105425137000e-05
24                                    -1.7101707133429747e-04
25                                    -1.5471142892739618e-04
26                                     3.4988682223903065e-04
27                                     2.4580200460075407e-04
28                                     4.1438876912186474e-04
29                                    -1.2219704671375141e-04
30                                     3.7357864777462864e-05
31                                     8.9155554668608145e-05
32                                    -2.6677739698593940e-04
33                                     2.0832496605434927e-04
34                                    -1.2798977062496037e-04
35                                     1.9181339060469376e-04
36                                    -2.9780064432661753e-04
37                                    -1.9039538418884154e-04
38                                    -1.4935353467847667e-04
39                                    -1.0220571267482493e-04
40                                     3.4373462979008656e-04
41                                    -8.3354614672164054e-05
42                                    -3.9095423962584472e-06
43                                     1.2069817408980017e-05
44                                    -5.8498958581830050e-05
45                                     4.0657151409447263e-05
46                                    -3.8128530282844055e-05
47                                    -3.1952057798554756e-06
48                                     6.3780229832385019e-05
49                                     4.2522234598327076e-05
50                                    -5.4953662187965730e-05
51                                    -1.9577471427337972e-05
52                                     3.8729513156978561e-05
53                                     5.3230752245740447e-05
54                                    -8.7527971642366735e-05
55                                    -1.1900029032353335e-04
56                                    -6.1805992479152812e-05
57                                     5.1804357620071056e-05
58                                    -6.9394191644578591e-05
59                                     1.6164168892827420e-05
60                                     3.4759515505251187e-04
61                                    -2.9170258145096709e-05
62                                    -1.9207702416423211e-05
63                                     1.3135146355895558e-05
64                                     7.4585645408439385e-06
65                                    -2.4945405994756483e-05
66                                    -1.6752252519698098e-04
67                                     7.9183541624730204e-05
68                                     6.4881821610756336e-05
69                                    -2.2030812635915822e-05
70                                     6.9446280939886289e-05
71                                     7.5278224569995229e-05
72                                    -4.6470849704195359e-05
73                                    -1.4414926340715721e-05
74                                    -7.8658446309524424e-06
75                                     7.6037089684360392e-05
76                                    -2.7110640433791119e-05
77                                     4.9065599870828309e-05
78                                    -1.1340894761535767e-04
79                                     6.4881874622579132e-05
80                                     1.9490218800475505e-04
81                                     5.3597021999925070e-05
82                                     2.0267290630223312e-05
83                                    -1.1170241842143651e-04
84                                     1.0856384678336173e-04
85                                     1.5019332920826893e-05
86                                    -3.5162146748174064e-05
87                                    -6.4369439161943959e-05
88                                     9.6857846306658296e-05
89                                     1.1475777481844259e-04
90                                     5.1540455067831939e-05
91                                    -1.1945222532734323e-04
92                                    -9.2956273853435855e-06
93                                    -3.1032093248711884e-05
94                                     6.6885683129832034e-05
95                                    -2.5337025491666386e-05
96                                    -7.5216993832804294e-05
97                                    -8.4521912731189524e-05
98                                     1.7876263739428292e-04
99                                     1.4170213812935697e-04
100                                   -2.5587892039948050e-05
101                                    3.4339614126258132e-06
102                                    1.0502443699274465e-04
103                                    1.0014850064810947e-04
104                                    1.5651924338366436e-04
105                                   -1.2891660166791414e-05
106                                   -7.7661403881509211e-05
107                                    5.0801119592326497e-05
108                                   -9.4600667746374866e-06
109                                   -7.1251596802888385e-05
110                                    4.6418444968451288e-05
111                                    6.0328347193857359e-05
112                                    1.3813148926692320e-05
113                                   -3.8706193437116617e-05
114                                   -3.7706281873912132e-05
115                                   -6.6177243457474653e-05
116                                   -2.9593745725597700e-05
117                                   -2.7899172217011025e-04
118                                   -4.4470197838750691e-06
119                                   -5.1123750713886249e-05
120                                    6.9258881797155087e-06
121                                   -2.0169734832893729e-05
122                                    4.4862974150673205e-05
123                                    5.0869914904809550e-05
124                                    2.2993951013738125e-05
125                                   -3.7867180788689786e-05
   &Method [&Type "String"] "SCF"
   &Level [&Type "String"] "Relaxed density"
   &Mult [&Type "Integer"] 1
   &State [&Type "Integer"] 0
   &Irrep [&Type "Integer"] 0
$End
$Geometry
   &GeometryIndex 10
   &NAtoms [&Type "Integer"] 42
   &NCorelessECP [&Type "Integer"] 0
   &NGhostAtoms [&Type "Integer"] 0
   &CartesianCoordinates [&Type "Coordinates", &Dim(42,4), &Units "Bohr"] 
              C     -3.846084181444    2.332319832097    4.463881825991
              C     -2.850925765348    0.297771974129    2.666259280097
              N     -4.124656822984    0.081014805358    0.237259048371
              C     -6.768641825687   -0.661408361840    0.333797970954
              C     -7.202546694701   -3.214880244699    1.586865946845
              C     -3.649837266235    2.176523215833   -1.450571280215
              C     -3.676254403154    1.483721452085   -4.253171019468
              S     -1.594487951794   -1.125629873673   -5.131612804074
              P      1.883499515322    0.587685928755   -4.387420629111
              C      4.128094571472   -1.169059722448   -6.229683769155
              O      1.896897868958    3.388585394221   -4.783362804672
              O      2.419257336950   -0.229922795724   -1.478755220819
              C      4.299779167006    1.070333875219   -0.027760771166
              C      5.218298619080   -0.656188236018    2.078349246979
              C      6.447701038728   -3.044031238226    1.022208239439
              C      6.997308988588    0.804898049273    3.820595804584
              H     -3.726067212807    4.228531198756    3.612338119202
              H     -2.724635607460    2.355382905944    6.215777431771
              H     -5.829958297250    1.991477171259    4.993239251286
              H     -2.920272363929   -1.553870530137    3.617955523967
              H     -0.836954317203    0.641680857890    2.265165308277
              H     -7.464400921693   -0.764892145334   -1.625603448759
              H     -7.959457774567    0.795954251641    1.274573641200
              H     -6.814290618415   -3.167292709612    3.629549416759
              H     -9.180124281562   -3.807721924491    1.343323684569
              H     -5.974380227521   -4.659508760329    0.728779335617
              H     -5.026532616961    3.746586708184   -1.204788630753
              H     -1.782366065718    2.976949167430   -1.002110057795
              H     -3.160480891172    3.139577329685   -5.395348855089
              H     -5.552967872656    0.847199344860   -4.881900670558
              H      6.040908963320   -0.568901287778   -5.679023607324
              H      3.828643259188   -0.764987011669   -8.243258271734
              H      3.913412871321   -3.202852091184   -5.867376356842
              H      5.901144500306    1.629908832305   -1.246530656757
              H      3.460066951262    2.809390347091    0.754603827825
              H      3.534482010559   -1.214153475883    3.181114963599
              H      7.025655622135   -4.326274896637    2.554810893972
              H      8.145661147461   -2.570468301549   -0.091115260064
              H      5.137407454180   -4.076233511962   -0.218112198762
              H      6.063592137180    2.479900485033    4.628951530720
              H      7.633188994956   -0.393138146927    5.396910156538
              H      8.691322962291    1.447999965822    2.791195826760
$End
$SCF_Energy
   &GeometryIndex 10
   &Method [&Type "String"] "SCF"
   &totalEnergy [&Type "ArrayOfDoubles", &Dim (1,1)] "Total energy of each state"
                                                         0

0                                     -1.3787717946897883e+03
   &Mult [&Type "ArrayOfIntegers", &Dim (1,1)] "Multiplicity of each state"
                                                         0

0                                                        1
$End
$DFT_Energy
   &GeometryIndex 10
   &nAlphaEl [&Type "Integer"] 73
   &nBetaEl [&Type "Integer"] 73
   &nTotalEl [&Type "Integer"] 145
   &finalEn [&Type "Double"]      -1.3787717946897883e+03  "No Van der Waals correction"
   &eExchange [&Type "Double"]       0.0000000000000000e+00
   &eCorr [&Type "Double"]       0.0000000000000000e+00
   &eXC [&Type "Double"]      -9.9869532937559256e+01
   &eCNL [&Type "Double"]       0.0000000000000000e+00
$End
$Solvation_Details
   &GeometryIndex 10
   &Solvent [&Type "String"] "WATER"
   &Epsilon [&Type "Double"]       8.0150999999999996e+01
   &Refrac [&Type "Double"]       1.3328000000000000e+00
   &RSolv [&Type "Double"]       1.3000000000000000e+00
   &SurfaceType [&Type "String"] "GAUSSIAN VDW"
   &CPCMDielEnergy [&Type "Double"]      -2.0766804999999999e-02
   &NPoints [&Type "Integer"] 3437
   &SurfaceArea [&Type "Double"]       1.2236475545320000e+03
$End
$SCF_Timings
   &GeometryIndex 10
   &TOTAL [&Type "Double"]       6.6077569999999994e+01
   &PREP [&Type "Double"]       2.7090809999999999e+00
   &FOCK [&Type "Double"]       5.8087268999999999e+01
   &DENS [&Type "Double"]       6.8496400000000079e-01
   &ETOT [&Type "Double"]       3.9748900000000553e-01
   &TRAFO [&Type "Double"]       1.7371400000000214e-01
   &DIIS [&Type "Double"]       8.0895899999999621e-01
   &SOSCF [&Type "Double"]       6.2418099999999299e-01
   &XC [&Type "Double"]       9.1401009999999978e+00
   &FOCKSTART [&Type "Double"]       2.4485200000000606e-01
   &SOLV [&Type "Double"]       8.6914619999999978e+00
   &SOLV_INIT [&Type "Double"]       9.1443000000000008e-01
   &SOLV_FINAL [&Type "Double"]       9.9999999747524271e-07
   &INT_PREP [&Type "Double"]       1.9999999985031991e-06
   &INT_BF [&Type "Double"]       6.8784000000026957e-01
   &INT_DENS [&Type "Double"]       4.8566799999976773e-01
   &INT_DENSIO [&Type "Double"]       1.0020422989000021e+05
   &INT_FUNC [&Type "Double"]       1.4873400000007919e-01
   &INT_POT [&Type "Double"]       3.7013000000005469e-01
   &INT_POTIO [&Type "Double"]       6.8832099999980123e-01
   &INT_SUM [&Type "Double"]       1.3540000000027419e-03
   &SPLITRIJ [&Type "Double"]       2.6617170000000030e+00
   &COSX [&Type "Double"]       3.9826060999999996e+01
$End
$VdW_Correction
   &GeometryIndex 10
   &vdW [&Type "Double"]      -2.1273796929863004e-02
$End
$Single_Point_Data
   &GeometryIndex 10
   &FinalEnergy [&Type "Double"]      -1.3787930684867181e+03  "Final single point energy"
   &Converged [&Type "Boolean"] true
$End
$SCF_Nuc_Gradient
   &GeometryIndex 10
   &NAtoms [&Type "Integer"] 42
   &gradNorm [&Type "Double"]       1.5013692708354463e-03
   &grad [&Type "ArrayOfDoubles", &Dim (126,1)] 
                                                         0

0                                     -3.4882208743495683e-05
1                                      5.7106978051719290e-05
2                                      2.3235377239335953e-04
3                                     -1.1320902473497239e-04
4                                      1.0540693089094488e-04
5                                     -3.4652124197589150e-04
6                                     -8.9435874082122098e-05
7                                      1.2713822216433782e-04
8                                      1.4901531688706711e-04
9                                      2.8571341829293349e-04
10                                    -7.9517070628657848e-05
11                                    -1.4003800767287535e-04
12                                    -4.4528669267486115e-05
13                                    -1.0442294180992363e-04
14                                     4.0776721129841107e-05
15                                    -1.2900693736057558e-04
16                                    -6.7867609132360484e-05
17                                     2.9956372285163555e-05
18                                     5.9918299853049860e-04
19                                    -1.0952257179342416e-04
20                                    -8.8797279893162396e-05
21                                     4.0295332038022761e-05
22                                     2.0979976309292152e-04
23                                    -1.4701821825599434e-04
24                                    -1.8946858885712450e-04
25                                    -5.1282069763057298e-04
26                                     4.5049150681647347e-04
27                                    -5.8005167265604333e-05
28                                     2.0711252502010150e-04
29                                    -3.4700065043731058e-05
30                                    -1.1740255207857831e-04
31                                     4.6095496368583525e-04
32                                    -2.7360607113255332e-04
33                                    -7.1011129557497327e-05
34                                    -2.5494421186638848e-04
35                                     2.5806391751161719e-05
36                                    -1.6969345025970024e-04
37                                    -1.9146720165022657e-05
38                                    -9.3309964410884943e-05
39                                     1.0811836840784276e-04
40                                     1.7671239857090443e-04
41                                    -1.8388684588911176e-04
42                                    -3.1694845900009759e-05
43                                     6.8490097690407213e-06
44                                     1.7031478110131543e-05
45                                     9.1631767656350139e-06
46                                     5.3680684488930625e-05
47                                     1.7647193423520787e-05
48                                     7.6381270880682318e-05
49                                     4.6302181290252394e-05
50                                    -3.5367937319541741e-05
51                                    -8.4678399686599231e-06
52                                     9.3068437799331127e-06
53                                     3.4219030629216454e-05
54                                    -5.3246002928519933e-05
55                                    -9.9002321577023621e-05
56                                    -6.2822279770519471e-05
57                                     7.4169583063119095e-05
58                                    -2.8227290985262994e-05
59                                     3.5914424496446331e-05
60                                     1.6994157341386560e-04
61                                    -3.4843435722505878e-05
62                                     5.1203117817533471e-06
63                                    -5.6553836248046306e-05
64                                     7.7870674591173203e-05
65                                    -2.3624868082516958e-05
66                                    -1.4870142909136812e-04
67                                     5.2667304176934518e-05
68                                     1.2697438646580979e-04
69                                    -6.1177598038033253e-05
70                                     5.6322881811877126e-05
71                                     3.9429614310718205e-05
72                                    -2.2368571946695266e-05
73                                    -3.1037613050090037e-05
74                                    -1.5648104651051903e-05
75                                     6.7214785542420944e-05
76                                     6.0091155060353288e-06
77                                     8.9278460337642904e-06
78                                    -8.3615524011195145e-05
79                                     2.7943143819677454e-06
80                                     1.4637166593128728e-04
81                                     3.5664059908523200e-05
82                                     1.1770705901827454e-05
83                                    -8.5193190154985273e-05
84                                     6.2620702318112677e-07
85                                    -1.4957341077924126e-05
86                                    -2.9278135771790102e-05
87                                    -7.0569161969990366e-05
88                                    -4.0389659218874782e-05
89                                     9.9599469716969631e-05
90                                     6.0791772360930347e-05
91                                    -6.7008321726811959e-05
92                                    -5.6233809490226628e-06
93                                    -1.0590820503798665e-05
94                                    -2.7883248611142588e-05
95                                    -3.1860710631799184e-05
96                                     5.5217194927656498e-05
97                                    -7.4943641935103399e-05
98                                     2.7436284048834082e-05
99                                     1.4142090763196325e-04
100                                    1.7996677045359753e-05
101                                    5.2423208255535846e-05
102                                    1.2292995566391980e-04
103                                    9.6993044917154195e-05
104                                    8.5223352122510519e-05
105                                   -9.5789998165141891e-06
106                                   -8.2403911044139899e-05
107                                    7.8640595622103321e-05
108                                   -2.3259029464760945e-05
109                                   -5.7216114503530656e-05
110                                    2.5174408450398531e-05
111                                    3.9993550006952724e-05
112                                    1.3421657604450324e-05
113                                   -4.6806874557408411e-05
114                                   -3.1285168509952881e-05
115                                   -3.1019655260287669e-05
116                                   -1.9554737076349374e-05
117                                   -2.8317589844712457e-04
118                                   -4.4324314074091473e-05
119                                   -6.6807592518052823e-05
120                                   -1.4325863768180217e-05
121                                   -2.4608959782839894e-05
122                                    3.3483868270785427e-05
123                                    3.8430038179140211e-05
124                                    9.8908364047333981e-06
125                                   -3.1551633945156363e-05
   &Method [&Type "String"] "SCF"
   &Level [&Type "String"] "Relaxed density"
   &Mult [&Type "Integer"] 1
   &State [&Type "Integer"] 0
   &Irrep [&Type "Integer"] 0
$End
$Geometry
   &GeometryIndex 11
   &NAtoms [&Type "Integer"] 42
   &NCorelessECP [&Type "Integer"] 0
   &NGhostAtoms [&Type "Integer"] 0
   &CartesianCoordinates [&Type "Coordinates", &Dim(42,4), &Units "Bohr"] 
              C     -3.828670250605    2.303884606745    4.464610197287
              C     -2.867238860713    0.257169277289    2.663127448474
              N     -4.148666166282    0.065033366062    0.235120446165
              C     -6.803359075775   -0.638741521555    0.338552995189
              C     -7.268081481020   -3.197404326464    1.569047406613
              C     -3.651557092723    2.160864717072   -1.446624942175
              C     -3.668259263731    1.470479801735   -4.249194121629
              S     -1.581528782871   -1.137280055950   -5.120817911221
              P      1.893718791602    0.581292702687   -4.381952620810
              C      4.140356358683   -1.187813398033   -6.209844802686
              O      1.907319107149    3.380020140925   -4.792238716659
              O      2.421498593079   -0.218187923847   -1.466827211279
              C      4.301389739291    1.088900193541   -0.019815714125
              C      5.240261930354   -0.638045152802    2.077509413074
              C      6.472727649511   -3.018583396369    1.009874636640
              C      7.024462618159    0.826747393603    3.811576847597
              H     -3.686070712077    4.198612174865    3.613577542848
              H     -2.700097754008    2.310820692641    6.211998119931
              H     -5.814630534747    1.990800539919    5.002223997945
              H     -2.963775076760   -1.594814121084    3.611567445087
              H     -0.849253077232    0.571817108018    2.259407836028
              H     -7.511990080624   -0.711142259670   -1.617498684846
              H     -7.964976704251    0.827033232944    1.301155131903
              H     -6.854386795693   -3.180457441552    3.607068882358
              H     -9.258754342583   -3.751804195319    1.342836850063
              H     -6.077678703478   -4.654103912347    0.678937544239
              H     -5.019894813346    3.738568233696   -1.207346484810
              H     -1.782326930217    2.950038502430   -0.985996081791
              H     -3.152859733152    3.126986425858   -5.390435157734
              H     -5.541606318401    0.829123332289   -4.883322042186
              H      6.052006668934   -0.582608699226   -5.660538087750
              H      3.843968585740   -0.796026798265   -8.226245974711
              H      3.926865986073   -3.219526542288   -5.837220331320
              H      5.892594879766    1.662710624118   -1.244675449291
              H      3.452767405831    2.819940487579    0.769852649898
              H      3.565071685332   -1.203476547555    3.189379859437
              H      7.064843401903   -4.301237962151    2.536454488960
              H      8.161999176200   -2.536502684663   -0.112671184846
              H      5.159020099163   -4.053383485333   -0.224402513579
              H      6.090375687742    2.496725404738    4.629301660787
              H      7.674618867544   -0.372198106436    5.381217898470
              H      8.709795318232    1.477747398905    2.773268696665
$End
$SCF_Energy
   &GeometryIndex 11
   &Method [&Type "String"] "SCF"
   &totalEnergy [&Type "ArrayOfDoubles", &Dim (1,1)] "Total energy of each state"
                                                         0

0                                     -1.3787718258841549e+03
   &Mult [&Type "ArrayOfIntegers", &Dim (1,1)] "Multiplicity of each state"
                                                         0

0                                                        1
$End
$DFT_Energy
   &GeometryIndex 11
   &nAlphaEl [&Type "Integer"] 73
   &nBetaEl [&Type "Integer"] 73
   &nTotalEl [&Type "Integer"] 145
   &finalEn [&Type "Double"]      -1.3787718258841549e+03  "No Van der Waals correction"
   &eExchange [&Type "Double"]       0.0000000000000000e+00
   &eCorr [&Type "Double"]       0.0000000000000000e+00
   &eXC [&Type "Double"]      -9.9870240934280076e+01
   &eCNL [&Type "Double"]       0.0000000000000000e+00
$End
$Solvation_Details
   &GeometryIndex 11
   &Solvent [&Type "String"] "WATER"
   &Epsilon [&Type "Double"]       8.0150999999999996e+01
   &Refrac [&Type "Double"]       1.3328000000000000e+00
   &RSolv [&Type "Double"]       1.3000000000000000e+00
   &SurfaceType [&Type "String"] "GAUSSIAN VDW"
   &CPCMDielEnergy [&Type "Double"]      -2.0801474000000000e-02
   &NPoints [&Type "Integer"] 3439
   &SurfaceArea [&Type "Double"]       1.2243753245920000e+03
$End
$SCF_Timings
   &GeometryIndex 11
   &TOTAL [&Type "Double"]       6.2338168999999994e+01
   &PREP [&Type "Double"]       2.7521709999999997e+00
   &FOCK [&Type "Double"]       5.4416372999999986e+01
   &DENS [&Type "Double"]       6.8439400000000461e-01
   &ETOT [&Type "Double"]       4.0648900000000765e-01
   &POP [&Type "Double"]       9.9999999747524271e-07
   &TRAFO [&Type "Double"]       1.6845900000000036e-01
   &DIIS [&Type "Double"]       7.8021299999999805e-01
   &SOSCF [&Type "Double"]       6.4618099999999501e-01
   &XC [&Type "Double"]       9.1971969999999974e+00
   &FOCKSTART [&Type "Double"]       2.6097399999999649e-01
   &SOLV [&Type "Double"]       1.2462355000000002e+01
   &SOLV_INIT [&Type "Double"]       9.5179400000000003e-01
   &SOLV_FINAL [&Type "Double"]       9.9999999747524271e-07
   &INT_PREP [&Type "Double"]       1.9999999949504854e-06
   &INT_BF [&Type "Double"]       6.7811500000006575e-01
   &INT_DENS [&Type "Double"]       4.7932499999999578e-01
   &INT_DENSIO [&Type "Double"]       9.9150593214000168e+04
   &INT_FUNC [&Type "Double"]       1.4949800000002789e-01
   &INT_POT [&Type "Double"]       3.6407100000000447e-01
   &INT_POTIO [&Type "Double"]       6.8973599999993240e-01
   &INT_SUM [&Type "Double"]       3.0649999999905475e-03
   &SPLITRIJ [&Type "Double"]       2.6109959999999979e+00
   &COSX [&Type "Double"]       3.2236051999999987e+01
$End
$VdW_Correction
   &GeometryIndex 11
   &vdW [&Type "Double"]      -2.1259704312902226e-02
$End
$Single_Point_Data
   &GeometryIndex 11
   &FinalEnergy [&Type "Double"]      -1.3787930855884676e+03  "Final single point energy"
   &Converged [&Type "Boolean"] true
$End
$SCF_Nuc_Gradient
   &GeometryIndex 11
   &NAtoms [&Type "Integer"] 42
   &gradNorm [&Type "Double"]       1.3141291709491548e-03
   &grad [&Type "ArrayOfDoubles", &Dim (126,1)] 
                                                         0

0                                     -1.0120021422097472e-04
1                                      4.5886211289146939e-05
2                                      8.7249144007984578e-05
3                                      1.5301945780910736e-06
4                                      1.4055659892615825e-05
5                                     -7.3467772269198995e-05
6                                     -6.1687580589924222e-05
7                                      1.3568805082004716e-04
8                                      4.5631692467604827e-05
9                                      1.1947548334010071e-04
10                                    -1.0009713166849295e-04
11                                    -2.2325710955572797e-04
12                                     6.0681091240691391e-06
13                                    -4.0301231031685528e-05
14                                     1.9146703287624230e-04
15                                    -2.1316113893115549e-04
16                                    -6.5002544095410476e-05
17                                    -1.3106244381395464e-05
18                                     5.7718462569335814e-04
19                                     1.0441547714441066e-04
20                                     3.2330631872425623e-05
21                                     1.8857149908457879e-04
22                                     2.7302064904579049e-04
23                                    -3.2365394556229884e-05
24                                    -3.1080598662733529e-05
25                                    -4.6330606599932436e-04
26                                     3.1041466523876410e-04
27                                    -1.9792621737849865e-04
28                                    -4.4785520183761868e-05
29                                     4.3716290384245424e-05
30                                    -1.8558601745061212e-04
31                                     4.4777039360539101e-04
32                                    -1.4706610049804270e-04
33                                    -2.9648800032930779e-04
34                                    -1.8198303883025884e-04
35                                    -1.2017642148940934e-04
36                                    -3.5813980700269139e-05
37                                     1.1783211918072912e-04
38                                     1.1187218423705880e-05
39                                     1.8264392640664938e-04
40                                    -8.3506353547763476e-05
41                                    -1.5419547941084033e-04
42                                     1.4411477918547925e-06
43                                     3.9876281818734984e-05
44                                     6.6706056861652791e-05
45                                     2.7764340478004054e-05
46                                     9.8987100495753706e-05
47                                     4.4036322378619049e-05
48                                     4.6076932150099700e-05
49                                     1.8578550665923393e-06
50                                    -1.0404614490323955e-06
51                                    -3.6204231159583223e-06
52                                    -2.9695591366782823e-05
53                                    -9.0049131190545004e-06
54                                     1.6254515353984944e-05
55                                    -5.2384147209278505e-05
56                                    -5.5901834189246649e-05
57                                     6.8140134195438515e-05
58                                    -1.5351444355651334e-05
59                                     6.7695991327232862e-05
60                                     9.4219888342743225e-05
61                                    -9.9724006774410605e-06
62                                     2.8246712975956622e-05
63                                    -7.4828470769641364e-05
64                                     1.3524278158741078e-04
65                                     3.2272476993314196e-05
66                                    -2.3362690465059610e-05
67                                    -3.7088202841526583e-05
68                                     7.9929673673722655e-05
69                                    -6.4309336151017609e-05
70                                     3.9461074281813272e-05
71                                     1.2888357787299349e-05
72                                     3.1341266031428302e-05
73                                    -2.6750857521462411e-05
74                                    -3.6664749973874385e-05
75                                     3.5416454709829578e-05
76                                     4.3657354064822090e-05
77                                    -2.8413674405200217e-05
78                                    -9.7239154432331962e-06
79                                    -3.5511203897961272e-05
80                                    -1.6255746251680770e-05
81                                     2.0665779623302046e-05
82                                    -1.2330055590699550e-05
83                                    -2.5904607842350443e-05
84                                    -7.5681831679613601e-05
85                                    -2.2356760371087800e-05
86                                     7.4220581555776413e-06
87                                    -7.2305472934950933e-06
88                                    -1.3138497542180863e-04
89                                     1.9482223566394043e-05
90                                     3.4489772292187532e-05
91                                    -6.6403906390555870e-06
92                                    -3.7106619229922513e-06
93                                     5.3833844374886374e-07
94                                    -7.8604308113230969e-05
95                                    -5.8977466581452254e-06
96                                     1.1659111015737932e-04
97                                    -8.4403243092303975e-06
98                                    -9.4407646685868232e-05
99                                     3.8178269044404783e-05
100                                    2.1155313813107007e-05
101                                    5.7235298637158680e-05
102                                    7.6624919093057646e-05
103                                    2.9597703851089142e-05
104                                   -4.0375873525232026e-05
105                                   -7.7218348815942810e-06
106                                   -4.3852180347155666e-06
107                                    4.1104015785522850e-05
108                                   -3.3411962330502479e-05
109                                   -1.4488362820762879e-05
110                                   -1.9876050930445053e-05
111                                   -7.8843356315224061e-06
112                                   -7.9636390335329225e-06
113                                   -1.7516122490474279e-05
114                                   -1.9270224316485603e-05
115                                    2.3715999115603841e-05
116                                    7.2260093439502842e-06
117                                   -2.2082146515567733e-04
118                                   -9.1462461197582728e-05
119                                   -7.7246564338385835e-05
120                                   -1.3925806484453446e-05
121                                   -4.2991668761265179e-06
122                                   -4.9248295899524271e-06
123                                    1.5198670141840362e-06
124                                   -4.1285588050387595e-06
125                                    1.4534177527677332e-05
   &Method [&Type "String"] "SCF"
   &Level [&Type "String"] "Relaxed density"
   &Mult [&Type "Integer"] 1
   &State [&Type "Integer"] 0
   &Irrep [&Type "Integer"] 0
$End
$Geometry
   &GeometryIndex 12
   &NAtoms [&Type "Integer"] 42
   &NCorelessECP [&Type "Integer"] 0
   &NGhostAtoms [&Type "Integer"] 0
   &CartesianCoordinates [&Type "Coordinates", &Dim(42,4), &Units "Bohr"] 
              C     -3.832990126218    2.287365558824    4.464994622191
              C     -2.892120411907    0.227397132526    2.668448319528
              N     -4.170157194958    0.049683908622    0.236477677200
              C     -6.833316171760   -0.625205948404    0.336300580049
              C     -7.327201981152   -3.186000335858    1.549930715990
              C     -3.652800821358    2.146934234198   -1.438267905098
              C     -3.662653913978    1.460451262189   -4.241060905936
              S     -1.571299682539   -1.146735694082   -5.106193814948
              P      1.903858962923    0.575630899337   -4.374120690810
              C      4.149502895201   -1.201531782841   -6.194983633750
              O      1.919108191224    3.372747616577   -4.791382705735
              O      2.430866467731   -0.212195526406   -1.455478984921
              C      4.308504009990    1.102546631832   -0.011608029068
              C      5.268060104771   -0.623429530326    2.077726841747
              C      6.497965030768   -3.000291047007    0.999645623993
              C      7.065575966064    0.843602421728    3.796487283228
              H     -3.675299122544    4.178318281612    3.608647927039
              H     -2.700773310425    2.289317044950    6.209995010674
              H     -5.820338361484    1.995284471029    5.008649546952
              H     -3.013681758542   -1.622572818448    3.617158955173
              H     -0.869787750146    0.519044662466    2.269723410560
              H     -7.542737075052   -0.678345961229   -1.620025387311
              H     -7.976354854255    0.848597035441    1.307474037923
              H     -6.890601374792   -3.195596382802    3.582991286985
              H     -9.329454915969   -3.704318947576    1.340912342805
              H     -6.173474612443   -4.655122925697    0.632541509112
              H     -5.012981707410    3.731894692871   -1.203479363747
              H     -1.781750641765    2.924871943465   -0.966307603030
              H     -3.144689642141    3.117858565149   -5.379881248057
              H     -5.533367120908    0.817987841807   -4.881638047760
              H      6.060702643462   -0.595326169167   -5.645362221994
              H      3.855848155195   -0.814074136925   -8.212599056852
              H      3.933828905665   -3.232057515882   -5.818686958551
              H      5.889170568527    1.691036997448   -1.242590317646
              H      3.449481965966    2.824913524184    0.785153977504
              H      3.602963708642   -1.191365034295    3.203028302671
              H      7.107715029813   -4.280368327556    2.521261176787
              H      8.175911023920   -2.513200370746   -0.137343941115
              H      5.176964478274   -4.039329135240   -0.222950935120
              H      6.139990495267    2.514224045499    4.622166716363
              H      7.729869468870   -0.354750280909    5.360541445699
              H      8.741944479472    1.494086926391    2.743704403478
$End
$SCF_Energy
   &GeometryIndex 12
   &Method [&Type "String"] "SCF"
   &totalEnergy [&Type "ArrayOfDoubles", &Dim (1,1)] "Total energy of each state"
                                                         0

0                                     -1.3787718682808356e+03
   &Mult [&Type "ArrayOfIntegers", &Dim (1,1)] "Multiplicity of each state"
                                                         0

0                                                        1
$End
$DFT_Energy
   &GeometryIndex 12
   &nAlphaEl [&Type "Integer"] 73
   &nBetaEl [&Type "Integer"] 73
   &nTotalEl [&Type "Integer"] 145
   &finalEn [&Type "Double"]      -1.3787718682808356e+03  "No Van der Waals correction"
   &eExchange [&Type "Double"]       0.0000000000000000e+00
   &eCorr [&Type "Double"]       0.0000000000000000e+00
   &eXC [&Type "Double"]      -9.9870581118965092e+01
   &eCNL [&Type "Double"]       0.0000000000000000e+00
$End
$Solvation_Details
   &GeometryIndex 12
   &Solvent [&Type "String"] "WATER"
   &Epsilon [&Type "Double"]       8.0150999999999996e+01
   &Refrac [&Type "Double"]       1.3328000000000000e+00
   &RSolv [&Type "Double"]       1.3000000000000000e+00
   &SurfaceType [&Type "String"] "GAUSSIAN VDW"
   &CPCMDielEnergy [&Type "Double"]      -2.0832244000000000e-02
   &NPoints [&Type "Integer"] 3443
   &SurfaceArea [&Type "Double"]       1.2256178038549999e+03
$End
$SCF_Timings
   &GeometryIndex 12
   &TOTAL [&Type "Double"]       6.1583587000000001e+01
   &PREP [&Type "Double"]       2.8116020000000002e+00
   &FOCK [&Type "Double"]       5.3847978999999988e+01
   &DENS [&Type "Double"]       6.0821599999999876e-01
   &ETOT [&Type "Double"]       3.5759499999999989e-01
   &TRAFO [&Type "Double"]       1.8489099999999326e-01
   &DIIS [&Type "Double"]       7.9913900000000027e-01
   &SOSCF [&Type "Double"]       4.7221200000000607e-01
   &XC [&Type "Double"]       8.0179520000000064e+00
   &FOCKSTART [&Type "Double"]       2.3366800000000065e-01
   &SOLV [&Type "Double"]       7.8801669999999966e+00
   &SOLV_INIT [&Type "Double"]       9.6705299999999994e-01
   &SOLV_FINAL [&Type "Double"]       1.0000000116860974e-06
   &INT_PREP [&Type "Double"]       3.9999999970063982e-06
   &INT_BF [&Type "Double"]       6.0134499999992563e-01
   &INT_DENS [&Type "Double"]       4.2112000000005878e-01
   &INT_DENSIO [&Type "Double"]       8.9194128222000189e+04
   &INT_FUNC [&Type "Double"]       1.3067499999997523e-01
   &INT_POT [&Type "Double"]       3.3240399999996129e-01
   &INT_POTIO [&Type "Double"]       5.8011799999986380e-01
   &INT_SUM [&Type "Double"]       2.5210000000015498e-03
   &SPLITRIJ [&Type "Double"]       2.3235870000000016e+00
   &COSX [&Type "Double"]       3.8061987000000002e+01
$End
$VdW_Correction
   &GeometryIndex 12
   &vdW [&Type "Double"]      -2.1226223622540993e-02
$End
$Single_Point_Data
   &GeometryIndex 12
   &FinalEnergy [&Type "Double"]      -1.3787930945044582e+03  "Final single point energy"
   &Converged [&Type "Boolean"] true
$End
$SCF_Nuc_Gradient
   &GeometryIndex 12
   &NAtoms [&Type "Integer"] 42
   &gradNorm [&Type "Double"]       1.1814876041010189e-03
   &grad [&Type "ArrayOfDoubles", &Dim (126,1)] 
                                                         0

0                                     -1.0988169132566123e-04
1                                      8.3059395315339889e-06
2                                     -1.2545241576452068e-04
3                                      1.3750225560644298e-04
4                                     -1.1833144026916916e-04
5                                      2.5364881290303480e-04
6                                      3.9757798807894633e-05
7                                      8.3210145115540594e-05
8                                     -1.1923413183277680e-04
9                                     -1.5565465980447844e-04
10                                    -7.7527054562951926e-05
11                                    -1.7268102251206816e-04
12                                     6.4378148338495254e-05
13                                     3.1112975806159640e-05
14                                     3.0649155226098129e-04
15                                    -1.0741861993038221e-04
16                                     4.4301210236129112e-06
17                                    -1.7011227117701033e-06
18                                     1.6292517894906977e-04
19                                     2.1085233663209821e-04
20                                     1.2805986071380635e-04
21                                     2.4419893909471393e-04
22                                     2.0340192839424568e-04
23                                     9.4309840477260591e-05
24                                     1.1872556167948513e-04
25                                    -1.8596545844294188e-04
26                                    -2.9695758011125350e-05
27                                    -2.3421314989272268e-04
28                                    -2.4420332727374046e-04
29                                     1.5865229426923792e-04
30                                    -1.3046928651019318e-04
31                                     1.5311559816833445e-04
32                                     8.9784767677422586e-05
33                                    -2.6547250894339296e-04
34                                     9.7691178525967213e-07
35                                    -2.5397317230243941e-04
36                                     1.3907435769379357e-04
37                                     1.7316363377167335e-04
38                                     1.4039600535772020e-04
39                                     1.2646292047736770e-04
40                                    -3.0223579108975846e-04
41                                    -2.1371123568750361e-05
42                                     5.3851668779647001e-05
43                                     6.2444795114926333e-05
44                                     6.6401960634599703e-05
45                                     3.4838979840927126e-05
46                                     9.3236774540305400e-05
47                                     3.8598037704162694e-05
48                                    -1.7231808030327207e-05
49                                    -4.0690745728198314e-05
50                                     2.8346668238737361e-05
51                                    -5.1455138109610758e-07
52                                    -4.9753846103002625e-05
53                                    -4.1666726220682620e-05
54                                     6.9527006780276875e-05
55                                     2.7972702013864103e-05
56                                    -5.3905216670636683e-06
57                                     4.0852482810095040e-05
58                                     4.8846521761893930e-05
59                                     3.0260108543425684e-05
60                                    -8.3641036609604678e-06
61                                     5.9996773976770491e-05
62                                     8.2707692368773946e-05
63                                    -5.3390006101122126e-05
64                                     8.7524450964360456e-05
65                                     4.5274120044264311e-05
66                                     9.9973177540396040e-05
67                                    -9.0179996818305543e-05
68                                    -1.5095939172570473e-05
69                                    -4.8702769888019454e-05
70                                     3.6961158567864819e-06
71                                    -4.9474843727089572e-05
72                                     5.5626171784841112e-05
73                                    -3.4720346992873541e-05
74                                    -5.0354678827607670e-05
75                                    -4.0674580599001897e-05
76                                     5.5403082949170086e-05
77                                    -8.2158422253989310e-05
78                                     6.7304010761326419e-05
79                                    -6.2843386465326546e-05
80                                    -1.7772716175157641e-04
81                                    -1.2518273714801568e-05
82                                    -1.4950958159558515e-05
83                                     6.6224795249320153e-05
84                                    -1.1445764415792879e-04
85                                    -1.5024142281299109e-07
86                                     3.7687498451248850e-05
87                                     3.8575213247488436e-05
88                                    -1.4562081180777097e-04
89                                    -6.0754699988276999e-05
90                                    -1.0488493101427446e-05
91                                     6.5834812507527181e-05
92                                    -1.5829556409711329e-05
93                                     1.5937362078406530e-05
94                                    -8.4262999558145293e-05
95                                     1.4099523082537234e-05
96                                     1.1208312988567610e-04
97                                     5.3115706166196789e-05
98                                    -1.7690533125174358e-04
99                                    -9.1890774079459117e-05
100                                    9.5648888422568277e-06
101                                    1.2904263331447113e-05
102                                   -3.0072383750966028e-05
103                                   -4.3319865938440619e-05
104                                   -1.4551443564299056e-04
105                                    1.1800315795555601e-05
106                                    8.0915872749371531e-05
107                                   -1.4650599437847616e-05
108                                   -2.2795453003794742e-05
109                                    3.3803144091542681e-05
110                                   -4.6679290608286965e-05
111                                   -4.6955645640172524e-05
112                                   -2.6954214995216549e-05
113                                    2.2712620260334504e-05
114                                   -4.2909342310778907e-06
115                                    6.4601409374200039e-05
116                                    2.8496688882886790e-05
117                                   -1.0045331464107880e-04
118                                   -9.8271949471616653e-05
119                                   -5.6953061214769617e-05
120                                    1.3768594246804119e-06
121                                    1.4563887402274448e-05
122                                   -4.0637708093177914e-05
123                                   -2.8860895334555219e-05
124                                   -1.0108029948687423e-05
125                                    5.8844614447436651e-05
   &Method [&Type "String"] "SCF"
   &Level [&Type "String"] "Relaxed density"
   &Mult [&Type "Integer"] 1
   &State [&Type "Integer"] 0
   &Irrep [&Type "Integer"] 0
$End
$Geometry
   &GeometryIndex 13
   &NAtoms [&Type "Integer"] 42
   &NCorelessECP [&Type "Integer"] 0
   &NGhostAtoms [&Type "Integer"] 0
   &CartesianCoordinates [&Type "Coordinates", &Dim(42,4), &Units "Bohr"] 
              C     -3.799961527643    2.259548942728    4.462283779415
              C     -2.899341870890    0.187735612705    2.658681592829
              N     -4.189940376753    0.034198860172    0.231665372023
              C     -6.861222909616   -0.606924747879    0.341028331662
              C     -7.382359108368   -3.171782872355    1.534156233698
              C     -3.655428540630    2.131816083087   -1.437832271861
              C     -3.660549973333    1.446764150171   -4.241075541537
              S     -1.564021767748   -1.159349699659   -5.098611595670
              P      1.907702390964    0.572449105573   -4.367641307575
              C      4.161263686509   -1.211117330481   -6.172072648233
              O      1.922222223761    3.366910080076   -4.799953840121
              O      2.427597445898   -0.197612391890   -1.442556297075
              C      4.306329851811    1.120841223052   -0.003687184338
              C      5.279595139612   -0.604317321312    2.079828601899
              C      6.507288689526   -2.979201439757    0.994398558226
              C      7.086023489799    0.864445981154    3.787677068435
              H     -3.620662198017    4.148532526827    3.605701164507
              H     -2.657160499931    2.244903448051    6.200383016430
              H     -5.787959459260    1.996031812748    5.018339817708
              H     -3.047010614836   -1.661894322807    3.604245379586
              H     -0.874192762280    0.447756244288    2.252053356712
              H     -7.581577124576   -0.634087088450   -1.611878704734
              H     -7.979124342167    0.873692988717    1.330832863709
              H     -6.922446451004   -3.209375348685    3.561804401554
              H     -9.395211624695   -3.655369142367    1.343629099238
              H     -6.263684739028   -4.650361445445    0.588938319572
              H     -5.007894098392    3.723475451444   -1.204132631113
              H     -1.782109771159    2.899745684055   -0.959048088003
              H     -3.140028943718    3.103913904412   -5.379337671837
              H     -5.529744769532    0.803739852552   -4.885251590352
              H      6.070075569504   -0.603632792323   -5.615857893957
              H      3.876614248419   -0.829760416915   -8.192182442668
              H      3.942456599539   -3.240240889538   -5.789530540246
              H      5.879924584070    1.717210898726   -1.239906859692
              H      3.443560494518    2.838629223297    0.799143463913
              H      3.621720488863   -1.174507849542    3.214628887597
              H      7.128254231221   -4.258064758057    2.512594662825
              H      8.178012834023   -2.489006339681   -0.151962992268
              H      5.181422053342   -4.020968908393   -0.220628380142
              H      6.165639027261    2.535917692561    4.617664809605
              H      7.759523676837   -0.332839673870    5.348649181196
              H      8.756406748100    1.514132839763    2.724820481288
$End
$SCF_Energy
   &GeometryIndex 13
   &Method [&Type "String"] "SCF"
   &totalEnergy [&Type "ArrayOfDoubles", &Dim (1,1)] "Total energy of each state"
                                                         0

0                                     -1.3787718695750075e+03
   &Mult [&Type "ArrayOfIntegers", &Dim (1,1)] "Multiplicity of each state"
                                                         0

0                                                        1
$End
$DFT_Energy
   &GeometryIndex 13
   &nAlphaEl [&Type "Integer"] 73
   &nBetaEl [&Type "Integer"] 73
   &nTotalEl [&Type "Integer"] 145
   &finalEn [&Type "Double"]      -1.3787718695750075e+03  "No Van der Waals correction"
   &eExchange [&Type "Double"]       0.0000000000000000e+00
   &eCorr [&Type "Double"]       0.0000000000000000e+00
   &eXC [&Type "Double"]      -9.9870390046641234e+01
   &eCNL [&Type "Double"]       0.0000000000000000e+00
$End
$Solvation_Details
   &GeometryIndex 13
   &Solvent [&Type "String"] "WATER"
   &Epsilon [&Type "Double"]       8.0150999999999996e+01
   &Refrac [&Type "Double"]       1.3328000000000000e+00
   &RSolv [&Type "Double"]       1.3000000000000000e+00
   &SurfaceType [&Type "String"] "GAUSSIAN VDW"
   &CPCMDielEnergy [&Type "Double"]      -2.0820913000000000e-02
   &NPoints [&Type "Integer"] 3450
   &SurfaceArea [&Type "Double"]       1.2255740865630000e+03
$End
$SCF_Timings
   &GeometryIndex 13
   &TOTAL [&Type "Double"]       6.9437882000000002e+01
   &PREP [&Type "Double"]       2.7297129999999998e+00
   &FOCK [&Type "Double"]       6.1543740000000007e+01
   &DENS [&Type "Double"]       7.7963499999999186e-01
   &ETOT [&Type "Double"]       4.7222399999999709e-01
   &TRAFO [&Type "Double"]       1.6931599999999136e-01
   &DIIS [&Type "Double"]       7.9417699999999947e-01
   &SOSCF [&Type "Double"]       8.1096300000000454e-01
   &XC [&Type "Double"]       1.3633431000000000e+01
   &FOCKSTART [&Type "Double"]       3.1340199999999285e-01
   &SOLV [&Type "Double"]       1.3380077000000000e+01
   &SOLV_INIT [&Type "Double"]       9.1863200000000000e-01
   &INT_PREP [&Type "Double"]       4.0000000005591119e-06
   &INT_BF [&Type "Double"]       7.4764399999983233e-01
   &INT_DENS [&Type "Double"]       5.4579199999995076e-01
   &INT_DENSIO [&Type "Double"]       1.2384279916800026e+05
   &INT_FUNC [&Type "Double"]       1.6412100000004592e-01
   &INT_POT [&Type "Double"]       3.6179500000023346e-01
   &INT_POTIO [&Type "Double"]       7.6940899999969581e-01
   &INT_SUM [&Type "Double"]       2.3170000000050095e-03
   &SPLITRIJ [&Type "Double"]       2.8928819999999953e+00
   &COSX [&Type "Double"]       3.3117115000000005e+01
$End
$VdW_Correction
   &GeometryIndex 13
   &vdW [&Type "Double"]      -2.1232630876309330e-02
$End
$Single_Point_Data
   &GeometryIndex 13
   &FinalEnergy [&Type "Double"]      -1.3787931022058838e+03  "Final single point energy"
   &Converged [&Type "Boolean"] true
$End
$SCF_Nuc_Gradient
   &GeometryIndex 13
   &NAtoms [&Type "Integer"] 42
   &gradNorm [&Type "Double"]       9.0397151405658359e-04
   &grad [&Type "ArrayOfDoubles", &Dim (126,1)] 
                                                         0

0                                     -5.9475589465080855e-05
1                                      9.8452549310251201e-06
2                                     -1.0295648745541378e-04
3                                      7.3616498908879414e-05
4                                     -1.0112722887466195e-04
5                                      2.0995326573324680e-04
6                                      8.4053782468605348e-05
7                                     -8.4925566421572939e-06
8                                     -1.3689098589734954e-04
9                                     -2.0402900517057620e-04
10                                    -5.1829247995355162e-05
11                                    -8.2589301755281669e-05
12                                     8.4080291851948216e-05
13                                     2.3271540691508386e-05
14                                     2.3520610426232611e-04
15                                     7.0503519785356953e-06
16                                    -1.0558147543299067e-06
17                                     4.5605847393384738e-05
18                                    -5.9078040076962168e-05
19                                     1.1215867296299057e-04
20                                     6.3818104516859758e-05
21                                     1.3737558483509424e-04
22                                     9.9749218364032907e-05
23                                     1.0912960103420664e-04
24                                     1.1344570292170407e-04
25                                    -2.5435873286241799e-05
26                                    -1.5060391357462504e-04
27                                    -1.2734441384989806e-04
28                                    -1.6120252774581438e-04
29                                     1.7024919957758555e-04
30                                    -2.4203061180471861e-05
31                                    -5.4946592141216308e-05
32                                     1.3074269850327989e-04
33                                    -2.0927157571050262e-04
34                                     1.2236022485052832e-04
35                                    -1.1215559129464621e-04
36                                     2.0171402499051522e-04
37                                     7.3382083633836967e-05
38                                     1.3752390684760400e-04
39                                     2.5905194928672762e-05
40                                    -2.2966020297038623e-04
41                                     2.7124382634260370e-05
42                                     5.7906502505720314e-05
43                                     5.9958895496388655e-05
44                                     2.5161737756940878e-05
45                                     6.9233692891142363e-06
46                                     5.5634654906035662e-05
47                                    -1.6348876387857657e-05
48                                    -2.5279454046765111e-05
49                                    -3.6416695697783139e-05
50                                     1.5237834861078439e-05
51                                     8.1498729576450297e-06
52                                    -4.1745331408366476e-05
53                                    -2.6753166737925150e-05
54                                     4.4369983551457613e-05
55                                     1.9024838299663043e-05
56                                     1.1740930998921267e-05
57                                     9.9730338925242386e-06
58                                     3.5218910408686976e-05
59                                    -4.4166151841280648e-06
60                                     7.1573730553565451e-05
61                                     6.0254408202142372e-05
62                                     4.7290597116107362e-05
63                                    -3.5092760876328301e-05
64                                     6.9436739529503259e-05
65                                     5.5527607061063119e-05
66                                     1.0947387902582438e-04
67                                    -5.5273120912095289e-05
68                                    -2.9297601190789548e-05
69                                    -1.1570968817740692e-05
70                                     5.0394346589535038e-06
71                                    -4.6920785937568991e-05
72                                     3.3514453750730984e-05
73                                    -3.0215038622301813e-05
74                                    -4.2757959988704548e-05
75                                    -5.2066510867872852e-05
76                                     3.7741298587557684e-05
77                                    -8.4849581884229968e-05
78                                     4.6606989693369095e-05
79                                    -1.3494169766859550e-05
80                                    -1.6069176642898229e-04
81                                    -2.9130165463717618e-05
82                                    -1.6083634316150578e-05
83                                     6.9964056634190823e-05
84                                    -9.6734201307842316e-05
85                                     2.1446595702341619e-05
86                                     3.1522366590926656e-05
87                                     7.0033900532773323e-05
88                                    -8.1468392235080922e-05
89                                    -9.1777295852560656e-05
90                                    -1.8977147595608063e-05
91                                     6.2728347247640323e-05
92                                    -2.5980653033497251e-05
93                                     1.0946846846072291e-05
94                                    -4.3625191408854454e-05
95                                     6.5485433594220235e-06
96                                     5.4232249815104826e-05
97                                     3.4210945462138985e-05
98                                    -1.2602297212172643e-04
99                                    -9.1888164041116802e-05
100                                    1.2548727566710061e-05
101                                   -1.8541786851196732e-05
102                                   -7.2558173717338358e-05
103                                   -4.0538021187737380e-05
104                                   -1.0522008129844248e-04
105                                   -1.7244002894669204e-05
106                                    9.3293210623306572e-05
107                                   -1.8347364149867957e-05
108                                   -8.8561674327451226e-06
109                                    2.5026724107759021e-05
110                                   -2.8699293881141147e-05
111                                   -2.5883791941427064e-05
112                                   -2.4484688424047116e-05
113                                    2.3534059855354040e-05
114                                   -5.7152967581330007e-06
115                                    4.5875988664655342e-05
116                                    1.8919940640993753e-05
117                                   -7.3877145082855178e-05
118                                   -6.0174833277974918e-05
119                                   -3.3510577626359785e-05
120                                    1.0560181531939963e-05
121                                    5.2163891600614677e-06
122                                   -3.8670162039382096e-05
123                                   -1.3230788888139303e-05
124                                   -6.1538753411083269e-06
125                                    4.9202136820123347e-05
   &Method [&Type "String"] "SCF"
   &Level [&Type "String"] "Relaxed density"
   &Mult [&Type "Integer"] 1
   &State [&Type "Integer"] 0
   &Irrep [&Type "Integer"] 0
$End
$Geometry
   &GeometryIndex 14
   &NAtoms [&Type "Integer"] 42
   &NCorelessECP [&Type "Integer"] 0
   &NGhostAtoms [&Type "Integer"] 0
   &CartesianCoordinates [&Type "Coordinates", &Dim(42,4), &Units "Bohr"] 
              C     -3.816648667234    2.269168052471    4.462558294048
              C     -2.908894004986    0.193927170047    2.666165696216
              N     -4.190044610306    0.033513313451    0.234952480400
              C     -6.859746448635   -0.615567985294    0.333145800266
              C     -7.380693894710   -3.177330403854    1.532877066123
              C     -3.655576312667    2.131905470071   -1.433815437150
              C     -3.661950747569    1.448158647531   -4.237508156258
              S     -1.566260493112   -1.159246684031   -5.094526255159
              P      1.906090993957    0.574791288810   -4.364096684929
              C      4.159757621863   -1.203741285863   -6.173164114167
              O      1.919426035954    3.369529191771   -4.793106314041
              O      2.432476842815   -0.198853698851   -1.440758934509
              C      4.312887601693    1.118766677176   -0.003985821635
              C      5.286124014298   -0.605327696976    2.080229864302
              C      6.505350077761   -2.985525033424    0.995806592416
              C      7.102523015982    0.860888829128    3.779803728425
              H     -3.637354549490    4.156358648967    3.601867943505
              H     -2.678569073090    2.260505908396    6.203837964247
              H     -5.805987295430    2.005017348692    5.014081111626
              H     -3.058967236483   -1.653949502817    3.614843883977
              H     -0.882345766960    0.454128314050    2.266102733363
              H     -7.567891504355   -0.655127006413   -1.624119382055
              H     -7.988704568675    0.866254401956    1.308969480831
              H     -6.928816317724   -3.206941622899    3.562605393287
              H     -9.392073625029   -3.664939420942    1.336535546759
              H     -6.255367206117   -4.657884773422    0.598621796214
              H     -5.007659862488    3.723831725300   -1.197515200835
              H     -1.781659621924    2.898904233592   -0.955838606304
              H     -3.136849596676    3.104981029824   -5.374328946154
              H     -5.532217010341    0.809951988232   -4.882960112794
              H      6.068594973722   -0.599368413285   -5.613824220571
              H      3.876031669120   -0.815997415629   -8.192215596718
              H      3.938381455912   -3.233656865875   -5.795324003118
              H      5.886551209820    1.712370216106   -1.241685170804
              H      3.452879576537    2.837954003252    0.799200895723
              H      3.629926785783   -1.169527830276    3.220473418980
              H      7.129336332067   -4.261801802491    2.515107993645
              H      8.173386261134   -2.500643320263   -0.156899326420
              H      5.174039525293   -4.028081232327   -0.212631879957
              H      6.192811353329    2.539815596439    4.606821731710
              H      7.774328913947   -0.334451976822    5.343088109216
              H      8.773374153013    1.499219743241    2.710606600505
$End
$SCF_Energy
   &GeometryIndex 14
   &Method [&Type "String"] "SCF"
   &totalEnergy [&Type "ArrayOfDoubles", &Dim (1,1)] "Total energy of each state"
                                                         0

0                                     -1.3787718921822311e+03
   &Mult [&Type "ArrayOfIntegers", &Dim (1,1)] "Multiplicity of each state"
                                                         0

0                                                        1
$End
$DFT_Energy
   &GeometryIndex 14
   &nAlphaEl [&Type "Integer"] 73
   &nBetaEl [&Type "Integer"] 73
   &nTotalEl [&Type "Integer"] 145
   &finalEn [&Type "Double"]      -1.3787718921822311e+03  "No Van der Waals correction"
   &eExchange [&Type "Double"]       0.0000000000000000e+00
   &eCorr [&Type "Double"]       0.0000000000000000e+00
   &eXC [&Type "Double"]      -9.9869798122442177e+01
   &eCNL [&Type "Double"]       0.0000000000000000e+00
$End
$Solvation_Details
   &GeometryIndex 14
   &Solvent [&Type "String"] "WATER"
   &Epsilon [&Type "Double"]       8.0150999999999996e+01
   &Refrac [&Type "Double"]       1.3328000000000000e+00
   &RSolv [&Type "Double"]       1.3000000000000000e+00
   &SurfaceType [&Type "String"] "GAUSSIAN VDW"
   &CPCMDielEnergy [&Type "Double"]      -2.0805911999999999e-02
   &NPoints [&Type "Integer"] 3446
   &SurfaceArea [&Type "Double"]       1.2261081957110000e+03
$End
$SCF_Timings
   &GeometryIndex 14
   &TOTAL [&Type "Double"]       5.8513383999999995e+01
   &PREP [&Type "Double"]       2.7541829999999998e+00
   &FOCK [&Type "Double"]       5.1530937000000002e+01
   &DENS [&Type "Double"]       4.4594800000000134e-01
   &ETOT [&Type "Double"]       3.0764699999998868e-01
   &POP [&Type "Double"]       9.9999999747524271e-07
   &TRAFO [&Type "Double"]       8.6528999999998746e-02
   &DIIS [&Type "Double"]       1.4227000000000167e-01
   &SOSCF [&Type "Double"]       8.2132700000000369e-01
   &XC [&Type "Double"]       7.1522799999999993e+00
   &FOCKSTART [&Type "Double"]       2.1477399999999580e-01
   &SOLV [&Type "Double"]       6.9857259999999943e+00
   &SOLV_INIT [&Type "Double"]       9.1802600000000001e-01
   &INT_PREP [&Type "Double"]       3.0000000066365828e-06
   &INT_BF [&Type "Double"]       5.2602700000008440e-01
   &INT_DENS [&Type "Double"]       3.8019799999999293e-01
   &INT_DENSIO [&Type "Double"]       7.3588494725000142e+04
   &INT_FUNC [&Type "Double"]       1.1605199999987015e-01
   &INT_POT [&Type "Double"]       2.9400099999999263e-01
   &INT_POTIO [&Type "Double"]       5.2102000000005511e-01
   &INT_SUM [&Type "Double"]       7.3829999999937002e-03
   &SPLITRIJ [&Type "Double"]       2.0145329999999948e+00
   &COSX [&Type "Double"]       3.7721304000000003e+01
$End
$VdW_Correction
   &GeometryIndex 14
   &vdW [&Type "Double"]      -2.1215623858584980e-02
$End
$Single_Point_Data
   &GeometryIndex 14
   &FinalEnergy [&Type "Double"]      -1.3787931078060897e+03  "Final single point energy"
   &Converged [&Type "Boolean"] true
$End
$SCF_Nuc_Gradient
   &GeometryIndex 14
   &NAtoms [&Type "Integer"] 42
   &gradNorm [&Type "Double"]       6.5041957264565589e-04
   &grad [&Type "ArrayOfDoubles", &Dim (126,1)] 
                                                         0

0                                      2.2136544322657931e-05
1                                     -1.6462702735877037e-05
2                                     -6.1821577379307400e-05
3                                      3.1516423286146844e-05
4                                     -1.3321115210979879e-05
5                                      1.1891362131857691e-04
6                                      5.5618415669500022e-05
7                                     -9.5343761227748518e-05
8                                     -7.7024610671646050e-05
9                                     -1.4536585764222574e-04
10                                     1.7810112405152759e-05
11                                     9.0533349637810087e-05
12                                     2.0846095478094625e-05
13                                     1.0918849404752595e-05
14                                    -8.0355804068320795e-06
15                                     1.3099927925473590e-04
16                                     4.0550195943207091e-05
17                                     5.1967662941493672e-05
18                                    -2.3681072708376066e-04
19                                    -2.7863505099698470e-05
20                                     2.8171604544989005e-06
21                                    -1.5486560082143364e-07
22                                    -4.7234264565132093e-05
23                                     2.6442801123127474e-05
24                                    -2.6982821552102071e-06
25                                     1.2913153457379953e-04
26                                    -1.9172406884719923e-04
27                                    -7.2642657290408665e-06
28                                    -3.1103224032313971e-05
29                                     1.1895545996180495e-04
30                                     1.0820130588324320e-04
31                                    -2.1011002968127562e-04
32                                     1.2374936801031665e-04
33                                     7.5491377935510266e-05
34                                     1.4270870271019842e-04
35                                    -4.4069709563159139e-05
36                                     1.4409448973934326e-04
37                                    -2.3107974359426063e-05
38                                     8.8671661444802947e-05
39                                    -8.1050162981681744e-05
40                                    -7.0473396100851840e-05
41                                     7.2964407600772051e-05
42                                     3.2275735454993264e-05
43                                     2.1111988209935277e-05
44                                    -2.7782906828174929e-05
45                                    -2.2147651085307498e-05
46                                     1.7089433867231149e-05
47                                    -3.6414553917719392e-05
48                                    -3.4041750515474666e-05
49                                    -1.0408976912459831e-05
50                                    -4.2473189718445277e-06
51                                     3.6072719930032913e-06
52                                    -6.4541478056867373e-06
53                                    -8.7856525021706266e-07
54                                     7.3245033821600279e-06
55                                     3.3937697006636006e-05
56                                     4.2008342924221017e-05
57                                    -1.5134228116798083e-05
58                                    -6.2491518206686357e-07
59                                    -2.6962345586887778e-05
60                                     2.3690395755589895e-05
61                                     4.6158460159080302e-05
62                                     4.6353601952114288e-05
63                                     2.0525162020891093e-05
64                                    -3.9475211295737753e-05
65                                     4.5166938373235148e-06
66                                     4.9009322351829695e-05
67                                     3.3989102532841961e-06
68                                    -5.9126282623193975e-05
69                                     2.6002596822654834e-05
70                                    -2.6714395829384890e-06
71                                    -2.4302777205618004e-05
72                                    -2.0214113222496909e-06
73                                    -2.4184510647920549e-05
74                                    -4.3470735467663749e-06
75                                    -3.1579363887436693e-05
76                                    -1.3484471079077271e-05
77                                    -2.8220601074327678e-05
78                                     1.2174675878142620e-05
79                                     1.7424324692547901e-05
80                                    -6.9187854140468247e-05
81                                    -3.2048672400610087e-05
82                                     6.8467205018553438e-06
83                                     3.3353051162070041e-05
84                                    -2.8178552388020755e-05
85                                     2.8462929361763395e-05
86                                     4.6559989629077104e-07
87                                     2.6521053996545901e-05
88                                     8.6696418875405984e-06
89                                    -4.2508267856041296e-05
90                                    -2.0528435198613465e-05
91                                     5.1685587782871587e-05
92                                    -1.8024350911461729e-05
93                                     7.2707233038641261e-06
94                                     9.4768973528160862e-06
95                                    -6.5721567295072114e-06
96                                    -1.9099741115165366e-05
97                                     3.5847652119388150e-06
98                                    -3.7662501114970963e-05
99                                    -5.7257743040202294e-05
100                                    5.6598075186848083e-06
101                                   -4.5338295956301233e-05
102                                   -6.8832418736993709e-05
103                                   -1.7885128141333504e-05
104                                   -1.7463645343835789e-05
105                                   -2.2669601920998839e-06
106                                    5.0870965173282001e-05
107                                   -1.7405632611369092e-05
108                                    1.3048450208355287e-05
109                                    1.1139225708112451e-05
110                                    1.7912692696969094e-06
111                                    2.4742527676081447e-07
112                                   -6.0062497606883916e-06
113                                    1.4677697970828698e-05
114                                    1.0680499454891175e-06
115                                    8.0152104749000619e-06
116                                    3.3695480122037324e-06
117                                   -3.0563920994405352e-05
118                                   -7.6132480010220298e-06
119                                    3.5635029942735310e-06
120                                    2.1303072891684729e-05
121                                   -3.5040337183854842e-06
122                                   -1.6121838759899735e-05
123                                    4.0726273537067552e-06
124                                    2.6804156386416088e-06
125                                    2.0127752995512635e-05
   &Method [&Type "String"] "SCF"
   &Level [&Type "String"] "Relaxed density"
   &Mult [&Type "Integer"] 1
   &State [&Type "Integer"] 0
   &Irrep [&Type "Integer"] 0
$End
$Geometry
   &GeometryIndex 15
   &NAtoms [&Type "Integer"] 42
   &NCorelessECP [&Type "Integer"] 0
   &NGhostAtoms [&Type "Integer"] 0
   &CartesianCoordinates [&Type "Coordinates", &Dim(42,4), &Units "Bohr"] 
              C     -3.815715072451    2.269767982077    4.460473039762
              C     -2.910312986959    0.193534412435    2.663891467210
              N     -4.192906194929    0.033336082137    0.233816773470
              C     -6.862406248078   -0.615503836813    0.333047048177
              C     -7.383426105865   -3.176580574008    1.534391524459
              C     -3.658580913403    2.130752057200   -1.436100749035
              C     -3.662451333931    1.444580284491   -4.239235742858
              S     -1.565099954108   -1.162417187564   -5.092532471966
              P      1.904429775293    0.576351577881   -4.360412588094
              C      4.161843066818   -1.198595428693   -6.168587291038
              O      1.913319084688    3.371119058543   -4.790647797930
              O      2.430937517697   -0.196474468900   -1.436785782055
              C      4.314067361717    1.119538940258   -0.002219279322
              C      5.288659867503   -0.605540620287    2.080472048881
              C      6.504555607659   -2.986693006001    0.994216618210
              C      7.108136851589    0.859071114771    3.778161624143
              H     -3.633153320738    4.156882539683    3.600181656569
              H     -2.678651100271    2.259268752889    6.202406429312
              H     -5.805807671090    2.008032334450    5.010560878130
              H     -3.061404982104   -1.654018696947    3.613164028924
              H     -0.883756655777    0.451581905959    2.262379292742
              H     -7.570969036343   -0.655874138017   -1.624116759786
              H     -7.991521109734    0.866627957188    1.308634116510
              H     -6.934491740464   -3.203684372636    3.564896819384
              H     -9.394269272118   -3.665511610629    1.335950781355
              H     -6.255386338412   -4.657396709740    0.603821777018
              H     -5.011672496585    3.721961477592   -1.200689843213
              H     -1.785171298733    2.899035273131   -0.958058581280
              H     -3.136916038916    3.100360480031   -5.377333447476
              H     -5.532376091040    0.805369307448   -4.884801741392
              H      6.069727027668   -0.592370719461   -5.607947504115
              H      3.878689395372   -0.811072973500   -8.187746071641
              H      3.942827563491   -3.228808336398   -5.790587710810
              H      5.887196537606    1.711839824517   -1.241333767839
              H      3.457159643101    2.839518356012    0.802650160985
              H      3.633612257948   -1.169204647732    3.222768354448
              H      7.129397936942   -4.263698793895    2.512591846901
              H      8.171513232537   -2.502955291711   -0.160630431231
              H      5.170916068532   -4.028161980443   -0.212639039836
              H      6.201055888924    2.539564470117    4.604946092359
              H      7.779410113272   -0.336323223938    5.341656455919
              H      8.778991163695    1.494770255253    2.707327728254
$End
$SCF_Energy
   &GeometryIndex 15
   &Method [&Type "String"] "SCF"
   &totalEnergy [&Type "ArrayOfDoubles", &Dim (1,1)] "Total energy of each state"
                                                         0

0                                     -1.3787718898022836e+03
   &Mult [&Type "ArrayOfIntegers", &Dim (1,1)] "Multiplicity of each state"
                                                         0

0                                                        1
$End
$DFT_Energy
   &GeometryIndex 15
   &nAlphaEl [&Type "Integer"] 73
   &nBetaEl [&Type "Integer"] 73
   &nTotalEl [&Type "Integer"] 145
   &finalEn [&Type "Double"]      -1.3787718898022836e+03  "No Van der Waals correction"
   &eExchange [&Type "Double"]       0.0000000000000000e+00
   &eCorr [&Type "Double"]       0.0000000000000000e+00
   &eXC [&Type "Double"]      -9.9869719542721739e+01
   &eCNL [&Type "Double"]       0.0000000000000000e+00
$End
$Solvation_Details
   &GeometryIndex 15
   &Solvent [&Type "String"] "WATER"
   &Epsilon [&Type "Double"]       8.0150999999999996e+01
   &Refrac [&Type "Double"]       1.3328000000000000e+00
   &RSolv [&Type "Double"]       1.3000000000000000e+00
   &SurfaceType [&Type "String"] "GAUSSIAN VDW"
   &CPCMDielEnergy [&Type "Double"]      -2.0792676999999999e-02
   &NPoints [&Type "Integer"] 3447
   &SurfaceArea [&Type "Double"]       1.2260872186160000e+03
$End
$SCF_Timings
   &GeometryIndex 15
   &TOTAL [&Type "Double"]       4.9054577000000002e+01
   &PREP [&Type "Double"]       6.3188589999999998e+00
   &FOCK [&Type "Double"]       3.8568252999999999e+01
   &DENS [&Type "Double"]       3.6480400000000657e-01
   &ETOT [&Type "Double"]       2.6600999999999964e-01
   &TRAFO [&Type "Double"]       8.7176999999996951e-02
   &DIIS [&Type "Double"]       1.3851999999999975e-01
   &SOSCF [&Type "Double"]       6.2506999999999913e-01
   &XC [&Type "Double"]       5.9672509999999992e+00
   &FOCKSTART [&Type "Double"]       1.7826800000000187e-01
   &SOLV [&Type "Double"]       5.9066949999999938e+00
   &SOLV_INIT [&Type "Double"]       9.4322899999999998e-01
   &INT_PREP [&Type "Double"]       1.0000000010279564e-06
   &INT_BF [&Type "Double"]       4.6004000000013967e-01
   &INT_DENS [&Type "Double"]       3.4495099999982060e-01
   &INT_DENSIO [&Type "Double"]       5.9498315995000114e+04
   &INT_FUNC [&Type "Double"]       9.7977999999992349e-02
   &INT_POT [&Type "Double"]       2.7536999999990286e-01
   &INT_POTIO [&Type "Double"]       4.1592000000007978e-01
   &INT_SUM [&Type "Double"]       3.3089999999962316e-03
   &SPLITRIJ [&Type "Double"]       1.7431140000000003e+00
   &COSX [&Type "Double"]       3.1470615000000006e+01
$End
$VdW_Correction
   &GeometryIndex 15
   &vdW [&Type "Double"]      -2.1216774086469381e-02
$End
$Single_Point_Data
   &GeometryIndex 15
   &FinalEnergy [&Type "Double"]      -1.3787931065763701e+03  "Final single point energy"
   &Converged [&Type "Boolean"] true
$End
$SCF_Nuc_Gradient
   &GeometryIndex 15
   &NAtoms [&Type "Integer"] 42
   &gradNorm [&Type "Double"]       3.4874062395130945e-04
   &grad [&Type "ArrayOfDoubles", &Dim (126,1)] 
                                                         0

0                                      1.4791728445575562e-05
1                                     -1.7169652399753271e-05
2                                     -1.2925861736167791e-05
3                                     -1.0692376006102202e-05
4                                      2.7579827740480814e-05
5                                      6.8478366059867549e-06
6                                      4.8293227085797195e-05
7                                     -7.7156831128521303e-05
8                                     -2.2105593645784249e-05
9                                     -5.4401501899193365e-05
10                                     2.1617796671055954e-05
11                                     8.8669679098337135e-05
12                                    -1.0001034778776445e-05
13                                    -1.0461297251744873e-05
14                                    -7.7625773731779984e-05
15                                     6.2014098360980920e-05
16                                     2.8939340761590798e-05
17                                     2.0515984333071421e-05
18                                    -8.7742056429538195e-05
19                                    -6.5725507914225583e-05
20                                    -1.1401545322161852e-06
21                                    -1.9300409543438504e-05
22                                    -4.3118090948542428e-05
23                                    -2.2353611972398396e-05
24                                    -6.5405609625227593e-05
25                                     4.8329382966893147e-05
26                                    -7.3944702433825592e-05
27                                    -5.8819814030047410e-06
28                                     1.4421305820603192e-05
29                                     4.9436633867552988e-05
30                                     8.9624371697969883e-05
31                                    -1.0056312940278725e-04
32                                     4.6698997330696726e-05
33                                     8.5757375951609090e-05
34                                     7.3915754573547010e-05
35                                     1.2636594295782601e-05
36                                     5.9442669586673533e-05
37                                    -2.8566243989328525e-05
38                                     2.8346011140367819e-05
39                                    -5.3313224800024660e-05
40                                     9.3762714253757594e-06
41                                     2.5140324667777817e-05
42                                     3.9222867063166001e-06
43                                     5.0581529340550595e-06
44                                    -2.0756944490627800e-05
45                                    -2.4051601533868808e-05
46                                     1.9816480727826864e-05
47                                    -2.0724603755053331e-05
48                                    -1.4171424369328327e-05
49                                     1.8789921640942206e-06
50                                    -1.0086571742153761e-05
51                                     1.4849246353943274e-06
52                                     3.6623793900118990e-06
53                                     2.8380883211551742e-06
54                                    -7.2679339305181575e-06
55                                     1.3043660525195927e-05
56                                     2.9651577391341415e-05
57                                    -1.7144959123279764e-05
58                                    -1.2448289949662158e-05
59                                    -2.3769197097412375e-05
60                                     2.9489729416383171e-05
61                                     2.6363552616594769e-05
62                                     1.2756228502721001e-05
63                                     2.0534544061276530e-05
64                                    -3.2637137316403107e-05
65                                    -1.3123351706585459e-05
66                                     8.0979863570745361e-06
67                                     2.1441525714796037e-05
68                                    -2.1916727047252018e-05
69                                     2.5567616806623813e-05
70                                    -5.2055453168442539e-06
71                                    -2.5475139141887732e-06
72                                    -7.4235116741958856e-06
73                                    -9.7091112767794810e-06
74                                     1.1567651795369044e-05
75                                    -3.6129354200932777e-06
76                                    -1.6258318500375053e-05
77                                     4.8269250214801130e-06
78                                    -6.0154772401416272e-06
79                                     1.3590033015477861e-05
80                                     1.9508445913556815e-07
81                                    -1.3098379912080360e-05
82                                     5.9689461639991266e-06
83                                     4.8032559394742594e-06
84                                    -8.9227713132555413e-06
85                                     1.3595656922400237e-05
86                                    -1.0227527739881222e-05
87                                     4.3486346332532467e-06
88                                     2.1265065661707727e-05
89                                    -6.4987556073132785e-06
90                                    -7.3234549790473412e-06
91                                     3.0870711904292936e-05
92                                    -4.1295603767322274e-06
93                                     5.4293140896041365e-06
94                                     1.2522186870714838e-05
95                                    -9.0987289089644911e-06
96                                    -1.6764231077529918e-05
97                                    -7.6995262689516302e-06
98                                    -3.9591540076363630e-06
99                                    -1.8144781260044567e-05
100                                    6.6170542359831849e-06
101                                   -2.2979712178255088e-05
102                                   -2.2302946913670851e-05
103                                    1.2853223365922716e-07
104                                    2.4299437094398387e-05
105                                    2.7018891313834010e-06
106                                    1.0794967488631720e-05
107                                   -4.0840697383897526e-06
108                                    9.7965584007740240e-06
109                                    1.8767036949974552e-07
110                                    8.4501304262215286e-06
111                                    1.0396652069093382e-05
112                                    5.1616233941191494e-06
113                                    2.6473435342745579e-06
114                                    1.5541441721358021e-06
115                                   -6.4004248240523009e-06
116                                   -2.6881333149189715e-06
117                                   -3.4928663017077860e-05
118                                   -2.4102928027161062e-06
119                                    5.3102004071487533e-06
120                                    1.5185793114679242e-05
121                                   -3.9103845969640661e-06
122                                   -2.8176068089880030e-06
123                                    9.4777044101776936e-06
124                                    3.2929756072439664e-06
125                                    3.8658816159249079e-06
   &Method [&Type "String"] "SCF"
   &Level [&Type "String"] "Relaxed density"
   &Mult [&Type "Integer"] 1
   &State [&Type "Integer"] 0
   &Irrep [&Type "Integer"] 0
$End
$Geometry
   &GeometryIndex 16
   &NAtoms [&Type "Integer"] 42
   &NCorelessECP [&Type "Integer"] 0
   &NGhostAtoms [&Type "Integer"] 0
   &CartesianCoordinates [&Type "Coordinates", &Dim(42,4), &Units "Bohr"] 
              C     -3.815169554017    2.263048029066    4.461318238697
              C     -2.914029342777    0.185981175320    2.663489847701
              N     -4.196798442565    0.030206162977    0.233439047267
              C     -6.866829765864   -0.615602593045    0.331569707176
              C     -7.391453629224   -3.175626721608    1.533674823760
              C     -3.659522290330    2.128044818596   -1.434958564847
              C     -3.660243583306    1.443073634172   -4.238363928246
              S     -1.562430388202   -1.163743287507   -5.090238575108
              P      1.904869277300    0.579480693167   -4.359372811431
              C      4.165100361181   -1.194537133079   -6.165418066589
              O      1.909262526542    3.373909508674   -4.793356828151
              O      2.431241339367   -0.189841568543   -1.434729571315
              C      4.319158534140    1.124117489150   -0.004609827702
              C      5.291496562012   -0.599292535761    2.080552156840
              C      6.497111767644   -2.987440297092    0.998177763058
              C      7.118974350673    0.862986272360    3.771692567024
              H     -3.625109041265    4.150632935607    3.603620853389
              H     -2.680930727552    2.246890516700    6.205054974881
              H     -5.807021382397    2.006779013916    5.007637231472
              H     -3.069758815286   -1.661782472107    3.611707255830
              H     -0.886782991936    0.439056469079    2.262149442874
              H     -7.574621027924   -0.655417064334   -1.625930022360
              H     -7.995136604451    0.867638738920    1.306718910618
              H     -6.946654332664   -3.201476358170    3.565175885311
              H     -9.402230499128   -3.663378545878    1.331830780632
              H     -6.262081024698   -4.657773962043    0.606825293318
              H     -5.011977039173    3.719723463691   -1.199313689489
              H     -1.786021245598    2.894941364962   -0.954827625280
              H     -3.132796336660    3.098837087141   -5.375514847749
              H     -5.529883609563    0.804491724077   -4.885571932762
              H      6.072345577650   -0.586578278158   -5.604425404099
              H      3.882261196815   -0.809233323591   -8.185009646144
              H      3.947942572882   -3.224570178179   -5.785189076153
              H      5.893159384684    1.709549266947   -1.245991698497
              H      3.468265662346    2.848182383569    0.797841954282
              H      3.636539865048   -1.154850486415    3.227095700435
              H      7.120366225779   -4.262700251676    2.518675792302
              H      8.163540361634   -2.512285423865   -0.161055254796
              H      5.157737787285   -4.027470240317   -0.203554724570
              H      6.220466672662    2.550737099850    4.593074126949
              H      7.785849845772   -0.329789870328    5.339066626173
              H      8.791791803166    1.487060570504    2.697043077500
$End
$SCF_Energy
   &GeometryIndex 16
   &Method [&Type "String"] "SCF"
   &totalEnergy [&Type "ArrayOfDoubles", &Dim (1,1)] "Total energy of each state"
                                                         0

0                                     -1.3787718962194206e+03
   &Mult [&Type "ArrayOfIntegers", &Dim (1,1)] "Multiplicity of each state"
                                                         0

0                                                        1
$End
$DFT_Energy
   &GeometryIndex 16
   &nAlphaEl [&Type "Integer"] 73
   &nBetaEl [&Type "Integer"] 73
   &nTotalEl [&Type "Integer"] 145
   &finalEn [&Type "Double"]      -1.3787718962194206e+03  "No Van der Waals correction"
   &eExchange [&Type "Double"]       0.0000000000000000e+00
   &eCorr [&Type "Double"]       0.0000000000000000e+00
   &eXC [&Type "Double"]      -9.9869660714610944e+01
   &eCNL [&Type "Double"]       0.0000000000000000e+00
$End
$Solvation_Details
   &GeometryIndex 16
   &Solvent [&Type "String"] "WATER"
   &Epsilon [&Type "Double"]       8.0150999999999996e+01
   &Refrac [&Type "Double"]       1.3328000000000000e+00
   &RSolv [&Type "Double"]       1.3000000000000000e+00
   &SurfaceType [&Type "String"] "GAUSSIAN VDW"
   &CPCMDielEnergy [&Type "Double"]      -2.0784977000000000e-02
   &NPoints [&Type "Integer"] 3447
   &SurfaceArea [&Type "Double"]       1.2261764503620000e+03
$End
$SCF_Timings
   &GeometryIndex 16
   &TOTAL [&Type "Double"]       4.9932423999999997e+01
   &PREP [&Type "Double"]       2.7460950000000000e+00
   &FOCK [&Type "Double"]       4.2807761999999997e+01
   &DENS [&Type "Double"]       3.6597799999999836e-01
   &ETOT [&Type "Double"]       2.5159500000000179e-01
   &POP [&Type "Double"]       9.9999999747524271e-07
   &TRAFO [&Type "Double"]       8.3334000000000685e-02
   &DIIS [&Type "Double"]       1.4095299999999966e-01
   &SOSCF [&Type "Double"]       6.2621499999999841e-01
   &XC [&Type "Double"]       9.5997069999999951e+00
   &FOCKSTART [&Type "Double"]       1.6682200000000202e-01
   &SOLV [&Type "Double"]       5.8990059999999946e+00
   &SOLV_INIT [&Type "Double"]       9.3570700000000007e-01
   &INT_PREP [&Type "Double"]       1.9999999985031991e-06
   &INT_BF [&Type "Double"]       4.6020200000002909e-01
   &INT_DENS [&Type "Double"]       3.4452199999997823e-01
   &INT_DENSIO [&Type "Double"]       5.6266091644000124e+04
   &INT_FUNC [&Type "Double"]       9.7889000000025206e-02
   &INT_POT [&Type "Double"]       2.8818199999992622e-01
   &INT_POTIO [&Type "Double"]       4.1710500000009176e-01
   &INT_SUM [&Type "Double"]       2.2629999999992378e-03
   &SPLITRIJ [&Type "Double"]       1.7418090000000013e+00
   &COSX [&Type "Double"]       2.8670626000000002e+01
$End
$VdW_Correction
   &GeometryIndex 16
   &vdW [&Type "Double"]      -2.1211638560251676e-02
$End
$Single_Point_Data
   &GeometryIndex 16
   &FinalEnergy [&Type "Double"]      -1.3787931078579809e+03  "Final single point energy"
   &Converged [&Type "Boolean"] true
$End
$SCF_Nuc_Gradient
   &GeometryIndex 16
   &NAtoms [&Type "Integer"] 42
   &gradNorm [&Type "Double"]       2.9508156616389521e-04
   &grad [&Type "ArrayOfDoubles", &Dim (126,1)] 
                                                         0

0                                     -3.4651597145325013e-06
1                                     -1.6680484949664657e-05
2                                      1.7454307004660676e-05
3                                     -3.7098472268932948e-05
4                                      4.3338587814629258e-05
5                                     -4.7250961378515272e-05
6                                      1.2059689724108205e-05
7                                     -3.9343622880019853e-05
8                                      3.0576496072602145e-05
9                                      2.9562926873579372e-05
10                                     2.0238109415803649e-05
11                                     4.8555823304672360e-05
12                                    -2.3964943280859858e-05
13                                    -1.0255147202239360e-05
14                                    -1.1058262796225993e-04
15                                    -3.4614411572082612e-05
16                                    -8.2839328266170252e-07
17                                    -2.9552672346933314e-05
18                                     7.9712956023064260e-05
19                                    -4.9137322577755666e-05
20                                     2.0496714836889987e-06
21                                    -2.2082467923080338e-05
22                                    -2.2115339760117922e-05
23                                    -5.5385236524699484e-05
24                                    -7.9796961956162844e-05
25                                    -3.4341681364600797e-05
26                                     5.0240580113673116e-05
27                                    -3.3957450334047925e-06
28                                     2.1885333375490677e-05
29                                    -4.3326543661094806e-05
30                                     3.1005025422184884e-05
31                                     4.1309328784532647e-05
32                                    -3.0271041799776594e-05
33                                     5.1558970114214434e-05
34                                     1.6857601163523155e-06
35                                     3.5100823216027253e-05
36                                    -2.8142019900393442e-05
37                                    -1.2396276310066635e-05
38                                    -3.0058248586274682e-05
39                                     6.5431810804611403e-06
40                                     4.9483884544904615e-05
41                                    -2.2758480805318249e-05
42                                    -2.0734565129882962e-05
43                                    -1.7953222488590454e-06
44                                    -1.6049819401951098e-07
45                                    -2.2848657620521388e-05
46                                     2.1146117837190909e-05
47                                     4.0248839885527417e-07
48                                     5.4265670521049958e-06
49                                     1.0334996496113419e-05
50                                    -7.3041941856757009e-06
51                                     1.5762281268254827e-06
52                                     7.5230328332214506e-06
53                                     6.9352352862971057e-06
54                                    -1.3420740376019275e-05
55                                    -3.2041256503528460e-06
56                                     1.1536507123447474e-05
57                                    -2.2324392784007900e-05
58                                    -2.5868578530182067e-05
59                                    -7.7939280897314212e-06
60                                     3.3455557818318796e-05
61                                    -1.4561455860811080e-06
62                                    -9.3129188676469910e-06
63                                     1.8753243617195002e-05
64                                    -2.1364583610185211e-05
65                                    -2.0826083978805470e-05
66                                    -2.2558749370790379e-05
67                                     1.7452219787156575e-05
68                                     1.3166764901377916e-05
69                                     2.5376678325825674e-05
70                                    -1.3928753318630443e-05
71                                     1.9265612255691837e-05
72                                    -1.1154887215856502e-05
73                                     7.9975724007288474e-06
74                                     2.6726188562554651e-05
75                                     2.2544438724836835e-05
76                                    -1.4148027285024020e-05
77                                     2.8873681530495955e-05
78                                    -1.3383779155973861e-05
79                                     5.4608458589620003e-06
80                                     5.4766855284080244e-05
81                                     1.4223069487509275e-05
82                                     3.6681014926134327e-06
83                                    -2.5839912017666271e-05
84                                     1.0162618642562269e-05
85                                    -5.8209586743565073e-06
86                                    -1.5848729935571454e-05
87                                    -1.7712945445719407e-05
88                                     1.6323982552442504e-05
89                                     1.8986694849656187e-05
90                                     3.9638926336211150e-06
91                                     9.0828776514038486e-06
92                                     1.8267151712659179e-05
93                                     2.8876900807586441e-06
94                                     7.1141271218845114e-06
95                                    -6.4132096193779208e-06
96                                    -2.6058886538085930e-06
97                                    -1.1626579466183777e-05
98                                     1.9536612651482101e-05
99                                     1.4814301309954727e-05
100                                    1.1129658165271450e-05
101                                    6.3215126108939410e-06
102                                    1.7642466121419679e-05
103                                    8.0179939727008265e-06
104                                    4.8589048668461925e-05
105                                   -1.5045578827008367e-05
106                                   -1.2906582648033666e-05
107                                    6.3421083549822552e-06
108                                    4.4156235120454622e-06
109                                   -6.2461534168712318e-06
110                                    6.9080892593819992e-06
111                                    1.3582317864961667e-05
112                                    1.1619208274438682e-05
113                                   -7.9998664533389974e-06
114                                    5.4056687544175200e-06
115                                   -1.4422379884834546e-05
116                                   -4.8305630632804419e-06
117                                   -2.6371250925174003e-05
118                                    2.9644706940422097e-06
119                                    8.8902861097387971e-06
120                                    6.8540404631360249e-06
121                                   -2.0799818455870164e-06
122                                    4.9498054470920822e-06
123                                    9.1944463126700563e-06
124                                    2.1902985094180756e-06
125                                   -8.9266533183228643e-06
   &Method [&Type "String"] "SCF"
   &Level [&Type "String"] "Relaxed density"
   &Mult [&Type "Integer"] 1
   &State [&Type "Integer"] 0
   &Irrep [&Type "Integer"] 0
$End
$Geometry
   &GeometryIndex 17
   &NAtoms [&Type "Integer"] 42
   &NCorelessECP [&Type "Integer"] 0
   &NGhostAtoms [&Type "Integer"] 0
   &CartesianCoordinates [&Type "Coordinates", &Dim(42,4), &Units "Bohr"] 
              C     -3.820148504678    2.261433883565    4.461032279918
              C     -2.918133332308    0.184639093931    2.663397504641
              N     -4.200343008495    0.029189593686    0.233025423196
              C     -6.870195108803   -0.617398416001    0.330139430899
              C     -7.394868989455   -3.176933627402    1.533287633144
              C     -3.663043940319    2.127365069477   -1.434913949935
              C     -3.660198574457    1.441859904897   -4.238082309212
              S     -1.559883769559   -1.163951419630   -5.086775154539
              P      1.905545133216    0.582947547451   -4.356679805771
              C      4.167713954814   -1.189430446037   -6.162157615353
              O      1.906126502148    3.377286580144   -4.791778338204
              O      2.432412927628   -0.184902449192   -1.431716499549
              C      4.325204806220    1.126357023536   -0.005475619344
              C      5.295921126766   -0.596295982811    2.081198130214
              C      6.491164713520   -2.990705862761    1.001292198350
              C      7.131988485897    0.862889881038    3.765731676640
              H     -3.628530239449    4.149264252457    3.604273801545
              H     -2.687752951063    2.244236939585    6.205940560848
              H     -5.812665825318    2.005570823261    5.005013576454
              H     -3.074093569995   -1.663129651937    3.611495049837
              H     -0.890820239731    0.437759644063    2.262545855820
              H     -7.577255352968   -0.657948738516   -1.627598091901
              H     -7.999407462419    0.865703007858    1.304437496266
              H     -6.952823258766   -3.201338891935    3.565374755452
              H     -9.405128924960   -3.665755847571    1.329078246018
              H     -6.263565678965   -4.659069273588    0.608781936846
              H     -5.017026718115    3.717875414608   -1.200726772222
              H     -1.790664855833    2.895744192589   -0.952781835532
              H     -3.132513863202    3.097472228098   -5.375271246946
              H     -5.528785072069    0.801705089965   -4.886833042223
              H      6.074480119493   -0.579900531676   -5.601288578010
              H      3.884599466326   -0.805044783743   -8.181856063596
              H      3.952439383086   -3.219516140110   -5.781270384956
              H      5.899415020450    1.705834030699   -1.249407479806
              H      3.479704745998    2.853878345528    0.795107352721
              H      3.641465717555   -1.143986922443    3.232216224997
              H      7.113292856428   -4.264877046896    2.523133879337
              H      8.156707995249   -2.523526261746   -0.162416819788
              H      5.145781649068   -4.028629157311   -0.195497813438
              H      6.242284320840    2.557160102377    4.583215156220
              H      7.795504784574   -0.328139812115    5.335834404501
              H      8.806095531648    1.476286441358    2.686974808666
$End
$SCF_Energy
   &GeometryIndex 17
   &Method [&Type "String"] "SCF"
   &totalEnergy [&Type "ArrayOfDoubles", &Dim (1,1)] "Total energy of each state"
                                                         0

0                                     -1.3787719074476393e+03
   &Mult [&Type "ArrayOfIntegers", &Dim (1,1)] "Multiplicity of each state"
                                                         0

0                                                        1
$End
$DFT_Energy
   &GeometryIndex 17
   &nAlphaEl [&Type "Integer"] 73
   &nBetaEl [&Type "Integer"] 73
   &nTotalEl [&Type "Integer"] 146
   &finalEn [&Type "Double"]      -1.3787719074476393e+03  "No Van der Waals correction"
   &eExchange [&Type "Double"]       0.0000000000000000e+00
   &eCorr [&Type "Double"]       0.0000000000000000e+00
   &eXC [&Type "Double"]      -9.9869717654004205e+01
   &eCNL [&Type "Double"]       0.0000000000000000e+00
$End
$Solvation_Details
   &GeometryIndex 17
   &Solvent [&Type "String"] "WATER"
   &Epsilon [&Type "Double"]       8.0150999999999996e+01
   &Refrac [&Type "Double"]       1.3328000000000000e+00
   &RSolv [&Type "Double"]       1.3000000000000000e+00
   &SurfaceType [&Type "String"] "GAUSSIAN VDW"
   &CPCMDielEnergy [&Type "Double"]      -2.0785860000000000e-02
   &NPoints [&Type "Integer"] 3448
   &SurfaceArea [&Type "Double"]       1.2264128210740000e+03
$End
$SCF_Timings
   &GeometryIndex 17
   &TOTAL [&Type "Double"]       5.3013119000000003e+01
   &PREP [&Type "Double"]       2.7514680000000000e+00
   &FOCK [&Type "Double"]       4.6393459000000000e+01
   &DENS [&Type "Double"]       3.7016099999999597e-01
   &ETOT [&Type "Double"]       2.5555400000000006e-01
   &TRAFO [&Type "Double"]       8.5908000000003426e-02
   &DIIS [&Type "Double"]       1.3663700000000034e-01
   &SOSCF [&Type "Double"]       6.3126799999999861e-01
   &XC [&Type "Double"]       9.6429789999999862e+00
   &FOCKSTART [&Type "Double"]       1.6695300000000168e-01
   &SOLV [&Type "Double"]       5.8262420000000041e+00
   &SOLV_INIT [&Type "Double"]       9.2163500000000009e-01
   &INT_PREP [&Type "Double"]       2.0000000020559128e-06
   &INT_BF [&Type "Double"]       4.5889999999987019e-01
   &INT_DENS [&Type "Double"]       3.3447700000011338e-01
   &INT_DENSIO [&Type "Double"]       5.8999039308000101e+04
   &INT_FUNC [&Type "Double"]       1.0107599999997952e-01
   &INT_POT [&Type "Double"]       3.8576069999999696e+00
   &INT_POTIO [&Type "Double"]       4.3024600000000568e-01
   &INT_SUM [&Type "Double"]       8.1499999999401496e-04
   &SPLITRIJ [&Type "Double"]       1.7155770000000063e+00
   &COSX [&Type "Double"]       3.1868784000000002e+01
$End
$VdW_Correction
   &GeometryIndex 17
   &vdW [&Type "Double"]      -2.1203680332350303e-02
$End
$Single_Point_Data
   &GeometryIndex 17
   &FinalEnergy [&Type "Double"]      -1.3787931111279715e+03  "Final single point energy"
   &Converged [&Type "Boolean"] true
$End
$SCF_Nuc_Gradient
   &GeometryIndex 17
   &NAtoms [&Type "Integer"] 42
   &gradNorm [&Type "Double"]       3.0330908584051691e-04
   &grad [&Type "ArrayOfDoubles", &Dim (126,1)] 
                                                         0

0                                     -1.3867260904274620e-05
1                                     -1.5050131640333352e-05
2                                      7.9074601387983685e-06
3                                     -1.3767540248810239e-05
4                                      2.7687610258782182e-05
5                                     -3.8546417379892509e-05
6                                      7.2237870005049346e-06
7                                     -1.4953499425481640e-05
8                                      2.2531578488484889e-05
9                                      3.7307830038718510e-05
10                                     9.0434733192570298e-06
11                                     3.7649648427597103e-06
12                                    -2.2667760571238292e-05
13                                    -3.0104857861874875e-06
14                                    -7.6184225175423922e-05
15                                    -7.2145737469275515e-05
16                                     8.9794712452793472e-06
17                                    -5.1214743493592438e-05
18                                     1.0289415383592792e-04
19                                    -2.1724294452406377e-05
20                                     1.6339302030779531e-05
21                                    -5.7400452677333646e-06
22                                    -1.9853127204148596e-06
23                                    -4.8620137436419699e-05
24                                    -3.5957682427706441e-05
25                                    -7.2994259221655100e-05
26                                     8.5647347612222781e-05
27                                    -9.9474373156451001e-06
28                                     3.7018160392129798e-06
29                                    -7.1573870521532044e-05
30                                    -1.5743276931813928e-05
31                                     9.4483642910427501e-05
32                                    -4.5180819650923656e-05
33                                     2.5248985801184837e-05
34                                    -1.9027581261021919e-05
35                                     2.3173626773722445e-05
36                                    -6.0941823028771774e-05
37                                     7.0813543041629623e-06
38                                    -4.8352906446296753e-05
39                                     3.9535889199658614e-05
40                                     2.8604662515039780e-05
41                                    -2.6357388471600393e-05
42                                    -2.1193089886599437e-05
43                                     3.3629546098158907e-06
44                                     1.5482051145470141e-05
45                                    -1.6942120204504704e-05
46                                     2.1028783220899760e-05
47                                     1.1935767903106615e-05
48                                     8.8759300504937918e-06
49                                     6.0825761563471365e-06
50                                     1.1607710040795866e-06
51                                     2.6180022685983792e-07
52                                     6.3338049797613418e-06
53                                     2.2318295887384159e-06
54                                    -7.2160974133222046e-06
55                                    -7.2217314385729625e-06
56                                    -8.1816431691223225e-07
57                                    -1.6878320110965848e-05
58                                    -1.0808906132036118e-05
59                                    -1.8400225469549945e-06
60                                     1.0704198000182976e-05
61                                    -4.2707687354400214e-06
62                                    -1.2271990025682642e-05
63                                     1.2149222376518988e-05
64                                    -1.1088980005195829e-05
65                                    -1.2826925684166630e-05
66                                    -2.2347997944620774e-05
67                                    -1.2800305742164455e-06
68                                     2.0399596510457761e-05
69                                     1.2397364578014264e-05
70                                    -2.0374860896565616e-05
71                                     1.2830910933281732e-05
72                                    -5.9294749380044826e-06
73                                     1.4944826343857776e-05
74                                     2.5671366125476323e-05
75                                     2.3621870677937635e-05
76                                    -9.1369279902736296e-06
77                                     2.8815728127972427e-05
78                                    -6.0579238962121389e-06
79                                    -7.9907739691510807e-06
80                                     5.4532169736675099e-05
81                                     1.3040035379116402e-05
82                                    -1.8044672645268334e-06
83                                    -1.9254530026174306e-05
84                                     1.3877001655143595e-05
85                                    -1.6930113890551031e-05
86                                    -1.0353112278024635e-05
87                                    -2.1971994177477518e-05
88                                     1.2757545464455915e-05
89                                     2.9795240147801115e-05
90                                     3.1223355515213713e-06
91                                     1.7101380597082229e-07
92                                     2.7206023017286207e-05
93                                     2.0150742483686840e-06
94                                     2.5328464849270295e-07
95                                    -5.6306976839632945e-10
96                                     1.1206781859791497e-05
97                                    -2.2932487976332522e-06
98                                     1.9389950722743316e-05
99                                     1.4158679929024279e-05
100                                    9.9155097108771052e-06
101                                    1.6620003028959597e-05
102                                    2.5628558737683676e-05
103                                    4.7624683960479131e-06
104                                    3.9059675988371853e-05
105                                   -2.9416649671615324e-06
106                                   -1.4790376602765787e-05
107                                    5.4724608501374783e-06
108                                    7.3555325367625579e-07
109                                   -3.6091110555167713e-06
110                                    2.0421393915553781e-06
111                                    7.0841717892287996e-06
112                                    8.6274629860014901e-06
113                                   -8.3687814526872532e-06
114                                    8.5676872215651847e-06
115                                   -9.8467611503611793e-06
116                                   -2.9298074505843257e-06
117                                   -9.8422146312497220e-06
118                                   -2.8021917451538500e-07
119                                    7.4227741985419530e-06
120                                    7.4546528576959303e-07
121                                    2.8952987488338296e-06
122                                    5.0708948355220129e-06
123                                    1.6970768192508582e-06
124                                   -2.4464906551396155e-07
125                                   -9.8091554787851204e-06
   &Method [&Type "String"] "SCF"
   &Level [&Type "String"] "Relaxed density"
   &Mult [&Type "Integer"] 1
   &State [&Type "Integer"] 0
   &Irrep [&Type "Integer"] 0
$End
$Geometry
   &GeometryIndex 18
   &NAtoms [&Type "Integer"] 42
   &NCorelessECP [&Type "Integer"] 0
   &NGhostAtoms [&Type "Integer"] 0
   &CartesianCoordinates [&Type "Coordinates", &Dim(42,4), &Units "Bohr"] 
              C     -3.824815567785    2.258164437114    4.462965353380
              C     -2.919279991860    0.183880309271    2.664268384460
              N     -4.200508181283    0.028656797087    0.233281929729
              C     -6.869650046325   -0.621068715870    0.328697506759
              C     -7.392217482382   -3.180519931799    1.532942339273
              C     -3.664430591069    2.128052006390   -1.433466366380
              C     -3.660143609111    1.443985397775   -4.236989544426
              S     -1.558335631856   -1.160689311562   -5.085682962633
              P      1.906705591529    0.587782181952   -4.357717250500
              C      4.168900033693   -1.184679495406   -6.163188970919
              O      1.905605279804    3.381956629654   -4.793565179168
              O      2.434228453255   -0.178984134331   -1.432603554759
              C      4.332526597059    1.128604247112   -0.010256380629
              C      5.295716044315   -0.591489440099    2.082052265680
              C      6.477801860895   -2.995904822742    1.010040634718
              C      7.140767889811    0.864058796123    3.759906132260
              H     -3.634656576697    4.146960067136    3.608080500717
              H     -2.693853941649    2.240569834475    6.208787042517
              H     -5.817505957878    1.999579283440    5.004966203937
              H     -3.073055713284   -1.664694742884    3.611097059049
              H     -0.892175427066    0.439983472260    2.264273403000
              H     -7.575373725938   -0.663311858070   -1.629464987454
              H     -8.001338579789    0.861104715869    1.301462570345
              H     -6.953922100896   -3.202763635581    3.565813069199
              H     -9.401257794797   -3.672815222139    1.325180752828
              H     -6.256966351076   -4.661409717596    0.611277457379
              H     -5.019855656386    3.717342849068   -1.199430891903
              H     -1.792921614021    2.897716424940   -0.950045608060
              H     -3.132622396100    3.100338664129   -5.373159869113
              H     -5.527980621441    0.802976203352   -4.887023422471
              H      6.075807200354   -0.574805018755   -5.603267701127
              H      3.885071109243   -0.800999758676   -8.182911367443
              H      3.954009108095   -3.214656694854   -5.781649011982
              H      5.909359263270    1.697090067515   -1.255988171405
              H      3.494366202414    2.862444520697    0.784256254414
              H      3.639262388390   -1.126327208521    3.236191561162
              H      7.094564198520   -4.267615769979    2.536089815758
              H      8.144802253228   -2.541456803888   -0.156563771090
              H      5.126159290391   -4.031120389179   -0.181991086327
              H      6.261706015298    2.567540995643    4.569713044644
              H      7.797063214137   -0.323848471884    5.335380850809
              H      8.818445564989    1.462351069564    2.678241927981
$End
$SCF_Energy
   &GeometryIndex 18
   &Method [&Type "String"] "SCF"
   &totalEnergy [&Type "ArrayOfDoubles", &Dim (1,1)] "Total energy of each state"
                                                         0

0                                     -1.3787719164495716e+03
   &Mult [&Type "ArrayOfIntegers", &Dim (1,1)] "Multiplicity of each state"
                                                         0

0                                                        1
$End
$DFT_Energy
   &GeometryIndex 18
   &nAlphaEl [&Type "Integer"] 73
   &nBetaEl [&Type "Integer"] 73
   &nTotalEl [&Type "Integer"] 146
   &finalEn [&Type "Double"]      -1.3787719164495716e+03  "No Van der Waals correction"
   &eExchange [&Type "Double"]       0.0000000000000000e+00
   &eCorr [&Type "Double"]       0.0000000000000000e+00
   &eXC [&Type "Double"]      -9.9869756411128151e+01
   &eCNL [&Type "Double"]       0.0000000000000000e+00
$End
$Solvation_Details
   &GeometryIndex 18
   &Solvent [&Type "String"] "WATER"
   &Epsilon [&Type "Double"]       8.0150999999999996e+01
   &Refrac [&Type "Double"]       1.3328000000000000e+00
   &RSolv [&Type "Double"]       1.3000000000000000e+00
   &SurfaceType [&Type "String"] "GAUSSIAN VDW"
   &CPCMDielEnergy [&Type "Double"]      -2.0790908000000000e-02
   &NPoints [&Type "Integer"] 3448
   &SurfaceArea [&Type "Double"]       1.2265707415720001e+03
$End
$SCF_Timings
   &GeometryIndex 18
   &TOTAL [&Type "Double"]       4.8863172999999996e+01
   &PREP [&Type "Double"]       2.7250039999999998e+00
   &FOCK [&Type "Double"]       4.2280465000000007e+01
   &DENS [&Type "Double"]       3.6935600000000335e-01
   &ETOT [&Type "Double"]       2.5368899999998717e-01
   &POP [&Type "Double"]       9.9999999747524271e-07
   &TRAFO [&Type "Double"]       8.6449999999999250e-02
   &DIIS [&Type "Double"]       1.4292000000000016e-01
   &SOSCF [&Type "Double"]       6.3265600000000610e-01
   &XC [&Type "Double"]       5.9913429999999988e+00
   &FOCKSTART [&Type "Double"]       1.7849400000000148e-01
   &SOLV [&Type "Double"]       9.4425259999999867e+00
   &SOLV_INIT [&Type "Double"]       9.0667399999999987e-01
   &INT_PREP [&Type "Double"]       2.9999999995311555e-06
   &INT_BF [&Type "Double"]       4.5079899999999995e-01
   &INT_DENS [&Type "Double"]       3.2464400000003657e-01
   &INT_DENSIO [&Type "Double"]       5.3541647954000102e+04
   &INT_FUNC [&Type "Double"]       9.8307000000017908e-02
   &INT_POT [&Type "Double"]       2.5870599999995569e-01
   &INT_POTIO [&Type "Double"]       4.3169799999997771e-01
   &INT_SUM [&Type "Double"]       1.8370000000036413e-03
   &SPLITRIJ [&Type "Double"]       1.7234669999999945e+00
   &COSX [&Type "Double"]       2.7709334999999996e+01
$End
$VdW_Correction
   &GeometryIndex 18
   &vdW [&Type "Double"]      -2.1196074649527642e-02
$End
$Single_Point_Data
   &GeometryIndex 18
   &FinalEnergy [&Type "Double"]      -1.3787931125242210e+03  "Final single point energy"
   &Converged [&Type "Boolean"] true
$End
$SCF_Nuc_Gradient
   &GeometryIndex 18
   &NAtoms [&Type "Integer"] 42
   &gradNorm [&Type "Double"]       2.1290990865233963e-04
   &grad [&Type "ArrayOfDoubles", &Dim (126,1)] 
                                                         0

0                                     -8.6122184536419674e-06
1                                     -6.9682748826536892e-06
2                                     -3.6155751192578324e-06
3                                      4.0031102151065544e-06
4                                     -2.0882693794257052e-06
5                                     -2.7098657134146554e-06
6                                     -1.0311736528099079e-05
7                                      4.0358827642833888e-06
8                                      1.1734004736869425e-05
9                                      2.6650295656892344e-05
10                                    -7.7311638451615400e-06
11                                    -2.4762315565062231e-05
12                                    -7.9927295020095277e-06
13                                     8.1678972884343141e-06
14                                    -2.3060327786967029e-05
15                                    -5.4574842107110765e-05
16                                     2.8943903075423961e-06
17                                    -3.8401059211041805e-05
18                                     4.9966868378556022e-05
19                                     1.8979038439650547e-05
20                                     1.0744624620848538e-05
21                                    -1.3815205281345175e-06
22                                     1.1680138759074648e-05
23                                    -2.3637924821578115e-05
24                                     3.5384843186558259e-05
25                                    -5.0609839055042096e-05
26                                     6.6590455961939589e-05
27                                    -4.8289959076908303e-06
28                                    -1.6308715607352787e-05
29                                    -6.4277647940446693e-05
30                                    -4.6105551317392949e-05
31                                     7.6125380887893688e-05
32                                    -3.2341163596934008e-05
33                                    -4.4021534118463533e-06
34                                    -9.6630745228146081e-06
35                                    -1.6410589169292137e-06
36                                    -3.9467439203948608e-05
37                                     6.7336625949543792e-06
38                                    -3.6105452969993824e-05
39                                     4.3898793847157530e-05
40                                    -9.9112748410526812e-06
41                                    -1.2776667624805741e-05
42                                    -1.1673147421867867e-05
43                                     1.9414749715307563e-05
44                                     2.3111475526555852e-05
45                                    -8.9339644689447761e-06
46                                     1.5964595816741503e-05
47                                     1.0701273227744044e-05
48                                     3.9017473704252672e-06
49                                     5.7938463022188055e-07
50                                     1.0335086420841087e-05
51                                    -1.3624623931983407e-06
52                                     1.0076863814961349e-06
53                                    -1.5206472407862208e-06
54                                    -2.1271949569305136e-06
55                                    -5.1381341465107303e-06
56                                    -9.6421046846320806e-06
57                                    -6.2346289802512190e-06
58                                     1.3827396833999230e-06
59                                     5.0432665613023948e-06
60                                     6.3176148094316473e-06
61                                    -7.9623539147766654e-06
62                                    -2.9820098746171893e-06
63                                     4.8011565749901257e-06
64                                    -4.5705911431052969e-06
65                                    -1.0892334663329082e-06
66                                    -1.4688264022900770e-05
67                                    -1.6220766338613502e-05
68                                     1.2566199389670249e-05
69                                    -1.0312333387838223e-07
70                                    -1.9295712214360527e-05
71                                     2.5670393759229097e-06
72                                    -1.7153487949092756e-07
73                                     1.1054584871011288e-05
74                                     1.3216688901993556e-05
75                                     1.5308757249483994e-05
76                                    -5.7885579646544527e-06
77                                     1.6386316216576536e-05
78                                     1.0680951396216149e-06
79                                    -1.1275257225070748e-05
80                                     2.3755167332632775e-05
81                                     6.8181614158618388e-06
82                                    -2.3912823497139468e-06
83                                    -5.0849717392984373e-06
84                                     1.4161831030249961e-05
85                                    -1.6439671373911187e-05
86                                    -4.3048489487255099e-06
87                                    -1.2509708952438129e-05
88                                    -9.9125704100751367e-07
89                                     1.9896645561841394e-05
90                                     8.0672768336673476e-07
91                                    -1.5849615074841635e-06
92                                     2.8596989108633088e-05
93                                     2.7969565250529491e-07
94                                    -2.9881877795166802e-06
95                                     2.9864091771249234e-06
96                                     1.5071220880796020e-05
97                                     5.3009795258309773e-06
98                                     1.2423912982412937e-05
99                                     4.1269260191981649e-06
100                                    1.0536529178724137e-05
101                                    1.3393678913022967e-05
102                                    9.9849960445641474e-06
103                                   -2.1645288551242186e-06
104                                    1.5438441144932809e-05
105                                   -1.0845241703798898e-05
106                                    2.0836815756680174e-06
107                                   -5.6873760245204960e-08
108                                   -6.5588605468679841e-07
109                                    2.0045073520502913e-06
110                                   -3.0069802513562602e-06
111                                    1.1400283325457204e-06
112                                    8.8355671493459392e-07
113                                   -6.0049621048723252e-06
114                                    8.1632762877170967e-06
115                                   -1.9306093475368841e-06
116                                   -1.9340987129748725e-06
117                                    2.1069479038185988e-06
118                                   -6.2969396198743511e-07
119                                    4.6039373447916590e-06
120                                   -3.8809747022239518e-06
121                                    4.8119726398621569e-06
122                                    2.7051616166109382e-07
123                                   -3.0977967897971608e-06
124                                   -9.8912143671977707e-07
125                                   -5.4062721337514553e-06
   &Method [&Type "String"] "SCF"
   &Level [&Type "String"] "Relaxed density"
   &Mult [&Type "Integer"] 1
   &State [&Type "Integer"] 0
   &Irrep [&Type "Integer"] 0
$End
$Geometry
   &GeometryIndex 19
   &NAtoms [&Type "Integer"] 42
   &NCorelessECP [&Type "Integer"] 0
   &NGhostAtoms [&Type "Integer"] 0
   &CartesianCoordinates [&Type "Coordinates", &Dim(42,4), &Units "Bohr"] 
              C     -3.826851869553    2.259108380787    4.462625087937
              C     -2.919976244147    0.185450615718    2.663904143546
              N     -4.201542145162    0.029133061717    0.233108724201
              C     -6.870537333344   -0.621353201932    0.329102657788
              C     -7.391988317831   -3.181099925870    1.533217260676
              C     -3.666223425238    2.128089549858   -1.434421926539
              C     -3.661163716020    1.442613028318   -4.237618477802
              S     -1.557336058898   -1.161080000178   -5.084454776971
              P      1.906955170101    0.588942368234   -4.356565796509
              C      4.169659160898   -1.182195675483   -6.162576604986
              O      1.904915926574    3.383159668301   -4.791533344482
              O      2.434962799743   -0.178228326667   -1.431640760898
              C      4.334648945208    1.128284982516   -0.010073520762
              C      5.296988449723   -0.591890225652    2.082536815946
              C      6.476764074916   -2.997591133606    1.010830721362
              C      7.143921062460    0.862630485091    3.759216156284
              H     -3.639250892522    4.147898607158    3.607178746522
              H     -2.694972836135    2.243081239669    6.207865649991
              H     -5.818964309271    1.998491069619    5.005754879256
              H     -3.071920865153   -1.663198718122    3.610863148881
              H     -0.893200898271    0.443333059704    2.263501645744
              H     -7.576778074494   -0.663591437487   -1.628866028575
              H     -8.002262941943    0.860525796001    1.302176985834
              H     -6.953263246536   -3.203379004144    3.565965277680
              H     -9.400851049120   -3.674220334189    1.325615806468
              H     -6.256522687181   -4.661409133646    0.610895186826
              H     -5.022612826165    3.716770511959   -1.201794282745
              H     -1.795324303178    2.899083145668   -0.950855247679
              H     -3.134848808376    3.098840181792   -5.374559103473
              H     -5.528280913634    0.799673553729   -4.887771526809
              H      6.076451109649   -0.571714818019   -5.603008445661
              H      3.885390269156   -0.798003803711   -8.182148408677
              H      3.955482478755   -3.212378213586   -5.781785370967
              H      5.911533647075    1.695086362253   -1.256508060655
              H      3.497845864285    2.863063991605    0.783796796355
              H      3.640508725322   -1.124900719072    3.237421415811
              H      7.092939919333   -4.269367285834    2.537058728292
              H      8.143786505430   -2.544816505447   -0.156355595869
              H      5.123838506680   -4.031923017403   -0.180500549748
              H      6.266675069064    2.567302321568    4.568495922232
              H      7.799551461454   -0.325197688048    5.335027210675
              H      8.821854616344    1.458955013581    2.676878823703
$End
$SCF_Mulliken_Population_Analysis
   &GeometryIndex 19
   &NAtoms [&Type "Integer"] 42
   &ATNO [&Type "ArrayOfIntegers", &Dim (42,1)] 
                                                         0

0                                                        6
1                                                        6
2                                                        7
3                                                        6
4                                                        6
5                                                        6
6                                                        6
7                                                       16
8                                                       15
9                                                        6
10                                                       8
11                                                       8
12                                                       6
13                                                       6
14                                                       6
15                                                       6
16                                                       1
17                                                       1
18                                                       1
19                                                       1
20                                                       1
21                                                       1
22                                                       1
23                                                       1
24                                                       1
25                                                       1
26                                                       1
27                                                       1
28                                                       1
29                                                       1
30                                                       1
31                                                       1
32                                                       1
33                                                       1
34                                                       1
35                                                       1
36                                                       1
37                                                       1
38                                                       1
39                                                       1
40                                                       1
41                                                       1
   &AtomicCharges [&Type "ArrayOfDoubles", &Dim (42,1)] 
                                                         0

0                                     -8.6377144547669538e-02
1                                      4.3513971715844590e-02
2                                     -4.1952371344264883e-01
3                                      5.0003893446714187e-02
4                                     -6.5811929620866572e-02
5                                      1.1660865897396455e-01
6                                     -1.1217582362979073e-01
7                                     -2.2459162039218228e-01
8                                      7.4472644649589270e-01
9                                     -2.0540988803245597e-01
10                                    -5.6936398067511540e-01
11                                    -5.0371527300324637e-01
12                                     2.0890686632097299e-01
13                                    -1.9259587318706206e-01
14                                    -3.9482708151902024e-02
15                                    -4.4504731905245620e-02
16                                     3.8502850788544318e-02
17                                     4.1090316163250984e-02
18                                     4.1342427366312551e-02
19                                     3.2070943488524239e-02
20                                     3.2897323560853176e-02
21                                     3.1911231183168076e-02
22                                     9.2115144550395378e-03
23                                     4.5945055792621758e-02
24                                     4.3676933235261450e-02
25                                     3.4790272541599609e-02
26                                     2.9386073879623331e-02
27                                     3.6656071670269630e-02
28                                     8.7645597213868220e-02
29                                     9.7439086064153413e-02
30                                     1.0697166608050890e-01
31                                     1.0695282740623702e-01
32                                     1.0354065522448708e-01
33                                     4.5780508082722937e-02
34                                     5.2032454881319468e-02
35                                     4.2939907892837192e-02
36                                     4.2135044640389308e-02
37                                     3.1953471106589859e-02
38                                     3.8813387911029285e-02
39                                     4.3383864175453923e-02
40                                     4.5647999684696350e-02
41                                     3.7075365145358363e-02
   &Method [&Type "String"] "SCF"
   &Level [&Type "String"] "Relaxed density"
   &Mult [&Type "Integer"] 1
   &State [&Type "Integer"] -1
   &Irrep [&Type "Integer"] 0
$End
$SCF_Loewdin_Population_Analysis
   &GeometryIndex 19
   &NAtoms [&Type "Integer"] 42
   &ATNO [&Type "ArrayOfIntegers", &Dim (42,1)] 
                                                         0

0                                                        6
1                                                        6
2                                                        7
3                                                        6
4                                                        6
5                                                        6
6                                                        6
7                                                       16
8                                                       15
9                                                        6
10                                                       8
11                                                       8
12                                                       6
13                                                       6
14                                                       6
15                                                       6
16                                                       1
17                                                       1
18                                                       1
19                                                       1
20                                                       1
21                                                       1
22                                                       1
23                                                       1
24                                                       1
25                                                       1
26                                                       1
27                                                       1
28                                                       1
29                                                       1
30                                                       1
31                                                       1
32                                                       1
33                                                       1
34                                                       1
35                                                       1
36                                                       1
37                                                       1
38                                                       1
39                                                       1
40                                                       1
41                                                       1
   &AtomicCharges [&Type "ArrayOfDoubles", &Dim (42,1)] 
                                                         0

0                                     -8.6397090018525802e-02
1                                      1.4259401222824764e-02
2                                     -1.4934447135124529e-01
3                                      1.8783999708067434e-02
4                                     -7.4855490182169859e-02
5                                      8.5477623816760939e-03
6                                     -1.3871607802108610e-01
7                                      3.8800943027760937e-02
8                                      7.9197799349225662e-01
9                                     -2.2275248447811524e-01
10                                    -5.6216066262049047e-01
11                                    -2.9535615101171331e-01
12                                     8.1649115207931722e-02
13                                    -5.9145369763752065e-02
14                                    -6.3025287396448526e-02
15                                    -5.8377985739346272e-02
16                                     2.6367710556976953e-02
17                                     3.2155793850234704e-02
18                                     2.5884621896198112e-02
19                                     2.0868759517123081e-02
20                                     1.9784964208470868e-02
21                                     2.3710726433430862e-02
22                                     2.7491557377179454e-03
23                                     2.6362413071034263e-02
24                                     3.4022104545191167e-02
25                                     2.6615864949046553e-02
26                                     1.7203327872906904e-02
27                                     2.0942637749758575e-02
28                                     3.3657441752022121e-02
29                                     3.7458352231131697e-02
30                                     5.7772633846811083e-02
31                                     5.5517040583930699e-02
32                                     5.4157553939035319e-02
33                                     1.8550033962849044e-02
34                                     2.2085613703070051e-02
35                                     2.9703420414393555e-02
36                                     2.9833810598947297e-02
37                                     2.6654506413266943e-02
38                                     2.4379780038774723e-02
39                                     2.9736551915757747e-02
40                                     3.1856892766790046e-02
41                                     2.8080142987400025e-02
   &Method [&Type "String"] "SCF"
   &Level [&Type "String"] "Relaxed density"
   &Mult [&Type "Integer"] 1
   &State [&Type "Integer"] -1
   &Irrep [&Type "Integer"] 0
$End
$SCF_Mayer_Population_Analysis
   &GeometryIndex 19
   &NAtoms [&Type "Integer"] 42 "Total number of atoms"
   &NBondOrdersPrint [&Type "Integer"] 41 "The number of bond orders larger than threshold"
   &bondThresh [&Type "Double"]       1.0000000000000001e-01  "The threshold for printing"
   &components [&Type "ArrayOfIntegers", &Dim (41,4)] "The indices and atomic numbers of the bonding atoms"
                                                         0                           1                           2                           3

0                                                        0                           6                           1                           6
1                                                        0                           6                          16                           1
2                                                        0                           6                          17                           1
3                                                        0                           6                          18                           1
4                                                        1                           6                           2                           7
5                                                        1                           6                          19                           1
6                                                        1                           6                          20                           1
7                                                        2                           7                           3                           6
8                                                        2                           7                           5                           6
9                                                        3                           6                           4                           6
10                                                       3                           6                          21                           1
11                                                       3                           6                          22                           1
12                                                       4                           6                          23                           1
13                                                       4                           6                          24                           1
14                                                       4                           6                          25                           1
15                                                       5                           6                           6                           6
16                                                       5                           6                          26                           1
17                                                       5                           6                          27                           1
18                                                       6                           6                           7                          16
19                                                       6                           6                          28                           1
20                                                       6                           6                          29                           1
21                                                       7                          16                           8                          15
22                                                       8                          15                           9                           6
23                                                       8                          15                          10                           8
24                                                       8                          15                          11                           8
25                                                       9                           6                          30                           1
26                                                       9                           6                          31                           1
27                                                       9                           6                          32                           1
28                                                      11                           8                          12                           6
29                                                      12                           6                          13                           6
30                                                      12                           6                          33                           1
31                                                      12                           6                          34                           1
32                                                      13                           6                          14                           6
33                                                      13                           6                          15                           6
34                                                      13                           6                          35                           1
35                                                      14                           6                          36                           1
36                                                      14                           6                          37                           1
37                                                      14                           6                          38                           1
38                                                      15                           6                          39                           1
39                                                      15                           6                          40                           1
40                                                      15                           6                          41                           1
   &BondOrders [&Type "ArrayOfDoubles", &Dim (41,1)] "The bond orders"
                                                         0

0                                      1.0659377503384611e+00
1                                      9.6989002948904435e-01
2                                      9.6826298432293545e-01
3                                      9.6770318891934104e-01
4                                      1.0129369368219348e+00
5                                      9.5972104585777385e-01
6                                      9.5529163278317963e-01
7                                      9.9122848954314102e-01
8                                      1.0106003126935483e+00
9                                      1.0883372466954246e+00
10                                     9.5636369892406481e-01
11                                     9.4245225978309155e-01
12                                     9.6922191340263264e-01
13                                     9.6783010168952488e-01
14                                     9.6856924207007222e-01
15                                     1.0318198190824401e+00
16                                     9.2883640811669399e-01
17                                     9.4468058303809344e-01
18                                     9.7699587046984027e-01
19                                     9.4507080919108000e-01
20                                     9.4484224630710700e-01
21                                     1.0300041630715413e+00
22                                     1.0219636821850493e+00
23                                     1.7902897152293411e+00
24                                     1.0196195631502587e+00
25                                     9.4583276086094459e-01
26                                     9.4991757800052801e-01
27                                     9.4036239548580014e-01
28                                     8.6455781488427785e-01
29                                     1.0355882258449909e+00
30                                     9.4414095619641936e-01
31                                     9.5850989944344811e-01
32                                     1.0482330670248958e+00
33                                     1.0542167279312589e+00
34                                     9.3467664734804956e-01
35                                     9.7360840224513001e-01
36                                     9.7136958687846797e-01
37                                     9.7042597184944124e-01
38                                     9.7163166537521106e-01
39                                     9.7223310798855422e-01
40                                     9.7094888973528271e-01
   &ATNO [&Type "ArrayOfIntegers", &Dim (42,1)] "Atomic number of the elements"
                                                         0

0                                                        6
1                                                        6
2                                                        7
3                                                        6
4                                                        6
5                                                        6
6                                                        6
7                                                       16
8                                                       15
9                                                        6
10                                                       8
11                                                       8
12                                                       6
13                                                       6
14                                                       6
15                                                       6
16                                                       1
17                                                       1
18                                                       1
19                                                       1
20                                                       1
21                                                       1
22                                                       1
23                                                       1
24                                                       1
25                                                       1
26                                                       1
27                                                       1
28                                                       1
29                                                       1
30                                                       1
31                                                       1
32                                                       1
33                                                       1
34                                                       1
35                                                       1
36                                                       1
37                                                       1
38                                                       1
39                                                       1
40                                                       1
41                                                       1
   &NA [&Type "ArrayOfDoubles", &Dim (42,1)] "Mulliken gross atomic population"
                                                         0

0                                      6.0863771445476660e+00
1                                      5.9564860282841590e+00
2                                      7.4195237134426471e+00
3                                      5.9499961065532876e+00
4                                      6.0658119296208666e+00
5                                      5.8833913410260390e+00
6                                      6.1121758236297934e+00
7                                      1.6224591620392182e+01
8                                      1.4255273553504114e+01
9                                      6.2054098880324569e+00
10                                     8.5693639806751118e+00
11                                     8.5037152730032499e+00
12                                     5.7910931336790279e+00
13                                     6.1925958731870621e+00
14                                     6.0394827081519020e+00
15                                     6.0445047319052465e+00
16                                     9.6149714921145624e-01
17                                     9.5890968383674924e-01
18                                     9.5865757263368734e-01
19                                     9.6792905651147676e-01
20                                     9.6710267643914738e-01
21                                     9.6808876881683148e-01
22                                     9.9078848554496068e-01
23                                     9.5405494420737769e-01
24                                     9.5632306676473799e-01
25                                     9.6520972745840028e-01
26                                     9.7061392612037622e-01
27                                     9.6334392832973081e-01
28                                     9.1235440278613233e-01
29                                     9.0256091393584714e-01
30                                     8.9302833391949110e-01
31                                     8.9304717259376309e-01
32                                     8.9645934477551270e-01
33                                     9.5421949191727740e-01
34                                     9.4796754511868098e-01
35                                     9.5706009210716281e-01
36                                     9.5786495535961103e-01
37                                     9.6804652889340992e-01
38                                     9.6118661208897083e-01
39                                     9.5661613582454641e-01
40                                     9.5435200031530365e-01
41                                     9.6292463485464153e-01
   &ZA [&Type "ArrayOfDoubles", &Dim (42,1)] "Total nuclear charge"
                                                         0

0                                      6.0000000000000000e+00
1                                      6.0000000000000000e+00
2                                      7.0000000000000000e+00
3                                      6.0000000000000000e+00
4                                      6.0000000000000000e+00
5                                      6.0000000000000000e+00
6                                      6.0000000000000000e+00
7                                      1.6000000000000000e+01
8                                      1.5000000000000000e+01
9                                      6.0000000000000000e+00
10                                     8.0000000000000000e+00
11                                     8.0000000000000000e+00
12                                     6.0000000000000000e+00
13                                     6.0000000000000000e+00
14                                     6.0000000000000000e+00
15                                     6.0000000000000000e+00
16                                     1.0000000000000000e+00
17                                     1.0000000000000000e+00
18                                     1.0000000000000000e+00
19                                     1.0000000000000000e+00
20                                     1.0000000000000000e+00
21                                     1.0000000000000000e+00
22                                     1.0000000000000000e+00
23                                     1.0000000000000000e+00
24                                     1.0000000000000000e+00
25                                     1.0000000000000000e+00
26                                     1.0000000000000000e+00
27                                     1.0000000000000000e+00
28                                     1.0000000000000000e+00
29                                     1.0000000000000000e+00
30                                     1.0000000000000000e+00
31                                     1.0000000000000000e+00
32                                     1.0000000000000000e+00
33                                     1.0000000000000000e+00
34                                     1.0000000000000000e+00
35                                     1.0000000000000000e+00
36                                     1.0000000000000000e+00
37                                     1.0000000000000000e+00
38                                     1.0000000000000000e+00
39                                     1.0000000000000000e+00
40                                     1.0000000000000000e+00
41                                     1.0000000000000000e+00
   &QA [&Type "ArrayOfDoubles", &Dim (42,1)] "Mulliken gross atomic charge"
                                                         0

0                                     -8.6377144547665985e-02
1                                      4.3513971715841038e-02
2                                     -4.1952371344264705e-01
3                                      5.0003893446712411e-02
4                                     -6.5811929620866572e-02
5                                      1.1660865897396100e-01
6                                     -1.1217582362979339e-01
7                                     -2.2459162039218228e-01
8                                      7.4472644649588560e-01
9                                     -2.0540988803245686e-01
10                                    -5.6936398067511185e-01
11                                    -5.0371527300324992e-01
12                                     2.0890686632097211e-01
13                                    -1.9259587318706206e-01
14                                    -3.9482708151902024e-02
15                                    -4.4504731905246508e-02
16                                     3.8502850788543763e-02
17                                     4.1090316163250762e-02
18                                     4.1342427366312662e-02
19                                     3.2070943488523240e-02
20                                     3.2897323560852620e-02
21                                     3.1911231183168520e-02
22                                     9.2115144550393158e-03
23                                     4.5945055792622314e-02
24                                     4.3676933235262005e-02
25                                     3.4790272541599720e-02
26                                     2.9386073879623775e-02
27                                     3.6656071670269186e-02
28                                     8.7645597213867665e-02
29                                     9.7439086064152858e-02
30                                     1.0697166608050890e-01
31                                     1.0695282740623691e-01
32                                     1.0354065522448730e-01
33                                     4.5780508082722604e-02
34                                     5.2032454881319024e-02
35                                     4.2939907892837192e-02
36                                     4.2135044640388974e-02
37                                     3.1953471106590081e-02
38                                     3.8813387911029174e-02
39                                     4.3383864175453590e-02
40                                     4.5647999684696350e-02
41                                     3.7075365145358474e-02
   &VA [&Type "ArrayOfDoubles", &Dim (42,1)] "Mayer's total valence"
                                                         0

0                                      3.9721536332088934e+00
1                                      4.0548763082300106e+00
2                                      3.0433462647812926e+00
3                                      4.0307777802624081e+00
4                                      3.9974824438564873e+00
5                                      3.9427086353672411e+00
6                                      3.9187035865063518e+00
7                                      2.1346659765163025e+00
8                                      5.0361398598181530e+00
9                                      3.9086371777562743e+00
10                                     1.9978390602446621e+00
11                                     2.0047446313504729e+00
12                                     3.8587807468279123e+00
13                                     4.1281743593640954e+00
14                                     3.9468739449253514e+00
15                                     3.9608174287862559e+00
16                                     9.9228895205969803e-01
17                                     9.8906420068199641e-01
18                                     9.9128068992661977e-01
19                                     9.9079406992332586e-01
20                                     1.0082185000565824e+00
21                                     9.8550666207202398e-01
22                                     9.8271101001975980e-01
23                                     9.8929934458604529e-01
24                                     9.8853873937603898e-01
25                                     9.9796637899287211e-01
26                                     9.8503315097876543e-01
27                                     1.0255929371843666e+00
28                                     9.9979641568606914e-01
29                                     9.8544135998156035e-01
30                                     9.9873924534402925e-01
31                                     9.9275065652391381e-01
32                                     9.8888617930488665e-01
33                                     9.9621460309957632e-01
34                                     9.8714130785045351e-01
35                                     9.7287781293794229e-01
36                                     9.8925826955703589e-01
37                                     9.9504989221179097e-01
38                                     1.0022190443766159e+00
39                                     9.8948003183410305e-01
40                                     9.8933579307206432e-01
41                                     9.9342521572818276e-01
   &BVA [&Type "ArrayOfDoubles", &Dim (42,1)] "Mayer's bonded valence"
                                                         0

0                                      3.9721536332088871e+00
1                                      4.0548763082300159e+00
2                                      3.0433462647812712e+00
3                                      4.0307777802624116e+00
4                                      3.9974824438565255e+00
5                                      3.9427086353672247e+00
6                                      3.9187035865063611e+00
7                                      2.1346659765163203e+00
8                                      5.0361398598181779e+00
9                                      3.9086371777562459e+00
10                                     1.9978390602446261e+00
11                                     2.0047446313504427e+00
12                                     3.8587807468279482e+00
13                                     4.1281743593641202e+00
14                                     3.9468739449253847e+00
15                                     3.9608174287862870e+00
16                                     9.9228895205969658e-01
17                                     9.8906420068199186e-01
18                                     9.9128068992661922e-01
19                                     9.9079406992333341e-01
20                                     1.0082185000565975e+00
21                                     9.8550666207202142e-01
22                                     9.8271101001976091e-01
23                                     9.8929934458605651e-01
24                                     9.8853873937604020e-01
25                                     9.9796637899287788e-01
26                                     9.8503315097876554e-01
27                                     1.0255929371843513e+00
28                                     9.9979641568606725e-01
29                                     9.8544135998155957e-01
30                                     9.9873924534403058e-01
31                                     9.9275065652390837e-01
32                                     9.8888617930487877e-01
33                                     9.9621460309957910e-01
34                                     9.8714130785046583e-01
35                                     9.7287781293794540e-01
36                                     9.8925826955704999e-01
37                                     9.9504989221179541e-01
38                                     1.0022190443766179e+00
39                                     9.8948003183411504e-01
40                                     9.8933579307206643e-01
41                                     9.9342521572818898e-01
   &FA [&Type "ArrayOfDoubles", &Dim (42,1)] "Mayer's free valence"
                                                         0

0                                      0.0000000000000000e+00
1                                      0.0000000000000000e+00
2                                      0.0000000000000000e+00
3                                      0.0000000000000000e+00
4                                      0.0000000000000000e+00
5                                      0.0000000000000000e+00
6                                      0.0000000000000000e+00
7                                      0.0000000000000000e+00
8                                      0.0000000000000000e+00
9                                      0.0000000000000000e+00
10                                     0.0000000000000000e+00
11                                     0.0000000000000000e+00
12                                     0.0000000000000000e+00
13                                     0.0000000000000000e+00
14                                     0.0000000000000000e+00
15                                     0.0000000000000000e+00
16                                     0.0000000000000000e+00
17                                     0.0000000000000000e+00
18                                     0.0000000000000000e+00
19                                     0.0000000000000000e+00
20                                     0.0000000000000000e+00
21                                     0.0000000000000000e+00
22                                     0.0000000000000000e+00
23                                     0.0000000000000000e+00
24                                     0.0000000000000000e+00
25                                     0.0000000000000000e+00
26                                     0.0000000000000000e+00
27                                     0.0000000000000000e+00
28                                     0.0000000000000000e+00
29                                     0.0000000000000000e+00
30                                     0.0000000000000000e+00
31                                     0.0000000000000000e+00
32                                     0.0000000000000000e+00
33                                     0.0000000000000000e+00
34                                     0.0000000000000000e+00
35                                     0.0000000000000000e+00
36                                     0.0000000000000000e+00
37                                     0.0000000000000000e+00
38                                     0.0000000000000000e+00
39                                     0.0000000000000000e+00
40                                     0.0000000000000000e+00
41                                     0.0000000000000000e+00
   &Method [&Type "String"] "SCF"
   &Level [&Type "String"] "Relaxed density"
   &Mult [&Type "Integer"] 1
   &State [&Type "Integer"] -1
   &Irrep [&Type "Integer"] 0
$End
$SCF_Energy
   &GeometryIndex 19
   &Method [&Type "String"] "SCF"
   &totalEnergy [&Type "ArrayOfDoubles", &Dim (1,1)] "Total energy of each state"
                                                         0

0                                     -1.3787719179662772e+03
   &Mult [&Type "ArrayOfIntegers", &Dim (1,1)] "Multiplicity of each state"
                                                         0

0                                                        1
$End
$DFT_Energy
   &GeometryIndex 19
   &nAlphaEl [&Type "Integer"] 73
   &nBetaEl [&Type "Integer"] 73
   &nTotalEl [&Type "Integer"] 146
   &finalEn [&Type "Double"]      -1.3787719179662772e+03  "No Van der Waals correction"
   &eExchange [&Type "Double"]       0.0000000000000000e+00
   &eCorr [&Type "Double"]       0.0000000000000000e+00
   &eXC [&Type "Double"]      -9.9869778614258991e+01
   &eCNL [&Type "Double"]       0.0000000000000000e+00
$End
$Solvation_Details
   &GeometryIndex 19
   &Solvent [&Type "String"] "WATER"
   &Epsilon [&Type "Double"]       8.0150999999999996e+01
   &Refrac [&Type "Double"]       1.3328000000000000e+00
   &RSolv [&Type "Double"]       1.3000000000000000e+00
   &SurfaceType [&Type "String"] "GAUSSIAN VDW"
   &CPCMDielEnergy [&Type "Double"]      -2.0791436000000000e-02
   &NPoints [&Type "Integer"] 3448
   &SurfaceArea [&Type "Double"]       1.2266842677889999e+03
$End
$SCF_Timings
   &GeometryIndex 19
   &TOTAL [&Type "Double"]       5.5571141999999995e+01
   &PREP [&Type "Double"]       2.7385489999999999e+00
   &FOCK [&Type "Double"]       4.8995553000000001e+01
   &DENS [&Type "Double"]       4.3125099999999605e-01
   &ETOT [&Type "Double"]       3.0148900000000012e-01
   &POP [&Type "Double"]       3.8828000000000173e-01
   &TRAFO [&Type "Double"]       8.8857000000004405e-02
   &DIIS [&Type "Double"]       1.3887199999999922e-01
   &SOSCF [&Type "Double"]       8.1502799999999986e-01
   &XC [&Type "Double"]       7.0162730000000000e+00
   &FOCKSTART [&Type "Double"]       2.0685900000000279e-01
   &SOLV [&Type "Double"]       6.7692049999999959e+00
   &SOLV_INIT [&Type "Double"]       8.8945800000000008e-01
   &INT_PREP [&Type "Double"]       3.0000000030838692e-06
   &INT_BF [&Type "Double"]       5.3056399999996806e-01
   &INT_DENS [&Type "Double"]       3.7963499999994177e-01
   &INT_DENSIO [&Type "Double"]       7.1593709649000113e+04
   &INT_FUNC [&Type "Double"]       1.1607399999990520e-01
   &INT_POT [&Type "Double"]       2.6685299999985723e-01
   &INT_POTIO [&Type "Double"]       5.3232700000009459e-01
   &INT_SUM [&Type "Double"]       1.3429999999949871e-03
   &SPLITRIJ [&Type "Double"]       1.9599899999999977e+00
   &COSX [&Type "Double"]       3.1634419000000001e+01
$End
$VdW_Correction
   &GeometryIndex 19
   &vdW [&Type "Double"]      -2.1193310287019314e-02
$End
$Single_Point_Data
   &GeometryIndex 19
   &FinalEnergy [&Type "Double"]      -1.3787931112765643e+03  "Final single point energy"
   &Converged [&Type "Boolean"] true
$End
$SCF_Dipole_Moment
   &GeometryIndex 19
   &dipoleMagnitude [&Type "Double", &Units "a.u."]       1.0090772083332604e+00
   &dipoleElecContrib [&Type "ArrayOfDoubles", &Dim (3,1)] "Electronic contribution"
                                                         0

0                                      1.5442048415846334e+00
1                                      1.7780928840297008e+00
2                                     -2.2628562721612266e+01
   &dipoleNucContrib [&Type "ArrayOfDoubles", &Dim (3,1)] "Nuclear contribution"
                                                         0

0                                     -1.0704767121008629e+00
1                                     -2.3170336250145263e+00
2                                      2.3338042354456071e+01
   &dipoleTotal [&Type "ArrayOfDoubles", &Dim (3,1)] "Total"
                                                         0

0                                      4.7372812948377052e-01
1                                     -5.3894074098482547e-01
2                                      7.0947963284380577e-01
   &doAtomicDipole [&Type "Boolean"] false
   &Method [&Type "String"] "SCF"
   &Level [&Type "String"] "Relaxed density"
   &Mult [&Type "Integer"] 1
   &State [&Type "Integer"] -1
   &Irrep [&Type "Integer"] 0
$End
$Calculation_Info
   &GeometryIndex 19
   &Mult [&Type "Integer"] 1
   &Charge [&Type "Integer"] 0
   &NumOfAtoms [&Type "Integer"] 42
   &NumOfElectrons [&Type "Integer"] 146
   &NumOfBasisFuncts [&Type "Integer"] 362
   &NumOfAuxCBasisFuncts [&Type "Integer"] 0
   &NumOfAuxJBasisFuncts [&Type "Integer"] 1074
   &NumOfAuxJKBasisFuncts [&Type "Integer"] 0
   &NumOfCABSBasisFuncts [&Type "Integer"] 0
$End
$Calculation_Timings
   &GeometryIndex 19
   &GTOINT [&Type "Double"]       9.5144451999999802e+01
   &SCF [&Type "Double"]       1.3776501149999997e+03
   &SCFGRAD [&Type "Double"]       4.0903369899999979e+02
   &GSTEP [&Type "Double"]       2.0694960000005582e+00
   &PROP [&Type "Double"]       1.0140000000001237e+00
   &SUM [&Type "Double"]       1.8849117620000000e+03
$End
