*************************************************
******************* ORCA 6.1.1 ******************
*************************************************
$Calculation_Status
   &GeometryIndex 14
   &version [&Type "String"] "6.1.1"
   &progName [&Type "String"] "LeanSCF"
   &Status [&Type "String"] "NORMAL TERMINATION"
$End
$Geometry
   &GeometryIndex 1
   &NAtoms [&Type "Integer"] 28
   &NCorelessECP [&Type "Integer"] 0
   &NGhostAtoms [&Type "Integer"] 0
   &CartesianCoordinates [&Type "Coordinates", &Dim(28,4), &Units "Bohr"] 
              C     -4.509922087663   -2.703513355377    2.584569797316
              C     -3.955959605148   -1.709003705782   -0.054624518113
              N     -1.888678375266    0.126778362612    0.015891992074
              C     -2.663868053820    2.779572715774    0.313686676970
              C     -3.073623475254    4.024299679953   -2.245215442700
              C      0.635696973951   -0.471459344973   -0.434800585496
              C      1.395439256298   -3.216352411450   -0.790838387285
              N      2.300601766110    1.319477481358   -0.598578103954
              P      5.257636848983    1.153258531222   -1.194851441224
              C      6.791132750303    0.431012572769    1.734759255693
              O      6.411769132877    3.459507762780   -2.390063782344
              F      5.552551043231   -1.101585538562   -3.113696932060
              H     -6.041067963357   -4.092219819816    2.519609535496
              H     -5.087045034778   -1.172194683125    3.851037134700
              H     -2.850023709156   -3.611685480824    3.419064656644
              H     -5.672011346903   -0.829417127412   -0.815360323976
              H     -3.526586180828   -3.274165218805   -1.338795735886
              H     -4.417839588198    2.890588948292    1.412428820208
              H     -1.253189271190    3.836232944577    1.402751192525
              H     -3.675665919643    5.987247712686   -1.996394560140
              H     -1.340836753494    4.024414291843   -3.374638688119
              H     -4.532214997892    3.037808384009   -3.331456631822
              H      1.226180568291   -3.702031132999   -2.792304707807
              H      0.203713837840   -4.483710357863    0.316349074326
              H      3.335378285981   -3.546298197590   -0.175339788911
              H      8.814355563393    0.151060171803    1.422938721074
              H      6.542264549000    1.982528146611    3.076757888403
              H      6.021811786334   -1.290151293918    2.577114884409
$End
$SCF_Mulliken_Population_Analysis
   &GeometryIndex 1
   &NAtoms [&Type "Integer"] 28
   &ATNO [&Type "ArrayOfIntegers", &Dim (28,1)] 
                                                         0

0                                                        6
1                                                        6
2                                                        7
3                                                        6
4                                                        6
5                                                        6
6                                                        6
7                                                        7
8                                                       15
9                                                        6
10                                                       8
11                                                       9
12                                                       1
13                                                       1
14                                                       1
15                                                       1
16                                                       1
17                                                       1
18                                                       1
19                                                       1
20                                                       1
21                                                       1
22                                                       1
23                                                       1
24                                                       1
25                                                       1
26                                                       1
27                                                       1
   &AtomicCharges [&Type "ArrayOfDoubles", &Dim (28,1)] 
                                                         0

0                                     -5.0081578193434062e-02
1                                      3.6000889421048399e-02
2                                     -3.3534290388806198e-01
3                                      7.2667323804657791e-02
4                                     -6.2763448176196945e-02
5                                      7.3803169535327839e-02
6                                     -4.8880936895203675e-03
7                                     -4.1431441260639801e-01
8                                      8.3315104473989798e-01
9                                     -2.3474440221809179e-01
10                                    -6.0194259675005313e-01
11                                    -3.2654751402942317e-01
12                                     4.9538886992491205e-02
13                                     4.2769529888568414e-02
14                                     4.3287010124846037e-02
15                                     6.6503814831427643e-02
16                                     6.5807614164657968e-02
17                                     5.9531629263890329e-02
18                                     4.6892483060011925e-02
19                                     4.7609198514208750e-02
20                                     3.7860375934039681e-02
21                                     3.9145734408827071e-02
22                                     9.8206210217726020e-02
23                                     6.5689808988156573e-02
24                                     6.9780293685040462e-02
25                                     9.3608130604567963e-02
26                                     1.0768329266337950e-01
27                                     8.1088508708486273e-02
   &Method [&Type "String"] "SCF"
   &Level [&Type "String"] "Relaxed density"
   &Mult [&Type "Integer"] 1
   &State [&Type "Integer"] -1
   &Irrep [&Type "Integer"] 0
$End
$SCF_Loewdin_Population_Analysis
   &GeometryIndex 1
   &NAtoms [&Type "Integer"] 28
   &ATNO [&Type "ArrayOfIntegers", &Dim (28,1)] 
                                                         0

0                                                        6
1                                                        6
2                                                        7
3                                                        6
4                                                        6
5                                                        6
6                                                        6
7                                                        7
8                                                       15
9                                                        6
10                                                       8
11                                                       9
12                                                       1
13                                                       1
14                                                       1
15                                                       1
16                                                       1
17                                                       1
18                                                       1
19                                                       1
20                                                       1
21                                                       1
22                                                       1
23                                                       1
24                                                       1
25                                                       1
26                                                       1
27                                                       1
   &AtomicCharges [&Type "ArrayOfDoubles", &Dim (28,1)] 
                                                         0

0                                     -6.9985136671124160e-02
1                                      3.7947407166848635e-02
2                                     -3.3650316482749076e-02
3                                      4.0353481340589248e-02
4                                     -7.0986988753404923e-02
5                                      1.1871142624088638e-01
6                                     -7.5208792640603761e-02
7                                     -3.8657001165240690e-01
8                                      8.6871874787632386e-01
9                                     -2.2512125767600910e-01
10                                    -5.9982815932694855e-01
11                                    -2.2358642456626932e-01
12                                     3.5038129469548207e-02
13                                     3.0265451243329244e-02
14                                     2.7616210515646333e-02
15                                     3.8753286974365642e-02
16                                     3.5221176794121734e-02
17                                     3.4535752212898729e-02
18                                     2.8878388749254968e-02
19                                     3.4056234835637134e-02
20                                     2.5088130067101200e-02
21                                     2.7663782499401823e-02
22                                     6.1519776293819439e-02
23                                     4.5017344643368484e-02
24                                     4.1202353145459059e-02
25                                     4.9668643732956652e-02
26                                     5.9526899523117960e-02
27                                     4.5154464444925657e-02
   &Method [&Type "String"] "SCF"
   &Level [&Type "String"] "Relaxed density"
   &Mult [&Type "Integer"] 1
   &State [&Type "Integer"] -1
   &Irrep [&Type "Integer"] 0
$End
$SCF_Mayer_Population_Analysis
   &GeometryIndex 1
   &NAtoms [&Type "Integer"] 28 "Total number of atoms"
   &NBondOrdersPrint [&Type "Integer"] 27 "The number of bond orders larger than threshold"
   &bondThresh [&Type "Double"]       1.0000000000000001e-01  "The threshold for printing"
   &components [&Type "ArrayOfIntegers", &Dim (27,4)] "The indices and atomic numbers of the bonding atoms"
                                                         0                           1                           2                           3

0                                                        0                           6                           1                           6
1                                                        0                           6                          12                           1
2                                                        0                           6                          13                           1
3                                                        0                           6                          14                           1
4                                                        1                           6                           2                           7
5                                                        1                           6                          15                           1
6                                                        1                           6                          16                           1
7                                                        2                           7                           3                           6
8                                                        2                           7                           5                           6
9                                                        3                           6                           4                           6
10                                                       3                           6                          17                           1
11                                                       3                           6                          18                           1
12                                                       4                           6                          19                           1
13                                                       4                           6                          20                           1
14                                                       4                           6                          21                           1
15                                                       5                           6                           6                           6
16                                                       5                           6                           7                           7
17                                                       6                           6                          22                           1
18                                                       6                           6                          23                           1
19                                                       6                           6                          24                           1
20                                                       7                           7                           8                          15
21                                                       8                          15                           9                           6
22                                                       8                          15                          10                           8
23                                                       8                          15                          11                           9
24                                                       9                           6                          25                           1
25                                                       9                           6                          26                           1
26                                                       9                           6                          27                           1
   &BondOrders [&Type "ArrayOfDoubles", &Dim (27,1)] "The bond orders"
                                                         0

0                                      1.0994145072713930e+00
1                                      9.6953364909118400e-01
2                                      9.6661720873925738e-01
3                                      9.6887622547662722e-01
4                                      9.2893255535221853e-01
5                                      9.4861122808425102e-01
6                                      9.5350705575743211e-01
7                                      9.3134597293757948e-01
8                                      1.2675516955371282e+00
9                                      1.1016073032785696e+00
10                                     9.5204895239154375e-01
11                                     9.4905680946395388e-01
12                                     9.7164573522321018e-01
13                                     9.6948962351162848e-01
14                                     9.6888232943099373e-01
15                                     1.0675348723700939e+00
16                                     1.5945538605350700e+00
17                                     9.4365775254969231e-01
18                                     9.4164737138662813e-01
19                                     9.4237852306421732e-01
20                                     1.2024864933493040e+00
21                                     1.0383690132475709e+00
22                                     1.8662052132859266e+00
23                                     9.4065256254333363e-01
24                                     9.5130864563447504e-01
25                                     9.4787489167174410e-01
26                                     9.4556473424177123e-01
   &ATNO [&Type "ArrayOfIntegers", &Dim (28,1)] "Atomic number of the elements"
                                                         0

0                                                        6
1                                                        6
2                                                        7
3                                                        6
4                                                        6
5                                                        6
6                                                        6
7                                                        7
8                                                       15
9                                                        6
10                                                       8
11                                                       9
12                                                       1
13                                                       1
14                                                       1
15                                                       1
16                                                       1
17                                                       1
18                                                       1
19                                                       1
20                                                       1
21                                                       1
22                                                       1
23                                                       1
24                                                       1
25                                                       1
26                                                       1
27                                                       1
   &NA [&Type "ArrayOfDoubles", &Dim (28,1)] "Mulliken gross atomic population"
                                                         0

0                                      6.0500815781934385e+00
1                                      5.9639991105789525e+00
2                                      7.3353429038880611e+00
3                                      5.9273326761953440e+00
4                                      6.0627634481761961e+00
5                                      5.9261968304646730e+00
6                                      6.0048880936895230e+00
7                                      7.4143144126063971e+00
8                                      1.4166848955260109e+01
9                                      6.2347444022180918e+00
10                                     8.6019425967500531e+00
11                                     9.3265475140294285e+00
12                                     9.5046111300750891e-01
13                                     9.5723047011143103e-01
14                                     9.5671298987515396e-01
15                                     9.3349618516857225e-01
16                                     9.3419238583534203e-01
17                                     9.4046837073610978e-01
18                                     9.5310751693998874e-01
19                                     9.5239080148579092e-01
20                                     9.6213962406595999e-01
21                                     9.6085426559117249e-01
22                                     9.0179378978227365e-01
23                                     9.3431019101184309e-01
24                                     9.3021970631495943e-01
25                                     9.0639186939543248e-01
26                                     8.9231670733662072e-01
27                                     9.1891149129151362e-01
   &ZA [&Type "ArrayOfDoubles", &Dim (28,1)] "Total nuclear charge"
                                                         0

0                                      6.0000000000000000e+00
1                                      6.0000000000000000e+00
2                                      7.0000000000000000e+00
3                                      6.0000000000000000e+00
4                                      6.0000000000000000e+00
5                                      6.0000000000000000e+00
6                                      6.0000000000000000e+00
7                                      7.0000000000000000e+00
8                                      1.5000000000000000e+01
9                                      6.0000000000000000e+00
10                                     8.0000000000000000e+00
11                                     9.0000000000000000e+00
12                                     1.0000000000000000e+00
13                                     1.0000000000000000e+00
14                                     1.0000000000000000e+00
15                                     1.0000000000000000e+00
16                                     1.0000000000000000e+00
17                                     1.0000000000000000e+00
18                                     1.0000000000000000e+00
19                                     1.0000000000000000e+00
20                                     1.0000000000000000e+00
21                                     1.0000000000000000e+00
22                                     1.0000000000000000e+00
23                                     1.0000000000000000e+00
24                                     1.0000000000000000e+00
25                                     1.0000000000000000e+00
26                                     1.0000000000000000e+00
27                                     1.0000000000000000e+00
   &QA [&Type "ArrayOfDoubles", &Dim (28,1)] "Mulliken gross atomic charge"
                                                         0

0                                     -5.0081578193438503e-02
1                                      3.6000889421047511e-02
2                                     -3.3534290388806109e-01
3                                      7.2667323804656014e-02
4                                     -6.2763448176196057e-02
5                                      7.3803169535326951e-02
6                                     -4.8880936895230320e-03
7                                     -4.1431441260639712e-01
8                                      8.3315104473989088e-01
9                                     -2.3474440221809179e-01
10                                    -6.0194259675005313e-01
11                                    -3.2654751402942850e-01
12                                     4.9538886992491094e-02
13                                     4.2769529888568969e-02
14                                     4.3287010124846037e-02
15                                     6.6503814831427754e-02
16                                     6.5807614164657968e-02
17                                     5.9531629263890218e-02
18                                     4.6892483060011259e-02
19                                     4.7609198514209083e-02
20                                     3.7860375934040014e-02
21                                     3.9145734408827515e-02
22                                     9.8206210217726353e-02
23                                     6.5689808988156906e-02
24                                     6.9780293685040573e-02
25                                     9.3608130604567519e-02
26                                     1.0768329266337928e-01
27                                     8.1088508708486384e-02
   &VA [&Type "ArrayOfDoubles", &Dim (28,1)] "Mayer's total valence"
                                                         0

0                                      3.9947489118933701e+00
1                                      4.0341472597069838e+00
2                                      3.2090671600742402e+00
3                                      4.0217168272447967e+00
4                                      4.0065436009778095e+00
5                                      4.1250826958965554e+00
6                                      3.9559027557952091e+00
7                                      2.9644447737303494e+00
8                                      5.2361672781983302e+00
9                                      3.9149270656542390e+00
10                                     1.9474019915176632e+00
11                                     1.0363177290505705e+00
12                                     9.8919465115809557e-01
13                                     9.9640270089971383e-01
14                                     9.9804727029842566e-01
15                                     9.8462700495832223e-01
16                                     9.8635347932779094e-01
17                                     9.8374415083071454e-01
18                                     1.0044695145497007e+00
19                                     9.8942547355062183e-01
20                                     1.0070017210698499e+00
21                                     9.9575784951892543e-01
22                                     9.9556662726617362e-01
23                                     9.9892308142420017e-01
24                                     1.0104714442561120e+00
25                                     9.9374084525612139e-01
26                                     9.9380823842689459e-01
27                                     9.9723147381897359e-01
   &BVA [&Type "ArrayOfDoubles", &Dim (28,1)] "Mayer's bonded valence"
                                                         0

0                                      3.9947489118933195e+00
1                                      4.0341472597069910e+00
2                                      3.2090671600742251e+00
3                                      4.0217168272447639e+00
4                                      4.0065436009777775e+00
5                                      4.1250826958965838e+00
6                                      3.9559027557951922e+00
7                                      2.9644447737303707e+00
8                                      5.2361672781983017e+00
9                                      3.9149270656542088e+00
10                                     1.9474019915176690e+00
11                                     1.0363177290506052e+00
12                                     9.8919465115809457e-01
13                                     9.9640270089970628e-01
14                                     9.9804727029842255e-01
15                                     9.8462700495832522e-01
16                                     9.8635347932778383e-01
17                                     9.8374415083070565e-01
18                                     1.0044695145496900e+00
19                                     9.8942547355061250e-01
20                                     1.0070017210698443e+00
21                                     9.9575784951891555e-01
22                                     9.9556662726617484e-01
23                                     9.9892308142420605e-01
24                                     1.0104714442561022e+00
25                                     9.9374084525611972e-01
26                                     9.9380823842689614e-01
27                                     9.9723147381896893e-01
   &FA [&Type "ArrayOfDoubles", &Dim (28,1)] "Mayer's free valence"
                                                         0

0                                      0.0000000000000000e+00
1                                      0.0000000000000000e+00
2                                      0.0000000000000000e+00
3                                      0.0000000000000000e+00
4                                      0.0000000000000000e+00
5                                      0.0000000000000000e+00
6                                      0.0000000000000000e+00
7                                      0.0000000000000000e+00
8                                      0.0000000000000000e+00
9                                      0.0000000000000000e+00
10                                     0.0000000000000000e+00
11                                     0.0000000000000000e+00
12                                     0.0000000000000000e+00
13                                     0.0000000000000000e+00
14                                     0.0000000000000000e+00
15                                     0.0000000000000000e+00
16                                     0.0000000000000000e+00
17                                     0.0000000000000000e+00
18                                     0.0000000000000000e+00
19                                     0.0000000000000000e+00
20                                     0.0000000000000000e+00
21                                     0.0000000000000000e+00
22                                     0.0000000000000000e+00
23                                     0.0000000000000000e+00
24                                     0.0000000000000000e+00
25                                     0.0000000000000000e+00
26                                     0.0000000000000000e+00
27                                     0.0000000000000000e+00
   &Method [&Type "String"] "SCF"
   &Level [&Type "String"] "Relaxed density"
   &Mult [&Type "Integer"] 1
   &State [&Type "Integer"] -1
   &Irrep [&Type "Integer"] 0
$End
$SCF_Energy
   &GeometryIndex 1
   &Method [&Type "String"] "SCF"
   &totalEnergy [&Type "ArrayOfDoubles", &Dim (1,1)] "Total energy of each state"
                                                         0

0                                     -9.0171734966236477e+02
   &Mult [&Type "ArrayOfIntegers", &Dim (1,1)] "Multiplicity of each state"
                                                         0

0                                                        1
$End
$DFT_Energy
   &GeometryIndex 1
   &nAlphaEl [&Type "Integer"] 52
   &nBetaEl [&Type "Integer"] 52
   &nTotalEl [&Type "Integer"] 104
   &finalEn [&Type "Double"]      -9.0171734966236477e+02  "No Van der Waals correction"
   &eExchange [&Type "Double"]       0.0000000000000000e+00
   &eCorr [&Type "Double"]       0.0000000000000000e+00
   &eXC [&Type "Double"]      -7.0064655269872816e+01
   &eCNL [&Type "Double"]       0.0000000000000000e+00
$End
$Solvation_Details
   &GeometryIndex 1
   &Solvent [&Type "String"] "WATER"
   &Epsilon [&Type "Double"]       8.0150999999999996e+01
   &Refrac [&Type "Double"]       1.3328000000000000e+00
   &RSolv [&Type "Double"]       1.3000000000000000e+00
   &SurfaceType [&Type "String"] "GAUSSIAN VDW"
   &CPCMDielEnergy [&Type "Double"]      -3.1343774999999997e-02
   &NPoints [&Type "Integer"] 2393
   &SurfaceArea [&Type "Double"]       8.7362909654700002e+02
$End
$SCF_Timings
   &GeometryIndex 1
   &TOTAL [&Type "Double"]       4.9657551000000005e+01
   &PREP [&Type "Double"]       2.0935379999999997e+00
   &FOCK [&Type "Double"]       4.2040320000000008e+01
   &DENS [&Type "Double"]       9.5671300000000059e-01
   &ETOT [&Type "Double"]       5.2661999999999942e-01
   &POP [&Type "Double"]       1.8959499999999707e-01
   &TRAFO [&Type "Double"]       1.3242500000000490e-01
   &DIIS [&Type "Double"]       1.2713690000000026e+00
   &SOSCF [&Type "Double"]       8.4511700000000456e-01
   &XC [&Type "Double"]       1.1179079000000005e+01
   &FOCKSTART [&Type "Double"]       3.1009699999998874e-01
   &SOLV [&Type "Double"]       7.4941989999999921e+00
   &SOLV_INIT [&Type "Double"]       5.7824799999999998e-01
   &INT_PREP [&Type "Double"]       5.9999999955095973e-06
   &INT_BF [&Type "Double"]       7.5020699999995255e-01
   &INT_DENS [&Type "Double"]       5.0061400000016132e-01
   &INT_DENSIO [&Type "Double"]       8.9483590749000141e+04
   &INT_FUNC [&Type "Double"]       1.9426599999989946e-01
   &INT_POT [&Type "Double"]       4.6168400000003462e-01
   &INT_POTIO [&Type "Double"]       8.9152600000016147e-01
   &INT_SUM [&Type "Double"]       7.6980000000039794e-03
   &SPLITRIJ [&Type "Double"]       2.5585179999999941e+00
   &COSX [&Type "Double"]       2.1111072999999998e+01
$End
$VdW_Correction
   &GeometryIndex 1
   &vdW [&Type "Double"]      -1.1443071808639377e-02
$End
$Single_Point_Data
   &GeometryIndex 1
   &FinalEnergy [&Type "Double"]      -9.0172879273417345e+02  "Final single point energy"
   &Converged [&Type "Boolean"] true
$End
$SCF_Nuc_Gradient
   &GeometryIndex 1
   &NAtoms [&Type "Integer"] 28
   &gradNorm [&Type "Double"]       9.3819775759888702e-02
   &grad [&Type "ArrayOfDoubles", &Dim (84,1)] 
                                                         0

0                                      3.3697015787997760e-03
1                                      2.1231437089962884e-03
2                                      1.3777150855210890e-03
3                                     -6.5809408501599108e-03
4                                      5.8569075515143955e-03
5                                     -1.1208539535066012e-02
6                                     -3.1372438420889444e-02
7                                      1.3421911607557975e-03
8                                      7.8213093095839074e-03
9                                     -6.0078943475860673e-03
10                                     5.5197502190908600e-04
11                                     8.8843706754023789e-03
12                                    -2.2257671337183187e-04
13                                    -1.9252686731263708e-03
14                                    -9.1290979723666736e-04
15                                     3.1840445203618041e-02
16                                     2.4037153055567434e-05
17                                    -4.0952201665987228e-03
18                                     1.5648606101762937e-02
19                                    -2.7191896107524533e-03
20                                    -7.3724417594002861e-03
21                                     2.9483713974134896e-02
22                                    -1.0329662803815868e-02
23                                    -3.1149373150315138e-03
24                                    -2.2955911184071837e-02
25                                    -5.2473348801911512e-02
26                                    -9.2490383136704397e-03
27                                    -6.5788921361698959e-03
28                                     1.4979592111457265e-02
29                                     4.0941392298077415e-03
30                                     7.9293717185131181e-03
31                                     1.0610435923138723e-02
32                                    -3.7744982555212836e-03
33                                    -1.1056809523694847e-02
34                                     2.4843465889047248e-02
35                                     1.1418500327516604e-02
36                                     3.2667544219669381e-03
37                                     2.6912220951863389e-03
38                                    -6.4852324941330243e-04
39                                     1.1704308859760127e-03
40                                    -3.1328054959783415e-03
41                                    -1.9556805261904116e-03
42                                    -3.6159756620734763e-03
43                                     2.1790863794733592e-03
44                                    -7.9067018944337780e-04
45                                    -1.8543925652478839e-03
46                                    -5.6921030412999439e-03
47                                     2.8208290698954449e-03
48                                    -3.6162979041485526e-03
49                                     6.1525099252735579e-04
50                                     2.2520581392602369e-03
51                                     1.5669556752737972e-03
52                                     6.5201328398954922e-03
53                                    -2.1317819939244598e-03
54                                    -4.5384996395652572e-03
55                                     2.8649299261690408e-03
56                                    -1.2273877899107052e-04
57                                     1.5689427520629655e-03
58                                    -3.9112394435221057e-03
59                                     4.9387874062582166e-06
60                                    -3.9419108793584227e-03
61                                     1.5102400150518609e-04
62                                     5.2231485646691167e-04
63                                     3.6475765297300797e-03
64                                     1.8961574609651290e-03
65                                     1.4643887819092861e-03
66                                    -2.8938172218021625e-04
67                                     2.5130597350941320e-03
68                                     3.6754898471950855e-03
69                                     4.2116453360097322e-03
70                                     2.8219827505658887e-03
71                                    -3.0231103091407077e-05
72                                    -1.7026971904543055e-03
73                                    -1.4452133946150937e-03
74                                     9.9532948040356034e-04
75                                    -4.4069334720223128e-03
76                                    -9.1897679181981575e-05
77                                     7.5100946863631483e-04
78                                     3.3797608408488453e-03
79                                    -4.8411345757351345e-03
80                                     1.9917787452053463e-03
81                                     1.6576472251068350e-03
82                                     3.9772689059237700e-03
83                                    -2.6669609494424634e-03
   &Method [&Type "String"] "SCF"
   &Level [&Type "String"] "Relaxed density"
   &Mult [&Type "Integer"] 1
   &State [&Type "Integer"] 0
   &Irrep [&Type "Integer"] 0
$End
$Geometry
   &GeometryIndex 2
   &NAtoms [&Type "Integer"] 28
   &NCorelessECP [&Type "Integer"] 0
   &NGhostAtoms [&Type "Integer"] 0
   &CartesianCoordinates [&Type "Coordinates", &Dim(28,4), &Units "Bohr"] 
              C     -4.519194384968   -2.699923434375    2.644618126681
              C     -3.903424435179   -1.747419079696   -0.007146797906
              N     -1.848515411609    0.093440912158   -0.010447345710
              C     -2.558757501240    2.748267732769    0.234911198565
              C     -3.017011825357    3.997922974174   -2.321088662944
              C      0.584507313214   -0.518340120802   -0.449081567669
              C      1.191934930355   -3.294971399365   -0.771800342160
              N      2.234817194479    1.309286905678   -0.560175106647
              P      5.238613665512    1.358122363293   -1.124143811712
              C      6.846519593217    0.418827409761    1.707197852226
              O      6.250410457600    3.804691922103   -2.128744807279
              F      5.750244523970   -0.759507175056   -3.194764629025
              H     -6.075359097278   -4.077672971672    2.580067303242
              H     -5.099520875883   -1.132584123007    3.882182588982
              H     -2.873400734240   -3.621048481809    3.519766365904
              H     -5.590037085178   -0.852707635467   -0.827873292444
              H     -3.448400397364   -3.335961597416   -1.264883865978
              H     -4.279618183766    2.866466972620    1.394365909275
              H     -1.080302716710    3.766353394542    1.278575124533
              H     -3.578932678298    5.983632759702   -2.065848557093
              H     -1.301259740830    3.958437948314   -3.492763327749
              H     -4.532396536311    3.029740849151   -3.367181978348
              H      1.034581748807   -3.796090815176   -2.781846429262
              H     -0.101208401027   -4.495052409144    0.317177590408
              H      3.106851790283   -3.717802214418   -0.125895054018
              H      8.892658609534    0.300007982320    1.364828163301
              H      6.496632262701    1.839910969638    3.176476494941
              H      6.179567915568   -1.426029601025    2.393518857886
$End
$SCF_Energy
   &GeometryIndex 2
   &Method [&Type "String"] "SCF"
   &totalEnergy [&Type "ArrayOfDoubles", &Dim (1,1)] "Total energy of each state"
                                                         0

0                                     -9.0172650417396039e+02
   &Mult [&Type "ArrayOfIntegers", &Dim (1,1)] "Multiplicity of each state"
                                                         0

0                                                        1
$End
$DFT_Energy
   &GeometryIndex 2
   &nAlphaEl [&Type "Integer"] 52
   &nBetaEl [&Type "Integer"] 52
   &nTotalEl [&Type "Integer"] 104
   &finalEn [&Type "Double"]      -9.0172650417396039e+02  "No Van der Waals correction"
   &eExchange [&Type "Double"]       0.0000000000000000e+00
   &eCorr [&Type "Double"]       0.0000000000000000e+00
   &eXC [&Type "Double"]      -7.0053623859124301e+01
   &eCNL [&Type "Double"]       0.0000000000000000e+00
$End
$Solvation_Details
   &GeometryIndex 2
   &Solvent [&Type "String"] "WATER"
   &Epsilon [&Type "Double"]       8.0150999999999996e+01
   &Refrac [&Type "Double"]       1.3328000000000000e+00
   &RSolv [&Type "Double"]       1.3000000000000000e+00
   &SurfaceType [&Type "String"] "GAUSSIAN VDW"
   &CPCMDielEnergy [&Type "Double"]      -3.1817682000000000e-02
   &NPoints [&Type "Integer"] 2393
   &SurfaceArea [&Type "Double"]       8.8109923759300000e+02
$End
$SCF_Timings
   &GeometryIndex 2
   &TOTAL [&Type "Double"]       4.3757489999999997e+01
   &PREP [&Type "Double"]       2.0616639999999999e+00
   &FOCK [&Type "Double"]       3.6826132000000001e+01
   &DENS [&Type "Double"]       7.4761000000000166e-01
   &ETOT [&Type "Double"]       4.1277999999999437e-01
   &POP [&Type "Double"]       1.0000000045806701e-06
   &TRAFO [&Type "Double"]       1.3282299999999569e-01
   &DIIS [&Type "Double"]       8.5640299999999936e-01
   &SOSCF [&Type "Double"]       7.9657099999999570e-01
   &XC [&Type "Double"]       9.4568240000000010e+00
   &FOCKSTART [&Type "Double"]       2.6589499999998978e-01
   &SOLV [&Type "Double"]       6.4751119999999807e+00
   &SOLV_INIT [&Type "Double"]       5.3443600000000002e-01
   &INT_PREP [&Type "Double"]       5.9999999990623110e-06
   &INT_BF [&Type "Double"]       6.4982699999997262e-01
   &INT_DENS [&Type "Double"]       4.2860399999994581e-01
   &INT_DENSIO [&Type "Double"]       6.4692007600000114e+04
   &INT_FUNC [&Type "Double"]       1.6513700000006537e-01
   &INT_POT [&Type "Double"]       3.8035000000003905e-01
   &INT_POTIO [&Type "Double"]       7.6462100000009947e-01
   &INT_SUM [&Type "Double"]       1.1929999999926721e-03
   &SPLITRIJ [&Type "Double"]      -3.0756600000000223e-01
   &COSX [&Type "Double"]       2.2102418000000000e+01
$End
$VdW_Correction
   &GeometryIndex 2
   &vdW [&Type "Double"]      -1.1537253273542184e-02
$End
$Single_Point_Data
   &GeometryIndex 2
   &FinalEnergy [&Type "Double"]      -9.0173804142723395e+02  "Final single point energy"
   &Converged [&Type "Boolean"] true
$End
$SCF_Nuc_Gradient
   &GeometryIndex 2
   &NAtoms [&Type "Integer"] 28
   &gradNorm [&Type "Double"]       4.3385168585712806e-02
   &grad [&Type "ArrayOfDoubles", &Dim (84,1)] 
                                                         0

0                                      8.9861782171125253e-04
1                                      1.3638937950521309e-05
2                                      2.4590581075418778e-04
3                                      2.7057604470943947e-03
4                                      4.0179053554649140e-03
5                                     -4.7025494793742802e-03
6                                     -2.6918697772958730e-03
7                                     -7.0393522537164945e-04
8                                      3.5218812939881833e-03
9                                      1.8804915850914718e-03
10                                    -4.7807410188141263e-03
11                                     8.5359404089382560e-04
12                                     5.6171619859542290e-05
13                                    -2.1879102286491745e-04
14                                     5.9009840182163938e-04
15                                     5.2179512168903401e-03
16                                     1.1697451194315190e-03
17                                    -4.3871835791879747e-03
18                                     1.9075159986925000e-03
19                                    -2.0742155529591922e-03
20                                    -1.8831451072341555e-03
21                                     4.3638876292045646e-03
22                                    -1.8730006239853699e-04
23                                     3.8872356947139415e-03
24                                    -3.7776613023670362e-03
25                                    -2.9922687054435633e-02
26                                    -1.0722065063402970e-02
27                                    -5.3954729724086156e-03
28                                     1.1110564890057005e-02
29                                     2.2261280202021316e-03
30                                     5.7246873178182188e-03
31                                     6.1590591979841652e-03
32                                    -1.9394278273665410e-03
33                                    -5.0735639340193806e-03
34                                     1.7702172825598834e-02
35                                     6.0052598913455076e-03
36                                    -7.5281037432718654e-05
37                                    -3.6649744963614941e-04
38                                     2.7013793408945205e-04
39                                    -6.2176852264190342e-06
40                                    -1.9963885032301946e-04
41                                     3.6296038469474411e-05
42                                    -3.0320774322409511e-04
43                                     3.9039348587130570e-04
44                                     1.9211199522035227e-04
45                                    -1.2659713680353191e-03
46                                    -2.2686987506961684e-03
47                                     1.0063812339322175e-03
48                                    -5.2778429758183198e-05
49                                    -1.9007823531207125e-03
50                                    -9.5644356377564687e-05
51                                     5.9039188354423182e-04
52                                     3.0077666466839801e-03
53                                    -2.4713400458673641e-04
54                                    -1.0887128237603186e-03
55                                     2.5638229979191439e-03
56                                     1.0876178103122343e-03
57                                     1.2631662635884951e-04
58                                     2.1696076219619747e-04
59                                    -1.9301486792890060e-04
60                                    -7.5735525903993439e-04
61                                    -6.0789025890674428e-07
62                                    -8.2070985811847621e-04
63                                     5.2187687221561549e-04
64                                    -1.0550030309523203e-04
65                                    -2.4328661347264188e-04
66                                    -5.8838869004894140e-04
67                                     1.0648235886532294e-03
68                                     5.9456883161872795e-04
69                                    -1.5859362323073151e-03
70                                    -3.9490263791393433e-04
71                                     1.6424217588819285e-03
72                                    -3.2572105345327991e-03
73                                    -1.3264414824522338e-03
74                                     1.4456032180304240e-03
75                                     1.5246540398635875e-04
76                                    -7.7472134463019789e-04
77                                     3.5895552124050968e-04
78                                     1.6453142175799408e-03
79                                    -1.9057872061772195e-03
80                                     1.4173150688384492e-03
81                                     1.2817917914647865e-04
82                                    -2.8560550555494310e-04
83                                    -1.4735190410558358e-04
   &Method [&Type "String"] "SCF"
   &Level [&Type "String"] "Relaxed density"
   &Mult [&Type "Integer"] 1
   &State [&Type "Integer"] 0
   &Irrep [&Type "Integer"] 0
$End
$Geometry
   &GeometryIndex 3
   &NAtoms [&Type "Integer"] 28
   &NCorelessECP [&Type "Integer"] 0
   &NGhostAtoms [&Type "Integer"] 0
   &CartesianCoordinates [&Type "Coordinates", &Dim(28,4), &Units "Bohr"] 
              C     -4.582691395936   -2.739640070765    2.602682661499
              C     -3.941621904112   -1.747726801498   -0.029274773917
              N     -1.849622011536    0.052937252646   -0.043657919622
              C     -2.516281761589    2.705571297808    0.269493478698
              C     -2.977559058766    4.055894270777   -2.234446752048
              C      0.557044207783   -0.574511224539   -0.485492880659
              C      1.165392190760   -3.342288748181   -0.820258293423
              N      2.213578572890    1.249446032913   -0.639142136556
              P      5.243215968955    1.286067696804   -1.150604106064
              C      6.874395528421    0.608413792859    1.744520119205
              O      6.218518155111    3.607894691103   -2.424273971790
              F      5.847514810872   -1.099854705219   -2.924757297683
              H     -6.195301643876   -4.052387228264    2.512207902247
              H     -5.094548162132   -1.178165957793    3.882044020376
              H     -2.967278590806   -3.750579483045    3.443504747240
              H     -5.592771654834   -0.769926392232   -0.833028365174
              H     -3.534725042723   -3.310268804250   -1.330793474502
              H     -4.223881746289    2.781630157486    1.456722658318
              H     -0.999054158205    3.644085971593    1.328062710146
              H     -3.510804701207    6.040080447764   -1.899535082098
              H     -1.262014163190    4.035802709625   -3.411981853608
              H     -4.517617560219    3.147721959350   -3.304876815094
              H      0.903485807044   -3.866190924577   -2.818784634686
              H     -0.038315327816   -4.558696782089    0.344050602579
              H      3.136572725876   -3.719736729028   -0.304708738271
              H      8.923926816416    0.493065667279    1.406178146606
              H      6.493885405524    2.172161040448    3.058056039344
              H      6.226558693586   -1.170799099181    2.608094008936
$End
$SCF_Energy
   &GeometryIndex 3
   &Method [&Type "String"] "SCF"
   &totalEnergy [&Type "ArrayOfDoubles", &Dim (1,1)] "Total energy of each state"
                                                         0

0                                     -9.0172915550125470e+02
   &Mult [&Type "ArrayOfIntegers", &Dim (1,1)] "Multiplicity of each state"
                                                         0

0                                                        1
$End
$DFT_Energy
   &GeometryIndex 3
   &nAlphaEl [&Type "Integer"] 52
   &nBetaEl [&Type "Integer"] 52
   &nTotalEl [&Type "Integer"] 104
   &finalEn [&Type "Double"]      -9.0172915550125470e+02  "No Van der Waals correction"
   &eExchange [&Type "Double"]       0.0000000000000000e+00
   &eCorr [&Type "Double"]       0.0000000000000000e+00
   &eXC [&Type "Double"]      -7.0049256473542442e+01
   &eCNL [&Type "Double"]       0.0000000000000000e+00
$End
$Solvation_Details
   &GeometryIndex 3
   &Solvent [&Type "String"] "WATER"
   &Epsilon [&Type "Double"]       8.0150999999999996e+01
   &Refrac [&Type "Double"]       1.3328000000000000e+00
   &RSolv [&Type "Double"]       1.3000000000000000e+00
   &SurfaceType [&Type "String"] "GAUSSIAN VDW"
   &CPCMDielEnergy [&Type "Double"]      -3.0898129000000000e-02
   &NPoints [&Type "Integer"] 2390
   &SurfaceArea [&Type "Double"]       8.8430286510899998e+02
$End
$SCF_Timings
   &GeometryIndex 3
   &TOTAL [&Type "Double"]       4.2572129999999994e+01
   &PREP [&Type "Double"]       2.1944349999999999e+00
   &FOCK [&Type "Double"]       3.8258763000000002e+01
   &DENS [&Type "Double"]       6.8291699999999622e-01
   &ETOT [&Type "Double"]       3.8280199999999009e-01
   &TRAFO [&Type "Double"]       1.4815700000000298e-01
   &DIIS [&Type "Double"]       8.8708000000000453e-01
   &SOSCF [&Type "Double"]      -1.8374090000000010e+00
   &XC [&Type "Double"]       8.6910300000000049e+00
   &FOCKSTART [&Type "Double"]       2.5244500000000469e-01
   &SOLV [&Type "Double"]       6.1365460000000027e+00
   &SOLV_INIT [&Type "Double"]       5.1517399999999991e-01
   &INT_PREP [&Type "Double"]       5.0000000033634251e-06
   &INT_BF [&Type "Double"]       5.8800100000006950e-01
   &INT_DENS [&Type "Double"]       3.9044100000006665e-01
   &INT_DENSIO [&Type "Double"]       6.0373841616000085e+04
   &INT_FUNC [&Type "Double"]       1.5210199999992735e-01
   &INT_POT [&Type "Double"]       3.3862700000003443e-01
   &INT_POTIO [&Type "Double"]       6.7899100000004342e-01
   &INT_SUM [&Type "Double"]       5.0200000000533151e-04
   &SPLITRIJ [&Type "Double"]       1.9867440000000047e+00
   &COSX [&Type "Double"]       2.2443134999999995e+01
$End
$VdW_Correction
   &GeometryIndex 3
   &vdW [&Type "Double"]      -1.1491619448959767e-02
$End
$Single_Point_Data
   &GeometryIndex 3
   &FinalEnergy [&Type "Double"]      -9.0174064712070367e+02  "Final single point energy"
   &Converged [&Type "Boolean"] true
$End
$SCF_Nuc_Gradient
   &GeometryIndex 3
   &NAtoms [&Type "Integer"] 28
   &gradNorm [&Type "Double"]       2.3673522766170265e-02
   &grad [&Type "ArrayOfDoubles", &Dim (84,1)] 
                                                         0

0                                     -9.3587861929793890e-04
1                                     -7.1696290050523984e-04
2                                     -1.7235275244392159e-04
3                                      2.9537572270930831e-03
4                                      1.9531835079779412e-03
5                                     -1.6008260805659112e-03
6                                      5.4783179829783514e-03
7                                     -6.9111624747296614e-04
8                                      2.8002060436770862e-04
9                                      3.2888319479755118e-03
10                                    -4.8448167607341060e-03
11                                    -1.9754475456220492e-03
12                                     1.8258360058523578e-04
13                                     4.6010781298889503e-04
14                                     1.0729287268600449e-03
15                                    -4.0454896119168551e-03
16                                     2.1287721511736636e-03
17                                    -3.8290489854664069e-05
18                                    -2.7936316675954893e-03
19                                     3.1713017545811407e-04
20                                    -4.4473310954614201e-04
21                                    -4.6264925676970997e-03
22                                    -5.9791614239988332e-04
23                                     2.0268052694370027e-03
24                                     2.2385370158650962e-03
25                                    -1.3950488486206733e-02
26                                    -4.4642456565305100e-03
27                                    -2.0346426802292667e-03
28                                     5.3311531103067480e-03
29                                    -8.1465004267116487e-04
30                                     3.4479634156171428e-03
31                                     2.3592004392677147e-03
32                                    -1.1329241062922788e-03
33                                    -4.2627054830117273e-03
34                                     1.0041652097688789e-02
35                                     2.8296491455965947e-03
36                                    -7.8948312322200216e-04
37                                    -8.8017853158036373e-04
38                                     4.4539549658054639e-04
39                                    -2.2823970790709073e-04
40                                     6.9356236879193243e-04
41                                     5.3006557599128237e-04
42                                     8.8064935838742884e-04
43                                    -3.5958365486724942e-04
44                                     4.4132523653436556e-04
45                                    -6.0465800465013238e-04
46                                    -2.0948851529649910e-05
47                                     1.4431521119646510e-04
48                                    -4.5947452020088885e-04
49                                     7.9334003115479144e-06
50                                    -5.2274494603266459e-06
51                                    -1.8748680156995234e-04
52                                     4.2850060237578923e-04
53                                     5.7759345403765767e-04
54                                    -1.9175505993498557e-04
55                                     4.2883271946414796e-04
56                                     6.5763279595334328e-04
57                                    -1.8576873027311216e-04
58                                     1.0746662398020044e-03
59                                    -2.2771928812303355e-04
60                                     4.4873847691144465e-04
61                                     2.7834818349539590e-05
62                                    -9.9681385237698696e-04
63                                    -6.1584497873068314e-04
64                                    -5.4011923434750541e-04
65                                    -6.3932478491892861e-04
66                                    -2.3873912625225669e-04
67                                     2.2670862221354314e-04
68                                    -8.6759680267833221e-04
69                                     4.7865974126217543e-04
70                                    -2.4307448037441513e-04
71                                     3.7619388236676861e-04
72                                     7.6785774610663377e-04
73                                    -6.6178085853833997e-04
74                                     1.6006092142178078e-03
75                                     1.4217327387370724e-03
76                                    -7.9459726884924416e-04
77                                     7.3435509861284457e-04
78                                     1.6905726205460723e-04
79                                     1.9640464569301870e-05
80                                     3.7882483063353899e-04
81                                     4.4360418710771377e-04
82                                    -1.1972950217694199e-03
83                                     1.2844373272893265e-03
   &Method [&Type "String"] "SCF"
   &Level [&Type "String"] "Relaxed density"
   &Mult [&Type "Integer"] 1
   &State [&Type "Integer"] 0
   &Irrep [&Type "Integer"] 0
$End
$Geometry
   &GeometryIndex 4
   &NAtoms [&Type "Integer"] 28
   &NCorelessECP [&Type "Integer"] 0
   &NGhostAtoms [&Type "Integer"] 0
   &CartesianCoordinates [&Type "Coordinates", &Dim(28,4), &Units "Bohr"] 
              C     -4.561267766568   -2.710686597024    2.609407828597
              C     -3.935171483941   -1.756029909345   -0.034206162155
              N     -1.851868545405    0.058478653274   -0.090814109001
              C     -2.542871580779    2.708907364011    0.261949555526
              C     -3.049460067840    4.087193945672   -2.213789884093
              C      0.563693854337   -0.571601633620   -0.540802426432
              C      1.175553575414   -3.337467426900   -0.866396244423
              N      2.239594187477    1.239976118430   -0.701928321834
              P      5.285345745054    1.254001272298   -1.141201639124
              C      6.873699724905    0.605508364924    1.783160679837
              O      6.272315492567    3.525841890854   -2.478430715683
              F      5.966103607824   -1.236630670959   -2.782237539389
              H     -6.183886229933   -4.007744668760    2.539694387460
              H     -5.051937453536   -1.132918026573    3.874083615164
              H     -2.950459249935   -3.727379643212    3.447151953048
              H     -5.583895555152   -0.785143193003   -0.849770687734
              H     -3.520883275290   -3.330479737500   -1.319532848425
              H     -4.233904903398    2.737933545705    1.473445549141
              H     -1.011951174285    3.638437761164    1.305664610508
              H     -3.603732834454    6.056023826891   -1.839288285696
              H     -1.342536179447    4.106891286779   -3.400306070313
              H     -4.588609503171    3.177481207215   -3.280288735724
              H      0.849260592085   -3.886568689597   -2.847739385287
              H      0.019905499845   -4.552643188457    0.346798304783
              H      3.169508176698   -3.687348301298   -0.436982018545
              H      8.923949943354    0.496705894840    1.468236141957
              H      6.464779574969    2.190551006891    3.063245272240
              H      6.208725828604   -1.161290414906    2.650877175598
$End
$SCF_Energy
   &GeometryIndex 4
   &Method [&Type "String"] "SCF"
   &totalEnergy [&Type "ArrayOfDoubles", &Dim (1,1)] "Total energy of each state"
                                                         0

0                                     -9.0173009036288386e+02
   &Mult [&Type "ArrayOfIntegers", &Dim (1,1)] "Multiplicity of each state"
                                                         0

0                                                        1
$End
$DFT_Energy
   &GeometryIndex 4
   &nAlphaEl [&Type "Integer"] 52
   &nBetaEl [&Type "Integer"] 52
   &nTotalEl [&Type "Integer"] 104
   &finalEn [&Type "Double"]      -9.0173009036288386e+02  "No Van der Waals correction"
   &eExchange [&Type "Double"]       0.0000000000000000e+00
   &eCorr [&Type "Double"]       0.0000000000000000e+00
   &eXC [&Type "Double"]      -7.0045367783067576e+01
   &eCNL [&Type "Double"]       0.0000000000000000e+00
$End
$Solvation_Details
   &GeometryIndex 4
   &Solvent [&Type "String"] "WATER"
   &Epsilon [&Type "Double"]       8.0150999999999996e+01
   &Refrac [&Type "Double"]       1.3328000000000000e+00
   &RSolv [&Type "Double"]       1.3000000000000000e+00
   &SurfaceType [&Type "String"] "GAUSSIAN VDW"
   &CPCMDielEnergy [&Type "Double"]      -3.0543483000000000e-02
   &NPoints [&Type "Integer"] 2392
   &SurfaceArea [&Type "Double"]       8.8431394242500005e+02
$End
$SCF_Timings
   &GeometryIndex 4
   &TOTAL [&Type "Double"]       4.1850926999999999e+01
   &PREP [&Type "Double"]       2.1322739999999998e+00
   &FOCK [&Type "Double"]       3.5087527000000009e+01
   &DENS [&Type "Double"]       7.2015600000000290e-01
   &ETOT [&Type "Double"]       3.9411699999999961e-01
   &TRAFO [&Type "Double"]       1.2731899999999996e-01
   &DIIS [&Type "Double"]       8.7547699999999917e-01
   &SOSCF [&Type "Double"]       6.8883299999999714e-01
   &XC [&Type "Double"]       8.6629809999999914e+00
   &FOCKSTART [&Type "Double"]       2.3183800000000199e-01
   &SOLV [&Type "Double"]       3.4473580000000039e+00
   &SOLV_INIT [&Type "Double"]       5.3659600000000007e-01
   &INT_PREP [&Type "Double"]       4.9999999962579977e-06
   &INT_BF [&Type "Double"]       5.6046500000002641e-01
   &INT_DENS [&Type "Double"]       3.6644799999999922e-01
   &INT_DENSIO [&Type "Double"]       5.8326389567000093e+04
   &INT_FUNC [&Type "Double"]       1.5090700000004187e-01
   &INT_POT [&Type "Double"]       2.9916400000002685e-01
   &INT_POTIO [&Type "Double"]       6.6712900000007114e-01
   &INT_SUM [&Type "Double"]       6.9579999999982434e-03
   &SPLITRIJ [&Type "Double"]       1.9652190000000025e+00
   &COSX [&Type "Double"]       2.2042679000000003e+01
$End
$VdW_Correction
   &GeometryIndex 4
   &vdW [&Type "Double"]      -1.1430401451492152e-02
$End
$Single_Point_Data
   &GeometryIndex 4
   &FinalEnergy [&Type "Double"]      -9.0174152076433541e+02  "Final single point energy"
   &Converged [&Type "Boolean"] true
$End
$SCF_Nuc_Gradient
   &GeometryIndex 4
   &NAtoms [&Type "Integer"] 28
   &gradNorm [&Type "Double"]       8.8850582571570174e-03
   &grad [&Type "ArrayOfDoubles", &Dim (84,1)] 
                                                         0

0                                     -1.0758433977681675e-03
1                                     -6.6863852986065529e-04
2                                     -1.9084414244531668e-04
3                                      1.0209885992329294e-03
4                                      1.9008495885234326e-04
5                                      1.0361981789405396e-03
6                                      3.8355260545297709e-04
7                                     -5.5270124351660917e-04
8                                      5.4694704898311812e-04
9                                      6.8081682407337778e-04
10                                    -5.9892162505076070e-04
11                                    -1.5322884456379030e-03
12                                    -3.6850841303041238e-05
13                                     7.4323314577872334e-04
14                                     5.5910553256020823e-04
15                                    -1.7841488135882061e-03
16                                    -5.0957894368743538e-04
17                                    -1.6080877603433404e-03
18                                    -1.9060545604567452e-03
19                                     7.9151672655054935e-04
20                                     4.3102762499706317e-04
21                                    -2.4024539573441711e-03
22                                     1.1355055635586034e-04
23                                     1.2623640675283941e-03
24                                     3.2953904589685347e-03
25                                    -2.5094964690217264e-03
26                                    -2.5690494846608552e-03
27                                     6.0631627504412113e-04
28                                    -9.3509179553465658e-06
29                                    -1.3694208581544150e-03
30                                     1.2097321840748667e-03
31                                     1.3151309073043278e-04
32                                     3.6318463121464670e-04
33                                    -1.8444037228054597e-03
34                                     3.1525285084098853e-03
35                                     2.0103500484749382e-03
36                                    -4.5732955606072614e-05
37                                    -1.8927320339001357e-04
38                                     2.1769250056524151e-04
39                                    -5.1383227700780695e-05
40                                     3.4140020977403170e-04
41                                     8.8080805632565837e-05
42                                     3.5094555110459671e-04
43                                    -1.1993807715828022e-04
44                                     8.8370152763841205e-05
45                                     2.8308689692562231e-04
46                                     7.4165654869530495e-04
47                                     3.5230036362876170e-05
48                                     4.6963815275459845e-05
49                                     1.3723798711401077e-04
50                                    -2.8034491693735631e-04
51                                    -3.6616075236839136e-04
52                                    -5.6326427678116261e-04
53                                     2.6866114175205119e-04
54                                    -2.5065414963391030e-04
55                                    -4.2973698926025071e-04
56                                    -1.1220210398946235e-04
57                                    -6.2443220838948174e-05
58                                     2.5876515591770989e-04
59                                    -1.7994491160422217e-04
60                                     2.2869430422741305e-04
61                                     1.4776516224353360e-05
62                                    -1.3288955385513972e-04
63                                    -3.4256409344934831e-04
64                                    -2.1605758630198086e-04
65                                    -1.3208662940361696e-04
66                                     2.4266129715354277e-04
67                                     1.0403856921891306e-04
68                                    -3.6282396851563224e-04
69                                     4.4994292831272606e-04
70                                    -2.6629943692836166e-04
71                                    -3.4212869551002970e-05
72                                     8.9739181765110718e-04
73                                     5.3197769575614957e-05
74                                     5.5245723856267625e-04
75                                     4.5628048689211971e-04
76                                    -4.3873399562808883e-04
77                                     7.7283284241622130e-04
78                                    -6.2719563987299551e-04
79                                     6.6250632100877142e-04
80                                    -6.6607499096678368e-04
81                                     6.4312533810676788e-04
82                                    -3.6401470333081987e-04
83                                     9.3776867690102531e-04
   &Method [&Type "String"] "SCF"
   &Level [&Type "String"] "Relaxed density"
   &Mult [&Type "Integer"] 1
   &State [&Type "Integer"] 0
   &Irrep [&Type "Integer"] 0
$End
$Geometry
   &GeometryIndex 5
   &NAtoms [&Type "Integer"] 28
   &NCorelessECP [&Type "Integer"] 0
   &NGhostAtoms [&Type "Integer"] 0
   &CartesianCoordinates [&Type "Coordinates", &Dim(28,4), &Units "Bohr"] 
              C     -4.560796339979   -2.685419802840    2.619029684352
              C     -3.932730292797   -1.763434908828   -0.033080703403
              N     -1.850804558990    0.055978840456   -0.096269730222
              C     -2.542483755719    2.709104695291    0.260464915673
              C     -3.049037273070    4.078175167454   -2.218708303792
              C      0.569008692607   -0.574979927202   -0.536415841409
              C      1.186451311303   -3.340320343121   -0.870318723500
              N      2.236254988109    1.241423134167   -0.711650242923
              P      5.280507686328    1.277111670461   -1.134938550480
              C      6.857400156060    0.583125346405    1.784498430106
              O      6.247119171239    3.572394836999   -2.442744519497
              F      6.004313088497   -1.200966147126   -2.795735056664
              H     -6.186788627517   -3.977439325075    2.559325713229
              H     -5.048965664929   -1.094457218604    3.866117029631
              H     -2.955196776436   -3.698017113554    3.468496463989
              H     -5.581325775283   -0.808992959501   -0.867326719036
              H     -3.506045916618   -3.352187459695   -1.295743372508
              H     -4.231085472893    2.741170321665    1.472862399704
              H     -1.006305401658    3.639522701865    1.297690367797
              H     -3.603961146785    6.046400503036   -1.847487846871
              H     -1.341355979476    4.095674760193   -3.402436968171
              H     -4.586416906731    3.166177242840   -3.282964338754
              H      0.815357937319   -3.896335368396   -2.841037484865
              H      0.059192216728   -4.555251172867    0.369521763052
              H      3.189051705131   -3.682284907413   -0.491781693347
              H      8.907420929781    0.502998306208    1.469388822585
              H      6.429987570929    2.130907271825    3.102865011157
              H      6.201234434849   -1.210078106848    2.598379494168
$End
$SCF_Energy
   &GeometryIndex 5
   &Method [&Type "String"] "SCF"
   &totalEnergy [&Type "ArrayOfDoubles", &Dim (1,1)] "Total energy of each state"
                                                         0

0                                     -9.0173026468443959e+02
   &Mult [&Type "ArrayOfIntegers", &Dim (1,1)] "Multiplicity of each state"
                                                         0

0                                                        1
$End
$DFT_Energy
   &GeometryIndex 5
   &nAlphaEl [&Type "Integer"] 52
   &nBetaEl [&Type "Integer"] 52
   &nTotalEl [&Type "Integer"] 104
   &finalEn [&Type "Double"]      -9.0173026468443959e+02  "No Van der Waals correction"
   &eExchange [&Type "Double"]       0.0000000000000000e+00
   &eCorr [&Type "Double"]       0.0000000000000000e+00
   &eXC [&Type "Double"]      -7.0046277789121149e+01
   &eCNL [&Type "Double"]       0.0000000000000000e+00
$End
$Solvation_Details
   &GeometryIndex 5
   &Solvent [&Type "String"] "WATER"
   &Epsilon [&Type "Double"]       8.0150999999999996e+01
   &Refrac [&Type "Double"]       1.3328000000000000e+00
   &RSolv [&Type "Double"]       1.3000000000000000e+00
   &SurfaceType [&Type "String"] "GAUSSIAN VDW"
   &CPCMDielEnergy [&Type "Double"]      -3.0572179000000001e-02
   &NPoints [&Type "Integer"] 2398
   &SurfaceArea [&Type "Double"]       8.8444662286300002e+02
$End
$SCF_Timings
   &GeometryIndex 5
   &TOTAL [&Type "Double"]       4.0424053999999998e+01
   &PREP [&Type "Double"]       2.0698089999999998e+00
   &FOCK [&Type "Double"]       3.3839744999999994e+01
   &DENS [&Type "Double"]       7.3455999999999477e-01
   &ETOT [&Type "Double"]       3.9267399999999775e-01
   &POP [&Type "Double"]       9.9999999747524271e-07
   &TRAFO [&Type "Double"]       1.3159199999999593e-01
   &DIIS [&Type "Double"]       8.6143300000000078e-01
   &SOSCF [&Type "Double"]       6.8421099999999413e-01
   &XC [&Type "Double"]       8.6480149999999973e+00
   &FOCKSTART [&Type "Double"]       2.5134399999999468e-01
   &SOLV [&Type "Double"]       3.4225029999999883e+00
   &SOLV_INIT [&Type "Double"]       5.3054500000000004e-01
   &SOLV_FINAL [&Type "Double"]       9.9999999747524271e-07
   &INT_PREP [&Type "Double"]       6.0000000026150246e-06
   &INT_BF [&Type "Double"]       5.7338299999990294e-01
   &INT_DENS [&Type "Double"]       3.6438199999984633e-01
   &INT_DENSIO [&Type "Double"]       5.6060350071000095e+04
   &INT_FUNC [&Type "Double"]       1.5225100000002367e-01
   &INT_POT [&Type "Double"]       2.8512600000011901e-01
   &INT_POTIO [&Type "Double"]       6.8582199999990401e-01
   &INT_SUM [&Type "Double"]       3.5500000000059373e-03
   &SPLITRIJ [&Type "Double"]       1.9254749999999974e+00
   &COSX [&Type "Double"]       2.0598162000000009e+01
$End
$VdW_Correction
   &GeometryIndex 5
   &vdW [&Type "Double"]      -1.1446011703380058e-02
$End
$Single_Point_Data
   &GeometryIndex 5
   &FinalEnergy [&Type "Double"]      -9.0174171069614295e+02  "Final single point energy"
   &Converged [&Type "Boolean"] true
$End
$SCF_Nuc_Gradient
   &GeometryIndex 5
   &NAtoms [&Type "Integer"] 28
   &gradNorm [&Type "Double"]       5.3104487133467963e-03
   &grad [&Type "ArrayOfDoubles", &Dim (84,1)] 
                                                         0

0                                     -3.4380752478645866e-04
1                                     -1.4533710635818324e-04
2                                     -1.1076060924384310e-04
3                                     -3.4889693008497720e-04
4                                     -6.7329013116147621e-04
5                                      6.7159738074418749e-04
6                                     -1.6450310285387481e-04
7                                      1.2157822759309615e-04
8                                     -9.6675546901624958e-05
9                                     -3.8309693657781008e-04
10                                     6.2905968483041390e-04
11                                    -6.2544928169850321e-04
12                                    -7.4128568062152214e-05
13                                     2.3704649311902278e-04
14                                     1.8406022749807978e-04
15                                     2.1558650044943323e-04
16                                    -6.1930248668076563e-04
17                                     2.0697319554211782e-04
18                                    -5.9612717754946374e-04
19                                    -3.6557868337086042e-05
20                                     2.8645757315098674e-04
21                                    -2.3161646713699565e-03
22                                     2.8686894751883967e-04
23                                     7.9707996183650195e-04
24                                     2.4561968060191749e-03
25                                     3.9961698860776324e-04
26                                    -2.1434192929157812e-03
27                                     6.9778942415469410e-04
28                                    -1.2297017245221217e-03
29                                    -7.8391449327997907e-04
30                                     1.7625691993507071e-04
31                                    -3.5458075778345107e-04
32                                     8.1477257474855502e-04
33                                    -4.3575010083244807e-04
34                                     7.3794628660548995e-04
35                                     1.0645319492172906e-03
36                                     1.9957058319119265e-04
37                                     9.0779718522117136e-05
38                                    -3.6857289327350099e-05
39                                     5.0370483819577352e-05
40                                     3.6177522233775555e-05
41                                    -1.0619147691905668e-04
42                                    -3.7998730199101099e-05
43                                     5.2982185021532446e-05
44                                    -2.9786056254162504e-05
45                                     2.4804607734368281e-04
46                                     4.3527812641712730e-04
47                                     6.1742168561852308e-05
48                                    -2.6628788986937419e-07
49                                     1.6189264397768022e-04
50                                    -1.3799367622259817e-04
51                                    -3.2221499149112290e-05
52                                    -3.8667497349624460e-04
53                                    -2.7263817688222795e-05
54                                     1.5456079826421158e-04
55                                    -1.8050710676586340e-04
56                                    -6.6063725232787664e-05
57                                     4.9112757524212107e-05
58                                    -1.5674343375652667e-04
59                                    -3.9426802156750019e-05
60                                     1.4690282499419524e-06
61                                    -1.2892714439919600e-05
62                                     9.9587681599541301e-05
63                                     5.8998834444542211e-06
64                                     2.0426079552831913e-05
65                                     8.1188220263120889e-05
66                                     3.9170263129853353e-04
67                                    -5.4239790953817803e-05
68                                    -4.1083651058369664e-05
69                                     3.2003672986554885e-04
70                                    -8.6884603874447588e-05
71                                    -2.7212504357831800e-04
72                                    -4.7372116349078924e-05
73                                     1.4546683924937601e-04
74                                     6.3081655073136484e-05
75                                    -1.2928610007767138e-04
76                                    -1.4944461670503200e-04
77                                     4.2677016823566339e-04
78                                    -5.8741090634674832e-04
79                                     5.7545047199157367e-04
80                                    -6.8219014183808051e-04
81                                     5.3043209885885421e-04
82                                     1.5558717846391305e-04
83                                     4.4135805318805816e-04
   &Method [&Type "String"] "SCF"
   &Level [&Type "String"] "Relaxed density"
   &Mult [&Type "Integer"] 1
   &State [&Type "Integer"] 0
   &Irrep [&Type "Integer"] 0
$End
$Geometry
   &GeometryIndex 6
   &NAtoms [&Type "Integer"] 28
   &NCorelessECP [&Type "Integer"] 0
   &NGhostAtoms [&Type "Integer"] 0
   &CartesianCoordinates [&Type "Coordinates", &Dim(28,4), &Units "Bohr"] 
              C     -4.522780931405   -2.660052939096    2.642878055398
              C     -3.921616777466   -1.767175949163   -0.024995579478
              N     -1.846149166660    0.059200108215   -0.115634633959
              C     -2.535642565637    2.713167016377    0.247941244127
              C     -3.063904666696    4.070574720425   -2.233241535480
              C      0.571027670205   -0.571254279843   -0.571260235729
              C      1.185917471982   -3.336958937358   -0.910120082665
              N      2.237529662793    1.244222053875   -0.740205372918
              P      5.281597403953    1.288686794826   -1.116526456889
              C      6.814642044558    0.558616810721    1.817642564149
              O      6.250672192362    3.597929443704   -2.396598986665
              F      6.047093048516   -1.179550611761   -2.788115820863
              H     -6.149020026764   -3.953330573344    2.611084098745
              H     -5.001279841970   -1.057705679058    3.878432684025
              H     -2.909309699856   -3.663282992928    3.487665176002
              H     -5.582367201069   -0.835730331811   -0.860994566613
              H     -3.491594778717   -3.370088784162   -1.268095057745
              H     -4.212401707207    2.751563966989    1.475400900912
              H     -0.988631741913    3.647599595022    1.265802799615
              H     -3.618254709643    6.039537088979   -1.864346855717
              H     -1.365714840922    4.085462098634   -3.430085377671
              H     -4.608145199018    3.153022562531   -3.281707922164
              H      0.741687974427   -3.905374573462   -2.861799251717
              H      0.100149000823   -4.543358649997    0.375776166380
              H      3.200761318081   -3.675317716763   -0.605301389748
              H      8.868029756807    0.492228330655    1.522165960897
              H      6.368073402299    2.072212244068    3.167959390454
              H      6.149632908136   -1.254840778479    2.576280085320
$End
$SCF_Energy
   &GeometryIndex 6
   &Method [&Type "String"] "SCF"
   &totalEnergy [&Type "ArrayOfDoubles", &Dim (1,1)] "Total energy of each state"
                                                         0

0                                     -9.0173036449018934e+02
   &Mult [&Type "ArrayOfIntegers", &Dim (1,1)] "Multiplicity of each state"
                                                         0

0                                                        1
$End
$DFT_Energy
   &GeometryIndex 6
   &nAlphaEl [&Type "Integer"] 52
   &nBetaEl [&Type "Integer"] 52
   &nTotalEl [&Type "Integer"] 104
   &finalEn [&Type "Double"]      -9.0173036449018934e+02  "No Van der Waals correction"
   &eExchange [&Type "Double"]       0.0000000000000000e+00
   &eCorr [&Type "Double"]       0.0000000000000000e+00
   &eXC [&Type "Double"]      -7.0047310127348396e+01
   &eCNL [&Type "Double"]       0.0000000000000000e+00
$End
$Solvation_Details
   &GeometryIndex 6
   &Solvent [&Type "String"] "WATER"
   &Epsilon [&Type "Double"]       8.0150999999999996e+01
   &Refrac [&Type "Double"]       1.3328000000000000e+00
   &RSolv [&Type "Double"]       1.3000000000000000e+00
   &SurfaceType [&Type "String"] "GAUSSIAN VDW"
   &CPCMDielEnergy [&Type "Double"]      -3.0743303000000000e-02
   &NPoints [&Type "Integer"] 2393
   &SurfaceArea [&Type "Double"]       8.8440498613099999e+02
$End
$SCF_Timings
   &GeometryIndex 6
   &TOTAL [&Type "Double"]       4.1534469999999999e+01
   &PREP [&Type "Double"]       2.0240920000000000e+00
   &FOCK [&Type "Double"]       3.4507397999999995e+01
   &DENS [&Type "Double"]       1.0945710000000020e+00
   &ETOT [&Type "Double"]       3.9635400000001120e-01
   &POP [&Type "Double"]       9.9999999747524271e-07
   &TRAFO [&Type "Double"]       1.3494400000000262e-01
   &DIIS [&Type "Double"]       9.2612900000000042e-01
   &SOSCF [&Type "Double"]       6.6392800000000562e-01
   &XC [&Type "Double"]       8.6177399999999960e+00
   &FOCKSTART [&Type "Double"]       2.4562299999999748e-01
   &SOLV [&Type "Double"]       5.8308319999999920e+00
   &SOLV_INIT [&Type "Double"]       4.9610600000000016e-01
   &INT_PREP [&Type "Double"]       4.9999999989225330e-06
   &INT_BF [&Type "Double"]       5.8383500000004673e-01
   &INT_DENS [&Type "Double"]       3.7865899999995900e-01
   &INT_DENSIO [&Type "Double"]       5.6710803321000094e+04
   &INT_FUNC [&Type "Double"]       1.5087700000000925e-01
   &INT_POT [&Type "Double"]       3.1127399999986860e-01
   &INT_POTIO [&Type "Double"]       6.9612900000000089e-01
   &INT_SUM [&Type "Double"]       5.0670000000039295e-03
   &SPLITRIJ [&Type "Double"]       1.9269089999999984e+00
   &COSX [&Type "Double"]       1.8962308999999998e+01
$End
$VdW_Correction
   &GeometryIndex 6
   &vdW [&Type "Double"]      -1.1451775251240453e-02
$End
$Single_Point_Data
   &GeometryIndex 6
   &FinalEnergy [&Type "Double"]      -9.0174181626544055e+02  "Final single point energy"
   &Converged [&Type "Boolean"] true
$End
$SCF_Nuc_Gradient
   &GeometryIndex 6
   &NAtoms [&Type "Integer"] 28
   &gradNorm [&Type "Double"]       3.9659676511118571e-03
   &grad [&Type "ArrayOfDoubles", &Dim (84,1)] 
                                                         0

0                                      3.1285131198106973e-04
1                                      2.8222778913955770e-04
2                                     -2.4694902865867848e-05
3                                     -7.8443626090221325e-04
4                                     -8.4368786346450517e-04
5                                      2.4954905718609902e-04
6                                      6.4822817089928646e-05
7                                      2.6701977799578949e-04
8                                      1.0619163905060399e-04
9                                     -5.9662032209303547e-04
10                                     1.0183455944279831e-03
11                                     2.8528010077179808e-04
12                                    -1.0805277584965988e-05
13                                    -2.9330882477134621e-04
14                                    -2.1817664347496501e-04
15                                     6.9171528358523730e-04
16                                    -9.5512001497020596e-05
17                                    -1.1276002934848984e-03
18                                     9.4132017910247639e-05
19                                    -1.6903161182979200e-04
20                                     6.2875853743629359e-04
21                                    -1.1135001844945081e-03
22                                     2.8415954363696788e-04
23                                     8.3350534112097046e-04
24                                     1.0560251282289669e-03
25                                     1.2871601312832537e-03
26                                    -7.3655736879675929e-04
27                                     4.0048381003955017e-04
28                                    -1.2887319612479950e-03
29                                    -3.0348238957517105e-05
30                                    -7.6423425971439054e-04
31                                    -4.1084469626539180e-04
32                                     6.8829772126921822e-04
33                                     2.4442855827065441e-04
34                                    -8.4054603979628417e-04
35                                     2.8066372936338426e-05
36                                     1.0831260255535642e-04
37                                     8.7528789653233108e-05
38                                    -1.6261638020493912e-04
39                                     7.1129718350012385e-05
40                                    -1.0235274794594158e-04
41                                    -1.0964198335509814e-04
42                                    -1.5738670090599888e-04
43                                     7.4679890813871528e-05
44                                    -4.3076061541606059e-05
45                                     1.0132800071847793e-04
46                                     6.7420398746449937e-05
47                                     2.2586404134768555e-05
48                                     3.8712358588052363e-05
49                                     5.4333738235053840e-05
50                                    -4.1136229627608182e-05
51                                     1.4458743943685751e-04
52                                    -7.3721926445200348e-05
53                                    -1.0797153168722455e-04
54                                     2.4818098986763727e-04
55                                     4.4567576322509649e-05
56                                    -8.1995909564454370e-05
57                                     4.1324614689486736e-05
58                                    -1.8259484914329326e-04
59                                     1.1164675899546445e-04
60                                    -8.0481134160967103e-05
61                                    -3.0086755569168944e-05
62                                     1.5355065664004775e-04
63                                     1.2842434731129171e-04
64                                     1.2094401060865809e-04
65                                     1.0637217149691384e-04
66                                     3.5095143976319044e-04
67                                     6.9203011439910821e-05
68                                     8.4242554308662648e-05
69                                    -9.5334779911316388e-06
70                                    -1.0191030472022040e-04
71                                    -2.1253928736825900e-04
72                                    -2.0661114765279393e-04
73                                     4.1949838866014522e-05
74                                    -7.8326565598816218e-05
75                                    -2.3839064995159938e-04
76                                     1.2893351318139180e-04
77                                     2.8829437845010402e-05
78                                    -3.0663762135001377e-04
79                                     2.9170595650914100e-04
80                                    -3.8730806510199546e-04
81                                     1.7122663831467885e-04
82                                     3.1215010832109826e-04
83                                     3.5112618471413824e-05
   &Method [&Type "String"] "SCF"
   &Level [&Type "String"] "Relaxed density"
   &Mult [&Type "Integer"] 1
   &State [&Type "Integer"] 0
   &Irrep [&Type "Integer"] 0
$End
$Geometry
   &GeometryIndex 7
   &NAtoms [&Type "Integer"] 28
   &NCorelessECP [&Type "Integer"] 0
   &NGhostAtoms [&Type "Integer"] 0
   &CartesianCoordinates [&Type "Coordinates", &Dim(28,4), &Units "Bohr"] 
              C     -4.514945719654   -2.654981629127    2.651068298877
              C     -3.915471265533   -1.770606611508   -0.021314571773
              N     -1.842658810995    0.057003889221   -0.116404268440
              C     -2.530956173777    2.709855908946    0.249507028581
              C     -3.052512574120    4.069518356090   -2.232968905332
              C      0.572515873534   -0.573844200587   -0.578391022494
              C      1.176779259455   -3.339796445610   -0.933505307924
              N      2.239375463604    1.240517262481   -0.758544673884
              P      5.282151589245    1.290805896041   -1.114116910957
              C      6.795805648916    0.570116095529    1.832871855645
              O      6.253212638639    3.595950257669   -2.401560253273
              F      6.068295712593   -1.182096265421   -2.774043781857
              H     -6.140723719195   -3.949781509294    2.625403164917
              H     -4.994504925101   -1.049219103565    3.882219819811
              H     -2.899981611487   -3.654313065395    3.498354825928
              H     -5.579369788066   -0.849215753454   -0.862486751563
              H     -3.480672144548   -3.379117606150   -1.255487643663
              H     -4.210819618413    2.750403662742    1.473014982091
              H     -0.986905669249    3.643154617543    1.272236081605
              H     -3.608829264148    6.038612573273   -1.864959987032
              H     -1.350944009782    4.085800461540   -3.425502785682
              H     -4.593314577574    3.151754031166   -3.286959212586
              H      0.658180504832   -3.913213462403   -2.865656517169
              H      0.134018875468   -4.539606530845    0.394599818092
              H      3.200839513115   -3.680238395872   -0.701219549139
              H      8.850947253629    0.503697182302    1.545155560615
              H      6.345029805596    2.076135849689    3.189598385584
              H      6.125457733013   -1.247295427205    2.579092321025
$End
$SCF_Energy
   &GeometryIndex 7
   &Method [&Type "String"] "SCF"
   &totalEnergy [&Type "ArrayOfDoubles", &Dim (1,1)] "Total energy of each state"
                                                         0

0                                     -9.0173041578128334e+02
   &Mult [&Type "ArrayOfIntegers", &Dim (1,1)] "Multiplicity of each state"
                                                         0

0                                                        1
$End
$DFT_Energy
   &GeometryIndex 7
   &nAlphaEl [&Type "Integer"] 52
   &nBetaEl [&Type "Integer"] 52
   &nTotalEl [&Type "Integer"] 104
   &finalEn [&Type "Double"]      -9.0173041578128334e+02  "No Van der Waals correction"
   &eExchange [&Type "Double"]       0.0000000000000000e+00
   &eCorr [&Type "Double"]       0.0000000000000000e+00
   &eXC [&Type "Double"]      -7.0047003844486511e+01
   &eCNL [&Type "Double"]       0.0000000000000000e+00
$End
$Solvation_Details
   &GeometryIndex 7
   &Solvent [&Type "String"] "WATER"
   &Epsilon [&Type "Double"]       8.0150999999999996e+01
   &Refrac [&Type "Double"]       1.3328000000000000e+00
   &RSolv [&Type "Double"]       1.3000000000000000e+00
   &SurfaceType [&Type "String"] "GAUSSIAN VDW"
   &CPCMDielEnergy [&Type "Double"]      -3.0853708000000001e-02
   &NPoints [&Type "Integer"] 2397
   &SurfaceArea [&Type "Double"]       8.8496914135199995e+02
$End
$SCF_Timings
   &GeometryIndex 7
   &TOTAL [&Type "Double"]       3.7521357000000002e+01
   &PREP [&Type "Double"]       2.0864460000000000e+00
   &FOCK [&Type "Double"]       3.1082275999999993e+01
   &DENS [&Type "Double"]       6.2516600000000011e-01
   &ETOT [&Type "Double"]       3.4271700000000571e-01
   &POP [&Type "Double"]       1.0000000045806701e-06
   &TRAFO [&Type "Double"]       1.2729099999999960e-01
   &DIIS [&Type "Double"]       8.3416599999999796e-01
   &SOSCF [&Type "Double"]       5.4168599999999678e-01
   &XC [&Type "Double"]       5.3987920000000038e+00
   &FOCKSTART [&Type "Double"]       2.1735700000000291e-01
   &SOLV [&Type "Double"]       5.3272069999999951e+00
   &SOLV_INIT [&Type "Double"]       5.4328400000000010e-01
   &INT_PREP [&Type "Double"]       4.0000000041118255e-06
   &INT_BF [&Type "Double"]       5.2146500000005247e-01
   &INT_DENS [&Type "Double"]       3.3714699999997677e-01
   &INT_DENSIO [&Type "Double"]       4.5874983470000065e+04
   &INT_FUNC [&Type "Double"]       1.3803899999996982e-01
   &INT_POT [&Type "Double"]       2.6675799999999406e-01
   &INT_POTIO [&Type "Double"]       6.1453300000001132e-01
   &INT_SUM [&Type "Double"]       9.1500000000017678e-03
   &SPLITRIJ [&Type "Double"]       1.8132430000000008e+00
   &COSX [&Type "Double"]       1.9720280999999996e+01
$End
$VdW_Correction
   &GeometryIndex 7
   &vdW [&Type "Double"]      -1.1447809497099882e-02
$End
$Single_Point_Data
   &GeometryIndex 7
   &FinalEnergy [&Type "Double"]      -9.0174186359078044e+02  "Final single point energy"
   &Converged [&Type "Boolean"] true
$End
$SCF_Nuc_Gradient
   &GeometryIndex 7
   &NAtoms [&Type "Integer"] 28
   &gradNorm [&Type "Double"]       2.5901806507407331e-03
   &grad [&Type "ArrayOfDoubles", &Dim (84,1)] 
                                                         0

0                                      4.4117549803847367e-04
1                                      3.0883509777790251e-04
2                                      6.8060861189724590e-05
3                                     -5.0781908262121007e-04
4                                     -3.3046581029171768e-04
5                                     -2.2841769891717426e-04
6                                      1.4177030775539104e-04
7                                      1.9776859501540104e-04
8                                     -1.0846451532964229e-04
9                                     -2.9677404554799764e-04
10                                     5.6859445045306467e-04
11                                     5.8500887943166793e-04
12                                     2.3890974776500074e-05
13                                    -3.8063127394266335e-04
14                                    -2.5826431362638703e-04
15                                     6.0541947271412083e-04
16                                    -5.7554502086082283e-05
17                                     1.7944232636443031e-04
18                                    -3.4693118393648382e-05
19                                    -6.5117673508252838e-05
20                                     2.7084959429703924e-04
21                                     5.5284684480595475e-05
22                                     5.9242214182470021e-04
23                                     4.7236543142858942e-05
24                                     5.8880329796656868e-05
25                                     9.3005093680205387e-04
26                                    -9.9275778495095158e-06
27                                     4.5807356357177000e-05
28                                    -6.2562793080968336e-04
29                                     3.2564024597032059e-04
30                                    -7.8747643294804022e-04
31                                    -1.7746832655520030e-04
32                                     3.2730259380948050e-04
33                                     3.2141439097345100e-04
34                                    -1.1568928939868260e-03
35                                    -4.1179763949984966e-04
36                                    -4.0487547727212917e-05
37                                     1.3777970270464844e-06
38                                    -1.1429390136272411e-04
39                                     2.8302301048786304e-05
40                                    -7.2166289721395583e-05
41                                    -2.0271013020205719e-05
42                                    -8.8591198758214957e-05
43                                     1.0728778811740165e-05
44                                     1.6579161862987161e-05
45                                    -3.4144119239637177e-05
46                                    -1.5274510896826033e-04
47                                    -1.8937506480608889e-05
48                                     1.1542491923569433e-04
49                                    -3.5794237067085638e-05
50                                    -4.6442288485609696e-05
51                                     7.8569066017047039e-05
52                                     6.4279451704537461e-05
53                                    -4.1680486015553656e-05
54                                     7.3256734292661849e-05
55                                     1.6910512173931141e-06
56                                    -1.0098215850794638e-04
57                                    -2.4316284674472027e-06
58                                    -1.5014910700427243e-05
59                                     1.1127884504798675e-04
60                                    -1.3669979715792814e-05
61                                    -1.2853261243915356e-05
62                                     4.8020447327066628e-05
63                                     6.9834310919156587e-05
64                                     8.1704155460235860e-05
65                                    -4.1947971761408073e-06
66                                     2.0680114218226130e-04
67                                     5.0836793055177219e-05
68                                    -4.4770549249150847e-05
69                                    -1.2151565771129536e-04
70                                    -8.0407284315301450e-05
71                                    -1.6031495385209811e-04
72                                    -1.4315553418651773e-04
73                                    -6.6951759671607944e-05
74                                    -9.6198380759822898e-05
75                                    -7.4364227131420641e-05
76                                     2.1591351087393249e-04
77                                    -1.7456110665469329e-04
78                                    -4.9328413842648748e-05
79                                     3.9952008278019857e-05
80                                    -8.1572726001448098e-05
81                                    -7.1380479077353049e-05
82                                     1.6553657596386483e-04
83                                    -5.8327969062413009e-05
   &Method [&Type "String"] "SCF"
   &Level [&Type "String"] "Relaxed density"
   &Mult [&Type "Integer"] 1
   &State [&Type "Integer"] 0
   &Irrep [&Type "Integer"] 0
$End
$Geometry
   &GeometryIndex 8
   &NAtoms [&Type "Integer"] 28
   &NCorelessECP [&Type "Integer"] 0
   &NGhostAtoms [&Type "Integer"] 0
   &CartesianCoordinates [&Type "Coordinates", &Dim(28,4), &Units "Bohr"] 
              C     -4.502759858579   -2.652785722695    2.658348208062
              C     -3.912637654275   -1.770563162498   -0.018115574598
              N     -1.839388490113    0.054106892247   -0.125712938930
              C     -2.523292159555    2.705987465479    0.244113699394
              C     -3.047613277058    4.072611047568   -2.234802863876
              C      0.572882214164   -0.577295015606   -0.600519546304
              C      1.173731807109   -3.344548984873   -0.949581243087
              N      2.240538053546    1.236347904027   -0.786824444418
              P      5.284497524389    1.295177520074   -1.113109407562
              C      6.770139233485    0.574903315632    1.848420673197
              O      6.267152295962    3.600108836036   -2.394507063842
              F      6.094305747908   -1.172840102293   -2.768750882189
              H     -6.128995348416   -3.947351581697    2.641878687414
              H     -4.977098488404   -1.045755931878    3.890389954836
              H     -2.884060087183   -3.651597118759    3.499793385158
              H     -5.580422757514   -0.850550870176   -0.853446245604
              H     -3.485774335740   -3.382047584105   -1.250668067836
              H     -4.201924247376    2.747582865583    1.469755333859
              H     -0.978741980726    3.636738570909    1.268398353765
              H     -3.602473796874    6.041582829927   -1.862949003040
              H     -1.348248085732    4.090373459529   -3.430823514309
              H     -4.590659086036    3.157231586241   -3.288289688381
              H      0.578491361025   -3.942124010352   -2.852273148260
              H      0.185204989347   -4.529053783468    0.433358988691
              H      3.206277946860   -3.677513050312   -0.791874803110
              H      8.827831177366    0.504091397507    1.577124927085
              H      6.312536871236    2.073184954027    3.210964459119
              H      6.090500431182   -1.246001688278    2.579701764768
$End
$SCF_Energy
   &GeometryIndex 8
   &Method [&Type "String"] "SCF"
   &totalEnergy [&Type "ArrayOfDoubles", &Dim (1,1)] "Total energy of each state"
                                                         0

0                                     -9.0173045369485521e+02
   &Mult [&Type "ArrayOfIntegers", &Dim (1,1)] "Multiplicity of each state"
                                                         0

0                                                        1
$End
$DFT_Energy
   &GeometryIndex 8
   &nAlphaEl [&Type "Integer"] 52
   &nBetaEl [&Type "Integer"] 52
   &nTotalEl [&Type "Integer"] 104
   &finalEn [&Type "Double"]      -9.0173045369485521e+02  "No Van der Waals correction"
   &eExchange [&Type "Double"]       0.0000000000000000e+00
   &eCorr [&Type "Double"]       0.0000000000000000e+00
   &eXC [&Type "Double"]      -7.0046554797934206e+01
   &eCNL [&Type "Double"]       0.0000000000000000e+00
$End
$Solvation_Details
   &GeometryIndex 8
   &Solvent [&Type "String"] "WATER"
   &Epsilon [&Type "Double"]       8.0150999999999996e+01
   &Refrac [&Type "Double"]       1.3328000000000000e+00
   &RSolv [&Type "Double"]       1.3000000000000000e+00
   &SurfaceType [&Type "String"] "GAUSSIAN VDW"
   &CPCMDielEnergy [&Type "Double"]      -3.0980097000000002e-02
   &NPoints [&Type "Integer"] 2395
   &SurfaceArea [&Type "Double"]       8.8558692090500006e+02
$End
$SCF_Timings
   &GeometryIndex 8
   &TOTAL [&Type "Double"]       3.8259965999999999e+01
   &PREP [&Type "Double"]       2.0581270000000003e+00
   &FOCK [&Type "Double"]       3.1763532999999999e+01
   &DENS [&Type "Double"]       6.5345799999999699e-01
   &ETOT [&Type "Double"]       3.5182100000000815e-01
   &POP [&Type "Double"]       9.9999999747524271e-07
   &TRAFO [&Type "Double"]       1.3764899999999969e-01
   &DIIS [&Type "Double"]       8.8668300000000322e-01
   &SOSCF [&Type "Double"]       5.3593699999999700e-01
   &XC [&Type "Double"]       5.4858230000000070e+00
   &FOCKSTART [&Type "Double"]       2.2907099999999803e-01
   &SOLV [&Type "Double"]       5.5395560000000010e+00
   &SOLV_INIT [&Type "Double"]       5.2845900000000001e-01
   &INT_PREP [&Type "Double"]       3.0000000030838692e-06
   &INT_BF [&Type "Double"]       5.3141000000001259e-01
   &INT_DENS [&Type "Double"]       3.4495099999995915e-01
   &INT_DENSIO [&Type "Double"]       4.6490034852000077e+04
   &INT_FUNC [&Type "Double"]       1.3881399999996091e-01
   &INT_POT [&Type "Double"]       2.6422700000000887e-01
   &INT_POTIO [&Type "Double"]       6.4182700000003035e-01
   &INT_SUM [&Type "Double"]       3.4470000000021983e-03
   &SPLITRIJ [&Type "Double"]       1.7853249999999981e+00
   &COSX [&Type "Double"]       2.0004100000000001e+01
$End
$VdW_Correction
   &GeometryIndex 8
   &vdW [&Type "Double"]      -1.1445719714096487e-02
$End
$Single_Point_Data
   &GeometryIndex 8
   &FinalEnergy [&Type "Double"]      -9.0174189941456927e+02  "Final single point energy"
   &Converged [&Type "Boolean"] true
$End
$SCF_Nuc_Gradient
   &GeometryIndex 8
   &NAtoms [&Type "Integer"] 28
   &gradNorm [&Type "Double"]       2.1270903070537807e-03
   &grad [&Type "ArrayOfDoubles", &Dim (84,1)] 
                                                         0

0                                      1.8036167351812314e-04
1                                      8.4091331073198931e-05
2                                      6.7944115507805237e-05
3                                     -6.7469543243274746e-05
4                                      1.9738734392785618e-04
5                                     -4.0751621377730810e-04
6                                      5.8500480723050219e-05
7                                      4.4276717465990015e-05
8                                      1.4087700763647636e-04
9                                      6.5755611556638849e-05
10                                    -1.6532854167400796e-04
11                                     4.1661078287650775e-04
12                                     2.2936631493147405e-05
13                                    -1.7983728289409380e-04
14                                    -1.6605429557229280e-04
15                                     5.6348373365982496e-05
16                                    -1.0824017878293857e-04
17                                    -3.1638162685310216e-04
18                                     6.5510716571089820e-05
19                                    -1.3625391418203332e-04
20                                     5.5384779610025559e-04
21                                     7.5156422308932764e-04
22                                     6.4412558999768976e-04
23                                    -4.4282272031164502e-05
24                                    -6.2879958820131522e-04
25                                     9.0625901227327758e-05
26                                     5.5625511397540937e-04
27                                    -1.3824340244685812e-04
28                                     1.6025860506422074e-04
29                                     4.2662787721625748e-04
30                                    -3.4023317095293579e-04
31                                     1.3329008512295604e-04
32                                    -1.4980289710091611e-04
33                                     2.9290601906537071e-04
34                                    -7.7207156293050238e-04
35                                    -5.4503815174253626e-04
36                                    -9.6163197296424933e-05
37                                    -3.6785848101721773e-05
38                                     1.5193891960684730e-05
39                                    -1.0452413485637894e-05
40                                    -1.2507387799623245e-05
41                                     4.8493910452404702e-05
42                                     2.6084560451683478e-05
43                                    -3.5567983366957911e-05
44                                     2.9324707085234510e-05
45                                    -1.1021825872474647e-04
46                                    -2.0511209020754030e-04
47                                    -2.6037751560484916e-05
48                                    -7.8200816244733767e-05
49                                     7.2028262846987227e-05
50                                     2.7014828363594172e-05
51                                     1.7690570739441441e-05
52                                     1.2172004250930203e-04
53                                     3.3559996079100341e-05
54                                    -3.9293558499002679e-05
55                                     4.2344770577449519e-06
56                                    -3.2171520774618606e-05
57                                    -2.5888413050439338e-05
58                                     7.7884451440523461e-05
59                                     2.9333580662911402e-05
60                                     3.0561467668061850e-05
61                                     3.4971527334233959e-06
62                                    -2.8961881854235234e-05
63                                    -3.4287492617397170e-06
64                                     2.1846040077104118e-05
65                                    -6.1708166050327771e-05
66                                     7.4459273110622401e-05
67                                     1.8493298444561803e-04
68                                    -1.6537163621085718e-04
69                                    -4.1509625449343967e-05
70                                    -7.3139134032009808e-05
71                                    -1.7687389201987214e-04
72                                    -2.3932537405800281e-05
73                                    -1.1735950379903381e-04
74                                    -2.7297154975614000e-05
75                                     5.7565928904204473e-05
76                                     1.8584743102632991e-04
77                                    -2.1955872998057784e-04
78                                     1.4792777423332788e-04
79                                    -1.5704962350501756e-04
80                                     1.6790753883319249e-04
81                                    -2.4433998620419767e-04
82                                    -2.6793295386861363e-05
83                                    -1.4593504942107344e-04
   &Method [&Type "String"] "SCF"
   &Level [&Type "String"] "Relaxed density"
   &Mult [&Type "Integer"] 1
   &State [&Type "Integer"] 0
   &Irrep [&Type "Integer"] 0
$End
$Geometry
   &GeometryIndex 9
   &NAtoms [&Type "Integer"] 28
   &NCorelessECP [&Type "Integer"] 0
   &NGhostAtoms [&Type "Integer"] 0
   &CartesianCoordinates [&Type "Coordinates", &Dim(28,4), &Units "Bohr"] 
              C     -4.495287835521   -2.648118156142    2.662738022358
              C     -3.904739531179   -1.773407557301   -0.016537772097
              N     -1.834396277475    0.052106121757   -0.134794118083
              C     -2.518228531633    2.702817516639    0.238136356739
              C     -3.047492147432    4.077731910142   -2.235119907519
              C      0.575178147552   -0.578998157906   -0.619324174704
              C      1.171457580190   -3.347381829560   -0.961600914347
              N      2.243564778516    1.232984160648   -0.815241976497
              P      5.289638837853    1.301012917286   -1.112706643654
              C      6.747978648609    0.573151725396    1.860476893300
              O      6.286725410402    3.607379483560   -2.381956584753
              F      6.121934977440   -1.159313470739   -2.766846101153
              H     -6.118215125497   -3.946556358457    2.650415141837
              H     -4.974267915449   -1.037963895220    3.889116727945
              H     -2.874465174585   -3.640166046059    3.508121657400
              H     -5.573739501739   -0.857894574290   -0.854631773391
              H     -3.477532330458   -3.390214617641   -1.242466972642
              H     -4.196051432748    2.740874720907    1.465284399421
              H     -0.974817045345    3.632812630334    1.265230169308
              H     -3.603486625516    6.045079053571   -1.857086327253
              H     -1.350684351735    4.100525045753   -3.434699559119
              H     -4.591821858134    3.163557484142   -3.288106429627
              H      0.479332182954   -3.979025743959   -2.819823904488
              H      0.258335031006   -4.510659368023    0.490717420717
              H      3.210892979416   -3.669714050243   -0.901562199132
              H      8.807695781310    0.494218714197    1.606649383586
              H      6.284976972332    2.064980332803    3.228070125821
              H      6.057514356866   -1.249817953802    2.577549060025
$End
$SCF_Energy
   &GeometryIndex 9
   &Method [&Type "String"] "SCF"
   &totalEnergy [&Type "ArrayOfDoubles", &Dim (1,1)] "Total energy of each state"
                                                         0

0                                     -9.0173048625117724e+02
   &Mult [&Type "ArrayOfIntegers", &Dim (1,1)] "Multiplicity of each state"
                                                         0

0                                                        1
$End
$DFT_Energy
   &GeometryIndex 9
   &nAlphaEl [&Type "Integer"] 52
   &nBetaEl [&Type "Integer"] 52
   &nTotalEl [&Type "Integer"] 104
   &finalEn [&Type "Double"]      -9.0173048625117724e+02  "No Van der Waals correction"
   &eExchange [&Type "Double"]       0.0000000000000000e+00
   &eCorr [&Type "Double"]       0.0000000000000000e+00
   &eXC [&Type "Double"]      -7.0046785335388805e+01
   &eCNL [&Type "Double"]       0.0000000000000000e+00
$End
$Solvation_Details
   &GeometryIndex 9
   &Solvent [&Type "String"] "WATER"
   &Epsilon [&Type "Double"]       8.0150999999999996e+01
   &Refrac [&Type "Double"]       1.3328000000000000e+00
   &RSolv [&Type "Double"]       1.3000000000000000e+00
   &SurfaceType [&Type "String"] "GAUSSIAN VDW"
   &CPCMDielEnergy [&Type "Double"]      -3.1076138999999999e-02
   &NPoints [&Type "Integer"] 2401
   &SurfaceArea [&Type "Double"]       8.8586667328700003e+02
$End
$SCF_Timings
   &GeometryIndex 9
   &TOTAL [&Type "Double"]       3.7493572000000000e+01
   &PREP [&Type "Double"]       2.1014080000000002e+00
   &FOCK [&Type "Double"]       3.1166412000000008e+01
   &DENS [&Type "Double"]       6.8258400000000208e-01
   &ETOT [&Type "Double"]       3.5955100000000328e-01
   &POP [&Type "Double"]       1.0000000045806701e-06
   &TRAFO [&Type "Double"]       1.3863699999999923e-01
   &DIIS [&Type "Double"]       9.3495399999999940e-01
   &SOSCF [&Type "Double"]       5.4704599999999637e-01
   &XC [&Type "Double"]       5.3433040000000025e+00
   &FOCKSTART [&Type "Double"]       2.1943700000000366e-01
   &SOLV [&Type "Double"]       5.3957630000000023e+00
   &SOLV_INIT [&Type "Double"]       5.5991199999999997e-01
   &INT_PREP [&Type "Double"]       9.0000000003698233e-06
   &INT_BF [&Type "Double"]       5.1423599999996839e-01
   &INT_DENS [&Type "Double"]       3.2770800000002254e-01
   &INT_DENSIO [&Type "Double"]       4.6432410495000062e+04
   &INT_FUNC [&Type "Double"]       1.3633100000004639e-01
   &INT_POT [&Type "Double"]       2.5055899999999109e-01
   &INT_POTIO [&Type "Double"]       6.1602800000004088e-01
   &INT_SUM [&Type "Double"]       4.1830000000038225e-03
   &SPLITRIJ [&Type "Double"]       1.7778720000000017e+00
   &COSX [&Type "Double"]       1.9598282000000005e+01
$End
$VdW_Correction
   &GeometryIndex 9
   &vdW [&Type "Double"]      -1.1440629884258011e-02
$End
$Single_Point_Data
   &GeometryIndex 9
   &FinalEnergy [&Type "Double"]      -9.0174192688106154e+02  "Final single point energy"
   &Converged [&Type "Boolean"] true
$End
$SCF_Nuc_Gradient
   &GeometryIndex 9
   &NAtoms [&Type "Integer"] 28
   &gradNorm [&Type "Double"]       2.4241854721281570e-03
   &grad [&Type "ArrayOfDoubles", &Dim (84,1)] 
                                                         0

0                                     -1.4632492608204563e-04
1                                     -1.8091668767634852e-04
2                                     -7.9773652245246023e-06
3                                      4.4936207291321824e-04
4                                      5.8932853571378666e-04
5                                     -1.9275925978057479e-04
6                                      1.2200949113171490e-04
7                                     -2.3883238027920376e-04
8                                      2.2183624113878122e-04
9                                      2.5972778593553780e-04
10                                    -5.8127580404112894e-04
11                                    -4.2682004666036460e-05
12                                    -9.3918795933070738e-06
13                                     1.5509241746241345e-04
14                                     4.8851899154389112e-05
15                                    -4.7197735452683378e-04
16                                    -3.2420618513833044e-05
17                                    -1.5962226231751197e-04
18                                    -5.7897234653957321e-05
19                                    -3.0386478727599294e-05
20                                     5.2913453040042964e-04
21                                     7.8964435077158728e-04
22                                     1.6870087103084709e-04
23                                    -2.0697043394688207e-04
24                                    -9.5566767422544945e-04
25                                    -3.8776695417878904e-04
26                                     7.3648336717878598e-04
27                                    -1.5501182641704706e-04
28                                     6.4655547750532114e-04
29                                     3.2248745077448826e-04
30                                     2.5075099688998966e-04
31                                     3.0041667966301117e-04
32                                    -5.0234761175426757e-04
33                                     2.2024240821089645e-04
34                                    -2.0989393624936748e-04
35                                    -3.7001540872750140e-04
36                                    -6.0612309615523563e-05
37                                    -2.2372456959615497e-05
38                                     1.1707439596912157e-04
39                                    -2.7361990398258350e-05
40                                     2.9593376354888473e-05
41                                     4.4161625827392478e-05
42                                     8.0010838233266748e-05
43                                    -3.6569948603850454e-05
44                                    -2.5196030947755976e-06
45                                    -6.2322330263990449e-05
46                                    -1.3507267393594635e-04
47                                    -1.7343218867043155e-05
48                                    -6.4103644005598746e-05
49                                    -4.1077438149849613e-05
50                                    -6.3091789904177816e-05
51                                    -3.2209089231455168e-05
52                                     8.1925825941947051e-05
53                                     5.1111749003572590e-05
54                                    -1.0256225661764712e-04
55                                     3.7966949846700556e-05
56                                     4.5887845887639870e-05
57                                    -2.6831414333533555e-05
58                                     8.4887511707840396e-05
59                                    -7.3765662312806198e-05
60                                     3.9229957135704278e-05
61                                     1.3941661575772071e-05
62                                    -3.4606297989221745e-05
63                                    -4.5610430507845917e-05
64                                    -3.2700950141213830e-05
65                                    -4.2839949272477974e-05
66                                    -8.1363211570593564e-05
67                                     2.5775437969670812e-04
68                                    -2.2030908142751886e-04
69                                    -4.6379797463233887e-05
70                                    -5.2246420077735971e-05
71                                    -1.4220023606935161e-04
72                                     9.4715633892920241e-05
73                                    -5.6048389477214290e-05
74                                     2.1360261505408310e-05
75                                     8.1036230927622945e-05
76                                     6.9678865045347927e-05
77                                    -1.5755875234637208e-04
78                                     2.3872757362312171e-04
79                                    -2.6302842426727046e-04
80                                     3.0945383930407373e-04
81                                    -2.7982993488845739e-04
82                                    -1.3523291628383759e-04
83                                    -2.1123436022746795e-04
   &Method [&Type "String"] "SCF"
   &Level [&Type "String"] "Relaxed density"
   &Mult [&Type "Integer"] 1
   &State [&Type "Integer"] 0
   &Irrep [&Type "Integer"] 0
$End
$Geometry
   &GeometryIndex 10
   &NAtoms [&Type "Integer"] 28
   &NCorelessECP [&Type "Integer"] 0
   &NGhostAtoms [&Type "Integer"] 0
   &CartesianCoordinates [&Type "Coordinates", &Dim(28,4), &Units "Bohr"] 
              C     -4.493564930072   -2.641118377618    2.664520210829
              C     -3.900625800934   -1.775878050674   -0.016905087043
              N     -1.831920137002    0.051151119091   -0.142672466755
              C     -2.516472242413    2.701462125459    0.232603912384
              C     -3.052118943322    4.079932095558   -2.236689822357
              C      0.577481255243   -0.579159729837   -0.630483355842
              C      1.175551911177   -3.348277266054   -0.964679197415
              N      2.244993614378    1.233017132933   -0.829187459678
              P      5.292959928510    1.307820385426   -1.110896631262
              C      6.737036878600    0.561816646255    1.864573139045
              O      6.297081218885    3.622101843562   -2.359803513166
              F      6.136575076494   -1.140012434913   -2.775524608962
              H     -6.113550571709   -3.942974038885    2.653838587244
              H     -4.978087536279   -1.027319132189    3.883834043437
              H     -2.872316517392   -3.626757325172    3.516216669317
              H     -5.569293910345   -0.863624441020   -0.859525178336
              H     -3.471519294360   -3.397313836471   -1.235842231486
              H     -4.192112735225    2.736424326679    1.462842095164
              H     -0.971947096162    3.631129531583    1.258619311244
              H     -3.607826472180    6.046243018968   -1.853773516722
              H     -1.358642310920    4.105394122315   -3.440792910734
              H     -4.599007851518    3.166727001565   -3.286670538024
              H      0.422813635333   -4.009451660976   -2.788228156226
              H      0.318160939415   -4.495572872997    0.534434416575
              H      3.217305715149   -3.659743506454   -0.969206551153
              H      8.797825201578    0.479683641677    1.621692765208
              H      6.269382657156    2.047879997609    3.236988204354
              H      6.041838317913   -1.263580277625    2.570717870358
$End
$SCF_Energy
   &GeometryIndex 10
   &Method [&Type "String"] "SCF"
   &totalEnergy [&Type "ArrayOfDoubles", &Dim (1,1)] "Total energy of each state"
                                                         0

0                                     -9.0173050231247726e+02
   &Mult [&Type "ArrayOfIntegers", &Dim (1,1)] "Multiplicity of each state"
                                                         0

0                                                        1
$End
$DFT_Energy
   &GeometryIndex 10
   &nAlphaEl [&Type "Integer"] 52
   &nBetaEl [&Type "Integer"] 52
   &nTotalEl [&Type "Integer"] 104
   &finalEn [&Type "Double"]      -9.0173050231247726e+02  "No Van der Waals correction"
   &eExchange [&Type "Double"]       0.0000000000000000e+00
   &eCorr [&Type "Double"]       0.0000000000000000e+00
   &eXC [&Type "Double"]      -7.0046933125110414e+01
   &eCNL [&Type "Double"]       0.0000000000000000e+00
$End
$Solvation_Details
   &GeometryIndex 10
   &Solvent [&Type "String"] "WATER"
   &Epsilon [&Type "Double"]       8.0150999999999996e+01
   &Refrac [&Type "Double"]       1.3328000000000000e+00
   &RSolv [&Type "Double"]       1.3000000000000000e+00
   &SurfaceType [&Type "String"] "GAUSSIAN VDW"
   &CPCMDielEnergy [&Type "Double"]      -3.1096318000000001e-02
   &NPoints [&Type "Integer"] 2403
   &SurfaceArea [&Type "Double"]       8.8575409485000000e+02
$End
$SCF_Timings
   &GeometryIndex 10
   &TOTAL [&Type "Double"]       3.7162149999999997e+01
   &PREP [&Type "Double"]       2.1082890000000001e+00
   &FOCK [&Type "Double"]       3.0911855000000003e+01
   &DENS [&Type "Double"]       6.4423899999999890e-01
   &ETOT [&Type "Double"]       3.6211499999999841e-01
   &POP [&Type "Double"]       9.9999999747524271e-07
   &TRAFO [&Type "Double"]       1.5573899999999874e-01
   &DIIS [&Type "Double"]       8.6560600000000054e-01
   &SOSCF [&Type "Double"]       5.3083200000000019e-01
   &XC [&Type "Double"]       7.8389910000000054e+00
   &FOCKSTART [&Type "Double"]       2.2599999999999909e-01
   &SOLV [&Type "Double"]       2.8490120000000116e+00
   &SOLV_INIT [&Type "Double"]       5.5256900000000009e-01
   &SOLV_FINAL [&Type "Double"]       9.9999999747524271e-07
   &INT_PREP [&Type "Double"]       3.9999999952300413e-06
   &INT_BF [&Type "Double"]       5.2536600000003553e-01
   &INT_DENS [&Type "Double"]       3.4060699999989463e-01
   &INT_DENSIO [&Type "Double"]       4.6567243069000084e+04
   &INT_FUNC [&Type "Double"]       1.3728499999990529e-01
   &INT_POT [&Type "Double"]       2.6570400000012917e-01
   &INT_POTIO [&Type "Double"]       6.1304899999998508e-01
   &INT_SUM [&Type "Double"]       1.5950000000053421e-03
   &SPLITRIJ [&Type "Double"]       1.7675429999999936e+00
   &COSX [&Type "Double"]       1.9408814999999997e+01
$End
$VdW_Correction
   &GeometryIndex 10
   &vdW [&Type "Double"]      -1.1440003103138408e-02
$End
$Single_Point_Data
   &GeometryIndex 10
   &FinalEnergy [&Type "Double"]      -9.0174194231558045e+02  "Final single point energy"
   &Converged [&Type "Boolean"] true
$End
$SCF_Nuc_Gradient
   &GeometryIndex 10
   &NAtoms [&Type "Integer"] 28
   &gradNorm [&Type "Double"]       2.0748107025403148e-03
   &grad [&Type "ArrayOfDoubles", &Dim (84,1)] 
                                                         0

0                                     -2.6766570525335739e-04
1                                     -2.4167539502862627e-04
2                                     -8.5820458952566599e-05
3                                      4.9239816232780876e-04
4                                      4.1456537958884282e-04
5                                      1.4437854511979999e-05
6                                     -4.5122075363311924e-06
7                                     -1.6417193174327971e-04
8                                      2.8006999583750299e-04
9                                      2.4102361021246350e-04
10                                    -5.0065330261434579e-04
11                                    -3.1733478300512250e-04
12                                    -1.4767567080200197e-05
13                                     2.5397260189083891e-04
14                                     1.6542585380973759e-04
15                                    -4.7001768739077574e-04
16                                     5.1401477109112124e-05
17                                    -1.6169646922945121e-04
18                                     1.0861633830845675e-05
19                                    -6.2379109089790526e-05
20                                     3.6012854773122190e-04
21                                     4.5358103049270986e-04
22                                    -2.4840359561730722e-04
23                                    -1.6997646096122881e-04
24                                    -7.8594436101274824e-04
25                                    -3.6088519119141510e-04
26                                     4.9979573419990577e-04
27                                    -9.2965902940502236e-05
28                                     6.4761719446378629e-04
29                                     1.3370971846669529e-04
30                                     4.8704989305519331e-04
31                                     2.2961888253048777e-04
32                                    -4.8971771244601253e-04
33                                     1.4365332451473910e-04
34                                     1.7416066015422675e-04
35                                    -1.0260368804896271e-04
36                                    -1.1367476972688479e-05
37                                    -6.1465353735394954e-06
38                                     1.0733575901369238e-04
39                                    -1.5842393712479253e-05
40                                     3.9356064808454001e-05
41                                     9.2960607085673037e-06
42                                     7.5598907386245043e-05
43                                    -2.1167423112816508e-05
44                                    -2.4626073682987992e-05
45                                    -1.8735010010282367e-05
46                                    -2.4023815576224689e-05
47                                    -9.2474900410221124e-06
48                                    -7.8472483366302974e-05
49                                    -2.6855780317932854e-05
50                                    -6.5074382674488825e-05
51                                    -3.8241711756558587e-05
52                                     1.5911175743312363e-05
53                                     4.2852539066399675e-05
54                                    -7.8441883567506896e-05
55                                     4.5532715847106496e-05
56                                     7.5807457617825010e-05
57                                    -1.1911691183384082e-05
58                                     3.9472096414148872e-05
59                                    -8.2031082559025887e-05
60                                     2.7286460070314435e-05
61                                     1.4921014907107017e-05
62                                    -1.7308250827120661e-05
63                                    -4.5665027646644770e-05
64                                    -4.4756278697450409e-05
65                                     8.6041666285418438e-07
66                                    -1.2791718419548015e-04
67                                     2.0858036326726120e-04
68                                    -1.4627562822707482e-04
69                                    -1.4919918452527422e-06
70                                    -2.6090683057419436e-05
71                                    -1.0049602160414769e-04
72                                     8.6078248618802044e-05
73                                    -7.0863674291388244e-07
74                                     5.1294061011677278e-05
75                                     4.7410901293376163e-05
76                                    -4.1621325600710144e-05
77                                    -5.5604372748268319e-05
78                                     1.9033909216068740e-04
79                                    -2.2965663539172061e-04
80                                     2.7847428703315919e-04
81                                    -1.9132095866069117e-04
82                                    -1.3591389449203701e-04
83                                    -1.9167548176349087e-04
   &Method [&Type "String"] "SCF"
   &Level [&Type "String"] "Relaxed density"
   &Mult [&Type "Integer"] 1
   &State [&Type "Integer"] 0
   &Irrep [&Type "Integer"] 0
$End
$Geometry
   &GeometryIndex 11
   &NAtoms [&Type "Integer"] 28
   &NCorelessECP [&Type "Integer"] 0
   &NGhostAtoms [&Type "Integer"] 0
   &CartesianCoordinates [&Type "Coordinates", &Dim(28,4), &Units "Bohr"] 
              C     -4.495546331918   -2.632144916306    2.666235698381
              C     -3.898647122441   -1.778439439606   -0.017329729456
              N     -1.831763368341    0.051470897105   -0.147498908237
              C     -2.519253343547    2.701672153088    0.227960122322
              C     -3.060141243908    4.078438658150   -2.240478321772
              C      0.579344150906   -0.576850876660   -0.632296358589
              C      1.182186507900   -3.345568295548   -0.964368254653
              N      2.245339651466    1.236824434029   -0.826150292059
              P      5.294704788219    1.313373158471   -1.106195287561
              C      6.738302979033    0.543648163044    1.863252997528
              O      6.299288994431    3.639035817922   -2.331832245979
              F      6.136047195653   -1.120186850410   -2.790463426388
              H     -6.112353031771   -3.937795445081    2.655824179905
              H     -4.987168855272   -1.014163949433    3.876880890740
              H     -2.874829160702   -3.610591915599    3.526640841308
              H     -5.566219810032   -0.870436198928   -0.866837344313
              H     -3.464466496951   -3.404330737249   -1.228224626616
              H     -4.193003434312    2.734080038940    1.460668072522
              H     -0.973458631609    3.632627586215    1.250946765012
              H     -3.616248299573    6.044179075349   -1.855855833162
              H     -1.368951589864    4.105062354076   -3.447564469420
              H     -4.608458608412    3.164416421129   -3.287301195251
              H      0.406441659040   -4.023528856176   -2.771412130560
              H      0.352511431599   -4.486788385196    0.555386077145
              H      3.224765005358   -3.648425740084   -0.996477066626
              H      8.799228436519    0.462224754254    1.623261158776
              H      6.268771700858    2.025913582249    3.239472950605
              H      6.043576827672   -1.283715449951    2.563755736400
$End
$SCF_Energy
   &GeometryIndex 11
   &Method [&Type "String"] "SCF"
   &totalEnergy [&Type "ArrayOfDoubles", &Dim (1,1)] "Total energy of each state"
                                                         0

0                                     -9.0173051561275554e+02
   &Mult [&Type "ArrayOfIntegers", &Dim (1,1)] "Multiplicity of each state"
                                                         0

0                                                        1
$End
$DFT_Energy
   &GeometryIndex 11
   &nAlphaEl [&Type "Integer"] 52
   &nBetaEl [&Type "Integer"] 52
   &nTotalEl [&Type "Integer"] 104
   &finalEn [&Type "Double"]      -9.0173051561275554e+02  "No Van der Waals correction"
   &eExchange [&Type "Double"]       0.0000000000000000e+00
   &eCorr [&Type "Double"]       0.0000000000000000e+00
   &eXC [&Type "Double"]      -7.0047129921734182e+01
   &eCNL [&Type "Double"]       0.0000000000000000e+00
$End
$Solvation_Details
   &GeometryIndex 11
   &Solvent [&Type "String"] "WATER"
   &Epsilon [&Type "Double"]       8.0150999999999996e+01
   &Refrac [&Type "Double"]       1.3328000000000000e+00
   &RSolv [&Type "Double"]       1.3000000000000000e+00
   &SurfaceType [&Type "String"] "GAUSSIAN VDW"
   &CPCMDielEnergy [&Type "Double"]      -3.1059186999999999e-02
   &NPoints [&Type "Integer"] 2404
   &SurfaceArea [&Type "Double"]       8.8544116937499996e+02
$End
$SCF_Timings
   &GeometryIndex 11
   &TOTAL [&Type "Double"]       3.5582312999999999e+01
   &PREP [&Type "Double"]       2.1078049999999999e+00
   &FOCK [&Type "Double"]       2.9434456000000008e+01
   &DENS [&Type "Double"]       5.8524399999999588e-01
   &ETOT [&Type "Double"]       3.1085199999999524e-01
   &POP [&Type "Double"]       9.9999999747524271e-07
   &TRAFO [&Type "Double"]       1.4297199999999677e-01
   &DIIS [&Type "Double"]       4.8848099999999928e-01
   &SOSCF [&Type "Double"]       6.9961199999999835e-01
   &XC [&Type "Double"]       7.1258719999999975e+00
   &FOCKSTART [&Type "Double"]       2.1695700000000162e-01
   &SOLV [&Type "Double"]       4.7962460000000027e+00
   &SOLV_INIT [&Type "Double"]       5.4313100000000003e-01
   &INT_PREP [&Type "Double"]       7.0000000045311594e-06
   &INT_BF [&Type "Double"]       4.6380599999999461e-01
   &INT_DENS [&Type "Double"]       2.9991400000002688e-01
   &INT_DENSIO [&Type "Double"]       3.9852811731000074e+04
   &INT_FUNC [&Type "Double"]       1.2345700000000903e-01
   &INT_POT [&Type "Double"]       2.3155400000000093e-01
   &INT_POTIO [&Type "Double"]       5.5044199999994081e-01
   &INT_SUM [&Type "Double"]       5.7400000000296103e-04
   &SPLITRIJ [&Type "Double"]       1.6197220000000025e+00
   &COSX [&Type "Double"]       1.7176907000000003e+01
$End
$VdW_Correction
   &GeometryIndex 11
   &vdW [&Type "Double"]      -1.1439520857962699e-02
$End
$Single_Point_Data
   &GeometryIndex 11
   &FinalEnergy [&Type "Double"]      -9.0174195513361349e+02  "Final single point energy"
   &Converged [&Type "Boolean"] true
$End
$SCF_Nuc_Gradient
   &GeometryIndex 11
   &NAtoms [&Type "Integer"] 28
   &gradNorm [&Type "Double"]       1.1747469064101108e-03
   &grad [&Type "ArrayOfDoubles", &Dim (84,1)] 
                                                         0

0                                     -1.9538041210543234e-04
1                                     -1.4893184565283442e-04
2                                     -1.0631251610860405e-04
3                                      2.0175228623307416e-04
4                                      3.0274058027630391e-06
5                                      1.7416951896997567e-04
6                                     -9.8649170033431207e-05
7                                      1.4233731674873816e-05
8                                      2.3814462807249771e-04
9                                      8.7302248323300167e-05
10                                    -1.2332689995724376e-04
11                                    -3.7248245385350370e-04
12                                    -1.1402231620384829e-05
13                                     1.8073660903226600e-04
14                                     1.5223090073716134e-04
15                                    -1.9852839610516969e-04
16                                     1.2980368335151709e-04
17                                    -8.4684720317798035e-05
18                                     2.6900032756705338e-05
19                                    -6.7261030158314396e-05
20                                     3.8159789367580535e-05
21                                    -1.8725332367151306e-05
22                                    -5.1736787384266503e-04
23                                    -5.5420449741981945e-05
24                                    -2.5811174001628376e-04
25                                    -6.2150664746873452e-05
26                                     4.4003970267219907e-05
27                                     1.0554032370934574e-05
28                                     3.1300210490960081e-04
29                                    -5.7754483296016410e-05
30                                     3.7229206936604327e-04
31                                     1.6658220732707844e-05
32                                    -2.1735953068594886e-04
33                                     1.5039565447686818e-05
34                                     3.4169052126695280e-04
35                                     1.7031140436408600e-04
36                                     3.4847101543700735e-05
37                                     5.0261592321325646e-06
38                                     2.4344968001013255e-05
39                                     6.7553310905273418e-06
40                                     2.2639175892714745e-05
41                                    -3.0764396356237821e-05
42                                     1.1058055228084972e-05
43                                     5.5408738183370694e-06
44                                    -2.5253572519076459e-05
45                                     2.8685579381753614e-05
46                                     8.1170850999579884e-05
47                                     2.7712501074529140e-06
48                                    -5.5920113031801712e-05
49                                     7.9801617148032118e-06
50                                    -4.6350377997214369e-05
51                                    -1.7195194422631424e-05
52                                    -5.2105758294989331e-05
53                                     2.0119951363641608e-05
54                                    -8.4591418302035229e-06
55                                     2.0312280349287531e-05
56                                     5.5569982503573016e-05
57                                     5.7548393663743854e-06
58                                    -1.6918799986139232e-05
59                                    -2.6460530634624159e-05
60                                    -2.3548366907231999e-06
61                                     1.0655074376684030e-05
62                                     1.3811689536760190e-05
63                                    -1.6149416342399952e-05
64                                    -2.1255232946563256e-05
65                                     3.9071600218738141e-05
66                                    -1.7495359794438513e-05
67                                     8.8530376350738735e-05
68                                    -2.4668168439886251e-05
69                                     3.0879678258197369e-05
70                                    -1.1858635263447451e-05
71                                    -5.4183867893896879e-05
72                                     5.1374304392375536e-05
73                                     5.9883106286140637e-05
74                                     4.8564926377982453e-05
75                                    -1.2422675900128629e-05
76                                    -1.1694355765025510e-04
77                                     5.3441222964047418e-05
78                                     5.4226491490637840e-05
79                                    -9.9757306722616504e-05
80                                     1.1962165429583126e-04
81                                    -2.6627547802333566e-05
82                                    -6.3012633909187118e-05
83                                    -9.2642468528770927e-05
   &Method [&Type "String"] "SCF"
   &Level [&Type "String"] "Relaxed density"
   &Mult [&Type "Integer"] 1
   &State [&Type "Integer"] 0
   &Irrep [&Type "Integer"] 0
$End
$Geometry
   &GeometryIndex 12
   &NAtoms [&Type "Integer"] 28
   &NCorelessECP [&Type "Integer"] 0
   &NGhostAtoms [&Type "Integer"] 0
   &CartesianCoordinates [&Type "Coordinates", &Dim(28,4), &Units "Bohr"] 
              C     -4.494288547079   -2.625778944316    2.668254156781
              C     -3.897141418708   -1.780633154377   -0.017791910098
              N     -1.832731979533    0.052455705156   -0.150867622198
              C     -2.523313590405    2.702261514646    0.224874365877
              C     -3.062896483863    4.076744840625   -2.245023740640
              C      0.579869379670   -0.573861683376   -0.631565101602
              C      1.184815973249   -3.342433912136   -0.963132376711
              N      2.244601848893    1.241407356134   -0.820811870772
              P      5.294317646044    1.317926609601   -1.101520276472
              C      6.739752814306    0.528761945621    1.861849060790
              O      6.296124873117    3.653707835408   -2.308767355650
              F      6.132444193688   -1.104247303105   -2.803648756490
              H     -6.108728560186   -3.934484726964    2.659629917228
              H     -4.990374429713   -1.005067817465    3.873241088601
              H     -2.872989338285   -3.598831146821    3.533478503883
              H     -5.565323643923   -0.878461064366   -0.872323819724
              H     -3.457366170394   -3.409811730416   -1.222014811510
              H     -4.197864571260    2.733464239226    1.456347237574
              H     -0.978224310991    3.634210574112    1.247818700684
              H     -3.620617027162    6.042221906380   -1.861154496204
              H     -1.370462023570    4.104210547617   -3.450293628613
              H     -4.609474008029    3.161532998154   -3.293168236665
              H      0.392927844729   -4.030327213301   -2.759156586187
              H      0.372947707635   -4.479573652969    0.569644109748
              H      3.227350416299   -3.641484587853   -1.014691463032
              H      8.800739204448    0.451360448043    1.621569111125
              H      6.268534637204    2.006239274067    3.242835538769
              H      6.047369563819   -1.301508819530    2.556390261507
$End
$SCF_Energy
   &GeometryIndex 12
   &Method [&Type "String"] "SCF"
   &totalEnergy [&Type "ArrayOfDoubles", &Dim (1,1)] "Total energy of each state"
                                                         0

0                                     -9.0173051924217782e+02
   &Mult [&Type "ArrayOfIntegers", &Dim (1,1)] "Multiplicity of each state"
                                                         0

0                                                        1
$End
$DFT_Energy
   &GeometryIndex 12
   &nAlphaEl [&Type "Integer"] 52
   &nBetaEl [&Type "Integer"] 52
   &nTotalEl [&Type "Integer"] 104
   &finalEn [&Type "Double"]      -9.0173051924217782e+02  "No Van der Waals correction"
   &eExchange [&Type "Double"]       0.0000000000000000e+00
   &eCorr [&Type "Double"]       0.0000000000000000e+00
   &eXC [&Type "Double"]      -7.0047211730014851e+01
   &eCNL [&Type "Double"]       0.0000000000000000e+00
$End
$Solvation_Details
   &GeometryIndex 12
   &Solvent [&Type "String"] "WATER"
   &Epsilon [&Type "Double"]       8.0150999999999996e+01
   &Refrac [&Type "Double"]       1.3328000000000000e+00
   &RSolv [&Type "Double"]       1.3000000000000000e+00
   &SurfaceType [&Type "String"] "GAUSSIAN VDW"
   &CPCMDielEnergy [&Type "Double"]      -3.1052277000000000e-02
   &NPoints [&Type "Integer"] 2401
   &SurfaceArea [&Type "Double"]       8.8505187353500003e+02
$End
$SCF_Timings
   &GeometryIndex 12
   &TOTAL [&Type "Double"]       3.5262867000000000e+01
   &PREP [&Type "Double"]       2.1306219999999998e+00
   &FOCK [&Type "Double"]       3.2005988999999992e+01
   &DENS [&Type "Double"]       4.9504600000000210e-01
   &ETOT [&Type "Double"]       2.9940500000000814e-01
   &POP [&Type "Double"]       1.0000000045806701e-06
   &TRAFO [&Type "Double"]       1.3239199999999940e-01
   &DIIS [&Type "Double"]       2.8626299999999993e-01
   &SOSCF [&Type "Double"]       8.2000899999999888e-01
   &XC [&Type "Double"]       7.0915530000000038e+00
   &FOCKSTART [&Type "Double"]       2.1166199999999469e-01
   &SOLV [&Type "Double"]       4.7828030000000057e+00
   &SOLV_INIT [&Type "Double"]       5.4046700000000003e-01
   &SOLV_FINAL [&Type "Double"]       9.9999999747524271e-07
   &INT_PREP [&Type "Double"]       4.9999999998107114e-06
   &INT_BF [&Type "Double"]       4.5826900000001736e-01
   &INT_DENS [&Type "Double"]       2.9108299999998621e-01
   &INT_DENSIO [&Type "Double"]       4.1295954085000085e+04
   &INT_FUNC [&Type "Double"]       1.2331800000002335e-01
   &INT_POT [&Type "Double"]       2.1859500000004317e-01
   &INT_POTIO [&Type "Double"]       5.4313300000000808e-01
   &INT_SUM [&Type "Double"]       1.7739999999966116e-03
   &SPLITRIJ [&Type "Double"]       1.5730649999999917e+00
   &COSX [&Type "Double"]       1.9642477000000003e+01
$End
$VdW_Correction
   &GeometryIndex 12
   &vdW [&Type "Double"]      -1.1441306618911596e-02
$End
$Single_Point_Data
   &GeometryIndex 12
   &FinalEnergy [&Type "Double"]      -9.0174196054879678e+02  "Final single point energy"
   &Converged [&Type "Boolean"] true
$End
$SCF_Nuc_Gradient
   &GeometryIndex 12
   &NAtoms [&Type "Integer"] 28
   &gradNorm [&Type "Double"]       7.6182326026530216e-04
   &grad [&Type "ArrayOfDoubles", &Dim (84,1)] 
                                                         0

0                                     -2.7660239990113600e-05
1                                     -1.1406084171296952e-06
2                                     -5.2905325985797867e-05
3                                     -5.3980313120415584e-05
4                                     -1.9557572948164113e-04
5                                      9.6759414689102786e-05
6                                     -3.8972163096421072e-05
7                                      8.9365556067188493e-05
8                                      1.1732111160138795e-04
9                                     -3.3624413255329251e-05
10                                     1.2645691535256102e-04
11                                    -1.3979126592138344e-04
12                                     5.3339844586504479e-06
13                                     1.6939514364284440e-05
14                                     5.6633057392555563e-05
15                                    -2.6972024695590616e-05
16                                     1.5867102819720172e-04
17                                     5.7141800524291787e-05
18                                     7.3163328218007817e-06
19                                    -4.6736239844400479e-05
20                                    -8.6830928589984535e-05
21                                    -6.1777092149343225e-05
22                                    -4.3466193462806822e-04
23                                    -4.0824149539154877e-05
24                                     3.7789014094303226e-05
25                                     1.8163156633583524e-04
26                                    -1.6772797940349483e-04
27                                     9.4220519261779899e-06
28                                     5.7447967640988448e-05
29                                    -8.6590569895894577e-05
30                                     9.5704936450367978e-05
31                                    -1.1799296134004382e-04
32                                     1.3568732360893449e-05
33                                    -1.7399574853217749e-05
34                                     2.2976197370533415e-04
35                                     1.8050608255206651e-04
36                                     2.9787795253805243e-05
37                                    -1.3186345422398921e-06
38                                    -4.9063204748381418e-05
39                                     1.2019137601107484e-05
40                                    -6.5479960061714326e-06
41                                    -3.2680000988118515e-05
42                                    -2.0192678659955679e-05
43                                     4.2784129811194917e-06
44                                    -6.5439647554320212e-06
45                                     2.8145233871413062e-05
46                                     7.7083603147312782e-05
47                                    -2.8610006107791531e-06
48                                     9.7197154805072987e-06
49                                     1.8969066821822653e-05
50                                    -3.0683187241734098e-05
51                                    -1.2539369706954581e-06
52                                    -4.5243836948819521e-05
53                                     9.8024199074092574e-06
54                                     1.2294810511988066e-05
55                                    -2.1984880418902684e-05
56                                     1.2527002130671477e-05
57                                     1.1685534884483833e-05
58                                    -2.7034938094299546e-05
59                                     3.4743844777265199e-05
60                                    -1.3281241840735328e-05
61                                     1.2902784251371536e-05
62                                     1.5039309302055677e-05
63                                     9.1279324650253761e-06
64                                     1.1955657930621154e-05
65                                     2.6556709520405585e-05
66                                     3.0216112394999473e-05
67                                    -6.6024377560589161e-06
68                                     5.6358492934475581e-06
69                                     1.5271054974219075e-05
70                                    -1.1816772023092837e-05
71                                    -2.5005169811880573e-05
72                                    -1.7084087307148166e-05
73                                     6.5566037046958575e-05
74                                     2.2953085728969830e-05
75                                    -2.7747073909614882e-05
76                                    -1.0405264009951529e-04
77                                     7.2630206568258078e-05
78                                    -1.9397381315165184e-05
79                                    -1.7690406133081486e-05
80                                     1.6002538563314713e-05
81                                     4.5508658468322509e-05
82                                    -1.2629977531426958e-05
83                                    -1.6314490273568630e-05
   &Method [&Type "String"] "SCF"
   &Level [&Type "String"] "Relaxed density"
   &Mult [&Type "Integer"] 1
   &State [&Type "Integer"] 0
   &Irrep [&Type "Integer"] 0
$End
$Geometry
   &GeometryIndex 13
   &NAtoms [&Type "Integer"] 28
   &NCorelessECP [&Type "Integer"] 0
   &NGhostAtoms [&Type "Integer"] 0
   &CartesianCoordinates [&Type "Coordinates", &Dim(28,4), &Units "Bohr"] 
              C     -4.491554244964   -2.623808701656    2.670153766919
              C     -3.896746107543   -1.781297213386   -0.017447477405
              N     -1.833857653055    0.053367242392   -0.152617487148
              C     -2.526148290598    2.702856314144    0.222694852353
              C     -3.062987154901    4.075858128756   -2.248851463140
              C      0.579539443969   -0.571562355523   -0.630845114492
              C      1.185284649198   -3.339944305654   -0.962757435779
              N      2.243557011712    1.244899467091   -0.816457595969
              P      5.293204318230    1.319878735044   -1.098103872313
              C      6.740387913507    0.521061848814    1.861835134846
              O      6.293582902319    3.660559407456   -2.296754808211
              F      6.128301930439   -1.096932600232   -2.809946420212
              H     -6.105310459283   -3.933518928765    2.663878902912
              H     -4.987942609674   -1.002373182155    3.874031576795
              H     -2.869148074386   -3.595204561931    3.535178833028
              H     -5.566280794291   -0.882437371381   -0.872746071184
              H     -3.455120123411   -3.411672663370   -1.219283395415
              H     -4.202113325463    2.733971285965    1.452141852399
              H     -0.982348245997    3.635699444819    1.246749719102
              H     -3.622268449413    6.041326340388   -1.866735473824
              H     -1.368664405809    4.103637845952   -3.451488473468
              H     -4.607417810517    3.159424931075   -3.299083122182
              H      0.386477059174   -4.030722093262   -2.754568003317
              H      0.380127069564   -4.475694866217    0.574730006816
              H      3.227695239913   -3.638401420226   -1.022568002484
              H      8.801375965709    0.447039137235    1.620102322912
              H      6.268600657807    1.995253578836    3.246193264779
              H      6.049773587764   -1.311263406414    2.552563983681
$End
$SCF_Energy
   &GeometryIndex 13
   &Method [&Type "String"] "SCF"
   &totalEnergy [&Type "ArrayOfDoubles", &Dim (1,1)] "Total energy of each state"
                                                         0

0                                     -9.0173052331890779e+02
   &Mult [&Type "ArrayOfIntegers", &Dim (1,1)] "Multiplicity of each state"
                                                         0

0                                                        1
$End
$DFT_Energy
   &GeometryIndex 13
   &nAlphaEl [&Type "Integer"] 52
   &nBetaEl [&Type "Integer"] 52
   &nTotalEl [&Type "Integer"] 104
   &finalEn [&Type "Double"]      -9.0173052331890779e+02  "No Van der Waals correction"
   &eExchange [&Type "Double"]       0.0000000000000000e+00
   &eCorr [&Type "Double"]       0.0000000000000000e+00
   &eXC [&Type "Double"]      -7.0047144466848323e+01
   &eCNL [&Type "Double"]       0.0000000000000000e+00
$End
$Solvation_Details
   &GeometryIndex 13
   &Solvent [&Type "String"] "WATER"
   &Epsilon [&Type "Double"]       8.0150999999999996e+01
   &Refrac [&Type "Double"]       1.3328000000000000e+00
   &RSolv [&Type "Double"]       1.3000000000000000e+00
   &SurfaceType [&Type "String"] "GAUSSIAN VDW"
   &CPCMDielEnergy [&Type "Double"]      -3.1061544000000000e-02
   &NPoints [&Type "Integer"] 2401
   &SurfaceArea [&Type "Double"]       8.8478924143999996e+02
$End
$SCF_Timings
   &GeometryIndex 13
   &TOTAL [&Type "Double"]       2.6290741000000001e+01
   &PREP [&Type "Double"]       2.1049490000000000e+00
   &FOCK [&Type "Double"]       2.3657085999999996e+01
   &DENS [&Type "Double"]       2.9827399999999926e-01
   &ETOT [&Type "Double"]       2.0902699999999808e-01
   &POP [&Type "Double"]       1.0000000010279564e-06
   &TRAFO [&Type "Double"]       6.5511999999998238e-02
   &DIIS [&Type "Double"]       1.1179000000000006e-01
   &SOSCF [&Type "Double"]       5.4773099999999797e-01
   &XC [&Type "Double"]       4.6376239999999997e+00
   &FOCKSTART [&Type "Double"]       1.4985800000000271e-01
   &SOLV [&Type "Double"]       8.3253600000000372e-01
   &SOLV_INIT [&Type "Double"]       5.2729999999999999e-01
   &SOLV_FINAL [&Type "Double"]       1.0000000010279564e-06
   &INT_PREP [&Type "Double"]       3.0000000013075123e-06
   &INT_BF [&Type "Double"]       3.1452699999999467e-01
   &INT_DENS [&Type "Double"]       2.0939900000001987e-01
   &INT_DENSIO [&Type "Double"]       2.2745612524000033e+04
   &INT_FUNC [&Type "Double"]       8.1686000000004810e-02
   &INT_POT [&Type "Double"]       1.7916699999995966e-01
   &INT_POTIO [&Type "Double"]       3.3544600000006142e-01
   &INT_SUM [&Type "Double"]       9.6899999999777719e-04
   &SPLITRIJ [&Type "Double"]       1.0880629999999996e+00
   &COSX [&Type "Double"]       1.6385748000000003e+01
$End
$VdW_Correction
   &GeometryIndex 13
   &vdW [&Type "Double"]      -1.1442767638755742e-02
$End
$Single_Point_Data
   &GeometryIndex 13
   &FinalEnergy [&Type "Double"]      -9.0174196608654654e+02  "Final single point energy"
   &Converged [&Type "Boolean"] true
$End
$SCF_Nuc_Gradient
   &GeometryIndex 13
   &NAtoms [&Type "Integer"] 28
   &gradNorm [&Type "Double"]       5.4190425043981055e-04
   &grad [&Type "ArrayOfDoubles", &Dim (84,1)] 
                                                         0

0                                      4.6721756111121077e-05
1                                      4.8339657250988036e-05
2                                     -3.2957035874520751e-06
3                                     -1.2610072812732607e-04
4                                     -1.6268469811391316e-04
5                                     -5.4041947492143724e-06
6                                      3.7560234691528865e-05
7                                      6.6182518484133541e-05
8                                      4.7804686277438664e-05
9                                     -6.2951229912767780e-05
10                                     1.2907490929918623e-04
11                                     2.0586980207777524e-05
12                                     7.7591802996117797e-06
13                                    -5.0113831678612886e-05
14                                    -8.8551471028026587e-06
15                                    -3.0534296038601757e-06
16                                     1.4233940298577101e-04
17                                     5.7342405987181544e-05
18                                    -2.1609012741567718e-05
19                                    -1.5477910892107609e-05
20                                    -7.6983641132621349e-05
21                                     5.2061567355107775e-05
22                                    -2.4670816115280480e-04
23                                    -3.2741514218415519e-05
24                                     7.1345583990137555e-05
25                                     1.7172146199287286e-04
26                                    -1.3921102209795975e-04
27                                    -1.9304025727774610e-05
28                                    -2.4304722091111355e-05
29                                    -3.9936845505054931e-05
30                                    -5.7816687756453151e-05
31                                    -1.0237763003343944e-04
32                                     8.3785350672257953e-05
33                                    -2.9091310992098715e-05
34                                     8.8505749471373167e-05
35                                     9.0744088976954491e-05
36                                     5.8081721387951370e-06
37                                    -1.2700126544805769e-05
38                                    -5.8049845503539570e-05
39                                     5.3866668330543904e-06
40                                    -2.0423545513428603e-05
41                                    -1.6571885077799070e-05
42                                    -1.9422923575501821e-05
43                                    -5.3237055626681760e-06
44                                    -3.3495675779582294e-06
45                                     1.2720101343783571e-05
46                                     3.2362976469051179e-05
47                                    -7.2842917561173463e-06
48                                     3.2422322512910416e-05
49                                     2.2051646353534696e-05
50                                    -1.5755960833882768e-05
51                                     7.7172979155891512e-06
52                                    -1.7887867940090933e-05
53                                     5.0357607258094483e-06
54                                     2.2717586553482542e-05
55                                    -2.5475545109289720e-05
56                                     5.6320874655902070e-07
57                                     5.8337873018942139e-06
58                                    -5.6231118672752463e-06
59                                     4.9773592549538387e-05
60                                    -9.8336401753854219e-06
61                                     1.4051731102501437e-05
62                                     1.1167138493131470e-05
63                                     1.3584074250897190e-05
64                                     2.3829818153068384e-05
65                                     4.8899223905891882e-06
66                                     3.5889817917900246e-05
67                                    -2.6209672719456373e-05
68                                     2.0604434045916043e-06
69                                    -1.8046235280386614e-06
70                                    -1.1613608546325230e-05
71                                    -1.4768026068004338e-05
72                                    -4.4007690974046305e-06
73                                     4.1582158747418120e-05
74                                    -1.5528000430670478e-06
75                                    -1.2746670532217359e-05
76                                    -5.7302949757109243e-05
77                                     5.0993613072985490e-05
78                                    -2.8353350287396004e-05
79                                     6.3672397907519776e-06
80                                    -1.2483598952740116e-05
81                                     3.8960286236037334e-05
82                                    -2.1820859448267038e-06
83                                     1.1496774533228569e-05
   &Method [&Type "String"] "SCF"
   &Level [&Type "String"] "Relaxed density"
   &Mult [&Type "Integer"] 1
   &State [&Type "Integer"] 0
   &Irrep [&Type "Integer"] 0
$End
$Geometry
   &GeometryIndex 14
   &NAtoms [&Type "Integer"] 28
   &NCorelessECP [&Type "Integer"] 0
   &NGhostAtoms [&Type "Integer"] 0
   &CartesianCoordinates [&Type "Coordinates", &Dim(28,4), &Units "Bohr"] 
              C     -4.490082676972   -2.623580502475    2.671330790697
              C     -3.896731725300   -1.781511359094   -0.016948526185
              N     -1.834769064851    0.053847076438   -0.153315320706
              C     -2.528236205650    2.703063317106    0.221135856701
              C     -3.062017853830    4.075522381161   -2.251550873420
              C      0.579185516269   -0.570058716816   -0.629841391181
              C      1.185424232763   -3.338262629685   -0.961743828668
              N      2.242558638689    1.247444715753   -0.813480807170
              P      5.292177906750    1.321376754711   -1.096001873628
              C      6.741182545309    0.516889400508    1.861532521557
              O      6.292220563879    3.664563670659   -2.290262837380
              F      6.125395830249   -1.092285677290   -2.813710233813
              H     -6.103745661733   -3.933461404486    2.666581828470
              H     -4.985954008323   -1.002007338039    3.875290559141
              H     -2.866971774743   -3.594653809702    3.535455695323
              H     -5.567175774605   -0.884220211155   -0.872058778121
              H     -3.454819260415   -3.412342258282   -1.218076493736
              H     -4.205905677154    2.734065078120    1.448252585019
              H     -0.986187374567    3.636671179989    1.247110791145
              H     -3.622646339042    6.040956305023   -1.871041458923
              H     -1.365822740216    4.103560463356   -3.451587122769
              H     -4.604460376856    3.158130815711   -3.303921042900
              H      0.381973887204   -4.030231605451   -2.751035849800
              H      0.384164616502   -4.473094447694    0.578498440831
              H      3.227671619934   -3.636783401139   -1.026700330930
              H      8.802092677325    0.445324585649    1.617987853811
              H      6.269497012100    1.988233721968    3.248956786529
              H      6.051981467287   -1.317156067051    2.549143060105
$End
$SCF_Mulliken_Population_Analysis
   &GeometryIndex 14
   &NAtoms [&Type "Integer"] 28
   &ATNO [&Type "ArrayOfIntegers", &Dim (28,1)] 
                                                         0

0                                                        6
1                                                        6
2                                                        7
3                                                        6
4                                                        6
5                                                        6
6                                                        6
7                                                        7
8                                                       15
9                                                        6
10                                                       8
11                                                       9
12                                                       1
13                                                       1
14                                                       1
15                                                       1
16                                                       1
17                                                       1
18                                                       1
19                                                       1
20                                                       1
21                                                       1
22                                                       1
23                                                       1
24                                                       1
25                                                       1
26                                                       1
27                                                       1
   &AtomicCharges [&Type "ArrayOfDoubles", &Dim (28,1)] 
                                                         0

0                                     -5.2054860541639769e-02
1                                      3.0659884749606903e-02
2                                     -3.0180143936722637e-01
3                                      7.2727699472002527e-02
4                                     -6.3781311902321391e-02
5                                      7.4397411739580477e-02
6                                     -1.7764560048600941e-02
7                                     -4.5320054034015556e-01
8                                      8.6278168364414753e-01
9                                     -2.4716433385944736e-01
10                                    -5.7975129683833870e-01
11                                    -3.7190560870177158e-01
12                                     5.6876946140300255e-02
13                                     4.8332916691126160e-02
14                                     4.7982191269347219e-02
15                                     6.3511700821770267e-02
16                                     6.4956890241337772e-02
17                                     5.7137022831972528e-02
18                                     4.5908757052641969e-02
19                                     5.2455052856829609e-02
20                                     4.0398599856381057e-02
21                                     4.3290967439862604e-02
22                                     9.8785664262267647e-02
23                                     7.8129916745359074e-02
24                                     6.1736777377233709e-02
25                                     9.7902943964811362e-02
26                                     1.0120561880148160e-01
27                                     8.8245305641335259e-02
   &Method [&Type "String"] "SCF"
   &Level [&Type "String"] "Relaxed density"
   &Mult [&Type "Integer"] 1
   &State [&Type "Integer"] -1
   &Irrep [&Type "Integer"] 0
$End
$SCF_Loewdin_Population_Analysis
   &GeometryIndex 14
   &NAtoms [&Type "Integer"] 28
   &ATNO [&Type "ArrayOfIntegers", &Dim (28,1)] 
                                                         0

0                                                        6
1                                                        6
2                                                        7
3                                                        6
4                                                        6
5                                                        6
6                                                        6
7                                                        7
8                                                       15
9                                                        6
10                                                       8
11                                                       9
12                                                       1
13                                                       1
14                                                       1
15                                                       1
16                                                       1
17                                                       1
18                                                       1
19                                                       1
20                                                       1
21                                                       1
22                                                       1
23                                                       1
24                                                       1
25                                                       1
26                                                       1
27                                                       1
   &AtomicCharges [&Type "ArrayOfDoubles", &Dim (28,1)] 
                                                         0

0                                     -7.0370441340648959e-02
1                                      3.8569483189745846e-02
2                                     -8.6783999004218515e-03
3                                      3.8983518615481216e-02
4                                     -7.1113071342712608e-02
5                                      1.0774099115622704e-01
6                                     -7.5160437347791209e-02
7                                     -4.0430078905018529e-01
8                                      8.8780833821272509e-01
9                                     -2.2852078297123501e-01
10                                    -5.7754029045209165e-01
11                                    -2.7666813198777263e-01
12                                     3.9511343067664906e-02
13                                     3.2271787550919417e-02
14                                     3.0735071136571812e-02
15                                     3.7828261408524799e-02
16                                     3.7422377210799551e-02
17                                     3.2657248606955402e-02
18                                     2.8577341897804032e-02
19                                     3.6842814445880667e-02
20                                     2.7055015640193747e-02
21                                     2.9510174785878251e-02
22                                     6.2476476333352071e-02
23                                     5.2339455998857032e-02
24                                     3.6156720175014034e-02
25                                     5.1961982643750515e-02
26                                     5.4263906871982348e-02
27                                     4.9640035444441288e-02
   &Method [&Type "String"] "SCF"
   &Level [&Type "String"] "Relaxed density"
   &Mult [&Type "Integer"] 1
   &State [&Type "Integer"] -1
   &Irrep [&Type "Integer"] 0
$End
$SCF_Mayer_Population_Analysis
   &GeometryIndex 14
   &NAtoms [&Type "Integer"] 28 "Total number of atoms"
   &NBondOrdersPrint [&Type "Integer"] 27 "The number of bond orders larger than threshold"
   &bondThresh [&Type "Double"]       1.0000000000000001e-01  "The threshold for printing"
   &components [&Type "ArrayOfIntegers", &Dim (27,4)] "The indices and atomic numbers of the bonding atoms"
                                                         0                           1                           2                           3

0                                                        0                           6                           1                           6
1                                                        0                           6                          12                           1
2                                                        0                           6                          13                           1
3                                                        0                           6                          14                           1
4                                                        1                           6                           2                           7
5                                                        1                           6                          15                           1
6                                                        1                           6                          16                           1
7                                                        2                           7                           3                           6
8                                                        2                           7                           5                           6
9                                                        3                           6                           4                           6
10                                                       3                           6                          17                           1
11                                                       3                           6                          18                           1
12                                                       4                           6                          19                           1
13                                                       4                           6                          20                           1
14                                                       4                           6                          21                           1
15                                                       5                           6                           6                           6
16                                                       5                           6                           7                           7
17                                                       6                           6                          22                           1
18                                                       6                           6                          23                           1
19                                                       6                           6                          24                           1
20                                                       7                           7                           8                          15
21                                                       8                          15                           9                           6
22                                                       8                          15                          10                           8
23                                                       8                          15                          11                           9
24                                                       9                           6                          25                           1
25                                                       9                           6                          26                           1
26                                                       9                           6                          27                           1
   &BondOrders [&Type "ArrayOfDoubles", &Dim (27,1)] "The bond orders"
                                                         0

0                                      1.1016482572975888e+00
1                                      9.6886447207102766e-01
2                                      9.6604553242176794e-01
3                                      9.6471629233135092e-01
4                                      9.3273583370812996e-01
5                                      9.4869941309275740e-01
6                                      9.4737677990483571e-01
7                                      9.2785891247567875e-01
8                                      1.3201968570054450e+00
9                                      1.1066176119727824e+00
10                                     9.5045308041248022e-01
11                                     9.4243330008234927e-01
12                                     9.7170938329318912e-01
13                                     9.6740284873866544e-01
14                                     9.6847733597345709e-01
15                                     1.0715419078227366e+00
16                                     1.5422670805721042e+00
17                                     9.4263562701339898e-01
18                                     9.4071088955281768e-01
19                                     9.3914252685702082e-01
20                                     1.2156579254875746e+00
21                                     1.0332174353747465e+00
22                                     1.8815380679836131e+00
23                                     8.6667760061728938e-01
24                                     9.5028599241673772e-01
25                                     9.4963048259198557e-01
26                                     9.4667614877496875e-01
   &ATNO [&Type "ArrayOfIntegers", &Dim (28,1)] "Atomic number of the elements"
                                                         0

0                                                        6
1                                                        6
2                                                        7
3                                                        6
4                                                        6
5                                                        6
6                                                        6
7                                                        7
8                                                       15
9                                                        6
10                                                       8
11                                                       9
12                                                       1
13                                                       1
14                                                       1
15                                                       1
16                                                       1
17                                                       1
18                                                       1
19                                                       1
20                                                       1
21                                                       1
22                                                       1
23                                                       1
24                                                       1
25                                                       1
26                                                       1
27                                                       1
   &NA [&Type "ArrayOfDoubles", &Dim (28,1)] "Mulliken gross atomic population"
                                                         0

0                                      6.0520548605416424e+00
1                                      5.9693401152503904e+00
2                                      7.3018014393672281e+00
3                                      5.9272723005279975e+00
4                                      6.0637813119023241e+00
5                                      5.9256025882604177e+00
6                                      6.0177645600486018e+00
7                                      7.4532005403401502e+00
8                                      1.4137218316355849e+01
9                                      6.2471643338594509e+00
10                                     8.5797512968383369e+00
11                                     9.3719056087017698e+00
12                                     9.4312305385969963e-01
13                                     9.5166708330887384e-01
14                                     9.5201780873065256e-01
15                                     9.3648829917822907e-01
16                                     9.3504310975866212e-01
17                                     9.4286297716802747e-01
18                                     9.5409124294735759e-01
19                                     9.4754494714317050e-01
20                                     9.5960140014361905e-01
21                                     9.5670903256013717e-01
22                                     9.0121433573773257e-01
23                                     9.2187008325464137e-01
24                                     9.3826322262276651e-01
25                                     9.0209705603518886e-01
26                                     8.9879438119851818e-01
27                                     9.1175469435866496e-01
   &ZA [&Type "ArrayOfDoubles", &Dim (28,1)] "Total nuclear charge"
                                                         0

0                                      6.0000000000000000e+00
1                                      6.0000000000000000e+00
2                                      7.0000000000000000e+00
3                                      6.0000000000000000e+00
4                                      6.0000000000000000e+00
5                                      6.0000000000000000e+00
6                                      6.0000000000000000e+00
7                                      7.0000000000000000e+00
8                                      1.5000000000000000e+01
9                                      6.0000000000000000e+00
10                                     8.0000000000000000e+00
11                                     9.0000000000000000e+00
12                                     1.0000000000000000e+00
13                                     1.0000000000000000e+00
14                                     1.0000000000000000e+00
15                                     1.0000000000000000e+00
16                                     1.0000000000000000e+00
17                                     1.0000000000000000e+00
18                                     1.0000000000000000e+00
19                                     1.0000000000000000e+00
20                                     1.0000000000000000e+00
21                                     1.0000000000000000e+00
22                                     1.0000000000000000e+00
23                                     1.0000000000000000e+00
24                                     1.0000000000000000e+00
25                                     1.0000000000000000e+00
26                                     1.0000000000000000e+00
27                                     1.0000000000000000e+00
   &QA [&Type "ArrayOfDoubles", &Dim (28,1)] "Mulliken gross atomic charge"
                                                         0

0                                     -5.2054860541642434e-02
1                                      3.0659884749609567e-02
2                                     -3.0180143936722814e-01
3                                      7.2727699472002527e-02
4                                     -6.3781311902324056e-02
5                                      7.4397411739582253e-02
6                                     -1.7764560048601830e-02
7                                     -4.5320054034015023e-01
8                                      8.6278168364415109e-01
9                                     -2.4716433385945091e-01
10                                    -5.7975129683833693e-01
11                                    -3.7190560870176981e-01
12                                     5.6876946140300366e-02
13                                     4.8332916691126160e-02
14                                     4.7982191269347441e-02
15                                     6.3511700821770933e-02
16                                     6.4956890241337883e-02
17                                     5.7137022831972528e-02
18                                     4.5908757052642413e-02
19                                     5.2455052856829498e-02
20                                     4.0398599856380946e-02
21                                     4.3290967439862826e-02
22                                     9.8785664262267425e-02
23                                     7.8129916745358630e-02
24                                     6.1736777377233487e-02
25                                     9.7902943964811140e-02
26                                     1.0120561880148182e-01
27                                     8.8245305641335037e-02
   &VA [&Type "ArrayOfDoubles", &Dim (28,1)] "Mayer's total valence"
                                                         0

0                                      3.9921005751404417e+00
1                                      4.0378865218839630e+00
2                                      3.2518198730225922e+00
3                                      4.0103672284321741e+00
4                                      4.0121806203722494e+00
5                                      4.1083757812963686e+00
6                                      3.9520478757314241e+00
7                                      2.9546284195878916e+00
8                                      5.1681010852039506e+00
9                                      3.9184399755813679e+00
10                                     1.9687937165136926e+00
11                                     9.8173658050325274e-01
12                                     9.8897133816655791e-01
13                                     9.9630590924250051e-01
14                                     9.9712867537740946e-01
15                                     9.8423411618774659e-01
16                                     9.9200849799162560e-01
17                                     9.8509585333408045e-01
18                                     1.0106806711531315e+00
19                                     9.8903584349707430e-01
20                                     1.0062864129297382e+00
21                                     9.9417204652138280e-01
22                                     9.8974952654881199e-01
23                                     9.9706878968333612e-01
24                                     1.0296690334566045e+00
25                                     9.9387542481978342e-01
26                                     9.9079373525297221e-01
27                                     9.9376978803248217e-01
   &BVA [&Type "ArrayOfDoubles", &Dim (28,1)] "Mayer's bonded valence"
                                                         0

0                                      3.9921005751404524e+00
1                                      4.0378865218839879e+00
2                                      3.2518198730226082e+00
3                                      4.0103672284322327e+00
4                                      4.0121806203723027e+00
5                                      4.1083757812963695e+00
6                                      3.9520478757314188e+00
7                                      2.9546284195879187e+00
8                                      5.1681010852039009e+00
9                                      3.9184399755813852e+00
10                                     1.9687937165136535e+00
11                                     9.8173658050320789e-01
12                                     9.8897133816655780e-01
13                                     9.9630590924250784e-01
14                                     9.9712867537741345e-01
15                                     9.8423411618775081e-01
16                                     9.9200849799162893e-01
17                                     9.8509585333410021e-01
18                                     1.0106806711531373e+00
19                                     9.8903584349708540e-01
20                                     1.0062864129297489e+00
21                                     9.9417204652140267e-01
22                                     9.8974952654881665e-01
23                                     9.9706878968332802e-01
24                                     1.0296690334566050e+00
25                                     9.9387542481979463e-01
26                                     9.9079373525297210e-01
27                                     9.9376978803248350e-01
   &FA [&Type "ArrayOfDoubles", &Dim (28,1)] "Mayer's free valence"
                                                         0

0                                      0.0000000000000000e+00
1                                      0.0000000000000000e+00
2                                      0.0000000000000000e+00
3                                      0.0000000000000000e+00
4                                      0.0000000000000000e+00
5                                      0.0000000000000000e+00
6                                      0.0000000000000000e+00
7                                      0.0000000000000000e+00
8                                      0.0000000000000000e+00
9                                      0.0000000000000000e+00
10                                     0.0000000000000000e+00
11                                     0.0000000000000000e+00
12                                     0.0000000000000000e+00
13                                     0.0000000000000000e+00
14                                     0.0000000000000000e+00
15                                     0.0000000000000000e+00
16                                     0.0000000000000000e+00
17                                     0.0000000000000000e+00
18                                     0.0000000000000000e+00
19                                     0.0000000000000000e+00
20                                     0.0000000000000000e+00
21                                     0.0000000000000000e+00
22                                     0.0000000000000000e+00
23                                     0.0000000000000000e+00
24                                     0.0000000000000000e+00
25                                     0.0000000000000000e+00
26                                     0.0000000000000000e+00
27                                     0.0000000000000000e+00
   &Method [&Type "String"] "SCF"
   &Level [&Type "String"] "Relaxed density"
   &Mult [&Type "Integer"] 1
   &State [&Type "Integer"] -1
   &Irrep [&Type "Integer"] 0
$End
$SCF_Energy
   &GeometryIndex 14
   &Method [&Type "String"] "SCF"
   &totalEnergy [&Type "ArrayOfDoubles", &Dim (1,1)] "Total energy of each state"
                                                         0

0                                     -9.0173052644104587e+02
   &Mult [&Type "ArrayOfIntegers", &Dim (1,1)] "Multiplicity of each state"
                                                         0

0                                                        1
$End
$DFT_Energy
   &GeometryIndex 14
   &nAlphaEl [&Type "Integer"] 52
   &nBetaEl [&Type "Integer"] 52
   &nTotalEl [&Type "Integer"] 104
   &finalEn [&Type "Double"]      -9.0173052644104587e+02  "No Van der Waals correction"
   &eExchange [&Type "Double"]       0.0000000000000000e+00
   &eCorr [&Type "Double"]       0.0000000000000000e+00
   &eXC [&Type "Double"]      -7.0047021175321561e+01
   &eCNL [&Type "Double"]       0.0000000000000000e+00
$End
$Solvation_Details
   &GeometryIndex 14
   &Solvent [&Type "String"] "WATER"
   &Epsilon [&Type "Double"]       8.0150999999999996e+01
   &Refrac [&Type "Double"]       1.3328000000000000e+00
   &RSolv [&Type "Double"]       1.3000000000000000e+00
   &SurfaceType [&Type "String"] "GAUSSIAN VDW"
   &CPCMDielEnergy [&Type "Double"]      -3.1076172999999999e-02
   &NPoints [&Type "Integer"] 2401
   &SurfaceArea [&Type "Double"]       8.8463162346700005e+02
$End
$SCF_Timings
   &GeometryIndex 14
   &TOTAL [&Type "Double"]       2.6050974000000000e+01
   &PREP [&Type "Double"]       2.0579640000000001e+00
   &FOCK [&Type "Double"]       2.0881193000000003e+01
   &DENS [&Type "Double"]       3.3872300000000166e-01
   &ETOT [&Type "Double"]       2.0445500000000028e-01
   &POP [&Type "Double"]       2.8924699999999959e-01
   &TRAFO [&Type "Double"]       8.0296000000000589e-02
   &DIIS [&Type "Double"]       1.1108299999999982e-01
   &SOSCF [&Type "Double"]       5.4517199999999910e-01
   &XC [&Type "Double"]       4.6162039999999989e+00
   &FOCKSTART [&Type "Double"]       1.5619300000000180e-01
   &SOLV [&Type "Double"]       3.2084490000000017e+00
   &SOLV_INIT [&Type "Double"]       5.1320999999999994e-01
   &SOLV_FINAL [&Type "Double"]       9.9999999747524271e-07
   &INT_PREP [&Type "Double"]       3.0000000004193339e-06
   &INT_BF [&Type "Double"]       3.2180500000001366e-01
   &INT_DENS [&Type "Double"]       2.2104000000001722e-01
   &INT_DENSIO [&Type "Double"]       1.8770945765000015e+04
   &INT_FUNC [&Type "Double"]       8.3804000000019307e-02
   &INT_POT [&Type "Double"]       1.8972299999994657e-01
   &INT_POTIO [&Type "Double"]       3.4667600000006082e-01
   &INT_SUM [&Type "Double"]       4.2400000000553106e-04
   &SPLITRIJ [&Type "Double"]       1.0805529999999974e+00
   &COSX [&Type "Double"]       1.3719535000000006e+01
$End
$VdW_Correction
   &GeometryIndex 14
   &vdW [&Type "Double"]      -1.1443707311138123e-02
$End
$Single_Point_Data
   &GeometryIndex 14
   &FinalEnergy [&Type "Double"]      -9.0174197014835704e+02  "Final single point energy"
   &Converged [&Type "Boolean"] true
$End
$SCF_Dipole_Moment
   &GeometryIndex 14
   &dipoleMagnitude [&Type "Double", &Units "a.u."]       4.2954447833120399e+00
   &dipoleElecContrib [&Type "ArrayOfDoubles", &Dim (3,1)] "Electronic contribution"
                                                         0

0                                      1.9780595578990948e+01
1                                      2.6558648384067878e+00
2                                     -7.4676150313017473e+00
   &dipoleNucContrib [&Type "ArrayOfDoubles", &Dim (3,1)] "Nuclear contribution"
                                                         0

0                                     -2.2833880968091119e+01
1                                     -5.0332355599636411e+00
2                                      9.3321264073663386e+00
   &dipoleTotal [&Type "ArrayOfDoubles", &Dim (3,1)] "Total"
                                                         0

0                                     -3.0532853891001714e+00
1                                     -2.3773707215568534e+00
2                                      1.8645113760645913e+00
   &doAtomicDipole [&Type "Boolean"] false
   &Method [&Type "String"] "SCF"
   &Level [&Type "String"] "Relaxed density"
   &Mult [&Type "Integer"] 1
   &State [&Type "Integer"] -1
   &Irrep [&Type "Integer"] 0
$End
$THERMOCHEMISTRY_Energies
   &GeometryIndex 14
   &temperature [&Type "Double"]       2.9814999999999998e+02
   &pressure [&Type "Double"]       1.0000000000000000e+00
   &totalMass [&Type "Double"]       1.9419000000000005e+02
   &spinDegeneracy [&Type "Integer"] 1
   &elEnergy [&Type "Double"]      -9.0174197014835704e+02
   &transEnergy [&Type "Double"]       1.4162714244859817e-03
   &rotEnergy [&Type "Double"]       1.4162714244859817e-03
   &vibEnergy [&Type "Double"]       1.2314148461505268e-02
   &numOfFreqs [&Type "Integer"] 84
   &freqScalingFactor [&Type "Double"]       1.0000000000000000e+00
   &FREQ [&Type "ArrayOfDoubles", &Units "cm^-1", &Dim (84,1)] 
                                                         0

0                                      0.0000000000000000e+00
1                                      0.0000000000000000e+00
2                                      0.0000000000000000e+00
3                                      0.0000000000000000e+00
4                                      0.0000000000000000e+00
5                                      0.0000000000000000e+00
6                                      2.7035485227018228e+01
7                                      4.4544653385744923e+01
8                                      7.0866744929543714e+01
9                                      9.1577057126998781e+01
10                                     1.1197635594195282e+02
11                                     1.3383392039811039e+02
12                                     1.4434040443437451e+02
13                                     1.6599157688287491e+02
14                                     1.8835424788753221e+02
15                                     2.2362662418536522e+02
16                                     2.2915492442927692e+02
17                                     2.6146292394230039e+02
18                                     2.7596029912022072e+02
19                                     2.8999490594874806e+02
20                                     3.3806442398502702e+02
21                                     3.4999348901757099e+02
22                                     3.8554237815448255e+02
23                                     4.3536623575668716e+02
24                                     4.5502858353323830e+02
25                                     4.5861709162805630e+02
26                                     5.4025088930331515e+02
27                                     5.5413294193557113e+02
28                                     6.3033568500298168e+02
29                                     7.1591026320723097e+02
30                                     7.4445994086467852e+02
31                                     7.8784897761465152e+02
32                                     7.8965557163898814e+02
33                                     7.9660079193454044e+02
34                                     8.4834052540261769e+02
35                                     8.9726010855019069e+02
36                                     9.0453372963577226e+02
37                                     9.5590579637610415e+02
38                                     1.0039387919586178e+03
39                                     1.0398389204600323e+03
40                                     1.0616524546449562e+03
41                                     1.0915770749674236e+03
42                                     1.1036349198479620e+03
43                                     1.1097608274449419e+03
44                                     1.1199770246248968e+03
45                                     1.1974518013730672e+03
46                                     1.2627968500824827e+03
47                                     1.2770072917627549e+03
48                                     1.3171990087619961e+03
49                                     1.3204432827622700e+03
50                                     1.3463566024572599e+03
51                                     1.3731859252924448e+03
52                                     1.3825915870770721e+03
53                                     1.3877163249924670e+03
54                                     1.4097329569349440e+03
55                                     1.4116353689215132e+03
56                                     1.4165633730950217e+03
57                                     1.4181798302028658e+03
58                                     1.4442361477922866e+03
59                                     1.4490664222304836e+03
60                                     1.4500267825366805e+03
61                                     1.4543980466800251e+03
62                                     1.4574465755444298e+03
63                                     1.4654779444452072e+03
64                                     1.4719721989785760e+03
65                                     1.4863485390189908e+03
66                                     1.5788674133224895e+03
67                                     1.6588914411758533e+03
68                                     3.0634748188640897e+03
69                                     3.0646510160839262e+03
70                                     3.0795093131501585e+03
71                                     3.0921734888251176e+03
72                                     3.1015893161287249e+03
73                                     3.1066857804416131e+03
74                                     3.1606472384188232e+03
75                                     3.1613086892757810e+03
76                                     3.1714756232693585e+03
77                                     3.1715211666301925e+03
78                                     3.1796709435954176e+03
79                                     3.1807016172395415e+03
80                                     3.1856695541864156e+03
81                                     3.2014625857689252e+03
82                                     3.2026851187306343e+03
83                                     3.2431523075106570e+03
   &zpe [&Type "Double"]       2.3734159467251392e-01
   &innerEnergyU [&Type "Double"]      -9.0148948186237408e+02
   &enthalpyH [&Type "Double"]      -9.0148853765333183e+02
   &qEl [&Type "Double"]       0.0000000000000000e+00
   &qRot [&Type "Double"]       1.4992735584169692e-02
   &qVib [&Type "Double"]       2.1975944837267180e-02
   &qTrans [&Type "Double"]       1.9811174550335823e-02
   &entropyS [&Type "Double"]       5.6779854971772695e-02
   &freeEnergyG [&Type "Double"]      -9.0154531750830358e+02
   &isLinear [&Type "Boolean"] false
$End
$Hessian
   &GeometryIndex 14
   &HESSIAN [&Type "ArrayOfDoubles", &Dim (84,84)] "The Hessian"
                                                         0                           1                           2                           3                           4                           5                           6                           7

0                                      5.9199899938623901e-01        -3.1245526015441427e-03         2.2684841032249718e-02        -8.1211048633083635e-02        -1.2929218324765103e-04         1.6915230365600501e-02        -1.7738710848966284e-02        -1.6306443425748929e-02
1                                     -3.1245526015441427e-03         5.8366865762239062e-01         2.7112505364279636e-02        -5.2574756564536043e-04        -9.0083436848042639e-02         3.0526011797023116e-02        -1.6965713988697867e-02        -1.1796049802384044e-02
2                                      2.2684841032249718e-02         2.7112505364279636e-02         5.1291497020148735e-01         2.1225241889689092e-02         3.3359964204825107e-02        -2.1172239121425548e-01         5.2492544492910367e-03         5.9703198562962786e-03
3                                     -8.1211048633083635e-02        -5.2574756564536043e-04         2.1225241889689092e-02         5.6356684496887621e-01        -7.6717175090840778e-02         1.7496939420008663e-02        -1.6767027568265164e-01        -6.1554913288118393e-02
4                                     -1.2929218324765103e-04        -9.0083436848042639e-02         3.3359964204825107e-02        -7.6717175090840778e-02         5.9752467624436645e-01         4.4098784795876561e-02        -5.2939278711543303e-02        -1.6627219940218238e-01
5                                      1.6915230365600501e-02         3.0526011797023116e-02        -2.1172239121425548e-01         1.7496939420008663e-02         4.4098784795876561e-02         5.3936984757579054e-01         1.2117538746307471e-02        -4.0769694175910205e-03
6                                     -1.7738710848966284e-02        -1.6965713988697867e-02         5.2492544492910367e-03        -1.6767027568265164e-01        -5.2939278711543303e-02         1.2117538746307471e-02         7.7370962996611459e-01        -9.6040757888176936e-03
7                                     -1.6306443425748929e-02        -1.1796049802384044e-02         5.9703198562962786e-03        -6.1554913288118393e-02        -1.6627219940218238e-01        -4.0769694175910205e-03        -9.6040757888176936e-03         6.3954535626626863e-01
8                                      2.9103782524925365e-02         2.3822699044548340e-02         4.5667228501017863e-03         9.4993828956265094e-03        -2.8516985444730671e-03        -6.2626668080924999e-02        -1.1055990141134472e-01         4.2665266857299058e-02
9                                     -1.0730771110628572e-03        -5.4080123444043954e-04        -7.9017447637939019e-04         1.0221155723308914e-02        -2.1553343112549476e-02        -6.3114661934211896e-03        -1.1348764082179232e-01         2.5430176639478302e-02
10                                     1.6081097188143925e-03         1.0337493207262134e-03         2.0747122915254664e-04        -4.2843281697927602e-03        -2.5987818476593219e-02        -4.6077646464100369e-03         1.7745434805583778e-02        -2.0914715897611630e-01
11                                     8.8083499483451364e-04         1.2065689845449637e-03        -2.5835096110647182e-04        -2.9069212362748459e-03        -2.9575749640981383e-03        -2.1796770645208900e-03         7.0695288916473031e-03        -1.8272909132467218e-02
12                                    -2.8823587425182531e-05         6.7142507748608758e-05         1.6005449668609470e-04        -7.5203725254258981e-04        -2.8027615472477811e-04         1.1200830242654011e-04        -2.6161218094622272e-03         1.0179501935521263e-02
13                                    -2.9668778817510343e-04        -1.9307095111036537e-04        -6.0889209786617175e-05         2.7578914127565526e-03         5.1229130268100765e-04         8.3592977557122271e-04         1.5319514103458606e-02        -3.4908439474091127e-02
14                                    -1.9109800969983100e-04        -4.5854721601456226e-05        -2.8557321581558297e-04         1.1993932329653668e-03        -3.4999672399709317e-04        -4.4874768385249242e-04         2.0227884887331227e-03         9.7162777706174402e-04
15                                     5.4951295920462086e-03         5.3563654493294661e-03         1.8788689432244010e-03        -3.7433984960823910e-02        -1.3555797128331354e-02         4.6072338849928885e-04        -3.4361380207702275e-01         6.7560316369761869e-02
16                                    -2.0300447204638777e-03        -1.3970769241046710e-03        -7.6550711204868968e-05        -1.9490224659037561e-02         1.2998158933969503e-02         4.4001718561934456e-03         8.9434187730174142e-02        -1.6595997989063463e-01
17                                     1.6754200248101096e-03         1.8810077418297648e-06        -3.9402940871009241e-04         1.2987162855670736e-03         5.3291645264913548e-03        -5.7880492964224005e-03         5.5682795405568690e-02        -2.1022237786497242e-02
18                                     1.0280415449227592e-04         9.1917176264498393e-05        -1.5304715120098740e-04        -3.2453737797789066e-03         2.2883642983774159e-03        -1.2373690555160088e-03        -9.2116409436882023e-03         3.6999311400473231e-02
19                                    -1.2024309900729880e-04         3.3004684767672468e-04        -4.6224315078282827e-04        -5.1840751808611592e-04        -8.5942316426344811e-04         9.8456948515102095e-04         1.3332501652023807e-02        -1.1568154407488457e-02
20                                     9.0911048622629737e-05         7.6711851639458400e-04        -1.9705091247866418e-04        -3.1387842235149809e-04        -1.3155210066835147e-03        -2.7691564266235278e-03         5.4169866944154899e-03        -8.1871218373204199e-03
21                                    -4.1646740736446079e-03        -3.2590932864982997e-03        -2.4699648134010209e-03         6.9609069798551269e-03         1.4660720548451987e-02         3.3357037336548805e-03        -1.1286464829809817e-01        -3.3482421323228824e-02
22                                    -1.8474743456651612e-03        -1.3594553875418132e-03        -1.4128673802522771e-03         5.4420975949084497e-03         5.2142475091630936e-03         8.6419807784330737e-04        -4.6083277670748282e-02         1.3763074351042192e-02
23                                    -1.9678406642083463e-04         3.7149824527914091e-05         1.8654895700232258e-04        -1.0966570422148874e-04        -3.1765763065612204e-03         3.8420196958982343e-03         2.1429389275605101e-02         5.2945722943556857e-03
24                                     1.9926736660366780e-03         1.6863970949632663e-03         1.4627949711257455e-03        -6.0880528509904813e-03        -7.5362941031652175e-03         2.1220524330058636e-04         4.2695151244425134e-02        -8.2179984274798785e-03
25                                     1.6180249026856054e-04         1.2384013234598243e-04         6.0411354604441095e-05        -3.8417751030835333e-04        -6.6369855198984343e-05        -3.0982178858828403e-04         2.7394239327664235e-03        -1.5958314385535117e-03
26                                    -9.6126024442607825e-04        -6.9189292729727840e-04        -3.0404696192666959e-04         2.0002042488740410e-03         6.4953488562271536e-04         3.0593265741368789e-03        -6.0561539934843849e-03         6.3775142197929340e-04
27                                    -5.3856839413707444e-04        -4.2255924742989778e-04        -2.7247325684676772e-04         1.2474173055374484e-03         1.2461821357907115e-03         8.5208237519447596e-04        -7.6346005539085762e-03         2.4066724414308863e-05
28                                    -2.0735097600127372e-06        -6.6440231395532205e-06         5.0890801147728665e-06         2.8819548816038496e-06         1.8693340395872803e-05        -8.2782629495294102e-06        -1.6659567010036323e-04        -2.6718062631816926e-05
29                                     8.1567948583439784e-05         6.7976736089920571e-05         2.9921006439175555e-05        -2.0408694529618548e-04        -1.0547189467952452e-04        -2.1408059743674250e-04         1.0772037526921032e-03        -1.5442301817691274e-04
30                                    -3.1614436759532964e-04        -2.7699330750958427e-04        -2.6872787860576211e-04         9.0818564108706889e-04         1.7318654936685732e-03        -4.2036630407760249e-04        -7.6429035703064986e-03        -5.0216722985937674e-06
31                                    -2.0874473528144339e-04        -1.7580206581120140e-04        -1.7307293388587193e-04         5.0064711352078121e-04         1.0464881732329761e-03        -1.6536354108989156e-04        -5.0178158660804089e-03        -2.3725930019053430e-04
32                                     1.4375172615871490e-04         1.0339034221110908e-04         6.3008721230574643e-05        -2.8455150351238301e-04        -2.8991616779111914e-04        -3.1852595690594197e-04         1.1603737578133174e-03         6.3673078359270988e-05
33                                    -2.2832246135111675e-04        -2.0032441268952447e-04        -1.9946705978744528e-04         6.5574652013855475e-04         1.3508440795233201e-03        -4.3476358485634604e-04        -6.6196730404882278e-03         3.3813746840086537e-04
34                                     1.7803432230319285e-04         1.5592676924693256e-04         1.1950797202682180e-04        -4.0312624077482501e-04        -9.9831096780775134e-04         1.5479429830268408e-04         4.8214426258288501e-03         6.4251056723832619e-04
35                                     1.6833992134185062e-04         1.3898575777800392e-04         1.0622461211989533e-04        -4.0024425830228517e-04        -6.9221432676015075e-04        -1.8847692452369645e-07         3.2666988426978266e-03         1.5897411260141570e-06
36                                    -2.1681391996524554e-01        -1.3820271356274277e-01        -2.2559331687718150e-03        -4.0995979557229990e-03        -1.2872303584779698e-03        -2.5631221739434787e-03        -4.3498270299943340e-04        -5.4000239159133177e-04
37                                    -1.3792727894471651e-01        -1.5779699100281863e-01        -1.0586530095777437e-03        -4.3667747509267135e-03        -5.3138386743769219e-03        -3.0560768083518208e-03        -2.1251579109735162e-03         7.9970690675918756e-05
38                                    -4.6880089874424902e-03        -3.2173342868761796e-03        -4.7220092137146258e-02         2.2588377130870859e-02         1.7903199720118716e-02         4.1528993209060993e-03         4.8558152372440624e-03         2.5981760531349467e-03
39                                    -6.2802588213711319e-02         5.2948836449605338e-02         3.6952297465718556e-02        -2.7489911614720945e-03         4.2061972567097672e-03         3.4599765676753989e-03         5.4755086945198670e-04         1.0199538110231487e-03
40                                     5.2582113732205532e-02        -2.2115042097027715e-01        -1.2555542364910582e-01        -3.5368166890998370e-03         9.5777710384941182e-03         8.0015026736924705e-03         9.1381840562164592e-04         7.2497460244660213e-04
41                                     3.7508185255226617e-02        -1.2374271323606192e-01        -1.3600665841810752e-01         6.4763134838497381e-03        -2.5822456577959868e-02        -1.7693065275445986e-02        -9.5821229477801965e-04        -4.6906868573352032e-04
42                                    -2.2103771693661045e-01         1.0299098091237138e-01        -8.9168418588771267e-02         6.4225844830990446e-03        -5.7017873369191998e-03         4.8767608921848685e-03         2.0330762130954688e-03         3.7460525782679645e-04
43                                     1.0296198661554991e-01        -1.0766956924930834e-01         5.1638882147120091e-02         5.9758210976254651e-03        -4.7636586306163339e-03         3.1269717879640032e-03         7.5481919578597239e-04         5.1426767055392847e-04
44                                    -8.7206510964517370e-02         5.1977390120835701e-02        -9.1382795769062608e-02        -2.6285404620073310e-02         1.4178802887060145e-02        -1.2876354343281306e-02        -7.7011324566829235e-05        -1.4835977200592099e-03
45                                     7.4963192523961617e-03        -3.8187847902102431e-03         3.7815105469027402e-03        -2.1938000862278603e-01         9.5802784124370766e-02        -8.7819564003332462e-02        -3.0267190647488569e-02         6.9174080432414693e-03
46                                     6.5667427207229479e-03        -3.5001553970068723e-03         2.3793329540921521e-03         1.0541261237642055e-01        -1.0647263761415218e-01         5.0067317406093374e-02        -2.8762916646403854e-02         7.7552321256178641e-03
47                                    -2.4385702760794128e-02         1.5621115326243660e-02        -1.3425859316521569e-02        -8.8020029346817463e-02         4.8628147233370250e-02        -9.2662357367792159e-02         1.8628122317543329e-03        -2.3606192089656894e-03
48                                    -9.3072860777179255e-04         4.4068048807462557e-03         2.3713378217721094e-03        -6.5610406397280760e-02         5.7165669486703874e-02         4.0475991007814544e-02         2.7581016742515077e-03        -2.6471625473467660e-02
49                                    -2.8736384205412515e-03         1.0319528252054865e-02         7.5614577301530254e-03         4.7222560601849220e-02        -2.2178126127909661e-01        -1.2674375125834331e-01         1.9201070640425619e-03        -2.1082740599853298e-02
50                                     8.3790996106944439e-03        -2.3660940954592147e-02        -1.7290434103988429e-02         3.6414077209058010e-02        -1.2859680833040754e-01        -1.4170909847712523e-01        -2.3253566482001470e-03         3.3499454921316705e-03
51                                     4.3206811959054219e-04        -1.2485559782044473e-04         1.9633287472181496e-06        -6.4855845323414014e-04        -2.1352446319402511e-03        -8.1566918859795625e-04        -7.7354710533115937e-03         1.5912396773256413e-03
52                                     3.6258442254751965e-04        -8.0875045892245647e-04         7.1845813060367907e-05         1.7570522202095340e-03         1.6080848797019650e-04        -9.1978097455515232e-04         3.4955387236164995e-02        -9.7737521920125102e-03
53                                    -3.9574121084127875e-04         3.8632197897738594e-04         3.0296718502273283e-04         7.5840646307580740e-04         5.4310381141364121e-04         5.1794708450536987e-04         4.6441057288431125e-03        -2.9354065241935581e-03
54                                     1.8498705028322654e-05        -1.2846495664585716e-05        -2.3074591431447315e-04        -1.2061734758669613e-04         7.7218823874026718e-04        -1.8647400864969669e-04         7.9142012463685376e-03         4.0031858070280202e-03
55                                    -2.8365583648868199e-05         1.2887372831244936e-04        -1.4817876767672674e-04         3.1615900704946446e-03        -3.3549678428910421e-03        -3.5040956143279614e-03        -2.1675646043844407e-02        -2.4967934425352504e-02
56                                     1.5033780172654551e-05         5.8998229341984172e-05         1.6788398475162952e-04         6.9007819319292932e-04         4.1158815155925696e-04        -5.3837182391156197e-04        -2.2207838266024150e-04        -4.0994769074698392e-03
57                                     1.1154940377378533e-04         6.2829443925996404e-05         1.1902495469059737e-05        -1.8324346143171267e-04         8.7200969774112880e-05        -1.3919688149971525e-04         3.6779159286160943e-04         8.3116624575059125e-04
58                                    -8.9989033684704801e-05        -5.3960530271814474e-05        -3.5463583245590261e-05         7.8460330482596984e-04         4.4225782048044567e-04        -6.0076590823976628e-05         2.5589543592245516e-03        -2.4757447086808382e-03
59                                     1.0222803648037522e-04         6.5533876903149131e-05         6.0563105877210424e-05        -8.4701185700787791e-04        -8.5326204679329627e-05        -3.8661152881000314e-05        -3.2938181180852443e-03         5.5033428623111457e-03
60                                     2.3147777169454409e-05        -3.6546957072589256e-05        -2.7340984000441153e-05        -3.9380438126618880e-06         3.4427811555829606e-05         5.0462132454220463e-05         3.2455106140911365e-04        -7.3445482164172628e-04
61                                     6.3287947179861337e-05         2.6577951247459776e-06         1.8970119746487157e-05        -2.5911122222633040e-04        -7.4059351614554249e-05         5.0538256077029803e-05        -8.8236981448861569e-04         1.5098933217757623e-03
62                                    -1.2142016650644818e-05        -8.4233775892236302e-05        -3.4438034732489425e-05        -9.0337901857632681e-05        -7.3453256958497845e-05         4.5514172802281841e-05        -8.6290460464906612e-04        -9.5658006396991471e-04
63                                     1.1353600092366759e-04        -2.3171423607612569e-05         2.7358277079306173e-05         8.4525949316993350e-05         1.5787223305440814e-04         6.0125795081980300e-05        -4.1261105994344280e-05        -5.1894676513144535e-04
64                                     7.2113402227797712e-06         7.0805589144823974e-06         6.1265536146024242e-05         1.2856586813422930e-04        -2.0262906583880122e-04         5.0391534129199712e-04        -4.7607387631249949e-04         2.0607707056768238e-03
65                                     1.3368572434299203e-04        -4.0050890853495977e-05         1.4167124845850389e-05        -3.5081986210575743e-04         2.6200898610872548e-04        -1.0492117401679789e-04         9.9362287782846313e-04        -1.1506335687395839e-03
66                                     1.0915381434454787e-04        -3.8725113764713026e-04         1.3990470804429100e-04        -2.5731362143072991e-05         1.1903420594878114e-03         7.9887633504496986e-04        -1.6240517640845045e-03         5.7156600599865277e-04
67                                     8.2268887052228498e-05         2.4062988394944100e-04         2.8926096912034144e-04         1.0601930175148963e-04        -1.0772296328379185e-04        -4.7511362232915684e-04        -1.1085127016461629e-04        -4.6481128506554179e-04
68                                    -1.6178944627245900e-04         9.1652568466875050e-05        -1.2555922113962419e-04        -4.8081659533763359e-04         1.1728565846466795e-04        -1.3798624309044577e-04        -4.6854633873893905e-04        -8.2972463459203040e-04
69                                    -9.7997808171158612e-04         3.9239980521130864e-04        -1.0989500926604783e-04        -9.5974907368615568e-04         1.0229309246993527e-03        -1.2180403008921036e-03        -8.1603654826058257e-04         7.2055052759350190e-04
70                                     2.1332881340880303e-04        -1.1256878175413778e-04         2.1098545499908432e-04         2.7523630521182531e-04        -1.1089857481215383e-04         5.9969718898327483e-04        -5.0212589326427328e-04         7.8334807955183355e-04
71                                     5.6975002272169643e-04        -4.9930721124359374e-04         2.4610069852934241e-04         7.0634640067728188e-04         3.3448626955149923e-04         7.6939634570008368e-04         3.1859787642487224e-05         2.8808947198375118e-04
72                                     1.0936034014864728e-05         3.7090035543141549e-05        -4.7409565383216840e-05         2.7611214233560447e-05        -9.2532183218759975e-05        -3.1629597702562194e-04         2.9388643335187276e-04         6.4284901798244889e-04
73                                     7.5005562271157183e-05         7.2027558814678687e-05        -4.6492143263706347e-05        -1.3294495134469567e-03        -9.6372776045735599e-04        -2.2864878649073685e-04         5.0198639216110248e-04        -7.0899671809412385e-03
74                                    -4.1755672555171937e-05         4.1866636251546527e-05         5.7442474737764016e-05        -1.7099509276732704e-04         1.5194569533680510e-04        -1.2682513137031795e-04        -3.8025741037989776e-05        -1.2393981703955816e-03
75                                    -7.0712542195908108e-05        -5.5250552585850099e-05        -4.1639246471355870e-05         1.5731504279139371e-04         1.6650148580098470e-04         1.0613519167787869e-04        -9.5085951106884141e-04        -1.0011778275240081e-05
76                                     4.0712325730618435e-05         2.7331107090723475e-05         2.3360501456396907e-05        -9.1391228869271862e-05        -8.4388260506548915e-05        -6.2724083282050098e-05         5.9531567050071866e-04        -3.6881866051230576e-05
77                                    -1.6458324659884371e-04        -1.2853492196726878e-04        -8.4062449404660250e-05         3.7884385868994252e-04         3.9026334709667070e-04         2.4815147614408223e-04        -2.3645126563652773e-03         4.2350652495254197e-05
78                                     9.5678363339600497e-06         7.5879251940307290e-06         2.2438971853647367e-06        -2.1684683133481821e-05        -4.4564425958430721e-06        -2.8881063558954029e-05         9.4261812729691459e-05        -6.5957561317565459e-06
79                                    -2.6955732026617852e-06        -6.8310966547129091e-07         1.1978714779864908e-06         5.5142153646410260e-08        -2.0575361694787753e-05         2.8903216952364295e-05         7.0300100104738871e-05        -3.2711797464808726e-06
80                                     1.0417834612342412e-05         5.4775714039756037e-06         4.9759881737734119e-06        -2.8940141506939701e-05        -3.8015646296730944e-06        -2.6926215968915636e-05         1.1341696518680475e-04        -4.5503923146133390e-05
81                                     2.0630082123203875e-05         1.5642219406159084e-05         6.5220675512761229e-06        -4.8994106083189873e-05        -3.9152360719921829e-05        -1.7078989162320170e-05         2.3166886553337482e-04        -4.2184641282274883e-05
82                                    -2.4526720929685689e-06        -5.7140744886602010e-06        -1.8750544788771029e-06         2.1777733994575397e-05         2.2531242675611626e-05        -1.1701788383540541e-05        -6.0633500608556386e-05         2.7495811128564970e-05
83                                     2.1437497305139094e-05         1.8100677411265719e-05         9.8452140766474661e-06        -6.1088997105478366e-05        -5.0603076716789893e-05        -2.3050243132907028e-05         2.7549091707517571e-04        -7.8924125681497075e-05
                                                         8                           9                          10                          11                          12                          13                          14                          15

0                                      2.9103782524925365e-02        -1.0730771110628572e-03         1.6081097188143925e-03         8.8083499483451364e-04        -2.8823587425182531e-05        -2.9668778817510343e-04        -1.9109800969983100e-04         5.4951295920462086e-03
1                                      2.3822699044548340e-02        -5.4080123444043954e-04         1.0337493207262134e-03         1.2065689845449637e-03         6.7142507748608758e-05        -1.9307095111036537e-04        -4.5854721601456226e-05         5.3563654493294661e-03
2                                      4.5667228501017863e-03        -7.9017447637939019e-04         2.0747122915254664e-04        -2.5835096110647182e-04         1.6005449668609470e-04        -6.0889209786617175e-05        -2.8557321581558297e-04         1.8788689432244010e-03
3                                      9.4993828956265094e-03         1.0221155723308914e-02        -4.2843281697927602e-03        -2.9069212362748459e-03        -7.5203725254258981e-04         2.7578914127565526e-03         1.1993932329653668e-03        -3.7433984960823910e-02
4                                     -2.8516985444730671e-03        -2.1553343112549476e-02        -2.5987818476593219e-02        -2.9575749640981383e-03        -2.8027615472477811e-04         5.1229130268100765e-04        -3.4999672399709317e-04        -1.3555797128331354e-02
5                                     -6.2626668080924999e-02        -6.3114661934211896e-03        -4.6077646464100369e-03        -2.1796770645208900e-03         1.1200830242654011e-04         8.3592977557122271e-04        -4.4874768385249242e-04         4.6072338849928885e-04
6                                     -1.1055990141134472e-01        -1.1348764082179232e-01         1.7745434805583778e-02         7.0695288916473031e-03        -2.6161218094622272e-03         1.5319514103458606e-02         2.0227884887331227e-03        -3.4361380207702275e-01
7                                      4.2665266857299058e-02         2.5430176639478302e-02        -2.0914715897611630e-01        -1.8272909132467218e-02         1.0179501935521263e-02        -3.4908439474091127e-02         9.7162777706174402e-04         6.7560316369761869e-02
8                                      1.6677607033443800e-01         1.1433833115235062e-02        -1.9491312139097085e-02        -7.1087109284442729e-02        -7.6661096007935459e-03         2.8715655045405943e-02         1.0844705592416713e-02         5.3646097095023972e-02
9                                      1.1433833115235062e-02         6.5268125733225801e-01         4.8091238075260175e-02        -1.5985131831301291e-02        -8.7167426582527879e-02         6.7258239446193737e-03        -2.2576981329955018e-02        -1.2903237933981107e-02
10                                    -1.9491312139097085e-02         4.8091238075260175e-02         5.0069350617087371e-01         2.7144730520086716e-02         7.4696662259357127e-03        -9.9041811824876369e-02         5.4850234718122115e-02         3.3857489931383669e-02
11                                    -7.1087109284442729e-02        -1.5985131831301291e-02         2.7144730520086716e-02         5.4860235367292587e-01        -2.0374340562956020e-02         5.0177582013227633e-02        -1.9531719087508881e-01         1.0639708425393614e-02
12                                    -7.6661096007935459e-03        -8.7167426582527879e-02         7.4696662259357127e-03        -2.0374340562956020e-02         5.9046434639496936e-01         6.5718727079274123e-03        -1.6461964832565720e-02         1.1964872962763285e-03
13                                     2.8715655045405943e-02         6.7258239446193737e-03        -9.9041811824876369e-02         5.0177582013227633e-02         6.5718727079274123e-03         5.7263552025051079e-01         4.2063588707824159e-02        -6.6900866672215875e-03
14                                     1.0844705592416713e-02        -2.2576981329955018e-02         5.4850234718122115e-02        -1.9531719087508881e-01        -1.6461964832565720e-02         4.2063588707824159e-02         5.2412963531648249e-01        -3.8941115629649243e-03
15                                     5.3646097095023972e-02        -1.2903237933981107e-02         3.3857489931383669e-02         1.0639708425393614e-02         1.1964872962763285e-03        -6.6900866672215875e-03        -3.8941115629649243e-03         7.6811826460122423e-01
16                                    -2.5657922590374610e-02         3.6144657378740147e-02        -5.5981930613981908e-03        -6.5709926167890880e-03         1.2218537316775289e-03        -1.4314102799000954e-03        -2.3078543595548727e-03         7.5951975815803333e-02
17                                    -7.1322985108507014e-02         6.7944777685011136e-03        -8.1683610139774675e-03        -1.2705652767371102e-03        -1.1746028879780659e-03         2.5198693017036275e-03         1.2102524439024419e-03        -8.7067081334447655e-02
18                                     7.0851077611744240e-03        -4.1023260812792992e-03        -2.5384901345081538e-03         2.4899496145100071e-03         9.1433504274156615e-05         8.6576377819798118e-07         6.6402518781107881e-05        -1.0191290380307086e-01
19                                    -4.1385380224417106e-03        -9.0745647021234395e-04         2.0344345533472603e-03         3.2222952403466142e-04         1.4183254776137114e-04        -2.5281127803834021e-04        -9.3137730295845145e-05         3.0870118388821692e-02
20                                     7.7113559044291596e-03         1.0745032947605494e-03         6.8416463826114068e-04         6.8854565556706084e-03         5.3294780582780138e-04        -1.7712321837363878e-03        -6.0436139403749706e-04         3.2836892321792648e-03
21                                     2.0431809968417442e-02        -5.2074040047984330e-04        -1.5971957282458756e-02        -1.6842349177454761e-03        -1.2434197288326053e-04         3.5681118242195746e-03         2.1143287082371932e-03        -2.2581107656665639e-01
22                                     8.8025116749730591e-03         5.1116177918348578e-03        -9.3291771683940115e-03        -5.1039268131534048e-03        -1.6243990578402597e-04         2.0558164352059761e-03         2.2033733116524419e-03        -1.6833113476760422e-01
23                                     9.4451207752238309e-03         9.4113931726428073e-04         2.0184367039715063e-03        -5.3473870737713730e-03        -5.8684714002770529e-04         1.0800569895297665e-03        -9.4757022747275050e-04         1.5760566303804083e-02
24                                    -7.0720813557583057e-03        -1.6213445821825012e-03         9.9247964386787475e-03         1.4642340551401581e-03         2.3303915783143964e-04        -2.1621541578827580e-03        -1.7430381627140060e-03        -9.9283829441264987e-02
25                                    -1.4957283120501082e-03         5.4425221869349664e-04         3.7420869708251195e-04        -3.0840889305911638e-04         9.6209821166777873e-05         3.4294115025124551e-06        -1.0964279202003370e-04        -2.5144063619812137e-02
26                                     6.0644907120935409e-03         5.4106277262811918e-04        -1.0964568948883763e-03        -1.0878366231560461e-03        -7.1191911654568327e-05         3.3767753934085441e-04         1.5735063370598136e-04         1.4180102515085542e-02
27                                     2.5653213973235714e-03         4.5522278971052568e-04        -1.5823362161813449e-03        -4.8194137589122987e-04        -1.9829476044347594e-05         2.9438486384471052e-04         1.5888332516915768e-04         1.1003645289080302e-02
28                                     1.3118856186625672e-04         3.5432848656892464e-05         5.7252643405942497e-05         9.7537613648043131e-05        -2.0792277888439080e-05        -2.7561438519399601e-05        -2.4460999406024050e-05         1.1580295911216153e-03
29                                    -6.5533185665406105e-04        -3.9486014983175258e-05         2.4148579690558893e-04         1.2905882658228258e-04        -1.2771432857340646e-05        -3.9546895681004751e-05        -2.1401146072061233e-05        -9.9881269502555682e-04
30                                     7.9573527414837078e-04         5.0405537289330477e-04        -1.7980553615295246e-03        -9.4063460353585544e-05        -2.5645913367401381e-05         3.4902858635303690e-04         2.6366091587898093e-04         1.2347024740465506e-02
31                                     6.6745306113827688e-04         1.6007520783530054e-04        -1.2484727977980048e-03        -1.7241669748177670e-04        -8.1287555175019979e-05         2.4418340905710652e-04         2.6361880742827558e-04         7.2899771775824752e-03
32                                    -5.4214537355296044e-04        -5.8400202583585849e-05         2.2908892107095455e-04         1.3627853182963208e-04         7.7175973414687674e-05        -9.7180868741242397e-05        -1.3163974999375654e-04        -3.2285990535885177e-03
33                                     3.8621654607402681e-04        -1.5863431187145742e-05        -1.5717399227235390e-03         3.3977050561734572e-05        -4.5072728590913287e-05         2.9858073777876517e-04         3.8457529794331689e-04         1.3911646135439711e-02
34                                    -2.8173208621717449e-04        -1.9327727900364435e-04         1.0565760780760218e-03         1.3068515180302215e-04         2.7819729204604901e-08        -2.0234571179478993e-04        -2.0499814133452044e-04        -7.6183841863055523e-03
35                                    -5.3478498877797221e-04        -1.0706234976585971e-04         6.8679067840458159e-04        -1.8564643623790081e-05         4.0404309881571590e-05        -1.4142316366637657e-04        -1.7415103866588928e-04        -6.5866403552234474e-03
36                                     1.9733931922830015e-03        -1.4976248899274387e-04         3.5453188793033071e-04         1.3021450807632312e-04         6.3888392763373822e-05        -1.2120394951169503e-04        -4.1797669745301962e-05         1.6617967001692042e-03
37                                     2.5168869366219235e-03        -1.5448034656565044e-04         6.0290949123786310e-04        -4.1079266806354453e-05        -3.4139227451830610e-05         2.6455079385292363e-05        -2.3011933886178723e-05         1.7175435338481655e-03
38                                    -6.7235982971753667e-03         5.1844848039300090e-04        -6.8730155324947626e-04        -2.7688735347839442e-04        -5.6521541724098979e-05         1.3555095612907122e-04         9.4696313682259207e-05        -3.0375913023756350e-03
39                                    -5.0102451582374058e-04        -1.1051765493444281e-05        -2.3984325900965726e-04         1.5963734285080291e-04         7.0364681052483553e-05        -2.8364879806758576e-05        -9.4217993952120163e-07        -4.1543798721255004e-04
40                                    -9.9717314902682350e-04        -1.9428001644763255e-04        -1.8058942650582744e-04         7.3078649921952789e-04        -5.6050534657810897e-05         2.3680929108531976e-05         8.8072637221657459e-05        -7.1989198108857308e-04
41                                     2.0531203879793334e-03         5.7321839316968248e-04        -1.5274641070858294e-05        -2.6057552471739863e-04        -2.1448571453219073e-04         7.3930468174237705e-05         6.0283411693811317e-05         1.6765413245398587e-05
42                                    -8.7653478155584543e-04         7.9154042903906076e-05        -1.8178653888035028e-04        -1.7274990499959611e-05        -8.5432544355524501e-07        -1.3239452250627179e-05         1.7011030141187632e-05        -6.5633562120056990e-04
43                                    -7.1115618284709478e-04         2.0106846954980230e-04        -2.3795144480156841e-04         9.1219435701089582e-06        -9.1579382363199275e-05         4.6455744708683488e-05         1.4169612807402634e-05        -1.4179058228720775e-04
44                                     2.1933313318535930e-03         6.9187908530828030e-05        -1.5547175091646710e-04         6.8574553705778532e-06        -5.2093671251359798e-05        -8.9296858961013042e-05         2.9507150474951225e-06        -9.5917557283094722e-05
45                                    -5.8264834856187817e-03         2.1897878594147845e-05         2.5439278085992623e-03         1.0006616095516612e-03         1.3326115793775930e-04        -5.4933015365856417e-04         6.4603921524322119e-05         2.9495371403145555e-03
46                                    -7.9722692777711209e-03        -1.7372455921764532e-03        -2.7325096767733285e-05        -1.0486836295619192e-03        -6.3492459933030070e-04        -2.6549332424153586e-06         1.2187121937515548e-04         1.1544558674486160e-03
47                                     2.4664237664392252e-03        -2.7970784010572969e-04         1.0283839335476137e-04         4.8971848153786697e-04         4.0919240127176143e-04        -1.1560728842027789e-04         1.8800504530994494e-04         1.2698417286684058e-03
48                                    -1.3667696397828947e-02        -3.5684861495467973e-03        -5.2401026146136199e-04        -8.2380740116160271e-04         8.5722858700395800e-05        -9.3805096893642361e-05         4.7370539705147193e-05         3.2008415367528573e-03
49                                    -8.8519139764995040e-03        -4.2720076865147899e-03        -1.7544107310353552e-04        -1.6271428050944020e-03        -1.0095911172411072e-05         5.6416924314339149e-05        -2.8677819300827327e-04         4.0733623233607311e-03
50                                     2.5419614781502049e-03         5.8886099565082423e-04         1.1486774838739030e-03         1.5660044032119120e-04         1.8773144215747910e-06        -9.8830039485968478e-06         1.1955508488201784e-04         1.0270602258645872e-03
51                                     2.8992838714810946e-03        -2.3186183803534932e-01         1.8424554818781413e-03         1.2995759735125223e-01         7.5218566100919227e-03         1.8617499180995437e-04        -6.1293236811712330e-03         8.4299017154387638e-04
52                                    -2.0599576102545401e-02        -7.8630660005259787e-03        -4.8892107633309166e-02         2.4285762315631315e-03        -1.3135993834152891e-02         3.1873893110087766e-04         8.3130760233271327e-03        -4.3277763552152758e-03
53                                    -1.9528602543229454e-03         1.2869158916694393e-01        -2.0365927054788683e-03        -1.4110259676518491e-01         2.3026977043227120e-02         1.3690356369580603e-03        -1.6518814085657994e-02        -2.6768185691193967e-03
54                                     6.1780589586802759e-03        -2.0873199143244009e-01        -9.7117965248151500e-02        -1.0639809321202345e-01        -2.8997118672368831e-03        -1.6520737318258677e-03        -1.4696841832628448e-03         1.8376680444747145e-04
55                                    -1.4947094299542017e-02        -8.8644140187292109e-02        -1.0137975600166498e-01        -5.9059662119230985e-02         1.3011837278676018e-02         7.8458750678953460e-03         8.7257227483721767e-03        -6.6291672625132317e-03
56                                    -9.5535883189288955e-04        -1.0110994942232179e-01        -6.0228862195601182e-02        -1.1479830284085310e-01        -2.1954438747005107e-02        -1.1764475100843266e-02        -1.4244283471333613e-02        -2.7404785418838175e-03
57                                    -1.2391020253885708e-03        -3.0411286515211050e-03         3.9769944225012416e-03         2.3900416929378008e-03        -6.6180878674805155e-02         7.1331567388853795e-02         1.4530981465187732e-02         6.8752800858740159e-04
58                                     3.3806891603932318e-03         2.0789986920541808e-03        -1.0622401567375053e-02        -6.2513936260526794e-03         7.1283515490786112e-02        -2.9656574495367616e-01        -5.0223138295566204e-02        -2.8289643918563341e-03
59                                    -4.8285855912306667e-03        -6.7014086089948795e-03         2.5335848697319058e-02         8.1169105107352629e-03         1.5216830787631105e-02        -5.3258785765637820e-02        -5.7624873708390020e-02         2.8614638832352426e-03
60                                     7.1444740159436551e-04         7.2409513496740491e-03         1.7647948832108951e-04        -5.5286885322814311e-03        -2.3871734810695522e-01        -2.2399843736659758e-03         1.3292398242357312e-01        -1.1817379895107463e-04
61                                    -9.8755131617423646e-04        -1.3327771987132236e-02        -1.3730912269976532e-03         9.7240584343201691e-03        -1.9568916079606021e-03        -4.7408341198111513e-02        -7.0333789789016289e-04        -6.5306154781512749e-05
62                                     2.0286736856950888e-03         2.4132746278376270e-02        -1.2195165192600381e-03        -1.6963856266966608e-02         1.2984327315951896e-01         9.5692928781368133e-04        -1.3630827843311427e-01         1.5378069755307574e-03
63                                     2.5012327010400740e-04        -3.1531807008232078e-03        -1.3951357731338179e-03        -1.1491568566211596e-03        -2.0117543803244209e-01        -9.3788215721923821e-02        -1.0149748892584189e-01        -2.1375757156295741e-04
64                                    -8.1364454260313243e-04         1.3953116581398374e-02         6.7174911280995309e-03         9.2875662117170785e-03        -9.3735506064902469e-02        -1.0353184432251483e-01        -6.2794506857829308e-02         8.1803828062178491e-04
65                                     1.8659564013455139e-03        -2.1469844384049364e-02        -1.4585216564124658e-02        -1.4774848250380375e-02        -1.0085989420546172e-01        -6.0900226103574887e-02        -1.1414777047809313e-01         1.4993917885070668e-04
66                                    -3.7700597372346029e-04        -5.5165233791702894e-05         4.4975653762045864e-05        -9.6098252744825780e-04        -7.3665315225435280e-05         1.9971351484348917e-04         1.0850927844068140e-04         1.9833245258111280e-03
67                                     1.5012100078967648e-03         5.2503985860571166e-05        -2.7230593293073221e-05         1.4130137796561316e-03         1.3774957796237338e-04        -3.2170914922875294e-04        -2.3115765428421885e-04        -1.4377818023021859e-02
68                                     6.6339587102413303e-04         8.6365511986491808e-05        -6.2745825500307010e-05         9.2867960150691054e-06         1.1097674905276011e-05        -3.8711216080333370e-05        -3.8332605165449177e-05         1.2031944997165523e-04
69                                     8.2870922167010898e-04         2.1114845411789393e-04        -5.0967333975711658e-05         1.3130527596027841e-04        -2.8572393348255420e-05        -4.7842165014186540e-06         5.7184540911563560e-05         1.5794622248921785e-03
70                                    -1.3548047251478437e-03        -1.6530979749353815e-04        -1.2425896254514933e-04        -7.3899076256963019e-04        -3.9611276461447435e-05         2.0301703220328290e-04        -3.1264000706026143e-05        -1.4240769344524139e-02
71                                     3.2998741803143142e-04        -2.0542663263554387e-04         7.4915743525320899e-05        -2.0281827675403658e-04         6.0633005130812293e-06         2.6070996372375664e-05         1.7777141191988402e-06        -3.0556295525907646e-03
72                                    -2.1262217376307184e-04         8.8924694428683493e-06        -3.5991099604012631e-04        -3.6769602542931267e-05        -1.0641966176669732e-05         5.3864352751102008e-05         2.2173699279130944e-05        -3.7643160551607702e-03
73                                    -1.0030752798896392e-03         1.1812374401886454e-03         6.7783155768982146e-04        -5.5410055685957112e-04         1.3578763285506236e-05        -5.0014974876560350e-05        -1.0746757519583010e-04         3.5265686293708062e-02
74                                     1.0597855187191615e-03         2.0209806493800398e-04         2.2375056651143779e-05         5.0393278476694393e-04         4.1450356925285813e-05        -1.1519186667975317e-04        -4.2429570191814340e-05         4.1297550670446404e-03
75                                     3.0691028662322383e-04         5.7518255634600904e-05        -2.0677771297345480e-04        -5.7142554791297744e-05        -3.2403817175406628e-08         3.7052200091789204e-05         2.4268077696795780e-05         1.6124420306884309e-03
76                                    -1.3543509665578696e-04        -1.8418454851884312e-05         1.4221831218154537e-04         6.1678726925077493e-05         1.0809772882860939e-06        -3.2026362291276882e-05        -2.8222142269536818e-05        -7.4218464473855693e-04
77                                     8.1150209288620055e-04         1.3275499978639195e-04        -5.1126463591049580e-04        -1.3679825372321468e-04        -5.1142212091075421e-06         9.3007621456750466e-05         5.3703668474988617e-05         3.5243028895261203e-03
78                                    -6.6048219888004494e-05        -1.0152041259392896e-05         7.5519309834200173e-06         2.0969976108130507e-05         8.2597682690485207e-07        -4.3171625220034298e-06         7.1579205112943855e-07         1.2253502896932374e-04
79                                     2.2154443599825375e-05        -8.1993301054333521e-06         1.5599771240888791e-05        -1.1967328638635283e-06         2.5651227192713328e-06        -3.4327469368079815e-06        -6.2980630302304893e-06        -3.0315725196712763e-04
80                                    -4.0683483898235673e-05        -3.8003980176046849e-06         3.1844692837158815e-05         4.8985866056033833e-05         1.8603285588846338e-06        -1.4889129481070586e-05        -9.2245061878282034e-06        -9.9723457982273220e-05
81                                    -7.6763375332854433e-05        -6.8402248275348468e-06         4.3833088779047487e-05        -1.0370939619646572e-06         5.2163775701119069e-06        -7.1048146743395635e-06         1.2594337662619255e-06        -7.6956600980048211e-04
82                                     4.0800016078929979e-05         5.4174735504971747e-06        -1.2992392421331670e-05         1.1678830481750351e-05        -1.9404027324304649e-06         1.3390815350941825e-06        -2.7045507606174714e-06         3.4259804937712473e-04
83                                    -1.5249296944704226e-04        -1.0521016620179059e-05         4.9901963238938233e-05        -2.0745873060950675e-06         7.5010626817778402e-06        -9.0686148246107534e-06         1.7262494156597869e-06        -1.0966523545834523e-03
                                                        16                          17                          18                          19                          20                          21                          22                          23

0                                     -2.0300447204638777e-03         1.6754200248101096e-03         1.0280415449227592e-04        -1.2024309900729880e-04         9.0911048622629737e-05        -4.1646740736446079e-03        -1.8474743456651612e-03        -1.9678406642083463e-04
1                                     -1.3970769241046710e-03         1.8810077418297648e-06         9.1917176264498393e-05         3.3004684767672468e-04         7.6711851639458400e-04        -3.2590932864982997e-03        -1.3594553875418132e-03         3.7149824527914091e-05
2                                     -7.6550711204868968e-05        -3.9402940871009241e-04        -1.5304715120098740e-04        -4.6224315078282827e-04        -1.9705091247866418e-04        -2.4699648134010209e-03        -1.4128673802522771e-03         1.8654895700232258e-04
3                                     -1.9490224659037561e-02         1.2987162855670736e-03        -3.2453737797789066e-03        -5.1840751808611592e-04        -3.1387842235149809e-04         6.9609069798551269e-03         5.4420975949084497e-03        -1.0966570422148874e-04
4                                      1.2998158933969503e-02         5.3291645264913548e-03         2.2883642983774159e-03        -8.5942316426344811e-04        -1.3155210066835147e-03         1.4660720548451987e-02         5.2142475091630936e-03        -3.1765763065612204e-03
5                                      4.4001718561934456e-03        -5.7880492964224005e-03        -1.2373690555160088e-03         9.8456948515102095e-04        -2.7691564266235278e-03         3.3357037336548805e-03         8.6419807784330737e-04         3.8420196958982343e-03
6                                      8.9434187730174142e-02         5.5682795405568690e-02        -9.2116409436882023e-03         1.3332501652023807e-02         5.4169866944154899e-03        -1.1286464829809817e-01        -4.6083277670748282e-02         2.1429389275605101e-02
7                                     -1.6595997989063463e-01        -2.1022237786497242e-02         3.6999311400473231e-02        -1.1568154407488457e-02        -8.1871218373204199e-03        -3.3482421323228824e-02         1.3763074351042192e-02         5.2945722943556857e-03
8                                     -2.5657922590374610e-02        -7.1322985108507014e-02         7.0851077611744240e-03        -4.1385380224417106e-03         7.7113559044291596e-03         2.0431809968417442e-02         8.8025116749730591e-03         9.4451207752238309e-03
9                                      3.6144657378740147e-02         6.7944777685011136e-03        -4.1023260812792992e-03        -9.0745647021234395e-04         1.0745032947605494e-03        -5.2074040047984330e-04         5.1116177918348578e-03         9.4113931726428073e-04
10                                    -5.5981930613981908e-03        -8.1683610139774675e-03        -2.5384901345081538e-03         2.0344345533472603e-03         6.8416463826114068e-04        -1.5971957282458756e-02        -9.3291771683940115e-03         2.0184367039715063e-03
11                                    -6.5709926167890880e-03        -1.2705652767371102e-03         2.4899496145100071e-03         3.2222952403466142e-04         6.8854565556706084e-03        -1.6842349177454761e-03        -5.1039268131534048e-03        -5.3473870737713730e-03
12                                     1.2218537316775289e-03        -1.1746028879780659e-03         9.1433504274156615e-05         1.4183254776137114e-04         5.3294780582780138e-04        -1.2434197288326053e-04        -1.6243990578402597e-04        -5.8684714002770529e-04
13                                    -1.4314102799000954e-03         2.5198693017036275e-03         8.6576377819798118e-07        -2.5281127803834021e-04        -1.7712321837363878e-03         3.5681118242195746e-03         2.0558164352059761e-03         1.0800569895297665e-03
14                                    -2.3078543595548727e-03         1.2102524439024419e-03         6.6402518781107881e-05        -9.3137730295845145e-05        -6.0436139403749706e-04         2.1143287082371932e-03         2.2033733116524419e-03        -9.4757022747275050e-04
15                                     7.5951975815803333e-02        -8.7067081334447655e-02        -1.0191290380307086e-01         3.0870118388821692e-02         3.2836892321792648e-03        -2.2581107656665639e-01        -1.6833113476760422e-01         1.5760566303804083e-02
16                                     7.3148472844683332e-01         3.0446792403374293e-02         3.3376194069102423e-02        -2.0802772737506803e-01        -1.1758238095984100e-02        -2.1446588671856243e-01        -3.1466667540037219e-01         1.4450697251593585e-02
17                                     3.0446792403374293e-02         2.3181191358562747e-01         5.0087314015788776e-03        -1.5839177428281757e-02        -8.9126915893411790e-02         1.2339508052680477e-02         8.7971017727543014e-03        -5.8125072310588499e-02
18                                     3.3376194069102423e-02         5.0087314015788776e-03         6.3389050144484138e-01         1.3216910105370586e-02        -1.1392843134142530e-02         2.8888141663938743e-03        -2.7458235513034921e-02        -9.7757880759472763e-04
19                                    -2.0802772737506803e-01        -1.5839177428281757e-02         1.3216910105370586e-02         5.0765544664416595e-01        -1.7063476412945276e-02        -8.5743222940543248e-03        -3.2362764414141862e-02        -2.8549730374843700e-03
20                                    -1.1758238095984100e-02        -8.9126915893411790e-02        -1.1392843134142530e-02        -1.7063476412945276e-02         5.6148902016889779e-01         3.8971632213576643e-03         1.1764857896500729e-03         2.2682603239486343e-02
21                                    -2.1446588671856243e-01         1.2339508052680477e-02         2.8888141663938743e-03        -8.5743222940543248e-03         3.8971632213576643e-03         6.8565706492555578e-01         2.7439266619026165e-01        -6.5830741948434773e-02
22                                    -3.1466667540037219e-01         8.7971017727543014e-03        -2.7458235513034921e-02        -3.2362764414141862e-02         1.1764857896500729e-03         2.7439266619026165e-01         3.8335833356174620e-01        -2.0162749130395979e-02
23                                     1.4450697251593585e-02        -5.8125072310588499e-02        -9.7757880759472763e-04        -2.8549730374843700e-03         2.2682603239486343e-02        -6.5830741948434773e-02        -2.0162749130395979e-02         7.0471308735818097e-02
24                                    -2.0998495605403400e-02         1.2622566137233535e-02         4.8447602451548461e-03         5.6541724452113685e-03        -1.1196730252525503e-03        -2.6408740070894487e-01        -2.0246321056251029e-02         1.2022372532512138e-02
25                                    -9.3241617487916477e-03         4.1259271398205871e-03        -4.2574455374674736e-03         1.4503010422106360e-03        -6.4898266754534451e-04        -1.6383335044927311e-02        -5.0645351308331046e-02         6.3835701318232293e-03
26                                     5.7042710660350875e-03        -1.3079302865315362e-02        -1.6114473676845115e-03         3.8518439277888126e-05        -3.2376788116483600e-03         6.3010814793820966e-03         2.7862906847285450e-03        -4.9960909466222114e-02
27                                     1.0341733230689491e-02        -4.9525111055173845e-03        -5.4816250862206887e-04        -3.1788864161623649e-04        -7.7830390333047785e-04        -2.3462452173668227e-02        -4.4315679527293659e-03        -1.8207734745110137e-02
28                                     6.2923718656827715e-04         3.3095165938310086e-04        -3.1321353282962651e-05        -3.6024713288865170e-04         1.9239638951406321e-05         4.3972805320570407e-05         7.1963082726566735e-03        -1.6072648220342503e-03
29                                    -1.0929678770632888e-03         8.0843268354157760e-04        -2.0774880015322604e-05        -2.2117015481584322e-04         1.8296169642478344e-04         4.2458228851199042e-03         2.0248889273469456e-03         5.1344041034461496e-03
30                                     5.0548760136603123e-03         1.4969767796186441e-03        -1.1312303171863117e-03        -8.8995977972058558e-04        -3.0266064457156854e-05        -3.3629558199867654e-02        -3.1063015542756967e-02         1.5873589795750310e-02
31                                     6.1684751446521111e-03         4.4710193846391041e-04         6.5123485280442830e-06        -5.7466859755149220e-04         5.6013223850630734e-04        -1.3105089092379785e-02        -6.1493778605973366e-03         4.1288458074024547e-03
32                                    -1.4216795253601221e-04         2.5220994847458171e-03         5.5148255295871457e-04         3.6471914331149939e-04        -2.5606025468621934e-04         1.1975414755869523e-02         4.9295600298109596e-03         6.6682964312820099e-03
33                                     8.0794123821156406e-03        -1.1190449133495661e-03        -5.6291258359089571e-04        -3.1391285315719233e-03         2.6151773290563332e-03        -2.0039189632490868e-02         1.4658963543865072e-02         1.7879352766698380e-02
34                                    -7.8785848664912929e-03        -2.9966882699887997e-04         9.0293099603213083e-04        -1.6796270737328939e-03         1.6556203346552504e-03         1.3681065487747682e-02         3.9573745253401720e-03        -7.6212255364119120e-03
35                                    -3.6189705132511191e-03         1.1597237589903778e-03         8.1531926377746645e-04         1.1502312196698164e-03        -4.9009324783790876e-05         1.1114324634492082e-02        -5.4747363274423207e-03        -1.1622444850315460e-04
36                                     1.3480749879194538e-04        -2.2084997393999510e-04        -5.7942785885585946e-05        -3.4187034912087452e-05        -4.5261763698833460e-05        -1.0556053859991758e-03        -5.9912679185692905e-04         7.6673737809151288e-05
37                                    -3.5330928691809009e-04        -7.3421163126711087e-06         3.9501280819714867e-05         4.5993483996947722e-05         4.0674983138732788e-05        -1.2007226602744718e-03        -5.5709523128428563e-04         1.5420563970171920e-04
38                                     7.0908408087224967e-04         2.5062449311152857e-05        -2.2629886670838344e-05        -5.4982499773910112e-06        -1.2617095765817400e-04         2.3664295981862984e-03         1.1243245012429956e-03        -1.5733772410805942e-04
39                                     1.9264895356028083e-04         2.2457595486864929e-05         1.1001164605085596e-05         2.9016684345903955e-05         5.6734212500416097e-05         1.8096553149248452e-04         2.3145070553337393e-05        -3.1624664112186678e-05
40                                     4.8059075592186097e-05        -1.3315554221174627e-05        -1.2834341754251844e-05        -6.9924130397762144e-05         6.0884638451280107e-07         4.7302183735878898e-04         2.4716230900210812e-04        -4.2978051791347924e-05
41                                    -1.5888741273324908e-04         6.5322124209852130e-05         4.2519718558271617e-05         1.5090970520263298e-04         7.4219383756211693e-05         2.0059540291415690e-04         1.9578646634352739e-04        -3.1513532792950541e-05
42                                     5.0966229153387942e-05        -1.8589968191052946e-05        -1.2725417211433584e-04         9.6681056389574479e-05         5.9665678780431971e-04         5.7184624621736679e-04         3.1844496932323911e-04        -5.8537983975540762e-05
43                                    -1.6290979356217586e-04         2.3884695575195492e-04         1.0255967709268325e-04         5.1148141191861471e-06        -1.1175983490173467e-04        -2.6403622756651461e-05        -2.7602560969090676e-06         3.1919346470110587e-05
44                                     7.1257099816718025e-04         2.0878047433356151e-04        -8.3035625205033978e-05         4.4671400986361120e-06        -2.4280275324615842e-04         1.8145910494524791e-04        -7.6949638548019458e-05        -1.8772442891541182e-04
45                                    -2.7603242822466104e-03        -3.6849855189201191e-03        -2.1892430144531782e-04        -3.7713213398301616e-05         9.9054243718547436e-05        -3.7936986152282467e-03        -1.5703404195379139e-03         9.3454884420625427e-04
46                                    -2.7497826397096790e-03        -2.3668412006169872e-03         7.5376125821306869e-04        -3.2703778189162254e-04        -1.5889092858708490e-04        -2.8328629924070743e-03        -1.0262174235884953e-03         9.7862932455669875e-04
47                                     7.9897012097484362e-05        -1.5015900976839136e-04         6.1000650021868382e-04        -1.5316580829512772e-04        -2.2448383104231695e-04        -2.7867839754836698e-04        -1.8620682398687148e-04        -1.5905430225374915e-05
48                                    -7.3408114561653937e-04        -5.9523033721448461e-04        -2.8966387545781790e-03         3.4084020539968177e-04        -1.2955057388421790e-03        -1.1448091561180982e-03        -5.2036552249230404e-04         2.9049014252952564e-04
49                                    -7.9548704128365531e-04        -5.8004546380569866e-04         2.3773427299083804e-03         1.7688836532754647e-04         2.7069593025150652e-04        -1.6206182389022453e-03        -5.7685697945647246e-04         3.2337109039830839e-04
50                                    -7.2639871283269224e-04         6.0508854872699759e-04         1.4346406109056226e-03         5.6452580451469680e-06         4.0054109598554647e-04        -2.5764236689077762e-04         8.4571634928786821e-05        -2.8774811693460525e-05
51                                     3.3174876307319988e-04         8.6571701118190545e-04        -3.0842485536122067e-04        -6.9789341419978883e-05         1.4523489492980263e-04        -2.5204074740017351e-03         1.1471014512668381e-03         5.3340951300155865e-04
52                                    -6.2232871352889026e-03        -1.4656436831492368e-03         1.5693852750567235e-03        -8.2876587991242322e-05         5.6334951525331808e-04         5.3035877645341879e-04         2.2351636496265189e-03        -1.0968061884628094e-04
53                                    -1.0094524067541097e-03        -1.3633240142703709e-04         1.7745296083763741e-04        -2.9845577182933958e-05         1.7819009806727931e-04        -3.2982132668987030e-04         1.3412889578039630e-03         3.7388480955980380e-04
54                                     9.2184355319477676e-04         1.1054017061649856e-03         1.2944016493661776e-04         3.5964188712029818e-05        -8.1486126452717236e-04        -2.5226516301426628e-03         1.9643677600281800e-03         1.7880070236292959e-03
55                                    -1.2739362342906301e-03         9.9437237340183927e-04         4.8734636384599244e-05        -1.4641309040541056e-04         3.2470636475462263e-04         1.5557253131650724e-03         2.4767494143938160e-03         5.6731604888770118e-05
56                                    -1.4378749018628375e-03         1.2681814414756752e-03         7.6344028364720918e-05         1.2360761462894244e-04         3.4629194426088019e-07        -7.8816688435192248e-05         1.7877181598023252e-03        -2.1297682716963306e-04
57                                    -1.9889989654729866e-04         9.3597815598983321e-06         4.6292737310988295e-05         4.6061344363217349e-05         2.0452819474270906e-04        -6.7455562609955097e-04         2.7445331305732623e-05        -3.2753545165038474e-04
58                                    -5.2997737351328806e-04         6.6408719723401520e-04         6.2791132391364773e-05        -8.2876774120590612e-05        -2.5841849773313016e-04         1.5565345795513917e-03         8.7551550319838107e-04        -1.4394817775259655e-04
59                                     1.0968191130580575e-03        -8.1957266414075321e-04        -1.4450054749905316e-04         8.4262011804688317e-05         3.6272621816835693e-04        -1.4787456670504297e-03        -1.1314743941622969e-03         2.4921210808058486e-04
60                                    -2.7765907941265373e-05         1.0500074510505557e-04         8.0163284403581480e-06        -3.4393227722165988e-05         1.9147296152841005e-05        -9.8204462889511616e-05         3.6095501459925653e-04        -6.9114816612817279e-04
61                                    -6.2156270521163278e-04         3.2027310020228174e-04         3.0592377873717012e-05         1.3502049345651189e-05         1.2564260121358835e-04        -5.1879177802102369e-05         1.5902911940875067e-05        -1.5131137952457166e-04
62                                     1.3109517287572825e-03        -2.4040648103833623e-04        -2.2392575570534662e-04        -3.7389261252555760e-05        -2.5622720980535607e-04        -9.9533035806739908e-06        -1.0822028832438732e-03         7.5152630581449371e-04
63                                    -9.4978479379166365e-05        -1.1831395799460930e-05         9.1811988508494005e-06         2.6049004381380926e-05         3.8861183854873579e-05        -3.3372645730633794e-04         3.8844516055180022e-04        -2.6663323244343793e-04
64                                     1.5839668960979239e-04        -3.5547733766444717e-04        -1.0172198834123682e-05         1.7599155069595614e-05         4.6298254554871874e-05        -2.9685953388334981e-04        -3.2705575633429107e-04         3.2919636651461382e-05
65                                     1.5425295151384229e-04         6.6246167081632698e-05        -4.6759970464188743e-05         1.3197688692855862e-05        -4.1141584180307106e-05        -1.1707358594746929e-05        -1.6572058150149209e-04         2.9360444068101402e-04
66                                    -2.4546447558917474e-04         8.6795637872938841e-03        -8.6235491704237707e-02        -3.3908460145190666e-02        -9.6974298457996794e-02         8.2144764541257559e-04        -2.6147578464020166e-04        -2.7336881194099552e-04
67                                    -8.2177261175035016e-03        -2.9040616873854026e-02        -3.5164312883477711e-02        -7.3481495332320221e-02        -8.2632303607154747e-02         1.0663846672172407e-03        -3.9041127429991895e-03         3.5323052956224388e-03
68                                    -2.0518110969344576e-04        -4.5467604325833810e-04        -9.6062536383198963e-02        -8.0440243508482293e-02        -2.5373152690331569e-01         7.2731559500359996e-04         7.8346694047960372e-04        -9.8689033475030954e-04
69                                     1.8503053472717721e-03        -8.1651491492717443e-03        -9.0355290600837329e-02        -5.8424055716047661e-02         8.6872548416017992e-02         1.4421093806834457e-03         5.5524011363043257e-05         5.2915712653550618e-04
70                                    -1.3074918798363207e-02         2.4815366874621807e-02        -5.7795936932811209e-02        -1.2947653798518766e-01         1.1801877511073153e-01        -6.9757015055200338e-04        -5.5160545766600785e-03        -3.2778143928936022e-03
71                                    -5.2740964002443158e-03         5.8232267363820586e-03         8.5074154671685581e-02         1.1851174208685347e-01        -2.0385348816083787e-01        -4.5917121627178127e-04        -1.4260529979709122e-03        -1.3078045518021930e-03
72                                    -2.6940003041910597e-03        -8.9085827292387405e-05        -3.4061789770471884e-01         4.3221978157155956e-02         7.8892348404790667e-03         1.0859732741656464e-03        -1.2304689772978921e-03         3.5116067506445951e-04
73                                    -2.4164431005541352e-03        -3.9115386536676532e-04         3.5464692465387276e-02        -5.2523395335447379e-02        -1.9600308553167369e-04        -1.7122899826794470e-03         2.9351775615207142e-03         2.1581895047279552e-04
74                                    -1.6441240943307301e-03        -3.6401577829723751e-03         9.2012352058060791e-03        -2.5167840573119015e-04        -4.4944927086681546e-02         5.3870911246054203e-04         7.7503858546317168e-04        -3.8791596948669878e-04
75                                     1.3613749578420759e-03        -5.5991882527226043e-04         9.7033230231842221e-06        -4.5999897230613825e-05        -6.1458101603224335e-05        -2.3904281742236563e-03        -5.5535227389602137e-04        -1.9520682245756436e-03
76                                    -7.0072989408472388e-04         4.5080974949778538e-04         1.3581345108361882e-04         1.0881167304262087e-04         6.3558721266088742e-05         1.6927825265235391e-03         1.6711534487785498e-03         8.2803587362553495e-04
77                                     2.9499546931281979e-03        -1.3245765118683397e-03        -9.5757289893881684e-05        -1.0502433344147413e-04        -2.9482250605003183e-04        -7.0845991630405728e-03        -1.2959154445449984e-03        -4.3390347906791769e-03
78                                    -1.7713844098867350e-04         1.3950437130240984e-04         7.8628645519733553e-05        -3.4781987640297824e-05         1.9582324201681604e-05        -3.6744408459631994e-04         1.2797784224171378e-03         4.2858117027903261e-04
79                                    -1.1648485878995715e-04        -3.3254983790917888e-05         7.9893240704498572e-05         1.4880359899689105e-05        -9.4147976816822353e-05         3.0893428074612152e-05        -1.7779583361200941e-04        -1.5460472942358531e-04
80                                    -1.1543455949644167e-04         2.7651158217023195e-04         6.9104170475871464e-05        -1.5040230707845289e-05         2.6953403738749624e-05         3.6073733253175373e-05         1.7854838320193235e-03         7.3392343215234021e-04
81                                    -2.3094572978334208e-04        -9.6269994538489346e-05        -5.7816218144839462e-04        -1.1864280253514391e-04        -1.0623730672534501e-04        -3.5150564370229655e-06        -7.3246580454921595e-04         6.6805604267201717e-04
82                                     3.3309048609126302e-05         1.3305933254678540e-04        -1.1602086724220594e-04         2.2961472733247702e-05        -1.1348050696685256e-04         3.5158343358735302e-04         5.9877088579472315e-04        -2.5872564526034224e-04
83                                    -2.5081803853712806e-04         2.1959573667010187e-05        -5.5061896253589041e-04        -5.0992846713268498e-05        -3.8550046081651423e-05         1.7211186098436732e-04        -1.9287008688527963e-03         1.3205888937359599e-03
                                                        24                          25                          26                          27                          28                          29                          30                          31

0                                      1.9926736660366780e-03         1.6180249026856054e-04        -9.6126024442607825e-04        -5.3856839413707444e-04        -2.0735097600127372e-06         8.1567948583439784e-05        -3.1614436759532964e-04        -2.0874473528144339e-04
1                                      1.6863970949632663e-03         1.2384013234598243e-04        -6.9189292729727840e-04        -4.2255924742989778e-04        -6.6440231395532205e-06         6.7976736089920571e-05        -2.7699330750958427e-04        -1.7580206581120140e-04
2                                      1.4627949711257455e-03         6.0411354604441095e-05        -3.0404696192666959e-04        -2.7247325684676772e-04         5.0890801147728665e-06         2.9921006439175555e-05        -2.6872787860576211e-04        -1.7307293388587193e-04
3                                     -6.0880528509904813e-03        -3.8417751030835333e-04         2.0002042488740410e-03         1.2474173055374484e-03         2.8819548816038496e-06        -2.0408694529618548e-04         9.0818564108706889e-04         5.0064711352078121e-04
4                                     -7.5362941031652175e-03        -6.6369855198984343e-05         6.4953488562271536e-04         1.2461821357907115e-03         1.8693340395872803e-05        -1.0547189467952452e-04         1.7318654936685732e-03         1.0464881732329761e-03
5                                      2.1220524330058636e-04        -3.0982178858828403e-04         3.0593265741368789e-03         8.5208237519447596e-04        -8.2782629495294102e-06        -2.1408059743674250e-04        -4.2036630407760249e-04        -1.6536354108989156e-04
6                                      4.2695151244425134e-02         2.7394239327664235e-03        -6.0561539934843849e-03        -7.6346005539085762e-03        -1.6659567010036323e-04         1.0772037526921032e-03        -7.6429035703064986e-03        -5.0178158660804089e-03
7                                     -8.2179984274798785e-03        -1.5958314385535117e-03         6.3775142197929340e-04         2.4066724414308863e-05        -2.6718062631816926e-05        -1.5442301817691274e-04        -5.0216722985937674e-06        -2.3725930019053430e-04
8                                     -7.0720813557583057e-03        -1.4957283120501082e-03         6.0644907120935409e-03         2.5653213973235714e-03         1.3118856186625672e-04        -6.5533185665406105e-04         7.9573527414837078e-04         6.6745306113827688e-04
9                                     -1.6213445821825012e-03         5.4425221869349664e-04         5.4106277262811918e-04         4.5522278971052568e-04         3.5432848656892464e-05        -3.9486014983175258e-05         5.0405537289330477e-04         1.6007520783530054e-04
10                                     9.9247964386787475e-03         3.7420869708251195e-04        -1.0964568948883763e-03        -1.5823362161813449e-03         5.7252643405942497e-05         2.4148579690558893e-04        -1.7980553615295246e-03        -1.2484727977980048e-03
11                                     1.4642340551401581e-03        -3.0840889305911638e-04        -1.0878366231560461e-03        -4.8194137589122987e-04         9.7537613648043131e-05         1.2905882658228258e-04        -9.4063460353585544e-05        -1.7241669748177670e-04
12                                     2.3303915783143964e-04         9.6209821166777873e-05        -7.1191911654568327e-05        -1.9829476044347594e-05        -2.0792277888439080e-05        -1.2771432857340646e-05        -2.5645913367401381e-05        -8.1287555175019979e-05
13                                    -2.1621541578827580e-03         3.4294115025124551e-06         3.3767753934085441e-04         2.9438486384471052e-04        -2.7561438519399601e-05        -3.9546895681004751e-05         3.4902858635303690e-04         2.4418340905710652e-04
14                                    -1.7430381627140060e-03        -1.0964279202003370e-04         1.5735063370598136e-04         1.5888332516915768e-04        -2.4460999406024050e-05        -2.1401146072061233e-05         2.6366091587898093e-04         2.6361880742827558e-04
15                                    -9.9283829441264987e-02        -2.5144063619812137e-02         1.4180102515085542e-02         1.1003645289080302e-02         1.1580295911216153e-03        -9.9881269502555682e-04         1.2347024740465506e-02         7.2899771775824752e-03
16                                    -2.0998495605403400e-02        -9.3241617487916477e-03         5.7042710660350875e-03         1.0341733230689491e-02         6.2923718656827715e-04        -1.0929678770632888e-03         5.0548760136603123e-03         6.1684751446521111e-03
17                                     1.2622566137233535e-02         4.1259271398205871e-03        -1.3079302865315362e-02        -4.9525111055173845e-03         3.3095165938310086e-04         8.0843268354157760e-04         1.4969767796186441e-03         4.4710193846391041e-04
18                                     4.8447602451548461e-03        -4.2574455374674736e-03        -1.6114473676845115e-03        -5.4816250862206887e-04        -3.1321353282962651e-05        -2.0774880015322604e-05        -1.1312303171863117e-03         6.5123485280442830e-06
19                                     5.6541724452113685e-03         1.4503010422106360e-03         3.8518439277888126e-05        -3.1788864161623649e-04        -3.6024713288865170e-04        -2.2117015481584322e-04        -8.8995977972058558e-04        -5.7466859755149220e-04
20                                    -1.1196730252525503e-03        -6.4898266754534451e-04        -3.2376788116483600e-03        -7.7830390333047785e-04         1.9239638951406321e-05         1.8296169642478344e-04        -3.0266064457156854e-05         5.6013223850630734e-04
21                                    -2.6408740070894487e-01        -1.6383335044927311e-02         6.3010814793820966e-03        -2.3462452173668227e-02         4.3972805320570407e-05         4.2458228851199042e-03        -3.3629558199867654e-02        -1.3105089092379785e-02
22                                    -2.0246321056251029e-02        -5.0645351308331046e-02         2.7862906847285450e-03        -4.4315679527293659e-03         7.1963082726566735e-03         2.0248889273469456e-03        -3.1063015542756967e-02        -6.1493778605973366e-03
23                                     1.2022372532512138e-02         6.3835701318232293e-03        -4.9960909466222114e-02        -1.8207734745110137e-02        -1.6072648220342503e-03         5.1344041034461496e-03         1.5873589795750310e-02         4.1288458074024547e-03
24                                     5.6145953969208418e-01         1.4301164292380325e-01        -6.1298052642969503e-02        -7.5659964093949289e-02         1.1984178060395721e-02        -4.9905917912032582e-02        -1.1220969922050611e-01        -1.4880462072855477e-01
25                                     1.4301164292380325e-01         7.1520476364601004e-01        -1.5077247263507915e-01         1.1929858654812936e-02        -6.4229158576016521e-02         3.0222110803062467e-02        -1.5450736544239574e-01        -4.2120855113099265e-01
26                                    -6.1298052642969503e-02        -1.5077247263507915e-01         4.8722622209479000e-01        -5.3876402920291395e-02         3.4365432767517926e-02        -1.5532747580312670e-01         7.6310108931508927e-02         1.9067664924213468e-01
27                                    -7.5659964093949289e-02         1.1929858654812936e-02        -5.3876402920291395e-02         5.4742678261941180e-01         1.5627084352316439e-02        -5.4849833637014497e-02         7.2914967971687457e-03        -7.9604386284734506e-03
28                                     1.1984178060395721e-02        -6.4229158576016521e-02         3.4365432767517926e-02         1.5627084352316439e-02         5.6901300429030344e-01         2.2158866415099399e-02         4.7642752875388938e-03        -5.9717143121261924e-03
29                                    -4.9905917912032582e-02         3.0222110803062467e-02        -1.5532747580312670e-01        -5.4849833637014497e-02         2.2158866415099399e-02         4.6502186874839080e-01        -5.0920627459007974e-03         4.4136018482920994e-03
30                                    -1.1220969922050611e-01        -1.5450736544239574e-01         7.6310108931508927e-02         7.2914967971687457e-03         4.7642752875388938e-03        -5.0920627459007974e-03         1.2571917729184026e-01         1.7374235032814531e-01
31                                    -1.4880462072855477e-01        -4.2120855113099265e-01         1.9067664924213468e-01        -7.9604386284734506e-03        -5.9717143121261924e-03         4.4136018482920994e-03         1.7374235032814531e-01         4.6037754012716309e-01
32                                     7.2847492816485435e-02         1.9341107437403116e-01        -1.5903511576794371e-01         9.1707906268315275e-03         2.3806175074872024e-02        -4.4576040114678826e-03        -8.9322717933447690e-02        -2.0865907357453853e-01
33                                    -5.2627348763327919e-02         3.9920406620601624e-02         2.7313991778535683e-02         4.6384365039125724e-03        -3.9797225616895471e-03        -5.3499326627599094e-03         7.4546897087901434e-03        -7.4527703342643879e-03
34                                     2.9329412354186193e-02        -1.6011909261818688e-01        -8.0547790756193408e-02         5.3413540643474245e-03        -2.3637863146887053e-03        -3.5182557932900496e-03         4.6035435381378276e-03        -3.2559163899087681e-02
35                                     2.3503159290575490e-02        -8.4696450558527869e-02        -1.0825793245887078e-01         9.0271998869943821e-03        -2.4072900177995266e-02        -1.7181762867075158e-02         1.1667970013182968e-03         3.9188611743799992e-03
36                                     7.1726668110719185e-04         4.6559119196651450e-05        -1.4607141697650536e-04        -1.2414636210828574e-04        -4.6378578686390713e-07         1.7515331029151367e-05        -1.2820529271842946e-04        -8.0016001563496675e-05
37                                     7.1902307837524743e-04         4.0390686825032352e-05        -1.8160209793899887e-04        -1.3655667930355365e-04        -1.4777019277374304e-06         1.9817164258542332e-05        -1.2872580202800610e-04        -8.1074507364453175e-05
38                                    -1.3166846194983164e-03        -8.2292258950485950e-05         3.7018415336619026e-04         2.7258406081671395e-04         1.3568331961493582e-06        -3.4254399620669937e-05         2.3653058248405333e-04         1.5005571137966986e-04
39                                    -8.0289603763996796e-05         1.3328148442484736e-05         2.3239001466565800e-05         1.8272496747043941e-05         6.7263612336395480e-07        -3.3211680648225069e-06         1.3580737031650787e-05         5.1454555853130111e-06
40                                    -2.9811813921089752e-04        -2.0713100266320979e-05         6.4664125858825426e-05         5.4778020980303279e-05         4.5544731418144485e-07        -7.0531648168015252e-06         5.4317942457482134e-05         3.5324839440328788e-05
41                                    -1.5188108099217605e-04        -1.9122642196260699e-05        -1.0587408534628868e-05         1.4437715606468069e-05        -9.7775750537059183e-07         1.5387762558884676e-06         3.5794718400500116e-05         2.6311830958479047e-05
42                                    -3.7026208087827608e-04        -2.4991451742191402e-05         5.1952952300545027e-05         6.2749413539097069e-05         2.6233111511811738e-07        -5.3520982556303290e-06         7.3835507559988261e-05         4.9160026420969887e-05
43                                     5.2171366538491127e-06        -8.6570192168592392e-06         2.0942143478020308e-06         4.3345898190231337e-06        -8.7502576993388334e-07         1.1611079299280475e-06         1.9575732561083966e-06         2.9250622862934088e-06
44                                    -2.2543261162319829e-05         5.4960642664678285e-05        -2.3357046529963923e-05        -2.4669529890480402e-06        -8.6723234277734558e-07        -2.6360043782276150e-06         1.2132613093430440e-05         9.4643690557562950e-07
45                                     2.2516796860310535e-03         3.7898901943126843e-05         7.9437759760869959e-05        -2.7859644273318083e-04        -6.1601345251221162e-07         8.3162502023504759e-06        -5.1848634295047452e-04        -3.1529150210679390e-04
46                                     1.4037909419466945e-03        -1.1033812702502148e-04         2.2947862169327528e-04        -1.1549020685203593e-04         6.6834232053753157e-06        -2.7863838213593357e-06        -3.4258309658299934e-04        -2.1286388221677168e-04
47                                     1.7053769916052050e-04        -5.4492628673257515e-05        -6.0910034932382343e-05        -2.8021554425464165e-05         3.4553478663138253e-06         1.1378925741183193e-05        -6.7056640017453765e-06         1.2259716237738585e-06
48                                     8.3183387604989867e-04        -1.3522670262055197e-04        -5.5427784620613730e-05        -8.9082806045247839e-05         1.5652877806047623e-05         2.0110707493888014e-05        -1.2893312673739249e-04        -6.5474485797302983e-05
49                                     1.0989724582334947e-03        -5.3014200546355555e-05        -1.4948495079336669e-04        -1.6878600078537801e-04        -3.7297293234504934e-06         2.7594459614738067e-05        -2.0160980116564744e-04        -1.0370261671635326e-04
50                                     1.6511624812067405e-05        -1.0410706218446020e-04        -5.8478292933017678e-05        -2.7283932985698765e-05         3.9061468057433561e-06         1.0997406807934612e-05         1.5311418300377954e-06         1.2529128368580957e-05
51                                     1.8895095354595380e-03         2.7639889833406341e-04        -1.2041140797118373e-04        -1.5421068184381982e-04        -1.7619956030147485e-05        -1.7336210420826676e-05        -3.2410520816715841e-04        -2.0776174980642744e-04
52                                    -9.8968880092295671e-04         1.0210003789474186e-06         2.0519471554779096e-04         2.3466728351101453e-04        -1.5981744308216889e-05        -4.2613785792533635e-05         2.0988945225468660e-04         1.3007328658354978e-04
53                                    -4.5788751647250764e-05         9.3128287351377522e-05         1.0617483485556465e-04         8.6906378593436533e-05        -9.6563730616237517e-06        -2.2579928717467827e-05         2.8971074531407682e-05         1.2747839993294829e-05
54                                    -9.3162826865199333e-04         1.0685837188017275e-04        -1.8392495335223881e-04        -3.0846182652630904e-05        -3.6964281945607114e-05         1.0098872013586960e-05         7.7675573727513744e-05         9.9429513282931525e-05
55                                    -1.4621013273155526e-04         2.6079455155691642e-04         2.3800724431144031e-04         1.4501458153941458e-04        -3.1383602315459126e-05        -6.5269525981965327e-05         7.7946750242496507e-05        -3.4705708636055110e-06
56                                     9.6083617912973564e-04         2.3465693942595399e-04        -5.3961248108559895e-05         1.8840673402247812e-05        -3.7670106728368748e-05        -6.0407912835402190e-05        -1.5014093486407769e-04        -8.2232181555978755e-05
57                                     5.8213605730329300e-04         4.6677317068321103e-05        -8.1957008452410960e-05        -6.0072754016755341e-05        -8.4158376142021938e-06        -6.4090201909808851e-06        -1.0480454010539182e-04        -6.1321788587597299e-05
58                                    -1.2002536323963088e-03        -6.0882317873626541e-05         1.7055221119916751e-04         1.6674534298098556e-04        -9.9853919574848134e-07        -1.5228641262299457e-05         2.1439858468680399e-04         1.3540871256440099e-04
59                                     1.0712790500089552e-03         2.2164101549681526e-05        -1.5319789483741176e-04        -1.5519014279010785e-04         7.9846188087150951e-06         1.7842709910271515e-05        -1.9420675608501322e-04        -1.2285026047054837e-04
60                                    -2.0678821286361504e-04         1.3307111034269569e-04        -5.9329338535130322e-05         4.0936935651409773e-06         6.3037016948058679e-06         2.7113578234817364e-05         1.8462014747992051e-04        -9.9575371036089895e-05
61                                     5.0636722706956169e-04         1.1077798866373541e-04        -1.1208146384341128e-04        -6.9800768045203109e-05        -2.0816553163958217e-05        -1.6789619314129024e-05        -8.2299880047899171e-05        -9.3127176385132985e-05
62                                    -7.4232723434510353e-04        -9.1462734318090871e-05         1.2898260582142995e-04         6.8322751099904523e-05         4.2424784163828895e-05         5.0620826100528749e-05         1.8797251959344808e-04         1.1376341784192102e-06
63                                     3.9124345254984509e-04         5.1537274484359495e-05        -7.0252558774997116e-05        -4.9471370400734818e-05        -8.4671545952010193e-06        -4.6084664391671983e-07        -6.4983419164402526e-05        -3.5239820327136114e-05
64                                     1.3942941771838367e-04        -1.4435087991061682e-05        -1.9943290563566069e-05        -2.5064844089204859e-05         4.8872939178115360e-06         6.0996594565077663e-06        -2.8556718601233635e-05        -1.8030159827001299e-05
65                                     2.2958405690566867e-04         2.4608393595053433e-05        -6.0497691655785556e-06        -7.2978523196525402e-06        -4.7094315181174288e-06        -7.1112539100589093e-06        -5.2326746787643944e-05        -2.9536462055852167e-05
66                                    -1.3495918613398326e-04         5.7576919771909550e-04        -7.1472302119384627e-05         1.6261423012509492e-04         8.6797077413410130e-05        -1.0803773596638478e-04         3.7881388061106631e-05        -5.4854598237566432e-05
67                                     1.7622803108014332e-03        -1.4533595636866131e-04        -8.4398676542906694e-04        -3.6751271304195861e-04        -5.0136693462173477e-05         1.0386695564213712e-04        -4.4461776367774828e-04        -9.8789702166247881e-05
68                                    -1.5817180272478110e-04         1.5889686551785092e-05         1.6081232198841025e-04         5.5189373317767273e-05         2.1683495963408731e-06         3.0010209927102630e-06         2.3970179093917542e-05         2.0288009688842318e-05
69                                    -4.7970682158727135e-04         1.6433759570526184e-03         7.6673041286753115e-04         3.7729588463807106e-05        -8.0292553925334729e-05        -6.4746476215037259e-06         3.9118701777248930e-05        -1.8445166090009298e-04
70                                     2.8629718503763333e-03        -2.7500316543207115e-04        -2.1311205384397694e-04        -1.1798988952268024e-04         1.4501373756344019e-05        -4.1277882621066923e-05        -4.7266774762414452e-04        -2.0745796671219860e-04
71                                     2.5090029995429120e-05        -3.8366758607650078e-05         1.2485314203504119e-04         7.3496893591995933e-05        -5.2353091490852104e-07        -1.8536861733410147e-05        -8.6616968200385776e-06        -1.0203649898288258e-05
72                                     5.6771007237057668e-04        -1.7601180204427709e-03        -8.5109225050948557e-04        -1.7761032297076995e-04        -6.5674851699699802e-05        -1.6025077055709601e-06         4.5821977399712740e-05         3.4678627870649882e-04
73                                     2.0954402351930216e-04        -6.3007733341344753e-03        -1.7221441723199345e-03        -4.0775284774655486e-04         1.8590753491685644e-04         1.6013599603063758e-04        -1.3419048272146129e-05         7.2545444277568108e-04
74                                    -1.0301543793480286e-03         1.8206205690874926e-03         2.4620010585953219e-03        -3.3490059234600873e-05        -3.9789052348168782e-04        -1.8907887822083885e-04        -6.0919874754819921e-06        -4.8752712915159737e-04
75                                    -9.4071531498563146e-03        -5.8802643697374469e-04         4.9956268275395295e-03        -3.3210010786850075e-01         9.9262503169041845e-03         3.5832362515077640e-02         1.5507566628611645e-03        -2.3938082374197131e-04
76                                     4.5529050978929805e-03        -2.2906294467919600e-03        -2.6766473007424048e-03         1.0819116017060924e-02        -4.3827178931928785e-02        -1.1884543767827756e-03        -8.1320658505327397e-04         2.1460385892112591e-05
77                                    -2.1735709171540170e-02        -5.7701627763562930e-04         5.5753452809469885e-03         3.0345212364728855e-02        -8.7643325794531227e-04        -4.4521542720819970e-02         2.2049174529678336e-03        -9.9687721273381295e-04
78                                     1.3147393435744437e-03        -9.9469508451566803e-03        -5.5547418929681978e-03        -5.6073973800962365e-02         4.5108664725496045e-02         4.3479330792442622e-02        -2.0824341912850585e-04         3.1770904395494819e-04
79                                    -2.7163587383854369e-03         3.5670884387806615e-03         4.6787243772624561e-03         4.6682689751848291e-02        -1.8813437160584248e-01        -1.3771366968480425e-01         3.6219368292176256e-04        -3.8462974631993298e-04
80                                     8.0355936769002708e-03        -1.7396158620875180e-02        -1.0300126795859432e-02         4.6674786731805917e-02        -1.4255002038039116e-01        -1.7467582992209163e-01        -8.8968813425802074e-04         1.9571134970713753e-03
81                                     3.4171442749237413e-03         1.2193452375813704e-02        -1.5904426875379962e-03        -7.5346764934697483e-02        -8.4212297045295564e-02         3.1857897089023257e-02         1.8502268965775405e-04         1.2911114778208813e-03
82                                    -1.9314100599849681e-03        -4.6683171636394327e-03        -1.8275364209660114e-03        -8.6917406691857352e-02        -2.7205415081919204e-01         8.4802468434561601e-02         6.6685086871116558e-05         4.4082270907902683e-04
83                                     1.1793860039078478e-02         2.0305714379784262e-02        -4.4787761632246997e-03         3.4254230323112284e-02         8.8590780358997673e-02        -7.4012392566472976e-02        -2.3510418684126594e-03         3.2545876412118022e-03
                                                        32                          33                          34                          35                          36                          37                          38                          39

0                                      1.4375172615871490e-04        -2.2832246135111675e-04         1.7803432230319285e-04         1.6833992134185062e-04        -2.1681391996524554e-01        -1.3792727894471651e-01        -4.6880089874424902e-03        -6.2802588213711319e-02
1                                      1.0339034221110908e-04        -2.0032441268952447e-04         1.5592676924693256e-04         1.3898575777800392e-04        -1.3820271356274277e-01        -1.5779699100281863e-01        -3.2173342868761796e-03         5.2948836449605338e-02
2                                      6.3008721230574643e-05        -1.9946705978744528e-04         1.1950797202682180e-04         1.0622461211989533e-04        -2.2559331687718150e-03        -1.0586530095777437e-03        -4.7220092137146258e-02         3.6952297465718556e-02
3                                     -2.8455150351238301e-04         6.5574652013855475e-04        -4.0312624077482501e-04        -4.0024425830228517e-04        -4.0995979557229990e-03        -4.3667747509267135e-03         2.2588377130870859e-02        -2.7489911614720945e-03
4                                     -2.8991616779111914e-04         1.3508440795233201e-03        -9.9831096780775134e-04        -6.9221432676015075e-04        -1.2872303584779698e-03        -5.3138386743769219e-03         1.7903199720118716e-02         4.2061972567097672e-03
5                                     -3.1852595690594197e-04        -4.3476358485634604e-04         1.5479429830268408e-04        -1.8847692452369645e-07        -2.5631221739434787e-03        -3.0560768083518208e-03         4.1528993209060993e-03         3.4599765676753989e-03
6                                      1.1603737578133174e-03        -6.6196730404882278e-03         4.8214426258288501e-03         3.2666988426978266e-03        -4.3498270299943340e-04        -2.1251579109735162e-03         4.8558152372440624e-03         5.4755086945198670e-04
7                                      6.3673078359270988e-05         3.3813746840086537e-04         6.4251056723832619e-04         1.5897411260141570e-06        -5.4000239159133177e-04         7.9970690675918756e-05         2.5981760531349467e-03         1.0199538110231487e-03
8                                     -5.4214537355296044e-04         3.8621654607402681e-04        -2.8173208621717449e-04        -5.3478498877797221e-04         1.9733931922830015e-03         2.5168869366219235e-03        -6.7235982971753667e-03        -5.0102451582374058e-04
9                                     -5.8400202583585849e-05        -1.5863431187145742e-05        -1.9327727900364435e-04        -1.0706234976585971e-04        -1.4976248899274387e-04        -1.5448034656565044e-04         5.1844848039300090e-04        -1.1051765493444281e-05
10                                     2.2908892107095455e-04        -1.5717399227235390e-03         1.0565760780760218e-03         6.8679067840458159e-04         3.5453188793033071e-04         6.0290949123786310e-04        -6.8730155324947626e-04        -2.3984325900965726e-04
11                                     1.3627853182963208e-04         3.3977050561734572e-05         1.3068515180302215e-04        -1.8564643623790081e-05         1.3021450807632312e-04        -4.1079266806354453e-05        -2.7688735347839442e-04         1.5963734285080291e-04
12                                     7.7175973414687674e-05        -4.5072728590913287e-05         2.7819729204604901e-08         4.0404309881571590e-05         6.3888392763373822e-05        -3.4139227451830610e-05        -5.6521541724098979e-05         7.0364681052483553e-05
13                                    -9.7180868741242397e-05         2.9858073777876517e-04        -2.0234571179478993e-04        -1.4142316366637657e-04        -1.2120394951169503e-04         2.6455079385292363e-05         1.3555095612907122e-04        -2.8364879806758576e-05
14                                    -1.3163974999375654e-04         3.8457529794331689e-04        -2.0499814133452044e-04        -1.7415103866588928e-04        -4.1797669745301962e-05        -2.3011933886178723e-05         9.4696313682259207e-05        -9.4217993952120163e-07
15                                    -3.2285990535885177e-03         1.3911646135439711e-02        -7.6183841863055523e-03        -6.5866403552234474e-03         1.6617967001692042e-03         1.7175435338481655e-03        -3.0375913023756350e-03        -4.1543798721255004e-04
16                                    -1.4216795253601221e-04         8.0794123821156406e-03        -7.8785848664912929e-03        -3.6189705132511191e-03         1.3480749879194538e-04        -3.5330928691809009e-04         7.0908408087224967e-04         1.9264895356028083e-04
17                                     2.5220994847458171e-03        -1.1190449133495661e-03        -2.9966882699887997e-04         1.1597237589903778e-03        -2.2084997393999510e-04        -7.3421163126711087e-06         2.5062449311152857e-05         2.2457595486864929e-05
18                                     5.5148255295871457e-04        -5.6291258359089571e-04         9.0293099603213083e-04         8.1531926377746645e-04        -5.7942785885585946e-05         3.9501280819714867e-05        -2.2629886670838344e-05         1.1001164605085596e-05
19                                     3.6471914331149939e-04        -3.1391285315719233e-03        -1.6796270737328939e-03         1.1502312196698164e-03        -3.4187034912087452e-05         4.5993483996947722e-05        -5.4982499773910112e-06         2.9016684345903955e-05
20                                    -2.5606025468621934e-04         2.6151773290563332e-03         1.6556203346552504e-03        -4.9009324783790876e-05        -4.5261763698833460e-05         4.0674983138732788e-05        -1.2617095765817400e-04         5.6734212500416097e-05
21                                     1.1975414755869523e-02        -2.0039189632490868e-02         1.3681065487747682e-02         1.1114324634492082e-02        -1.0556053859991758e-03        -1.2007226602744718e-03         2.3664295981862984e-03         1.8096553149248452e-04
22                                     4.9295600298109596e-03         1.4658963543865072e-02         3.9573745253401720e-03        -5.4747363274423207e-03        -5.9912679185692905e-04        -5.5709523128428563e-04         1.1243245012429956e-03         2.3145070553337393e-05
23                                     6.6682964312820099e-03         1.7879352766698380e-02        -7.6212255364119120e-03        -1.1622444850315460e-04         7.6673737809151288e-05         1.5420563970171920e-04        -1.5733772410805942e-04        -3.1624664112186678e-05
24                                     7.2847492816485435e-02        -5.2627348763327919e-02         2.9329412354186193e-02         2.3503159290575490e-02         7.1726668110719185e-04         7.1902307837524743e-04        -1.3166846194983164e-03        -8.0289603763996796e-05
25                                     1.9341107437403116e-01         3.9920406620601624e-02        -1.6011909261818688e-01        -8.4696450558527869e-02         4.6559119196651450e-05         4.0390686825032352e-05        -8.2292258950485950e-05         1.3328148442484736e-05
26                                    -1.5903511576794371e-01         2.7313991778535683e-02        -8.0547790756193408e-02        -1.0825793245887078e-01        -1.4607141697650536e-04        -1.8160209793899887e-04         3.7018415336619026e-04         2.3239001466565800e-05
27                                     9.1707906268315275e-03         4.6384365039125724e-03         5.3413540643474245e-03         9.0271998869943821e-03        -1.2414636210828574e-04        -1.3655667930355365e-04         2.7258406081671395e-04         1.8272496747043941e-05
28                                     2.3806175074872024e-02        -3.9797225616895471e-03        -2.3637863146887053e-03        -2.4072900177995266e-02        -4.6378578686390713e-07        -1.4777019277374304e-06         1.3568331961493582e-06         6.7263612336395480e-07
29                                    -4.4576040114678826e-03        -5.3499326627599094e-03        -3.5182557932900496e-03        -1.7181762867075158e-02         1.7515331029151367e-05         1.9817164258542332e-05        -3.4254399620669937e-05        -3.3211680648225069e-06
30                                    -8.9322717933447690e-02         7.4546897087901434e-03         4.6035435381378276e-03         1.1667970013182968e-03        -1.2820529271842946e-04        -1.2872580202800610e-04         2.3653058248405333e-04         1.3580737031650787e-05
31                                    -2.0865907357453853e-01        -7.4527703342643879e-03        -3.2559163899087681e-02         3.9188611743799992e-03        -8.0016001563496675e-05        -8.1074507364453175e-05         1.5005571137966986e-04         5.1454555853130111e-06
32                                     1.4973225301896079e-01         6.0518653938631400e-05        -1.4445544938487424e-02         9.6602587510585571e-03         3.0047877443227734e-05         3.3595831462686780e-05        -6.7618773344137089e-05        -2.7126569804937877e-06
33                                     6.0518653938631400e-05         5.8502208814885194e-02        -4.6475877256011114e-02        -4.1615578966776035e-02        -1.0542858911920960e-04        -9.9207361327401336e-05         1.8766171293915673e-04         6.8763941854586204e-06
34                                    -1.4445544938487424e-02        -4.6475877256011114e-02         1.9494538639991252e-01         1.0850206445803065e-01         5.2953066998294451e-05         6.8709965091580188e-05        -1.1985454671680846e-04        -2.1456309550570397e-05
35                                     9.6602587510585571e-03        -4.1615578966776035e-02         1.0850206445803065e-01         1.2076348586990238e-01         5.4938303894322665e-05         5.6483398522015268e-05        -1.0795240626732120e-04        -7.6661844252285991e-06
36                                     3.0047877443227734e-05        -1.0542858911920960e-04         5.2953066998294451e-05         5.4938303894322665e-05         2.2744277513754466e-01         1.4944017147326683e-01         1.5608699775168826e-03         7.4202203304445016e-03
37                                     3.3595831462686780e-05        -9.9207361327401336e-05         6.8709965091580188e-05         5.6483398522015268e-05         1.4944017147326683e-01         1.6437980846722411e-01         3.3795438804105248e-04        -1.8388789556617567e-02
38                                    -6.7618773344137089e-05         1.8766171293915673e-04        -1.1985454671680846e-04        -1.0795240626732120e-04         1.5608699775168826e-03         3.3795438804105248e-04         4.8436483061009415e-02        -1.4541746119275025e-02
39                                    -2.7126569804937877e-06         6.8763941854586204e-06        -2.1456309550570397e-05        -7.6661844252285991e-06         7.4202203304445016e-03        -1.8388789556617567e-02        -1.4541746119275025e-02         6.0818738368373162e-02
40                                    -1.3895710990806257e-05         4.2301007813350404e-05        -2.3164149621702815e-05        -2.1456838142212825e-05         6.5790612356418990e-03        -1.2650518677617599e-02        -9.4740153199801870e-03        -5.6323160048482056e-02
41                                    -4.8467703467362577e-06         3.6818504139591996e-05        -2.8557296134026458e-06        -1.4611246536175043e-05        -1.6860430115511055e-04         1.9172708958580271e-03        -2.4688998241244580e-05        -4.1585346182059259e-02
42                                    -1.6978650083859200e-05         6.2198482295807759e-05        -2.8030695762595433e-05        -3.1009947331489174e-05        -1.5058335691353704e-02         1.2533215738287494e-02        -8.3948072307211113e-03        -4.3855650538840944e-03
43                                    -2.1900978846851912e-06         8.2773498699508367e-06         6.5188185642805544e-06        -3.5366364199634426e-06        -1.5529126253344887e-02         1.0722823598864794e-02        -8.7506518503230879e-03         1.8025227370920733e-02
44                                     6.7065082956006101e-06        -1.0209122201024510e-05        -4.2278302488198535e-05         1.7455418525594283e-06         1.4637083967983574e-03        -5.4134844523028632e-04        -6.4660679544415768e-04         1.5103260187973002e-02
45                                     6.0982365324945805e-05        -4.2664183282146973e-04         2.6625490291331568e-04         1.9094230748068985e-04         3.9838975280235070e-04         1.2141477140859111e-04        -5.3857970028545470e-04         2.9015574478078289e-04
46                                     8.6705252844575020e-06        -2.8278082541054368e-04         2.8883989802790425e-04         1.1533683133455410e-04        -3.8017661823554942e-05         1.0912279964611464e-04         7.4062149902781767e-05        -6.5057298102178668e-04
47                                    -4.7080353897883048e-06         1.8498009319023016e-05         4.3249797938370399e-05        -5.8543949448439071e-06         2.2413267996977877e-04        -2.5425317160880688e-04         1.2253754201946828e-03        -3.3863636555232042e-04
48                                    -4.7737558161407292e-06        -6.7975289005565639e-05         1.4430582805379243e-04         3.2228772238953696e-05         1.2469306594207878e-04         6.6182758308311676e-06         9.7768287084017830e-05         7.6519323644703985e-04
49                                     3.4959012133418268e-05        -1.2990755683349995e-04         1.8751961812948941e-04         7.9481620536644645e-05         9.5822680027489362e-05         3.7275671963968521e-04        -6.7060366182987712e-04        -4.1234901983410767e-04
50                                    -2.0436951289502716e-06         4.3562581043106926e-05         6.3431523785610624e-05        -1.5007035897532180e-05        -4.6526256389530993e-05         1.5895515405524741e-04         1.0651437820759385e-03         1.2561156364383976e-03
51                                     1.0545527064183393e-04        -4.5187841451694254e-04         2.3690835799900170e-04         2.1480459657297369e-04         5.0453060628585539e-05         2.3581563369010869e-06        -1.5611576690667260e-04         7.7353446958689762e-05
52                                    -1.5251217253037236e-05         7.5677086646349100e-05        -1.6191361017223882e-05        -2.6095988945210614e-05        -4.9161803290794653e-05         2.4285099223724958e-04         2.8752630402604357e-05        -2.0824029793932073e-04
53                                     1.0412369359233148e-05        -8.9634572704739104e-05         4.5273829513910603e-05         4.1061602859752440e-05         1.1743906291087844e-05        -1.1992517888499075e-04         1.7163684828418405e-05         6.2820704758330685e-05
54                                     1.4421354558237157e-05         2.0467117340118519e-04        -1.7952686192019605e-04        -2.6310201351981377e-05        -2.5110986594015179e-05        -2.4771715691594514e-05         1.4484742583798440e-05        -8.0452132205778939e-06
55                                     3.9224770180160508e-05        -2.1071450112877696e-04         9.1603814264142004e-05         8.7160365348759952e-05        -3.4044311302490094e-05        -2.4807135173285693e-05         8.9596689538115842e-05        -6.1843653131454096e-07
56                                     1.1445045812356251e-04        -4.1200778872477726e-04         2.0841218874144678e-04         2.3263987117728440e-04         1.6460515926888114e-05         1.2425625335125414e-05        -1.9838492026012979e-05         2.1414340088970855e-05
57                                     4.1094034700987502e-05        -1.1872007946018812e-04         5.8817861308056503e-05         6.3017261729937267e-05         1.1102066255847268e-05         1.7785632778503376e-05        -3.3849541918727172e-05        -1.1494345522417856e-05
58                                    -5.2165819298849995e-05         1.9764394240733200e-04        -1.1672956550127882e-04        -9.8017735785322990e-05        -3.1575517901512022e-05        -1.7578364694500659e-05         5.4504869078475803e-05         3.1989055238147235e-06
59                                     4.2856450752492607e-05        -1.6986126674563244e-04         1.0513308349629049e-04         8.3734762745471270e-05         3.7046293146282684e-05         1.6342272204506799e-05        -6.4984265970215836e-05        -3.1891109218449982e-06
60                                     8.1337436456179477e-05         6.0137425170012380e-05        -6.1187516284005831e-05        -3.9742190275108278e-05        -1.0853935571579395e-05        -4.2427413255828882e-06         1.9993622227399023e-05        -4.5732434757307183e-06
61                                     5.3481713942052448e-05        -9.9711203283823376e-05         5.1740731225179951e-05         6.7373451911456776e-05         1.6125605577266771e-05        -1.0431403861631104e-05        -1.6939323635386348e-05         1.3434114378835061e-05
62                                    -4.8454981840392213e-05         1.5223276932927653e-04        -9.6121354716987483e-05        -1.1138490716493759e-04        -1.9021052667297423e-05         2.1672811754241806e-05         2.1713014594847900e-05        -3.5260906311114845e-05
63                                     2.4980753654522682e-05        -6.5529542369856562e-05         4.0602770948895830e-05         3.9891147809183317e-05        -2.5433651116134207e-06         1.4047213893359807e-05        -9.7833001357618970e-06        -1.2624021366028744e-05
64                                     3.0177526549357060e-06        -1.5023645851567297e-05         1.1964762907960177e-05         5.0627590688007352e-06         1.2050563743950239e-05         1.7763414627645896e-06        -1.6255123276745639e-05         9.6913218665442197e-06
65                                     2.0340313086016272e-05        -7.5068350234287949e-05         3.4289298337012033e-05         3.9794605133007687e-05        -8.9951993308597382e-06         1.5428081248798185e-05        -5.9944678778221016e-06        -1.9257698585335530e-05
66                                     2.5130158788008050e-05         6.8590443466239742e-05        -1.1580690664645844e-04         2.1941863786026380e-04         2.9314950699797462e-05        -2.9729248787032994e-05         3.1131090963823642e-05        -4.4919617048098985e-05
67                                     1.1242417809996295e-04        -9.3144141771180056e-05         2.9254223144756789e-04         1.7599384076521073e-04         2.5919876010045502e-05         2.0055237173091747e-05        -7.7045255349479861e-05        -6.0765373681322910e-05
68                                     4.8109955230165376e-06        -1.0795856250315605e-04        -8.6149652620080906e-05        -3.7841901575925291e-05        -1.1046555050485407e-05        -1.1945814585248099e-05         1.4090165372296676e-05         2.6628758830014344e-05
69                                    -4.2970069230641812e-05        -8.3826314894010418e-04        -1.5044001390425808e-03        -4.9541689337444147e-05         1.7889411737654747e-04        -6.4072777841414359e-05        -2.3594845939525668e-06         3.0387506556824116e-04
70                                     2.5564726625413410e-04        -1.7019829584469795e-04         7.6576073608268904e-04         2.3852383937524659e-04        -1.0954720250752259e-04         5.1415231279923010e-05        -2.1727752679751646e-05        -1.5603534949534511e-04
71                                     2.6636206911013571e-05        -8.4004440847766648e-05         6.3861031086674810e-06         4.3126297069360912e-05        -8.3155087802650349e-05         4.6619976440228283e-05        -1.7957833267264461e-05        -1.3322478120544128e-04
72                                    -4.3168235620475283e-06        -4.3043048373000914e-03        -2.1571677462893365e-03         2.2674493153547696e-03        -2.2528844084381585e-05        -6.0842998224758385e-06         1.8246313102379992e-05        -8.4321272558416911e-07
73                                    -1.0226657641971160e-05        -1.4331676696402915e-03         1.4532668886453270e-03         1.2173350208982913e-03        -1.9511448478219673e-05         3.1752739434708881e-05        -4.0770899493864671e-05        -1.3470166394152046e-05
74                                    -1.8385666600357129e-04         1.4173366384448974e-03        -8.1610177917971496e-04        -1.5154231902784381e-03         4.7844850506148525e-05        -2.4225765003814019e-05         1.5616571159183969e-06         2.7593316987425510e-05
75                                    -1.7416727659887339e-06         1.1161579896011042e-03        -2.1431030918947535e-04        -1.3594290174793675e-04        -1.6456688312356659e-05        -1.7755088554160348e-05         3.7031637683448274e-05         2.3043054824505913e-06
76                                     2.0243452720660116e-04        -1.4201016649640469e-04        -3.0253363127776922e-04        -2.3777430418268553e-04         9.6924011735533358e-06         1.0897618675689767e-05        -2.1403140306353929e-05        -1.1716516076825108e-06
77                                     4.4241940099204447e-04         1.4773153614818862e-03         4.3513906194333449e-04         8.7030011499554169e-04        -3.9086743990574265e-05        -4.3176046809214946e-05         8.5381773958205319e-05         4.9085161698684402e-06
78                                     8.8654244457073855e-04         2.5729994745265702e-05        -6.6196696039738634e-04        -4.0989343670915952e-03         1.4827917910475329e-06         1.1180255807671715e-06        -2.3492321449259027e-06        -7.2370571754798441e-07
79                                    -4.3897010936733019e-04         7.9878688361381765e-04         1.4196336353772998e-03         2.5465724642955000e-03         1.1416544845796993e-06         6.1871142384227446e-07        -6.1839357059073608e-07         1.0235176700143923e-08
80                                     1.6243541682250352e-03        -1.6939567309964580e-03        -1.5132446642166352e-03        -5.9634009931613012e-03         2.2718163010008806e-06         2.4536488352155884e-06        -4.2639163655889970e-06        -5.3944098617194906e-07
81                                    -4.0408510427087678e-03        -1.8996521147073963e-04        -4.5420533233260659e-04         7.4946733056418125e-04         5.1439922938724686e-06         4.5917382604829527e-06        -8.1788954324432423e-06         6.9477199240380236e-07
82                                     9.0139239738197237e-04         1.5746702687864363e-04         8.6365471963050335e-04        -2.2787468644298826e-04        -1.8087942302410503e-06        -1.1858682374714304e-06         1.9166682291157043e-06         1.0804430496520702e-07
83                                    -6.0225617737712936e-03        -4.8147438997372244e-04        -1.5845603570819405e-03         1.1019985351473265e-03         6.4431115003889516e-06         5.6292124677943041e-06        -1.1507978424735997e-05         1.1676621752375694e-07
                                                        40                          41                          42                          43                          44                          45                          46                          47

0                                      5.2582113732205532e-02         3.7508185255226617e-02        -2.2103771693661045e-01         1.0296198661554991e-01        -8.7206510964517370e-02         7.4963192523961617e-03         6.5667427207229479e-03        -2.4385702760794128e-02
1                                     -2.2115042097027715e-01        -1.2374271323606192e-01         1.0299098091237138e-01        -1.0766956924930834e-01         5.1977390120835701e-02        -3.8187847902102431e-03        -3.5001553970068723e-03         1.5621115326243660e-02
2                                     -1.2555542364910582e-01        -1.3600665841810752e-01        -8.9168418588771267e-02         5.1638882147120091e-02        -9.1382795769062608e-02         3.7815105469027402e-03         2.3793329540921521e-03        -1.3425859316521569e-02
3                                     -3.5368166890998370e-03         6.4763134838497381e-03         6.4225844830990446e-03         5.9758210976254651e-03        -2.6285404620073310e-02        -2.1938000862278603e-01         1.0541261237642055e-01        -8.8020029346817463e-02
4                                      9.5777710384941182e-03        -2.5822456577959868e-02        -5.7017873369191998e-03        -4.7636586306163339e-03         1.4178802887060145e-02         9.5802784124370766e-02        -1.0647263761415218e-01         4.8628147233370250e-02
5                                      8.0015026736924705e-03        -1.7693065275445986e-02         4.8767608921848685e-03         3.1269717879640032e-03        -1.2876354343281306e-02        -8.7819564003332462e-02         5.0067317406093374e-02        -9.2662357367792159e-02
6                                      9.1381840562164592e-04        -9.5821229477801965e-04         2.0330762130954688e-03         7.5481919578597239e-04        -7.7011324566829235e-05        -3.0267190647488569e-02        -2.8762916646403854e-02         1.8628122317543329e-03
7                                      7.2497460244660213e-04        -4.6906868573352032e-04         3.7460525782679645e-04         5.1426767055392847e-04        -1.4835977200592099e-03         6.9174080432414693e-03         7.7552321256178641e-03        -2.3606192089656894e-03
8                                     -9.9717314902682350e-04         2.0531203879793334e-03        -8.7653478155584543e-04        -7.1115618284709478e-04         2.1933313318535930e-03        -5.8264834856187817e-03        -7.9722692777711209e-03         2.4664237664392252e-03
9                                     -1.9428001644763255e-04         5.7321839316968248e-04         7.9154042903906076e-05         2.0106846954980230e-04         6.9187908530828030e-05         2.1897878594147845e-05        -1.7372455921764532e-03        -2.7970784010572969e-04
10                                    -1.8058942650582744e-04        -1.5274641070858294e-05        -1.8178653888035028e-04        -2.3795144480156841e-04        -1.5547175091646710e-04         2.5439278085992623e-03        -2.7325096767733285e-05         1.0283839335476137e-04
11                                     7.3078649921952789e-04        -2.6057552471739863e-04        -1.7274990499959611e-05         9.1219435701089582e-06         6.8574553705778532e-06         1.0006616095516612e-03        -1.0486836295619192e-03         4.8971848153786697e-04
12                                    -5.6050534657810897e-05        -2.1448571453219073e-04        -8.5432544355524501e-07        -9.1579382363199275e-05        -5.2093671251359798e-05         1.3326115793775930e-04        -6.3492459933030070e-04         4.0919240127176143e-04
13                                     2.3680929108531976e-05         7.3930468174237705e-05        -1.3239452250627179e-05         4.6455744708683488e-05        -8.9296858961013042e-05        -5.4933015365856417e-04        -2.6549332424153586e-06        -1.1560728842027789e-04
14                                     8.8072637221657459e-05         6.0283411693811317e-05         1.7011030141187632e-05         1.4169612807402634e-05         2.9507150474951225e-06         6.4603921524322119e-05         1.2187121937515548e-04         1.8800504530994494e-04
15                                    -7.1989198108857308e-04         1.6765413245398587e-05        -6.5633562120056990e-04        -1.4179058228720775e-04        -9.5917557283094722e-05         2.9495371403145555e-03         1.1544558674486160e-03         1.2698417286684058e-03
16                                     4.8059075592186097e-05        -1.5888741273324908e-04         5.0966229153387942e-05        -1.6290979356217586e-04         7.1257099816718025e-04        -2.7603242822466104e-03        -2.7497826397096790e-03         7.9897012097484362e-05
17                                    -1.3315554221174627e-05         6.5322124209852130e-05        -1.8589968191052946e-05         2.3884695575195492e-04         2.0878047433356151e-04        -3.6849855189201191e-03        -2.3668412006169872e-03        -1.5015900976839136e-04
18                                    -1.2834341754251844e-05         4.2519718558271617e-05        -1.2725417211433584e-04         1.0255967709268325e-04        -8.3035625205033978e-05        -2.1892430144531782e-04         7.5376125821306869e-04         6.1000650021868382e-04
19                                    -6.9924130397762144e-05         1.5090970520263298e-04         9.6681056389574479e-05         5.1148141191861471e-06         4.4671400986361120e-06        -3.7713213398301616e-05        -3.2703778189162254e-04        -1.5316580829512772e-04
20                                     6.0884638451280107e-07         7.4219383756211693e-05         5.9665678780431971e-04        -1.1175983490173467e-04        -2.4280275324615842e-04         9.9054243718547436e-05        -1.5889092858708490e-04        -2.2448383104231695e-04
21                                     4.7302183735878898e-04         2.0059540291415690e-04         5.7184624621736679e-04        -2.6403622756651461e-05         1.8145910494524791e-04        -3.7936986152282467e-03        -2.8328629924070743e-03        -2.7867839754836698e-04
22                                     2.4716230900210812e-04         1.9578646634352739e-04         3.1844496932323911e-04        -2.7602560969090676e-06        -7.6949638548019458e-05        -1.5703404195379139e-03        -1.0262174235884953e-03        -1.8620682398687148e-04
23                                    -4.2978051791347924e-05        -3.1513532792950541e-05        -5.8537983975540762e-05         3.1919346470110587e-05        -1.8772442891541182e-04         9.3454884420625427e-04         9.7862932455669875e-04        -1.5905430225374915e-05
24                                    -2.9811813921089752e-04        -1.5188108099217605e-04        -3.7026208087827608e-04         5.2171366538491127e-06        -2.2543261162319829e-05         2.2516796860310535e-03         1.4037909419466945e-03         1.7053769916052050e-04
25                                    -2.0713100266320979e-05        -1.9122642196260699e-05        -2.4991451742191402e-05        -8.6570192168592392e-06         5.4960642664678285e-05         3.7898901943126843e-05        -1.1033812702502148e-04        -5.4492628673257515e-05
26                                     6.4664125858825426e-05        -1.0587408534628868e-05         5.1952952300545027e-05         2.0942143478020308e-06        -2.3357046529963923e-05         7.9437759760869959e-05         2.2947862169327528e-04        -6.0910034932382343e-05
27                                     5.4778020980303279e-05         1.4437715606468069e-05         6.2749413539097069e-05         4.3345898190231337e-06        -2.4669529890480402e-06        -2.7859644273318083e-04        -1.1549020685203593e-04        -2.8021554425464165e-05
28                                     4.5544731418144485e-07        -9.7775750537059183e-07         2.6233111511811738e-07        -8.7502576993388334e-07        -8.6723234277734558e-07        -6.1601345251221162e-07         6.6834232053753157e-06         3.4553478663138253e-06
29                                    -7.0531648168015252e-06         1.5387762558884676e-06        -5.3520982556303290e-06         1.1611079299280475e-06        -2.6360043782276150e-06         8.3162502023504759e-06        -2.7863838213593357e-06         1.1378925741183193e-05
30                                     5.4317942457482134e-05         3.5794718400500116e-05         7.3835507559988261e-05         1.9575732561083966e-06         1.2132613093430440e-05        -5.1848634295047452e-04        -3.4258309658299934e-04        -6.7056640017453765e-06
31                                     3.5324839440328788e-05         2.6311830958479047e-05         4.9160026420969887e-05         2.9250622862934088e-06         9.4643690557562950e-07        -3.1529150210679390e-04        -2.1286388221677168e-04         1.2259716237738585e-06
32                                    -1.3895710990806257e-05        -4.8467703467362577e-06        -1.6978650083859200e-05        -2.1900978846851912e-06         6.7065082956006101e-06         6.0982365324945805e-05         8.6705252844575020e-06        -4.7080353897883048e-06
33                                     4.2301007813350404e-05         3.6818504139591996e-05         6.2198482295807759e-05         8.2773498699508367e-06        -1.0209122201024510e-05        -4.2664183282146973e-04        -2.8278082541054368e-04         1.8498009319023016e-05
34                                    -2.3164149621702815e-05        -2.8557296134026458e-06        -2.8030695762595433e-05         6.5188185642805544e-06        -4.2278302488198535e-05         2.6625490291331568e-04         2.8883989802790425e-04         4.3249797938370399e-05
35                                    -2.1456838142212825e-05        -1.4611246536175043e-05        -3.1009947331489174e-05        -3.5366364199634426e-06         1.7455418525594283e-06         1.9094230748068985e-04         1.1533683133455410e-04        -5.8543949448439071e-06
36                                     6.5790612356418990e-03        -1.6860430115511055e-04        -1.5058335691353704e-02        -1.5529126253344887e-02         1.4637083967983574e-03         3.9838975280235070e-04        -3.8017661823554942e-05         2.2413267996977877e-04
37                                    -1.2650518677617599e-02         1.9172708958580271e-03         1.2533215738287494e-02         1.0722823598864794e-02        -5.4134844523028632e-04         1.2141477140859111e-04         1.0912279964611464e-04        -2.5425317160880688e-04
38                                    -9.4740153199801870e-03        -2.4688998241244580e-05        -8.3948072307211113e-03        -8.7506518503230879e-03        -6.4660679544415768e-04        -5.3857970028545470e-04         7.4062149902781767e-05         1.2253754201946828e-03
39                                    -5.6323160048482056e-02        -4.1585346182059259e-02        -4.3855650538840944e-03         1.8025227370920733e-02         1.5103260187973002e-02         2.9015574478078289e-04        -6.5057298102178668e-04        -3.3863636555232042e-04
40                                     2.3225622435353679e-01         1.3314657914988637e-01         8.7786632599777537e-04        -9.3163041866879282e-03        -7.3819486256839189e-03         1.0945340350717757e-04         6.0504263342392320e-04        -7.2004438191324146e-04
41                                     1.3314657914988637e-01         1.4790371162252824e-01        -2.5297002259253194e-03         1.1259406362857639e-02         7.6489976266495563e-03        -3.1422213717644670e-04        -6.2501573568272267e-05         1.3057265262680622e-03
42                                     8.7786632599777537e-04        -2.5297002259253194e-03         2.3144259225435637e-01        -1.1090123488340604e-01         9.4320050196300187e-02         7.0699233064234828e-04        -5.1991963813991914e-04         1.6603552945835542e-03
43                                    -9.3163041866879282e-03         1.1259406362857639e-02        -1.1090123488340604e-01         1.0940388483667894e-01        -5.8264474115096977e-02        -4.8613961096222180e-04         4.8065699899840384e-04         1.7916181599421759e-03
44                                    -7.3819486256839189e-03         7.6489976266495563e-03         9.4320050196300187e-02        -5.8264474115096977e-02         9.9599885970378596e-02         2.0204896092968459e-03         2.0266151236453100e-03        -5.4993631987907150e-03
45                                     1.0945340350717757e-04        -3.1422213717644670e-04         7.0699233064234828e-04        -4.8613961096222180e-04         2.0204896092968459e-03         2.4367988500179480e-01        -9.7999918818441917e-02         9.2533624316377849e-02
46                                     6.0504263342392320e-04        -6.2501573568272267e-05        -5.1991963813991914e-04         4.8065699899840384e-04         2.0266151236453100e-03        -9.7999918818441917e-02         1.1323000536272360e-01        -5.5454408949108275e-02
47                                    -7.2004438191324146e-04         1.3057265262680622e-03         1.6603552945835542e-03         1.7916181599421759e-03        -5.4993631987907150e-03         9.2533624316377849e-02        -5.5454408949108275e-02         9.8805519682314921e-02
48                                    -6.3152044993118107e-04         1.3771533205367142e-03         2.8258314146412458e-04        -6.3411450739484952e-04        -1.7240681458284107e-04        -3.8222136366281032e-03         1.8464801911462988e-02         1.4660498173445728e-02
49                                     1.2222289337082291e-04         2.7693307095994100e-03         1.8624054351832437e-04         4.3722590024826858e-04        -4.3476946487281017e-04         1.9506134156516905e-03        -8.4823225931988083e-03        -6.9028688016719488e-03
50                                     2.2643400130298468e-03        -5.1935084155189382e-03        -6.6101993164991140e-04        -2.5586722488866835e-04         1.3257979453853708e-03        -2.3744319914993390e-03         1.0802993593790392e-02         7.9867394705110430e-03
51                                     7.3289849895612040e-05        -2.0002084494452686e-04        -1.1704455417116638e-05        -3.9139182548247507e-05        -2.3529744632614004e-05         5.3875459543529093e-04        -3.9233364170372214e-04        -1.3487066052187986e-04
52                                    -3.0595267457048743e-04         6.1031509295450277e-04        -3.2549554381554134e-05         1.4898980317311011e-04        -4.2166690202424364e-05        -2.7617039921441701e-04        -3.1409381403823313e-04        -3.8756269367793165e-04
53                                     7.2706840711233802e-05        -8.5826617274885504e-05         9.8429213299645283e-06         4.5525301933382331e-05        -2.5898380971845435e-05        -2.9209299542713599e-04        -3.4033130058124363e-04        -1.7963629883081629e-04
54                                     1.2479379791877293e-04        -7.8824377916634418e-05         1.2229981541182528e-05        -1.7929819340724279e-05         1.6002182704294497e-05         1.1409627452900408e-04         1.4722068941491284e-04         1.1451838612837388e-04
55                                     2.8422618368060566e-05         1.0062776637839293e-04         2.9726215520930956e-05        -9.6703890645462803e-06         3.8201287158132636e-05         1.0341164800679094e-04         1.4605356349038558e-04         4.8397928059274006e-05
56                                    -1.1314830666398748e-04         6.1627838695336973e-05        -1.4421131939828261e-05         1.3976020830914132e-05        -6.3108929164653617e-06        -1.0374479049494358e-04         1.0954914196115311e-04        -4.4032730283954621e-05
57                                    -7.1385389156503648e-06         1.4536435092479173e-05        -1.5736505871662827e-05        -4.7643796778902328e-06         2.0190402950812957e-05         8.3012222500416540e-05         1.4442726620167976e-04        -1.1597869958743852e-04
58                                     1.7157333385318523e-05         4.7633087659997963e-06         6.4436112767571503e-06        -2.5676532551192465e-06         3.4198494253600490e-06        -2.9601670076244684e-05         2.0506053373455825e-04        -1.0493242939245732e-04
59                                    -1.8362672527036859e-05        -1.2311425393641974e-05        -1.3344843644007606e-05         7.2544898210357846e-08         8.3284639479490646e-06         1.2673396783160451e-04        -7.3781213501075520e-05        -1.2669207284140167e-05
60                                     3.8521052808227591e-06         3.2571602723695399e-06        -3.0298961762293233e-06        -8.0611623952951919e-06         1.2268334969275650e-05         3.3834872845012252e-05         6.1228862523333603e-05        -2.9707084031187518e-06
61                                    -1.7166173098890390e-05        -4.9040018566183711e-05        -1.3715585469074331e-06        -3.0120493167024609e-05         1.6031318184327596e-05         9.2897184080271237e-05         9.9843404049364224e-05         7.4132895089125216e-06
62                                     1.0724357122162857e-05         7.7211341459096529e-05         2.2968359492253078e-06         3.0524682397143039e-05         2.3691475986358456e-06        -3.7644710607682649e-05        -6.2065657986331554e-05        -2.4554103934189226e-05
63                                    -6.8784172336959547e-06         2.1735096015891467e-05        -1.4783510884435976e-05        -1.2247669654422442e-05         3.8283158230304631e-05         7.5086522213030257e-05         2.3861454701924745e-04        -1.5374020833380542e-04
64                                    -2.4824854934919603e-06        -1.2256505557197857e-05        -5.3573406058070371e-06        -2.2351037248523645e-06        -9.1707881312379203e-06        -1.8198917431508995e-04        -2.4911655906263475e-04         1.6959257157156534e-04
65                                    -3.1015979951397779e-06         8.5829831571649262e-06        -1.5746010674056495e-05        -2.4035077062500989e-05         4.1284271937499801e-05         2.4472004117033350e-04         4.9035399983640986e-04        -2.7936942517352493e-04
66                                     3.6061978462582624e-05        -1.0399408159487050e-04        -8.9689037823454656e-05         1.6330546519435692e-05         2.4084369569057223e-05        -6.5375505582916573e-05         6.9262887457454368e-05         1.1791638136719194e-04
67                                    -5.9087902885484949e-06         3.7586621712714909e-05        -4.2417435116715144e-05         1.9839973434134749e-05        -3.2092898433516565e-05         4.4903994891065771e-05         6.7848905605279533e-05         1.0983410388534678e-05
68                                    -2.3112615759375473e-05         1.0889268713328286e-04         6.1583920140393929e-05        -5.6130737680091863e-05         4.4673624693462673e-05        -1.2023226692690995e-04         3.0276718118516389e-04         2.0321100910844226e-04
69                                    -1.2969749831678954e-04        -3.3028614792625686e-05        -1.6726234584335574e-05        -1.9987187473898352e-04         8.7054432030241697e-04         6.4439294496773116e-05        -1.7915281816827881e-04         2.0553794147856719e-05
70                                     6.8520219549126737e-05        -2.3303616115543041e-05        -6.9367744786732045e-05         4.1990566529544562e-04        -3.9712638948585528e-04        -2.1715790945213138e-05         1.9943229995469263e-04         4.8765068970530769e-05
71                                     6.3165825240027703e-05        -7.1584535613602323e-05         2.0333876648775734e-04         5.8411566784445407e-05        -3.6620743573601575e-04         5.8271444632336468e-05        -1.4636860058976436e-04        -1.3940258852697718e-04
72                                     9.8786012562768655e-07         4.1788696838415394e-05         2.8113507931392903e-05         5.7047705219550899e-06        -5.1684310692391385e-05        -3.3686547126540690e-05         9.2693055229806407e-05         9.6037888268432213e-05
73                                    -7.4201865206753020e-06         4.1516843554378293e-05         3.9478979170877278e-05        -2.4442767322737529e-06        -9.2611183717813232e-05         3.1130011091851499e-05         2.5773735073847284e-04         1.2515931776211421e-04
74                                    -2.4585236298070774e-05         3.6915835169549120e-05        -6.2754995659010035e-05        -4.9062036966844894e-05         1.6532666883116817e-04        -3.4702522648781906e-05         2.6070026146908263e-05         5.4637417502625129e-05
75                                     7.2999298300605351e-06         2.3375169047394585e-06         8.5552235583607496e-06         4.3067931310212908e-07        -6.3782970295783546e-07        -3.9431207574170013e-05        -1.7107305353798030e-05        -3.3571708205084835e-06
76                                    -4.3688541050175222e-06        -2.1832257009071631e-06        -4.5339907178824188e-06         2.1742910055379684e-07        -4.2190638817098464e-07         2.2085487153602430e-05         1.4935110666105083e-05         5.5802528461387449e-06
77                                     1.6970258883812366e-05         5.2971936783594562e-06         1.8983182973138056e-05         6.5597688458011820e-08        -1.4931898248772329e-07        -9.0799442320878406e-05        -3.8912489226831758e-05        -8.3179345229484923e-06
78                                    -4.5829353402752345e-07         1.0532325045368686e-06         9.1492334186809123e-07         1.2775685805885509e-07        -4.3181748836930865e-07        -1.9689196529932635e-06        -9.2931005934120594e-07         2.3268352819320554e-06
79                                    -4.5276403731918575e-07        -4.1286439234406087e-07        -3.3684883644728974e-07         1.4181044602525603e-07        -2.5671074132541853e-07         7.9272703340341300e-06         7.0610356393113456e-06        -2.4231457415805881e-07
80                                    -9.6309727066652831e-07        -1.0971454334642960e-07        -8.4731390273463014e-07        -2.8010974249003572e-07        -4.8302518605259986e-07        -9.1848582328763937e-08         3.2468351375951083e-06         3.9079564770376295e-06
81                                    -1.9496125739189254e-06        -8.9864632802451111e-07         5.6777069595507622e-07        -8.0460639930332410e-07         2.7138477842145474e-06         8.8808947045587277e-06        -1.4427536684649822e-06        -9.4153295319897122e-07
82                                     3.6827645668489016e-07        -8.0211348701708955e-09         2.1969816541864227e-06         7.5539553185150231e-07        -7.9446425438078102e-07        -5.5886251441699655e-06         9.9041637906946358e-07         1.9039014098422481e-06
83                                    -2.8159694004063621e-06        -1.5598555667487374e-06        -3.9851045142781828e-06        -1.3860680702982553e-06         3.6536472658007382e-06         1.2166775761668613e-05        -3.3922117807728103e-06        -3.0607934409186135e-06
                                                        48                          49                          50                          51                          52                          53                          54                          55

0                                     -9.3072860777179255e-04        -2.8736384205412515e-03         8.3790996106944439e-03         4.3206811959054219e-04         3.6258442254751965e-04        -3.9574121084127875e-04         1.8498705028322654e-05        -2.8365583648868199e-05
1                                      4.4068048807462557e-03         1.0319528252054865e-02        -2.3660940954592147e-02        -1.2485559782044473e-04        -8.0875045892245647e-04         3.8632197897738594e-04        -1.2846495664585716e-05         1.2887372831244936e-04
2                                      2.3713378217721094e-03         7.5614577301530254e-03        -1.7290434103988429e-02         1.9633287472181496e-06         7.1845813060367907e-05         3.0296718502273283e-04        -2.3074591431447315e-04        -1.4817876767672674e-04
3                                     -6.5610406397280760e-02         4.7222560601849220e-02         3.6414077209058010e-02        -6.4855845323414014e-04         1.7570522202095340e-03         7.5840646307580740e-04        -1.2061734758669613e-04         3.1615900704946446e-03
4                                      5.7165669486703874e-02        -2.2178126127909661e-01        -1.2859680833040754e-01        -2.1352446319402511e-03         1.6080848797019650e-04         5.4310381141364121e-04         7.7218823874026718e-04        -3.3549678428910421e-03
5                                      4.0475991007814544e-02        -1.2674375125834331e-01        -1.4170909847712523e-01        -8.1566918859795625e-04        -9.1978097455515232e-04         5.1794708450536987e-04        -1.8647400864969669e-04        -3.5040956143279614e-03
6                                      2.7581016742515077e-03         1.9201070640425619e-03        -2.3253566482001470e-03        -7.7354710533115937e-03         3.4955387236164995e-02         4.6441057288431125e-03         7.9142012463685376e-03        -2.1675646043844407e-02
7                                     -2.6471625473467660e-02        -2.1082740599853298e-02         3.3499454921316705e-03         1.5912396773256413e-03        -9.7737521920125102e-03        -2.9354065241935581e-03         4.0031858070280202e-03        -2.4967934425352504e-02
8                                     -1.3667696397828947e-02        -8.8519139764995040e-03         2.5419614781502049e-03         2.8992838714810946e-03        -2.0599576102545401e-02        -1.9528602543229454e-03         6.1780589586802759e-03        -1.4947094299542017e-02
9                                     -3.5684861495467973e-03        -4.2720076865147899e-03         5.8886099565082423e-04        -2.3186183803534932e-01        -7.8630660005259787e-03         1.2869158916694393e-01        -2.0873199143244009e-01        -8.8644140187292109e-02
10                                    -5.2401026146136199e-04        -1.7544107310353552e-04         1.1486774838739030e-03         1.8424554818781413e-03        -4.8892107633309166e-02        -2.0365927054788683e-03        -9.7117965248151500e-02        -1.0137975600166498e-01
11                                    -8.2380740116160271e-04        -1.6271428050944020e-03         1.5660044032119120e-04         1.2995759735125223e-01         2.4285762315631315e-03        -1.4110259676518491e-01        -1.0639809321202345e-01        -5.9059662119230985e-02
12                                     8.5722858700395800e-05        -1.0095911172411072e-05         1.8773144215747910e-06         7.5218566100919227e-03        -1.3135993834152891e-02         2.3026977043227120e-02        -2.8997118672368831e-03         1.3011837278676018e-02
13                                    -9.3805096893642361e-05         5.6416924314339149e-05        -9.8830039485968478e-06         1.8617499180995437e-04         3.1873893110087766e-04         1.3690356369580603e-03        -1.6520737318258677e-03         7.8458750678953460e-03
14                                     4.7370539705147193e-05        -2.8677819300827327e-04         1.1955508488201784e-04        -6.1293236811712330e-03         8.3130760233271327e-03        -1.6518814085657994e-02        -1.4696841832628448e-03         8.7257227483721767e-03
15                                     3.2008415367528573e-03         4.0733623233607311e-03         1.0270602258645872e-03         8.4299017154387638e-04        -4.3277763552152758e-03        -2.6768185691193967e-03         1.8376680444747145e-04        -6.6291672625132317e-03
16                                    -7.3408114561653937e-04        -7.9548704128365531e-04        -7.2639871283269224e-04         3.3174876307319988e-04        -6.2232871352889026e-03        -1.0094524067541097e-03         9.2184355319477676e-04        -1.2739362342906301e-03
17                                    -5.9523033721448461e-04        -5.8004546380569866e-04         6.0508854872699759e-04         8.6571701118190545e-04        -1.4656436831492368e-03        -1.3633240142703709e-04         1.1054017061649856e-03         9.9437237340183927e-04
18                                    -2.8966387545781790e-03         2.3773427299083804e-03         1.4346406109056226e-03        -3.0842485536122067e-04         1.5693852750567235e-03         1.7745296083763741e-04         1.2944016493661776e-04         4.8734636384599244e-05
19                                     3.4084020539968177e-04         1.7688836532754647e-04         5.6452580451469680e-06        -6.9789341419978883e-05        -8.2876587991242322e-05        -2.9845577182933958e-05         3.5964188712029818e-05        -1.4641309040541056e-04
20                                    -1.2955057388421790e-03         2.7069593025150652e-04         4.0054109598554647e-04         1.4523489492980263e-04         5.6334951525331808e-04         1.7819009806727931e-04        -8.1486126452717236e-04         3.2470636475462263e-04
21                                    -1.1448091561180982e-03        -1.6206182389022453e-03        -2.5764236689077762e-04        -2.5204074740017351e-03         5.3035877645341879e-04        -3.2982132668987030e-04        -2.5226516301426628e-03         1.5557253131650724e-03
22                                    -5.2036552249230404e-04        -5.7685697945647246e-04         8.4571634928786821e-05         1.1471014512668381e-03         2.2351636496265189e-03         1.3412889578039630e-03         1.9643677600281800e-03         2.4767494143938160e-03
23                                     2.9049014252952564e-04         3.2337109039830839e-04        -2.8774811693460525e-05         5.3340951300155865e-04        -1.0968061884628094e-04         3.7388480955980380e-04         1.7880070236292959e-03         5.6731604888770118e-05
24                                     8.3183387604989867e-04         1.0989724582334947e-03         1.6511624812067405e-05         1.8895095354595380e-03        -9.8968880092295671e-04        -4.5788751647250764e-05        -9.3162826865199333e-04        -1.4621013273155526e-04
25                                    -1.3522670262055197e-04        -5.3014200546355555e-05        -1.0410706218446020e-04         2.7639889833406341e-04         1.0210003789474186e-06         9.3128287351377522e-05         1.0685837188017275e-04         2.6079455155691642e-04
26                                    -5.5427784620613730e-05        -1.4948495079336669e-04        -5.8478292933017678e-05        -1.2041140797118373e-04         2.0519471554779096e-04         1.0617483485556465e-04        -1.8392495335223881e-04         2.3800724431144031e-04
27                                    -8.9082806045247839e-05        -1.6878600078537801e-04        -2.7283932985698765e-05        -1.5421068184381982e-04         2.3466728351101453e-04         8.6906378593436533e-05        -3.0846182652630904e-05         1.4501458153941458e-04
28                                     1.5652877806047623e-05        -3.7297293234504934e-06         3.9061468057433561e-06        -1.7619956030147485e-05        -1.5981744308216889e-05        -9.6563730616237517e-06        -3.6964281945607114e-05        -3.1383602315459126e-05
29                                     2.0110707493888014e-05         2.7594459614738067e-05         1.0997406807934612e-05        -1.7336210420826676e-05        -4.2613785792533635e-05        -2.2579928717467827e-05         1.0098872013586960e-05        -6.5269525981965327e-05
30                                    -1.2893312673739249e-04        -2.0160980116564744e-04         1.5311418300377954e-06        -3.2410520816715841e-04         2.0988945225468660e-04         2.8971074531407682e-05         7.7675573727513744e-05         7.7946750242496507e-05
31                                    -6.5474485797302983e-05        -1.0370261671635326e-04         1.2529128368580957e-05        -2.0776174980642744e-04         1.3007328658354978e-04         1.2747839993294829e-05         9.9429513282931525e-05        -3.4705708636055110e-06
32                                    -4.7737558161407292e-06         3.4959012133418268e-05        -2.0436951289502716e-06         1.0545527064183393e-04        -1.5251217253037236e-05         1.0412369359233148e-05         1.4421354558237157e-05         3.9224770180160508e-05
33                                    -6.7975289005565639e-05        -1.2990755683349995e-04         4.3562581043106926e-05        -4.5187841451694254e-04         7.5677086646349100e-05        -8.9634572704739104e-05         2.0467117340118519e-04        -2.1071450112877696e-04
34                                     1.4430582805379243e-04         1.8751961812948941e-04         6.3431523785610624e-05         2.3690835799900170e-04        -1.6191361017223882e-05         4.5273829513910603e-05        -1.7952686192019605e-04         9.1603814264142004e-05
35                                     3.2228772238953696e-05         7.9481620536644645e-05        -1.5007035897532180e-05         2.1480459657297369e-04        -2.6095988945210614e-05         4.1061602859752440e-05        -2.6310201351981377e-05         8.7160365348759952e-05
36                                     1.2469306594207878e-04         9.5822680027489362e-05        -4.6526256389530993e-05         5.0453060628585539e-05        -4.9161803290794653e-05         1.1743906291087844e-05        -2.5110986594015179e-05        -3.4044311302490094e-05
37                                     6.6182758308311676e-06         3.7275671963968521e-04         1.5895515405524741e-04         2.3581563369010869e-06         2.4285099223724958e-04        -1.1992517888499075e-04        -2.4771715691594514e-05        -2.4807135173285693e-05
38                                     9.7768287084017830e-05        -6.7060366182987712e-04         1.0651437820759385e-03        -1.5611576690667260e-04         2.8752630402604357e-05         1.7163684828418405e-05         1.4484742583798440e-05         8.9596689538115842e-05
39                                     7.6519323644703985e-04        -4.1234901983410767e-04         1.2561156364383976e-03         7.7353446958689762e-05        -2.0824029793932073e-04         6.2820704758330685e-05        -8.0452132205778939e-06        -6.1843653131454096e-07
40                                    -6.3152044993118107e-04         1.2222289337082291e-04         2.2643400130298468e-03         7.3289849895612040e-05        -3.0595267457048743e-04         7.2706840711233802e-05         1.2479379791877293e-04         2.8422618368060566e-05
41                                     1.3771533205367142e-03         2.7693307095994100e-03        -5.1935084155189382e-03        -2.0002084494452686e-04         6.1031509295450277e-04        -8.5826617274885504e-05        -7.8824377916634418e-05         1.0062776637839293e-04
42                                     2.8258314146412458e-04         1.8624054351832437e-04        -6.6101993164991140e-04        -1.1704455417116638e-05        -3.2549554381554134e-05         9.8429213299645283e-06         1.2229981541182528e-05         2.9726215520930956e-05
43                                    -6.3411450739484952e-04         4.3722590024826858e-04        -2.5586722488866835e-04        -3.9139182548247507e-05         1.4898980317311011e-04         4.5525301933382331e-05        -1.7929819340724279e-05        -9.6703890645462803e-06
44                                    -1.7240681458284107e-04        -4.3476946487281017e-04         1.3257979453853708e-03        -2.3529744632614004e-05        -4.2166690202424364e-05        -2.5898380971845435e-05         1.6002182704294497e-05         3.8201287158132636e-05
45                                    -3.8222136366281032e-03         1.9506134156516905e-03        -2.3744319914993390e-03         5.3875459543529093e-04        -2.7617039921441701e-04        -2.9209299542713599e-04         1.1409627452900408e-04         1.0341164800679094e-04
46                                     1.8464801911462988e-02        -8.4823225931988083e-03         1.0802993593790392e-02        -3.9233364170372214e-04        -3.1409381403823313e-04        -3.4033130058124363e-04         1.4722068941491284e-04         1.4605356349038558e-04
47                                     1.4660498173445728e-02        -6.9028688016719488e-03         7.9867394705110430e-03        -1.3487066052187986e-04        -3.8756269367793165e-04        -1.7963629883081629e-04         1.1451838612837388e-04         4.8397928059274006e-05
48                                     7.2577056066890328e-02        -5.0488659284178297e-02        -4.3686521719234567e-02         1.4456795715360292e-04        -5.4653000824122597e-05        -1.1458313786533541e-04         2.3980802224914284e-04        -1.1121306639090092e-03
49                                    -5.0488659284178297e-02         2.4158442662761129e-01         1.3486080443982221e-01        -5.0836100429295969e-05         2.2987445853250973e-04         1.5017425648203514e-04         8.2697755242943879e-05        -1.3428071757780520e-03
50                                    -4.3686521719234567e-02         1.3486080443982221e-01         1.5058517800800139e-01         9.9710224122815554e-05         4.5825770946254850e-05        -4.0673693645565298e-05         9.4887347285917568e-05         2.5507869029126528e-04
51                                     1.4456795715360292e-04        -5.0836100429295969e-05         9.9710224122815554e-05         2.4476022449578114e-01        -4.4672120925706672e-03        -1.4001922020933694e-01        -1.3922649699980682e-02         1.4498654172668199e-03
52                                    -5.4653000824122597e-05         2.2987445853250973e-04         4.5825770946254850e-05        -4.4672120925706672e-03         6.2381787609523613e-02        -6.9376765139276891e-04        -9.5356808535520463e-03         1.0227754871351301e-03
53                                    -1.1458313786533541e-04         1.5017425648203514e-04        -4.0673693645565298e-05        -1.4001922020933694e-01        -6.9376765139276891e-04         1.5024747242512901e-01        -1.1785261579195343e-02         1.2330236240965901e-03
54                                     2.3980802224914284e-04         8.2697755242943879e-05         9.4887347285917568e-05        -1.3922649699980682e-02        -9.5356808535520463e-03        -1.1785261579195343e-02         2.1878701877063095e-01         9.8945706797558236e-02
55                                    -1.1121306639090092e-03        -1.3428071757780520e-03         2.5507869029126528e-04         1.4498654172668199e-03         1.0227754871351301e-03         1.2330236240965901e-03         9.8945706797558236e-02         1.2061240017330609e-01
56                                    -2.1971833028722860e-04         8.0275070953316342e-05         1.7495196156805772e-05         1.3428480081834705e-02         9.3452892874220945e-03         1.0352156927717729e-02         1.1216458183187600e-01         6.3033408149947678e-02
57                                     1.9874811268168312e-05         4.8934938626974494e-05        -1.5221892798288372e-05         3.2201975039886945e-04        -1.0313282739912883e-04        -2.1844518372844974e-04         1.3694211577704911e-04        -9.1517853600193728e-05
58                                    -1.9344251607266363e-05        -6.6392477112690688e-05         1.6008726995828690e-05        -3.3827186939710836e-04         2.8832171581108924e-04        -1.4061724580730593e-04         1.6324733895552949e-04         4.5539792759460905e-04
59                                     7.2148825583878023e-05         9.4644131199172305e-05        -1.5742458789223771e-05         6.1861359315590033e-04        -3.6738389400894195e-04         1.1048853751854792e-03        -1.6017256937091878e-04        -6.2405828766890035e-04
60                                    -9.9495720051759004e-07        -1.9844772258129713e-05         4.6890705972343796e-06         6.4538243160652440e-04         7.7573024794707615e-04        -1.5884102501400226e-03         5.4548692359681532e-04        -3.0897194350871225e-04
61                                     2.1894470906623734e-05        -8.4763197474144636e-06        -1.5213026625941257e-06         8.1266651789812117e-04        -6.9369391843035401e-04         2.9979798912203944e-03         3.7817594712704760e-04         3.6022194656392076e-04
62                                     2.9951965183793632e-07         4.1834562980717952e-05        -1.7397593552410994e-06        -1.6306406343554857e-03         3.4004999440086798e-03        -4.3001048451147099e-03         2.6971285220103898e-04        -5.2100976373031360e-04
63                                    -3.4572372906507065e-05         6.2974311172972030e-05        -4.3894529836466744e-05         6.9565030535297806e-04         5.3775423800266607e-04         3.1753413229241439e-05         8.8985822288097528e-04         4.8184535915937559e-04
64                                    -6.5269070630147172e-05         8.3635136471553765e-05        -4.9196259886277776e-05        -3.2425784370677621e-04         4.3726226713730870e-04        -8.3701447808468823e-04         6.6678399204728156e-04        -9.2940286456481358e-04
65                                     1.1760243400781430e-04         3.8143701879033115e-05         2.1667041057995336e-05         3.5912108411027517e-04        -4.5798523490017955e-04         1.0847572847301271e-03        -5.7525713397771523e-04         3.5699743860296488e-03
66                                    -1.1225215732946089e-03         2.5204783537019070e-04         5.6282844839822244e-04         3.1842773960718564e-05        -5.9573553646219602e-05         1.2485872778117397e-05        -1.6956469936849354e-05        -3.1518776693328595e-05
67                                     4.3328527502926309e-04         2.2674247615106112e-04        -2.4307382570593083e-04         4.4668968148378239e-05         1.2889783589358877e-04         1.2671485413846787e-05        -9.9225880604906675e-05         4.1123517516843567e-05
68                                     6.9207229036322799e-04         1.8058501019977422e-04         2.1997304571935326e-05         1.9293487328331585e-05        -4.3187160495420968e-07        -1.1452156773744497e-05         1.3907464342531454e-05         2.3207195011361033e-05
69                                    -1.4924730548811378e-03         7.3341341431716394e-04        -6.5024700643922747e-04         1.0037240591047368e-07         2.1002069756760731e-05         4.2629186396508689e-05        -6.0855763924019026e-05         3.7709303895147004e-05
70                                     5.0288310994855479e-04         2.4159826517735966e-04         1.4603709348810843e-04         1.1843025135658246e-05        -9.4354337016757585e-05        -6.2282781710769545e-05         1.3360761350333995e-04         1.0202288222354439e-05
71                                    -4.6703415913540197e-06        -2.7898934954460409e-04        -4.2677611654278987e-04         7.1724913251960823e-06         1.5224468810133321e-05         7.4844191356581314e-07         2.4544325985600805e-05        -4.2073218922819490e-05
72                                    -1.1333605989569546e-04         3.4881107779824422e-04         2.9065488491438049e-04         1.8512152326892949e-05         6.8944754506806787e-05         4.6002027275274769e-07         1.5608291711243638e-05         4.4820364069211920e-05
73                                    -1.6519892584642305e-04         4.2312568501972036e-04         4.0107256221456780e-04         1.3643657438280361e-04        -4.9131061334881749e-04        -7.4254235743551414e-05        -1.8189178487932681e-05        -1.6543787068453401e-05
74                                     2.8250566135048686e-04         8.6834501818266129e-05        -6.8905087771473038e-05         1.3762315455046753e-05         3.7663104501271591e-05         2.5905644949506036e-05        -1.5958115311749345e-05         4.7338125203013714e-05
75                                    -1.0642237970912558e-05        -2.3346456047154633e-05        -3.8044712635729714e-06        -2.5285116500045809e-05         3.0946175588395696e-05         9.7320621313665471e-06        -6.7456399352591929e-06         1.5759596204473679e-05
76                                     1.7348759366670995e-05         1.0516608700630325e-05         2.5448497360495715e-07         1.2530757942803423e-05        -1.9454345329257046e-05        -6.5160091641887729e-06        -8.2958059071451880e-06        -1.1547034497941670e-05
77                                    -2.9502630567694180e-05        -5.0720933170838700e-05        -5.9402121969504075e-06        -5.5918328546776105e-05         7.2157378060089250e-05         2.3352427855616631e-05        -1.3534409369085833e-05         5.0525361680693500e-05
78                                     4.9670650883764560e-06         3.2726586950873035e-06         3.3797431526790255e-06        -1.0689728442707642e-05        -9.0091509228439528e-06        -6.6108314749451777e-06        -1.3383552876391614e-05         1.0451670160728206e-06
79                                     1.3897455037923350e-06         3.2619067992489792e-06         2.3194258923918312e-08         7.6186404176431451e-06         8.5469457578808873e-07         2.0745522925098966e-06        -1.6739428716431615e-05         7.6659093016491833e-06
80                                     1.2088616755720907e-05         2.2017349317466327e-06         1.8710531941157547e-06        -5.9028691299277891e-06        -8.6212266388834037e-06        -6.6611739459274957e-06        -1.6344724087088931e-05        -4.6565649170991741e-06
81                                    -1.4291323962088739e-06         3.5213857912540816e-06        -1.1883803256915973e-06         3.9373974314272353e-06        -1.2111418170161916e-05        -4.1552783620512369e-06         2.1891784352722906e-05        -1.1038642606638845e-05
82                                     4.9880709677536602e-06        -3.5077523317785864e-06        -7.6309109297094098e-07        -1.3428176560809465e-06         4.3865959041473651e-06         1.6764430830503953e-06        -1.2516222714537147e-05         4.4801460090579235e-06
83                                    -6.1692723973005181e-06         3.1402720775965912e-06        -3.5116952416707126e-06         1.0047424688150580e-05        -1.2278611548511145e-05        -3.6435946712703145e-06         1.8126186711070482e-05        -7.1168518999316919e-06
                                                        56                          57                          58                          59                          60                          61                          62                          63

0                                      1.5033780172654551e-05         1.1154940377378533e-04        -8.9989033684704801e-05         1.0222803648037522e-04         2.3147777169454409e-05         6.3287947179861337e-05        -1.2142016650644818e-05         1.1353600092366759e-04
1                                      5.8998229341984172e-05         6.2829443925996404e-05        -5.3960530271814474e-05         6.5533876903149131e-05        -3.6546957072589256e-05         2.6577951247459776e-06        -8.4233775892236302e-05        -2.3171423607612569e-05
2                                      1.6788398475162952e-04         1.1902495469059737e-05        -3.5463583245590261e-05         6.0563105877210424e-05        -2.7340984000441153e-05         1.8970119746487157e-05        -3.4438034732489425e-05         2.7358277079306173e-05
3                                      6.9007819319292932e-04        -1.8324346143171267e-04         7.8460330482596984e-04        -8.4701185700787791e-04        -3.9380438126618880e-06        -2.5911122222633040e-04        -9.0337901857632681e-05         8.4525949316993350e-05
4                                      4.1158815155925696e-04         8.7200969774112880e-05         4.4225782048044567e-04        -8.5326204679329627e-05         3.4427811555829606e-05        -7.4059351614554249e-05        -7.3453256958497845e-05         1.5787223305440814e-04
5                                     -5.3837182391156197e-04        -1.3919688149971525e-04        -6.0076590823976628e-05        -3.8661152881000314e-05         5.0462132454220463e-05         5.0538256077029803e-05         4.5514172802281841e-05         6.0125795081980300e-05
6                                     -2.2207838266024150e-04         3.6779159286160943e-04         2.5589543592245516e-03        -3.2938181180852443e-03         3.2455106140911365e-04        -8.8236981448861569e-04        -8.6290460464906612e-04        -4.1261105994344280e-05
7                                     -4.0994769074698392e-03         8.3116624575059125e-04        -2.4757447086808382e-03         5.5033428623111457e-03        -7.3445482164172628e-04         1.5098933217757623e-03        -9.5658006396991471e-04        -5.1894676513144535e-04
8                                     -9.5535883189288955e-04        -1.2391020253885708e-03         3.3806891603932318e-03        -4.8285855912306667e-03         7.1444740159436551e-04        -9.8755131617423646e-04         2.0286736856950888e-03         2.5012327010400740e-04
9                                     -1.0110994942232179e-01        -3.0411286515211050e-03         2.0789986920541808e-03        -6.7014086089948795e-03         7.2409513496740491e-03        -1.3327771987132236e-02         2.4132746278376270e-02        -3.1531807008232078e-03
10                                    -6.0228862195601182e-02         3.9769944225012416e-03        -1.0622401567375053e-02         2.5335848697319058e-02         1.7647948832108951e-04        -1.3730912269976532e-03        -1.2195165192600381e-03        -1.3951357731338179e-03
11                                    -1.1479830284085310e-01         2.3900416929378008e-03        -6.2513936260526794e-03         8.1169105107352629e-03        -5.5286885322814311e-03         9.7240584343201691e-03        -1.6963856266966608e-02        -1.1491568566211596e-03
12                                    -2.1954438747005107e-02        -6.6180878674805155e-02         7.1283515490786112e-02         1.5216830787631105e-02        -2.3871734810695522e-01        -1.9568916079606021e-03         1.2984327315951896e-01        -2.0117543803244209e-01
13                                    -1.1764475100843266e-02         7.1331567388853795e-02        -2.9656574495367616e-01        -5.3258785765637820e-02        -2.2399843736659758e-03        -4.7408341198111513e-02         9.5692928781368133e-04        -9.3788215721923821e-02
14                                    -1.4244283471333613e-02         1.4530981465187732e-02        -5.0223138295566204e-02        -5.7624873708390020e-02         1.3292398242357312e-01        -7.0333789789016289e-04        -1.3630827843311427e-01        -1.0149748892584189e-01
15                                    -2.7404785418838175e-03         6.8752800858740159e-04        -2.8289643918563341e-03         2.8614638832352426e-03        -1.1817379895107463e-04        -6.5306154781512749e-05         1.5378069755307574e-03        -2.1375757156295741e-04
16                                    -1.4378749018628375e-03        -1.9889989654729866e-04        -5.2997737351328806e-04         1.0968191130580575e-03        -2.7765907941265373e-05        -6.2156270521163278e-04         1.3109517287572825e-03        -9.4978479379166365e-05
17                                     1.2681814414756752e-03         9.3597815598983321e-06         6.6408719723401520e-04        -8.1957266414075321e-04         1.0500074510505557e-04         3.2027310020228174e-04        -2.4040648103833623e-04        -1.1831395799460930e-05
18                                     7.6344028364720918e-05         4.6292737310988295e-05         6.2791132391364773e-05        -1.4450054749905316e-04         8.0163284403581480e-06         3.0592377873717012e-05        -2.2392575570534662e-04         9.1811988508494005e-06
19                                     1.2360761462894244e-04         4.6061344363217349e-05        -8.2876774120590612e-05         8.4262011804688317e-05        -3.4393227722165988e-05         1.3502049345651189e-05        -3.7389261252555760e-05         2.6049004381380926e-05
20                                     3.4629194426088019e-07         2.0452819474270906e-04        -2.5841849773313016e-04         3.6272621816835693e-04         1.9147296152841005e-05         1.2564260121358835e-04        -2.5622720980535607e-04         3.8861183854873579e-05
21                                    -7.8816688435192248e-05        -6.7455562609955097e-04         1.5565345795513917e-03        -1.4787456670504297e-03        -9.8204462889511616e-05        -5.1879177802102369e-05        -9.9533035806739908e-06        -3.3372645730633794e-04
22                                     1.7877181598023252e-03         2.7445331305732623e-05         8.7551550319838107e-04        -1.1314743941622969e-03         3.6095501459925653e-04         1.5902911940875067e-05        -1.0822028832438732e-03         3.8844516055180022e-04
23                                    -2.1297682716963306e-04        -3.2753545165038474e-04        -1.4394817775259655e-04         2.4921210808058486e-04        -6.9114816612817279e-04        -1.5131137952457166e-04         7.5152630581449371e-04        -2.6663323244343793e-04
24                                     9.6083617912973564e-04         5.8213605730329300e-04        -1.2002536323963088e-03         1.0712790500089552e-03        -2.0678821286361504e-04         5.0636722706956169e-04        -7.4232723434510353e-04         3.9124345254984509e-04
25                                     2.3465693942595399e-04         4.6677317068321103e-05        -6.0882317873626541e-05         2.2164101549681526e-05         1.3307111034269569e-04         1.1077798866373541e-04        -9.1462734318090871e-05         5.1537274484359495e-05
26                                    -5.3961248108559895e-05        -8.1957008452410960e-05         1.7055221119916751e-04        -1.5319789483741176e-04        -5.9329338535130322e-05        -1.1208146384341128e-04         1.2898260582142995e-04        -7.0252558774997116e-05
27                                     1.8840673402247812e-05        -6.0072754016755341e-05         1.6674534298098556e-04        -1.5519014279010785e-04         4.0936935651409773e-06        -6.9800768045203109e-05         6.8322751099904523e-05        -4.9471370400734818e-05
28                                    -3.7670106728368748e-05        -8.4158376142021938e-06        -9.9853919574848134e-07         7.9846188087150951e-06         6.3037016948058679e-06        -2.0816553163958217e-05         4.2424784163828895e-05        -8.4671545952010193e-06
29                                    -6.0407912835402190e-05        -6.4090201909808851e-06        -1.5228641262299457e-05         1.7842709910271515e-05         2.7113578234817364e-05        -1.6789619314129024e-05         5.0620826100528749e-05        -4.6084664391671983e-07
30                                    -1.5014093486407769e-04        -1.0480454010539182e-04         2.1439858468680399e-04        -1.9420675608501322e-04         1.8462014747992051e-04        -8.2299880047899171e-05         1.8797251959344808e-04        -6.4983419164402526e-05
31                                    -8.2232181555978755e-05        -6.1321788587597299e-05         1.3540871256440099e-04        -1.2285026047054837e-04        -9.9575371036089895e-05        -9.3127176385132985e-05         1.1376341784192102e-06        -3.5239820327136114e-05
32                                     1.1445045812356251e-04         4.1094034700987502e-05        -5.2165819298849995e-05         4.2856450752492607e-05         8.1337436456179477e-05         5.3481713942052448e-05        -4.8454981840392213e-05         2.4980753654522682e-05
33                                    -4.1200778872477726e-04        -1.1872007946018812e-04         1.9764394240733200e-04        -1.6986126674563244e-04         6.0137425170012380e-05        -9.9711203283823376e-05         1.5223276932927653e-04        -6.5529542369856562e-05
34                                     2.0841218874144678e-04         5.8817861308056503e-05        -1.1672956550127882e-04         1.0513308349629049e-04        -6.1187516284005831e-05         5.1740731225179951e-05        -9.6121354716987483e-05         4.0602770948895830e-05
35                                     2.3263987117728440e-04         6.3017261729937267e-05        -9.8017735785322990e-05         8.3734762745471270e-05        -3.9742190275108278e-05         6.7373451911456776e-05        -1.1138490716493759e-04         3.9891147809183317e-05
36                                     1.6460515926888114e-05         1.1102066255847268e-05        -3.1575517901512022e-05         3.7046293146282684e-05        -1.0853935571579395e-05         1.6125605577266771e-05        -1.9021052667297423e-05        -2.5433651116134207e-06
37                                     1.2425625335125414e-05         1.7785632778503376e-05        -1.7578364694500659e-05         1.6342272204506799e-05        -4.2427413255828882e-06        -1.0431403861631104e-05         2.1672811754241806e-05         1.4047213893359807e-05
38                                    -1.9838492026012979e-05        -3.3849541918727172e-05         5.4504869078475803e-05        -6.4984265970215836e-05         1.9993622227399023e-05        -1.6939323635386348e-05         2.1713014594847900e-05        -9.7833001357618970e-06
39                                     2.1414340088970855e-05        -1.1494345522417856e-05         3.1989055238147235e-06        -3.1891109218449982e-06        -4.5732434757307183e-06         1.3434114378835061e-05        -3.5260906311114845e-05        -1.2624021366028744e-05
40                                    -1.1314830666398748e-04        -7.1385389156503648e-06         1.7157333385318523e-05        -1.8362672527036859e-05         3.8521052808227591e-06        -1.7166173098890390e-05         1.0724357122162857e-05        -6.8784172336959547e-06
41                                     6.1627838695336973e-05         1.4536435092479173e-05         4.7633087659997963e-06        -1.2311425393641974e-05         3.2571602723695399e-06        -4.9040018566183711e-05         7.7211341459096529e-05         2.1735096015891467e-05
42                                    -1.4421131939828261e-05        -1.5736505871662827e-05         6.4436112767571503e-06        -1.3344843644007606e-05        -3.0298961762293233e-06        -1.3715585469074331e-06         2.2968359492253078e-06        -1.4783510884435976e-05
43                                     1.3976020830914132e-05        -4.7643796778902328e-06        -2.5676532551192465e-06         7.2544898210357846e-08        -8.0611623952951919e-06        -3.0120493167024609e-05         3.0524682397143039e-05        -1.2247669654422442e-05
44                                    -6.3108929164653617e-06         2.0190402950812957e-05         3.4198494253600490e-06         8.3284639479490646e-06         1.2268334969275650e-05         1.6031318184327596e-05         2.3691475986358456e-06         3.8283158230304631e-05
45                                    -1.0374479049494358e-04         8.3012222500416540e-05        -2.9601670076244684e-05         1.2673396783160451e-04         3.3834872845012252e-05         9.2897184080271237e-05        -3.7644710607682649e-05         7.5086522213030257e-05
46                                     1.0954914196115311e-04         1.4442726620167976e-04         2.0506053373455825e-04        -7.3781213501075520e-05         6.1228862523333603e-05         9.9843404049364224e-05        -6.2065657986331554e-05         2.3861454701924745e-04
47                                    -4.4032730283954621e-05        -1.1597869958743852e-04        -1.0493242939245732e-04        -1.2669207284140167e-05        -2.9707084031187518e-06         7.4132895089125216e-06        -2.4554103934189226e-05        -1.5374020833380542e-04
48                                    -2.1971833028722860e-04         1.9874811268168312e-05        -1.9344251607266363e-05         7.2148825583878023e-05        -9.9495720051759004e-07         2.1894470906623734e-05         2.9951965183793632e-07        -3.4572372906507065e-05
49                                     8.0275070953316342e-05         4.8934938626974494e-05        -6.6392477112690688e-05         9.4644131199172305e-05        -1.9844772258129713e-05        -8.4763197474144636e-06         4.1834562980717952e-05         6.2974311172972030e-05
50                                     1.7495196156805772e-05        -1.5221892798288372e-05         1.6008726995828690e-05        -1.5742458789223771e-05         4.6890705972343796e-06        -1.5213026625941257e-06        -1.7397593552410994e-06        -4.3894529836466744e-05
51                                     1.3428480081834705e-02         3.2201975039886945e-04        -3.3827186939710836e-04         6.1861359315590033e-04         6.4538243160652440e-04         8.1266651789812117e-04        -1.6306406343554857e-03         6.9565030535297806e-04
52                                     9.3452892874220945e-03        -1.0313282739912883e-04         2.8832171581108924e-04        -3.6738389400894195e-04         7.7573024794707615e-04        -6.9369391843035401e-04         3.4004999440086798e-03         5.3775423800266607e-04
53                                     1.0352156927717729e-02        -2.1844518372844974e-04        -1.4061724580730593e-04         1.1048853751854792e-03        -1.5884102501400226e-03         2.9979798912203944e-03        -4.3001048451147099e-03         3.1753413229241439e-05
54                                     1.1216458183187600e-01         1.3694211577704911e-04         1.6324733895552949e-04        -1.6017256937091878e-04         5.4548692359681532e-04         3.7817594712704760e-04         2.6971285220103898e-04         8.8985822288097528e-04
55                                     6.3033408149947678e-02        -9.1517853600193728e-05         4.5539792759460905e-04        -6.2405828766890035e-04        -3.0897194350871225e-04         3.6022194656392076e-04        -5.2100976373031360e-04         4.8184535915937559e-04
56                                     1.2104950557342257e-01         3.0711137902057978e-04        -4.7855068802970125e-05         1.1279556511781209e-03         3.5890389618684028e-04        -7.7669381404306881e-04         9.9446078243214421e-04        -9.5357708861839880e-04
57                                     3.0711137902057978e-04         6.5092484085746929e-02        -7.7629474828906614e-02        -1.4756727480697040e-02        -4.5700289521125245e-03         2.3734434723005769e-02         2.6528614436037569e-03         7.5505380479670009e-03
58                                    -4.7855068802970125e-05        -7.7629474828906614e-02         3.1541686586379225e-01         5.2716418272021580e-02        -1.5847954903307308e-03         2.9025268088124184e-03         1.1562685436345092e-03         4.5165740658426358e-03
59                                     1.1279556511781209e-03        -1.4756727480697040e-02         5.2716418272021580e-02         5.8508717571715725e-02         2.2979235506835893e-03        -1.6360014291725754e-02        -3.1150457508099540e-03         5.6065230646648511e-03
60                                     3.5890389618684028e-04        -4.5700289521125245e-03        -1.5847954903307308e-03         2.2979235506835893e-03         2.4942760355486288e-01         2.0133486277717576e-03        -1.4150346984334858e-01        -1.4762098096278854e-02
61                                    -7.7669381404306881e-04         2.3734434723005769e-02         2.9025268088124184e-03        -1.6360014291725754e-02         2.0133486277717576e-03         4.5587821498364912e-02        -3.5875722192658978e-03        -1.0891649981183443e-02
62                                     9.9446078243214421e-04         2.6528614436037569e-03         1.1562685436345092e-03        -3.1150457508099540e-03        -1.4150346984334858e-01        -3.5875722192658978e-03         1.4738402176865492e-01        -1.3703092072282236e-02
63                                    -9.5357708861839880e-04         7.5505380479670009e-03         4.5165740658426358e-03         5.6065230646648511e-03        -1.4762098096278854e-02        -1.0891649981183443e-02        -1.3703092072282236e-02         2.1013064270546436e-01
64                                     3.0995737255472460e-03        -2.2321160180640436e-02        -9.9919208461547865e-03        -1.3171988771277808e-02         1.6643101478117667e-03        -3.7272397401045577e-04         8.6428464203300217e-04         1.0015982792008771e-01
65                                    -4.4559924808151305e-03        -3.2757689328989197e-03        -7.6790559504523112e-04        -3.0015495569256511e-03         1.2821562961184238e-02         9.4140931129994259e-03         9.8989513876098206e-03         1.1173268773775499e-01
66                                     2.4614965311878099e-05        -2.6269262175387806e-05         4.9481803322785675e-05        -6.3433198397210824e-05         6.6477133623780857e-06        -3.6796742850838905e-06         6.9114384414130061e-06        -2.3676068950350944e-06
67                                     2.8438966252728153e-05         6.2657730079200037e-05        -8.8816974177325923e-05         1.0708099455321536e-04        -1.8377059614129555e-05         5.0408824822527793e-05        -8.3386045887248988e-05         2.5449718103315791e-05
68                                     1.1946569976016834e-06         7.1426357249213885e-06        -5.7867965721833793e-06         1.0517256878720024e-05         1.4877269641963651e-05         6.7725834999097351e-06        -7.7571106411179584e-06         2.3036206082812586e-06
69                                     1.4550983016725381e-05        -5.8261729477441740e-06         1.0889213206678925e-05        -6.2787341291516241e-06        -1.6455501708155236e-06        -2.6196195415050628e-06        -3.9257974382445477e-06        -7.7301484358726518e-06
70                                     3.6882906160507162e-05         2.0005436258677792e-06         4.7621496800842107e-06        -1.6362073266587774e-05        -1.3068007875111578e-05         1.0952802508927217e-05        -5.2099945764999713e-06         1.2811586679774379e-05
71                                     1.3216325497318149e-06        -5.6974762295389071e-06         1.5444137406226923e-06        -3.2281840811850318e-06        -5.7743753228711465e-06        -8.3511595581143628e-06         5.9058131376613489e-06        -4.7468278099332029e-07
72                                     5.1862022369823292e-06        -6.1309517005012470e-06         1.7266900402460348e-05        -2.3086997711566456e-05        -6.1121110178632629e-06        -1.8443831048795304e-06        -1.1867141378014832e-05         2.4778989507491772e-06
73                                    -2.8486986388906913e-05         6.0190811039632716e-06        -5.0126737974688338e-05         6.8269834218022873e-05        -1.1267001592807109e-05         6.6784062680205572e-06         4.5307243221116843e-05         7.3697778024409407e-06
74                                     8.3857242543955959e-06        -3.3846428872102217e-06        -1.8279566020638206e-05         3.5415948158953328e-05        -2.2622802420053825e-06        -1.1899730880606664e-06         3.5389519580680438e-06         2.2601883343399942e-07
75                                    -4.4570556224745098e-06        -9.4471171182216010e-06         2.3144208625661574e-05        -2.1286669563404557e-05        -9.7829406837690477e-07        -8.5833148512427294e-06         1.2388181578695931e-05        -7.5193166336342496e-06
76                                    -8.9388122744264058e-07         3.1198212503055044e-06        -1.5224590505288427e-05         1.6218622417454822e-05        -2.5255617375170641e-06         5.9426631382226873e-07         5.1854897843192475e-06         1.0920757050147726e-06
77                                     3.7324549641356345e-06        -2.0209874150194276e-05         5.3673671454457288e-05        -4.9340046549685058e-05         4.2793033218402647e-07        -2.0935684753143610e-05         2.1635058492717037e-05        -1.6700285357665638e-05
78                                    -6.4504471903802199e-06        -4.3316194398833894e-06        -2.6152831944236960e-07         1.3896398042630903e-06         3.6859531736512644e-06        -2.5498895887861955e-06         1.3457484938230153e-05        -2.7238079222917247e-06
79                                     2.7860125400221586e-06         2.4147390515380440e-06        -2.8068272977912264e-06         2.0213179466793536e-06        -2.7319892066124949e-06         1.6191068696204488e-06        -5.6324341153447965e-06         1.9203096785175657e-06
80                                    -1.3503628118521831e-05        -2.3826246584341215e-06        -3.2840337033041901e-06         5.4158147472577802e-06         3.9838954179589894e-06        -2.6076564036518757e-06         1.1583563377863865e-05        -1.7031221376421568e-06
81                                    -3.4642878681796172e-06         1.3978145768300253e-06        -4.7669933547014073e-06         4.2025137909873739e-06        -3.3915708107185927e-06         6.4122942196042656e-06        -5.0313699268945602e-06         1.5701420277435227e-06
82                                    -2.0064000160764769e-06        -1.8609369198975060e-06         1.4764323271120549e-06        -4.7981715423156210e-07        -4.1100128582562074e-06        -1.5313688492722883e-06         1.6489143726082235e-06        -1.3717105723255187e-06
83                                     2.0026944238466781e-06         4.9788766919847268e-06        -6.7072297078065297e-06         4.6799592016804459e-06         1.0200988844129603e-06         9.7505865744501380e-06        -1.4460541032021654e-05         4.2994515689422536e-06
                                                        64                          65                          66                          67                          68                          69                          70                          71

0                                      7.2113402227797712e-06         1.3368572434299203e-04         1.0915381434454787e-04         8.2268887052228498e-05        -1.6178944627245900e-04        -9.7997808171158612e-04         2.1332881340880303e-04         5.6975002272169643e-04
1                                      7.0805589144823974e-06        -4.0050890853495977e-05        -3.8725113764713026e-04         2.4062988394944100e-04         9.1652568466875050e-05         3.9239980521130864e-04        -1.1256878175413778e-04        -4.9930721124359374e-04
2                                      6.1265536146024242e-05         1.4167124845850389e-05         1.3990470804429100e-04         2.8926096912034144e-04        -1.2555922113962419e-04        -1.0989500926604783e-04         2.1098545499908432e-04         2.4610069852934241e-04
3                                      1.2856586813422930e-04        -3.5081986210575743e-04        -2.5731362143072991e-05         1.0601930175148963e-04        -4.8081659533763359e-04        -9.5974907368615568e-04         2.7523630521182531e-04         7.0634640067728188e-04
4                                     -2.0262906583880122e-04         2.6200898610872548e-04         1.1903420594878114e-03        -1.0772296328379185e-04         1.1728565846466795e-04         1.0229309246993527e-03        -1.1089857481215383e-04         3.3448626955149923e-04
5                                      5.0391534129199712e-04        -1.0492117401679789e-04         7.9887633504496986e-04        -4.7511362232915684e-04        -1.3798624309044577e-04        -1.2180403008921036e-03         5.9969718898327483e-04         7.6939634570008368e-04
6                                     -4.7607387631249949e-04         9.9362287782846313e-04        -1.6240517640845045e-03        -1.1085127016461629e-04        -4.6854633873893905e-04        -8.1603654826058257e-04        -5.0212589326427328e-04         3.1859787642487224e-05
7                                      2.0607707056768238e-03        -1.1506335687395839e-03         5.7156600599865277e-04        -4.6481128506554179e-04        -8.2972463459203040e-04         7.2055052759350190e-04         7.8334807955183355e-04         2.8808947198375118e-04
8                                     -8.1364454260313243e-04         1.8659564013455139e-03        -3.7700597372346029e-04         1.5012100078967648e-03         6.6339587102413303e-04         8.2870922167010898e-04        -1.3548047251478437e-03         3.2998741803143142e-04
9                                      1.3953116581398374e-02        -2.1469844384049364e-02        -5.5165233791702894e-05         5.2503985860571166e-05         8.6365511986491808e-05         2.1114845411789393e-04        -1.6530979749353815e-04        -2.0542663263554387e-04
10                                     6.7174911280995309e-03        -1.4585216564124658e-02         4.4975653762045864e-05        -2.7230593293073221e-05        -6.2745825500307010e-05        -5.0967333975711658e-05        -1.2425896254514933e-04         7.4915743525320899e-05
11                                     9.2875662117170785e-03        -1.4774848250380375e-02        -9.6098252744825780e-04         1.4130137796561316e-03         9.2867960150691054e-06         1.3130527596027841e-04        -7.3899076256963019e-04        -2.0281827675403658e-04
12                                    -9.3735506064902469e-02        -1.0085989420546172e-01        -7.3665315225435280e-05         1.3774957796237338e-04         1.1097674905276011e-05        -2.8572393348255420e-05        -3.9611276461447435e-05         6.0633005130812293e-06
13                                    -1.0353184432251483e-01        -6.0900226103574887e-02         1.9971351484348917e-04        -3.2170914922875294e-04        -3.8711216080333370e-05        -4.7842165014186540e-06         2.0301703220328290e-04         2.6070996372375664e-05
14                                    -6.2794506857829308e-02        -1.1414777047809313e-01         1.0850927844068140e-04        -2.3115765428421885e-04        -3.8332605165449177e-05         5.7184540911563560e-05        -3.1264000706026143e-05         1.7777141191988402e-06
15                                     8.1803828062178491e-04         1.4993917885070668e-04         1.9833245258111280e-03        -1.4377818023021859e-02         1.2031944997165523e-04         1.5794622248921785e-03        -1.4240769344524139e-02        -3.0556295525907646e-03
16                                     1.5839668960979239e-04         1.5425295151384229e-04        -2.4546447558917474e-04        -8.2177261175035016e-03        -2.0518110969344576e-04         1.8503053472717721e-03        -1.3074918798363207e-02        -5.2740964002443158e-03
17                                    -3.5547733766444717e-04         6.6246167081632698e-05         8.6795637872938841e-03        -2.9040616873854026e-02        -4.5467604325833810e-04        -8.1651491492717443e-03         2.4815366874621807e-02         5.8232267363820586e-03
18                                    -1.0172198834123682e-05        -4.6759970464188743e-05        -8.6235491704237707e-02        -3.5164312883477711e-02        -9.6062536383198963e-02        -9.0355290600837329e-02        -5.7795936932811209e-02         8.5074154671685581e-02
19                                     1.7599155069595614e-05         1.3197688692855862e-05        -3.3908460145190666e-02        -7.3481495332320221e-02        -8.0440243508482293e-02        -5.8424055716047661e-02        -1.2947653798518766e-01         1.1851174208685347e-01
20                                     4.6298254554871874e-05        -4.1141584180307106e-05        -9.6974298457996794e-02        -8.2632303607154747e-02        -2.5373152690331569e-01         8.6872548416017992e-02         1.1801877511073153e-01        -2.0385348816083787e-01
21                                    -2.9685953388334981e-04        -1.1707358594746929e-05         8.2144764541257559e-04         1.0663846672172407e-03         7.2731559500359996e-04         1.4421093806834457e-03        -6.9757015055200338e-04        -4.5917121627178127e-04
22                                    -3.2705575633429107e-04        -1.6572058150149209e-04        -2.6147578464020166e-04        -3.9041127429991895e-03         7.8346694047960372e-04         5.5524011363043257e-05        -5.5160545766600785e-03        -1.4260529979709122e-03
23                                     3.2919636651461382e-05         2.9360444068101402e-04        -2.7336881194099552e-04         3.5323052956224388e-03        -9.8689033475030954e-04         5.2915712653550618e-04        -3.2778143928936022e-03        -1.3078045518021930e-03
24                                     1.3942941771838367e-04         2.2958405690566867e-04        -1.3495918613398326e-04         1.7622803108014332e-03        -1.5817180272478110e-04        -4.7970682158727135e-04         2.8629718503763333e-03         2.5090029995429120e-05
25                                    -1.4435087991061682e-05         2.4608393595053433e-05         5.7576919771909550e-04        -1.4533595636866131e-04         1.5889686551785092e-05         1.6433759570526184e-03        -2.7500316543207115e-04        -3.8366758607650078e-05
26                                    -1.9943290563566069e-05        -6.0497691655785556e-06        -7.1472302119384627e-05        -8.4398676542906694e-04         1.6081232198841025e-04         7.6673041286753115e-04        -2.1311205384397694e-04         1.2485314203504119e-04
27                                    -2.5064844089204859e-05        -7.2978523196525402e-06         1.6261423012509492e-04        -3.6751271304195861e-04         5.5189373317767273e-05         3.7729588463807106e-05        -1.1798988952268024e-04         7.3496893591995933e-05
28                                     4.8872939178115360e-06        -4.7094315181174288e-06         8.6797077413410130e-05        -5.0136693462173477e-05         2.1683495963408731e-06        -8.0292553925334729e-05         1.4501373756344019e-05        -5.2353091490852104e-07
29                                     6.0996594565077663e-06        -7.1112539100589093e-06        -1.0803773596638478e-04         1.0386695564213712e-04         3.0010209927102630e-06        -6.4746476215037259e-06        -4.1277882621066923e-05        -1.8536861733410147e-05
30                                    -2.8556718601233635e-05        -5.2326746787643944e-05         3.7881388061106631e-05        -4.4461776367774828e-04         2.3970179093917542e-05         3.9118701777248930e-05        -4.7266774762414452e-04        -8.6616968200385776e-06
31                                    -1.8030159827001299e-05        -2.9536462055852167e-05        -5.4854598237566432e-05        -9.8789702166247881e-05         2.0288009688842318e-05        -1.8445166090009298e-04        -2.0745796671219860e-04        -1.0203649898288258e-05
32                                     3.0177526549357060e-06         2.0340313086016272e-05         2.5130158788008050e-05         1.1242417809996295e-04         4.8109955230165376e-06        -4.2970069230641812e-05         2.5564726625413410e-04         2.6636206911013571e-05
33                                    -1.5023645851567297e-05        -7.5068350234287949e-05         6.8590443466239742e-05        -9.3144141771180056e-05        -1.0795856250315605e-04        -8.3826314894010418e-04        -1.7019829584469795e-04        -8.4004440847766648e-05
34                                     1.1964762907960177e-05         3.4289298337012033e-05        -1.1580690664645844e-04         2.9254223144756789e-04        -8.6149652620080906e-05        -1.5044001390425808e-03         7.6576073608268904e-04         6.3861031086674810e-06
35                                     5.0627590688007352e-06         3.9794605133007687e-05         2.1941863786026380e-04         1.7599384076521073e-04        -3.7841901575925291e-05        -4.9541689337444147e-05         2.3852383937524659e-04         4.3126297069360912e-05
36                                     1.2050563743950239e-05        -8.9951993308597382e-06         2.9314950699797462e-05         2.5919876010045502e-05        -1.1046555050485407e-05         1.7889411737654747e-04        -1.0954720250752259e-04        -8.3155087802650349e-05
37                                     1.7763414627645896e-06         1.5428081248798185e-05        -2.9729248787032994e-05         2.0055237173091747e-05        -1.1945814585248099e-05        -6.4072777841414359e-05         5.1415231279923010e-05         4.6619976440228283e-05
38                                    -1.6255123276745639e-05        -5.9944678778221016e-06         3.1131090963823642e-05        -7.7045255349479861e-05         1.4090165372296676e-05        -2.3594845939525668e-06        -2.1727752679751646e-05        -1.7957833267264461e-05
39                                     9.6913218665442197e-06        -1.9257698585335530e-05        -4.4919617048098985e-05        -6.0765373681322910e-05         2.6628758830014344e-05         3.0387506556824116e-04        -1.5603534949534511e-04        -1.3322478120544128e-04
40                                    -2.4824854934919603e-06        -3.1015979951397779e-06         3.6061978462582624e-05        -5.9087902885484949e-06        -2.3112615759375473e-05        -1.2969749831678954e-04         6.8520219549126737e-05         6.3165825240027703e-05
41                                    -1.2256505557197857e-05         8.5829831571649262e-06        -1.0399408159487050e-04         3.7586621712714909e-05         1.0889268713328286e-04        -3.3028614792625686e-05        -2.3303616115543041e-05        -7.1584535613602323e-05
42                                    -5.3573406058070371e-06        -1.5746010674056495e-05        -8.9689037823454656e-05        -4.2417435116715144e-05         6.1583920140393929e-05        -1.6726234584335574e-05        -6.9367744786732045e-05         2.0333876648775734e-04
43                                    -2.2351037248523645e-06        -2.4035077062500989e-05         1.6330546519435692e-05         1.9839973434134749e-05        -5.6130737680091863e-05        -1.9987187473898352e-04         4.1990566529544562e-04         5.8411566784445407e-05
44                                    -9.1707881312379203e-06         4.1284271937499801e-05         2.4084369569057223e-05        -3.2092898433516565e-05         4.4673624693462673e-05         8.7054432030241697e-04        -3.9712638948585528e-04        -3.6620743573601575e-04
45                                    -1.8198917431508995e-04         2.4472004117033350e-04        -6.5375505582916573e-05         4.4903994891065771e-05        -1.2023226692690995e-04         6.4439294496773116e-05        -2.1715790945213138e-05         5.8271444632336468e-05
46                                    -2.4911655906263475e-04         4.9035399983640986e-04         6.9262887457454368e-05         6.7848905605279533e-05         3.0276718118516389e-04        -1.7915281816827881e-04         1.9943229995469263e-04        -1.4636860058976436e-04
47                                     1.6959257157156534e-04        -2.7936942517352493e-04         1.1791638136719194e-04         1.0983410388534678e-05         2.0321100910844226e-04         2.0553794147856719e-05         4.8765068970530769e-05        -1.3940258852697718e-04
48                                    -6.5269070630147172e-05         1.1760243400781430e-04        -1.1225215732946089e-03         4.3328527502926309e-04         6.9207229036322799e-04        -1.4924730548811378e-03         5.0288310994855479e-04        -4.6703415913540197e-06
49                                     8.3635136471553765e-05         3.8143701879033115e-05         2.5204783537019070e-04         2.2674247615106112e-04         1.8058501019977422e-04         7.3341341431716394e-04         2.4159826517735966e-04        -2.7898934954460409e-04
50                                    -4.9196259886277776e-05         2.1667041057995336e-05         5.6282844839822244e-04        -2.4307382570593083e-04         2.1997304571935326e-05        -6.5024700643922747e-04         1.4603709348810843e-04        -4.2677611654278987e-04
51                                    -3.2425784370677621e-04         3.5912108411027517e-04         3.1842773960718564e-05         4.4668968148378239e-05         1.9293487328331585e-05         1.0037240591047368e-07         1.1843025135658246e-05         7.1724913251960823e-06
52                                     4.3726226713730870e-04        -4.5798523490017955e-04        -5.9573553646219602e-05         1.2889783589358877e-04        -4.3187160495420968e-07         2.1002069756760731e-05        -9.4354337016757585e-05         1.5224468810133321e-05
53                                    -8.3701447808468823e-04         1.0847572847301271e-03         1.2485872778117397e-05         1.2671485413846787e-05        -1.1452156773744497e-05         4.2629186396508689e-05        -6.2282781710769545e-05         7.4844191356581314e-07
54                                     6.6678399204728156e-04        -5.7525713397771523e-04        -1.6956469936849354e-05        -9.9225880604906675e-05         1.3907464342531454e-05        -6.0855763924019026e-05         1.3360761350333995e-04         2.4544325985600805e-05
55                                    -9.2940286456481358e-04         3.5699743860296488e-03        -3.1518776693328595e-05         4.1123517516843567e-05         2.3207195011361033e-05         3.7709303895147004e-05         1.0202288222354439e-05        -4.2073218922819490e-05
56                                     3.0995737255472460e-03        -4.4559924808151305e-03         2.4614965311878099e-05         2.8438966252728153e-05         1.1946569976016834e-06         1.4550983016725381e-05         3.6882906160507162e-05         1.3216325497318149e-06
57                                    -2.2321160180640436e-02        -3.2757689328989197e-03        -2.6269262175387806e-05         6.2657730079200037e-05         7.1426357249213885e-06        -5.8261729477441740e-06         2.0005436258677792e-06        -5.6974762295389071e-06
58                                    -9.9919208461547865e-03        -7.6790559504523112e-04         4.9481803322785675e-05        -8.8816974177325923e-05        -5.7867965721833793e-06         1.0889213206678925e-05         4.7621496800842107e-06         1.5444137406226923e-06
59                                    -1.3171988771277808e-02        -3.0015495569256511e-03        -6.3433198397210824e-05         1.0708099455321536e-04         1.0517256878720024e-05        -6.2787341291516241e-06        -1.6362073266587774e-05        -3.2281840811850318e-06
60                                     1.6643101478117667e-03         1.2821562961184238e-02         6.6477133623780857e-06        -1.8377059614129555e-05         1.4877269641963651e-05        -1.6455501708155236e-06        -1.3068007875111578e-05        -5.7743753228711465e-06
61                                    -3.7272397401045577e-04         9.4140931129994259e-03        -3.6796742850838905e-06         5.0408824822527793e-05         6.7725834999097351e-06        -2.6196195415050628e-06         1.0952802508927217e-05        -8.3511595581143628e-06
62                                     8.6428464203300217e-04         9.8989513876098206e-03         6.9114384414130061e-06        -8.3386045887248988e-05        -7.7571106411179584e-06        -3.9257974382445477e-06        -5.2099945764999713e-06         5.9058131376613489e-06
63                                     1.0015982792008771e-01         1.1173268773775499e-01        -2.3676068950350944e-06         2.5449718103315791e-05         2.3036206082812586e-06        -7.7301484358726518e-06         1.2811586679774379e-05        -4.7468278099332029e-07
64                                     1.0612269353489752e-01         6.4020072702622388e-02        -8.5048793864853279e-06         1.2093072226616717e-05         6.6652638465685131e-06        -6.1317651315653370e-06        -1.8665608699992874e-06         3.3710116432192312e-06
65                                     6.4020072702622388e-02         1.2347750666249137e-01        -2.6236172104004765e-06         1.3959801439653221e-05         2.9941358947024790e-06        -4.8562752498114507e-06         2.2905921094731946e-05        -3.8594461731375441e-06
66                                    -8.5048793864853279e-06        -2.6236172104004765e-06         8.9771284684580108e-02         3.7384304588922071e-02         1.0309202969087500e-01         4.5802327540237905e-03         5.0913548152288464e-03         1.1146177103183330e-02
67                                     1.2093072226616717e-05         1.3959801439653221e-05         3.7384304588922071e-02         7.8419441844997342e-02         8.7324923832580781e-02         7.6463149672190960e-03         6.3283960307033739e-03         1.4572401411145283e-02
68                                     6.6652638465685131e-06         2.9941358947024790e-06         1.0309202969087500e-01         8.7324923832580781e-02         2.6747057736146485e-01        -9.6193773023272814e-03        -8.7581833372205545e-03        -1.6011936529041294e-02
69                                    -6.1317651315653370e-06        -4.8562752498114507e-06         4.5802327540237905e-03         7.6463149672190960e-03        -9.6193773023272814e-03         9.3857806827581242e-02         6.3427036768551270e-02        -9.2295890114902468e-02
70                                    -1.8665608699992874e-06         2.2905921094731946e-05         5.0913548152288464e-03         6.3283960307033739e-03        -8.7581833372205545e-03         6.3427036768551270e-02         1.3724620877042160e-01        -1.2442832506646244e-01
71                                     3.3710116432192312e-06        -3.8594461731375441e-06         1.1146177103183330e-02         1.4572401411145283e-02        -1.6011936529041294e-02        -9.2295890114902468e-02        -1.2442832506646244e-01         2.1383856641926388e-01
72                                    -5.4629159614520340e-06        -4.7000028388012892e-06        -8.1016920171290922e-03         1.9090129598224558e-03         2.2790402051283340e-03        -6.2656322484367487e-03         2.0652450255111265e-03        -1.4938578857271352e-03
73                                     5.2355187666459666e-06         2.5962465431384920e-05        -1.0414988211580520e-02         1.0239421944551442e-03         1.6343774215245273e-03        -1.6694425701765783e-02         2.6311583156252588e-03        -1.8269146487772036e-03
74                                     3.1346490277221850e-06        -4.1397409263224866e-06        -2.6242086674012254e-02         4.5756749237859766e-03         2.8237190926451716e-03         2.2010308799595209e-02        -5.0130480344393585e-03         1.2111579100025759e-03
75                                    -3.1250533298440416e-06        -1.6193541666060962e-06         1.2381645692349647e-05        -4.5062729985473311e-05         5.2759704209670734e-06        -7.6178404859691712e-06        -2.1497104116497434e-05         5.7537372049064518e-06
76                                     3.2221752789607833e-06         1.4618432606440431e-06        -5.6357793481524341e-06         1.8727794611787345e-05        -8.4797432449506429e-06        -2.0263130851874443e-05         1.1308803671994020e-05        -3.1703892249510181e-06
77                                    -7.5566001172027442e-06        -3.0161890091597024e-06         3.4057678526052459e-05        -1.2902086710118754e-04         1.3776703114421599e-05        -4.5167763771670068e-06        -4.3041770532793776e-05         1.4222926648848475e-05
78                                     3.3728010826848783e-07        -9.5543156012852658e-07        -2.5879748190091019e-05         1.4591889639368778e-05         1.9765403765380849e-06        -1.7482677949960872e-05        -6.1668500250142315e-06        -5.8559472730623526e-06
79                                    -1.6687613357799133e-07         1.4232756443988159e-06        -2.3710301533872783e-05         6.5300951034128431e-06         7.7086431082625271e-06         7.4386269001763345e-06         1.6403837624224076e-05         2.5305768611353074e-06
80                                     1.7207305685716560e-06        -9.8244313029879392e-07         1.5891783648969840e-05        -1.3351678404240144e-05        -8.3124237773131112e-06        -5.2960638166479433e-05         1.0413867069442324e-05        -1.0639687472749983e-06
81                                     6.6774259517012489e-07         6.0940747254402516e-07         3.0018834152114952e-05         3.3421890007552971e-05        -1.5620658171842388e-05         3.8669578800804775e-05        -2.8493240284052082e-05        -1.6302853394606522e-05
82                                    -1.9867791676035293e-07        -7.2143426714313532e-07        -2.4987805655504383e-05         1.6576382065805343e-05        -1.0439652228599173e-05         6.0470306633087162e-06        -1.2972191955076817e-05         2.8827290687248022e-06
83                                     1.5603849391986724e-07         8.9344072559741490e-07         1.0347792506815569e-04         8.8607915171164369e-06        -4.6795308889749799e-06         4.7067642363567315e-05        -3.2256266454362762e-06        -1.2363213436714229e-05
                                                        72                          73                          74                          75                          76                          77                          78                          79

0                                      1.0936034014864728e-05         7.5005562271157183e-05        -4.1755672555171937e-05        -7.0712542195908108e-05         4.0712325730618435e-05        -1.6458324659884371e-04         9.5678363339600497e-06        -2.6955732026617852e-06
1                                      3.7090035543141549e-05         7.2027558814678687e-05         4.1866636251546527e-05        -5.5250552585850099e-05         2.7331107090723475e-05        -1.2853492196726878e-04         7.5879251940307290e-06        -6.8310966547129091e-07
2                                     -4.7409565383216840e-05        -4.6492143263706347e-05         5.7442474737764016e-05        -4.1639246471355870e-05         2.3360501456396907e-05        -8.4062449404660250e-05         2.2438971853647367e-06         1.1978714779864908e-06
3                                      2.7611214233560447e-05        -1.3294495134469567e-03        -1.7099509276732704e-04         1.5731504279139371e-04        -9.1391228869271862e-05         3.7884385868994252e-04        -2.1684683133481821e-05         5.5142153646410260e-08
4                                     -9.2532183218759975e-05        -9.6372776045735599e-04         1.5194569533680510e-04         1.6650148580098470e-04        -8.4388260506548915e-05         3.9026334709667070e-04        -4.4564425958430721e-06        -2.0575361694787753e-05
5                                     -3.1629597702562194e-04        -2.2864878649073685e-04        -1.2682513137031795e-04         1.0613519167787869e-04        -6.2724083282050098e-05         2.4815147614408223e-04        -2.8881063558954029e-05         2.8903216952364295e-05
6                                      2.9388643335187276e-04         5.0198639216110248e-04        -3.8025741037989776e-05        -9.5085951106884141e-04         5.9531567050071866e-04        -2.3645126563652773e-03         9.4261812729691459e-05         7.0300100104738871e-05
7                                      6.4284901798244889e-04        -7.0899671809412385e-03        -1.2393981703955816e-03        -1.0011778275240081e-05        -3.6881866051230576e-05         4.2350652495254197e-05        -6.5957561317565459e-06        -3.2711797464808726e-06
8                                     -2.1262217376307184e-04        -1.0030752798896392e-03         1.0597855187191615e-03         3.0691028662322383e-04        -1.3543509665578696e-04         8.1150209288620055e-04        -6.6048219888004494e-05         2.2154443599825375e-05
9                                      8.8924694428683493e-06         1.1812374401886454e-03         2.0209806493800398e-04         5.7518255634600904e-05        -1.8418454851884312e-05         1.3275499978639195e-04        -1.0152041259392896e-05        -8.1993301054333521e-06
10                                    -3.5991099604012631e-04         6.7783155768982146e-04         2.2375056651143779e-05        -2.0677771297345480e-04         1.4221831218154537e-04        -5.1126463591049580e-04         7.5519309834200173e-06         1.5599771240888791e-05
11                                    -3.6769602542931267e-05        -5.5410055685957112e-04         5.0393278476694393e-04        -5.7142554791297744e-05         6.1678726925077493e-05        -1.3679825372321468e-04         2.0969976108130507e-05        -1.1967328638635283e-06
12                                    -1.0641966176669732e-05         1.3578763285506236e-05         4.1450356925285813e-05        -3.2403817175406628e-08         1.0809772882860939e-06        -5.1142212091075421e-06         8.2597682690485207e-07         2.5651227192713328e-06
13                                     5.3864352751102008e-05        -5.0014974876560350e-05        -1.1519186667975317e-04         3.7052200091789204e-05        -3.2026362291276882e-05         9.3007621456750466e-05        -4.3171625220034298e-06        -3.4327469368079815e-06
14                                     2.2173699279130944e-05        -1.0746757519583010e-04        -4.2429570191814340e-05         2.4268077696795780e-05        -2.8222142269536818e-05         5.3703668474988617e-05         7.1579205112943855e-07        -6.2980630302304893e-06
15                                    -3.7643160551607702e-03         3.5265686293708062e-02         4.1297550670446404e-03         1.6124420306884309e-03        -7.4218464473855693e-04         3.5243028895261203e-03         1.2253502896932374e-04        -3.0315725196712763e-04
16                                    -2.6940003041910597e-03        -2.4164431005541352e-03        -1.6441240943307301e-03         1.3613749578420759e-03        -7.0072989408472388e-04         2.9499546931281979e-03        -1.7713844098867350e-04        -1.1648485878995715e-04
17                                    -8.9085827292387405e-05        -3.9115386536676532e-04        -3.6401577829723751e-03        -5.5991882527226043e-04         4.5080974949778538e-04        -1.3245765118683397e-03         1.3950437130240984e-04        -3.3254983790917888e-05
18                                    -3.4061789770471884e-01         3.5464692465387276e-02         9.2012352058060791e-03         9.7033230231842221e-06         1.3581345108361882e-04        -9.5757289893881684e-05         7.8628645519733553e-05         7.9893240704498572e-05
19                                     4.3221978157155956e-02        -5.2523395335447379e-02        -2.5167840573119015e-04        -4.5999897230613825e-05         1.0881167304262087e-04        -1.0502433344147413e-04        -3.4781987640297824e-05         1.4880359899689105e-05
20                                     7.8892348404790667e-03        -1.9600308553167369e-04        -4.4944927086681546e-02        -6.1458101603224335e-05         6.3558721266088742e-05        -2.9482250605003183e-04         1.9582324201681604e-05        -9.4147976816822353e-05
21                                     1.0859732741656464e-03        -1.7122899826794470e-03         5.3870911246054203e-04        -2.3904281742236563e-03         1.6927825265235391e-03        -7.0845991630405728e-03        -3.6744408459631994e-04         3.0893428074612152e-05
22                                    -1.2304689772978921e-03         2.9351775615207142e-03         7.7503858546317168e-04        -5.5535227389602137e-04         1.6711534487785498e-03        -1.2959154445449984e-03         1.2797784224171378e-03        -1.7779583361200941e-04
23                                     3.5116067506445951e-04         2.1581895047279552e-04        -3.8791596948669878e-04        -1.9520682245756436e-03         8.2803587362553495e-04        -4.3390347906791769e-03         4.2858117027903261e-04        -1.5460472942358531e-04
24                                     5.6771007237057668e-04         2.0954402351930216e-04        -1.0301543793480286e-03        -9.4071531498563146e-03         4.5529050978929805e-03        -2.1735709171540170e-02         1.3147393435744437e-03        -2.7163587383854369e-03
25                                    -1.7601180204427709e-03        -6.3007733341344753e-03         1.8206205690874926e-03        -5.8802643697374469e-04        -2.2906294467919600e-03        -5.7701627763562930e-04        -9.9469508451566803e-03         3.5670884387806615e-03
26                                    -8.5109225050948557e-04        -1.7221441723199345e-03         2.4620010585953219e-03         4.9956268275395295e-03        -2.6766473007424048e-03         5.5753452809469885e-03        -5.5547418929681978e-03         4.6787243772624561e-03
27                                    -1.7761032297076995e-04        -4.0775284774655486e-04        -3.3490059234600873e-05        -3.3210010786850075e-01         1.0819116017060924e-02         3.0345212364728855e-02        -5.6073973800962365e-02         4.6682689751848291e-02
28                                    -6.5674851699699802e-05         1.8590753491685644e-04        -3.9789052348168782e-04         9.9262503169041845e-03        -4.3827178931928785e-02        -8.7643325794531227e-04         4.5108664725496045e-02        -1.8813437160584248e-01
29                                    -1.6025077055709601e-06         1.6013599603063758e-04        -1.8907887822083885e-04         3.5832362515077640e-02        -1.1884543767827756e-03        -4.4521542720819970e-02         4.3479330792442622e-02        -1.3771366968480425e-01
30                                     4.5821977399712740e-05        -1.3419048272146129e-05        -6.0919874754819921e-06         1.5507566628611645e-03        -8.1320658505327397e-04         2.2049174529678336e-03        -2.0824341912850585e-04         3.6219368292176256e-04
31                                     3.4678627870649882e-04         7.2545444277568108e-04        -4.8752712915159737e-04        -2.3938082374197131e-04         2.1460385892112591e-05        -9.9687721273381295e-04         3.1770904395494819e-04        -3.8462974631993298e-04
32                                    -4.3168235620475283e-06        -1.0226657641971160e-05        -1.8385666600357129e-04        -1.7416727659887339e-06         2.0243452720660116e-04         4.4241940099204447e-04         8.8654244457073855e-04        -4.3897010936733019e-04
33                                    -4.3043048373000914e-03        -1.4331676696402915e-03         1.4173366384448974e-03         1.1161579896011042e-03        -1.4201016649640469e-04         1.4773153614818862e-03         2.5729994745265702e-05         7.9878688361381765e-04
34                                    -2.1571677462893365e-03         1.4532668886453270e-03        -8.1610177917971496e-04        -2.1431030918947535e-04        -3.0253363127776922e-04         4.3513906194333449e-04        -6.6196696039738634e-04         1.4196336353772998e-03
35                                     2.2674493153547696e-03         1.2173350208982913e-03        -1.5154231902784381e-03        -1.3594290174793675e-04        -2.3777430418268553e-04         8.7030011499554169e-04        -4.0989343670915952e-03         2.5465724642955000e-03
36                                    -2.2528844084381585e-05        -1.9511448478219673e-05         4.7844850506148525e-05        -1.6456688312356659e-05         9.6924011735533358e-06        -3.9086743990574265e-05         1.4827917910475329e-06         1.1416544845796993e-06
37                                    -6.0842998224758385e-06         3.1752739434708881e-05        -2.4225765003814019e-05        -1.7755088554160348e-05         1.0897618675689767e-05        -4.3176046809214946e-05         1.1180255807671715e-06         6.1871142384227446e-07
38                                     1.8246313102379992e-05        -4.0770899493864671e-05         1.5616571159183969e-06         3.7031637683448274e-05        -2.1403140306353929e-05         8.5381773958205319e-05        -2.3492321449259027e-06        -6.1839357059073608e-07
39                                    -8.4321272558416911e-07        -1.3470166394152046e-05         2.7593316987425510e-05         2.3043054824505913e-06        -1.1716516076825108e-06         4.9085161698684402e-06        -7.2370571754798441e-07         1.0235176700143923e-08
40                                     9.8786012562768655e-07        -7.4201865206753020e-06        -2.4585236298070774e-05         7.2999298300605351e-06        -4.3688541050175222e-06         1.6970258883812366e-05        -4.5829353402752345e-07        -4.5276403731918575e-07
41                                     4.1788696838415394e-05         4.1516843554378293e-05         3.6915835169549120e-05         2.3375169047394585e-06        -2.1832257009071631e-06         5.2971936783594562e-06         1.0532325045368686e-06        -4.1286439234406087e-07
42                                     2.8113507931392903e-05         3.9478979170877278e-05        -6.2754995659010035e-05         8.5552235583607496e-06        -4.5339907178824188e-06         1.8983182973138056e-05         9.1492334186809123e-07        -3.3684883644728974e-07
43                                     5.7047705219550899e-06        -2.4442767322737529e-06        -4.9062036966844894e-05         4.3067931310212908e-07         2.1742910055379684e-07         6.5597688458011820e-08         1.2775685805885509e-07         1.4181044602525603e-07
44                                    -5.1684310692391385e-05        -9.2611183717813232e-05         1.6532666883116817e-04        -6.3782970295783546e-07        -4.2190638817098464e-07        -1.4931898248772329e-07        -4.3181748836930865e-07        -2.5671074132541853e-07
45                                    -3.3686547126540690e-05         3.1130011091851499e-05        -3.4702522648781906e-05        -3.9431207574170013e-05         2.2085487153602430e-05        -9.0799442320878406e-05        -1.9689196529932635e-06         7.9272703340341300e-06
46                                     9.2693055229806407e-05         2.5773735073847284e-04         2.6070026146908263e-05        -1.7107305353798030e-05         1.4935110666105083e-05        -3.8912489226831758e-05        -9.2931005934120594e-07         7.0610356393113456e-06
47                                     9.6037888268432213e-05         1.2515931776211421e-04         5.4637417502625129e-05        -3.3571708205084835e-06         5.5802528461387449e-06        -8.3179345229484923e-06         2.3268352819320554e-06        -2.4231457415805881e-07
48                                    -1.1333605989569546e-04        -1.6519892584642305e-04         2.8250566135048686e-04        -1.0642237970912558e-05         1.7348759366670995e-05        -2.9502630567694180e-05         4.9670650883764560e-06         1.3897455037923350e-06
49                                     3.4881107779824422e-04         4.2312568501972036e-04         8.6834501818266129e-05        -2.3346456047154633e-05         1.0516608700630325e-05        -5.0720933170838700e-05         3.2726586950873035e-06         3.2619067992489792e-06
50                                     2.9065488491438049e-04         4.0107256221456780e-04        -6.8905087771473038e-05        -3.8044712635729714e-06         2.5448497360495715e-07        -5.9402121969504075e-06         3.3797431526790255e-06         2.3194258923918312e-08
51                                     1.8512152326892949e-05         1.3643657438280361e-04         1.3762315455046753e-05        -2.5285116500045809e-05         1.2530757942803423e-05        -5.5918328546776105e-05        -1.0689728442707642e-05         7.6186404176431451e-06
52                                     6.8944754506806787e-05        -4.9131061334881749e-04         3.7663104501271591e-05         3.0946175588395696e-05        -1.9454345329257046e-05         7.2157378060089250e-05        -9.0091509228439528e-06         8.5469457578808873e-07
53                                     4.6002027275274769e-07        -7.4254235743551414e-05         2.5905644949506036e-05         9.7320621313665471e-06        -6.5160091641887729e-06         2.3352427855616631e-05        -6.6108314749451777e-06         2.0745522925098966e-06
54                                     1.5608291711243638e-05        -1.8189178487932681e-05        -1.5958115311749345e-05        -6.7456399352591929e-06        -8.2958059071451880e-06        -1.3534409369085833e-05        -1.3383552876391614e-05        -1.6739428716431615e-05
55                                     4.4820364069211920e-05        -1.6543787068453401e-05         4.7338125203013714e-05         1.5759596204473679e-05        -1.1547034497941670e-05         5.0525361680693500e-05         1.0451670160728206e-06         7.6659093016491833e-06
56                                     5.1862022369823292e-06        -2.8486986388906913e-05         8.3857242543955959e-06        -4.4570556224745098e-06        -8.9388122744264058e-07         3.7324549641356345e-06        -6.4504471903802199e-06         2.7860125400221586e-06
57                                    -6.1309517005012470e-06         6.0190811039632716e-06        -3.3846428872102217e-06        -9.4471171182216010e-06         3.1198212503055044e-06        -2.0209874150194276e-05        -4.3316194398833894e-06         2.4147390515380440e-06
58                                     1.7266900402460348e-05        -5.0126737974688338e-05        -1.8279566020638206e-05         2.3144208625661574e-05        -1.5224590505288427e-05         5.3673671454457288e-05        -2.6152831944236960e-07        -2.8068272977912264e-06
59                                    -2.3086997711566456e-05         6.8269834218022873e-05         3.5415948158953328e-05        -2.1286669563404557e-05         1.6218622417454822e-05        -4.9340046549685058e-05         1.3896398042630903e-06         2.0213179466793536e-06
60                                    -6.1121110178632629e-06        -1.1267001592807109e-05        -2.2622802420053825e-06        -9.7829406837690477e-07        -2.5255617375170641e-06         4.2793033218402647e-07         3.6859531736512644e-06        -2.7319892066124949e-06
61                                    -1.8443831048795304e-06         6.6784062680205572e-06        -1.1899730880606664e-06        -8.5833148512427294e-06         5.9426631382226873e-07        -2.0935684753143610e-05        -2.5498895887861955e-06         1.6191068696204488e-06
62                                    -1.1867141378014832e-05         4.5307243221116843e-05         3.5389519580680438e-06         1.2388181578695931e-05         5.1854897843192475e-06         2.1635058492717037e-05         1.3457484938230153e-05        -5.6324341153447965e-06
63                                     2.4778989507491772e-06         7.3697778024409407e-06         2.2601883343399942e-07        -7.5193166336342496e-06         1.0920757050147726e-06        -1.6700285357665638e-05        -2.7238079222917247e-06         1.9203096785175657e-06
64                                    -5.4629159614520340e-06         5.2355187666459666e-06         3.1346490277221850e-06        -3.1250533298440416e-06         3.2221752789607833e-06        -7.5566001172027442e-06         3.3728010826848783e-07        -1.6687613357799133e-07
65                                    -4.7000028388012892e-06         2.5962465431384920e-05        -4.1397409263224866e-06        -1.6193541666060962e-06         1.4618432606440431e-06        -3.0161890091597024e-06        -9.5543156012852658e-07         1.4232756443988159e-06
66                                    -8.1016920171290922e-03        -1.0414988211580520e-02        -2.6242086674012254e-02         1.2381645692349647e-05        -5.6357793481524341e-06         3.4057678526052459e-05        -2.5879748190091019e-05        -2.3710301533872783e-05
67                                     1.9090129598224558e-03         1.0239421944551442e-03         4.5756749237859766e-03        -4.5062729985473311e-05         1.8727794611787345e-05        -1.2902086710118754e-04         1.4591889639368778e-05         6.5300951034128431e-06
68                                     2.2790402051283340e-03         1.6343774215245273e-03         2.8237190926451716e-03         5.2759704209670734e-06        -8.4797432449506429e-06         1.3776703114421599e-05         1.9765403765380849e-06         7.7086431082625271e-06
69                                    -6.2656322484367487e-03        -1.6694425701765783e-02         2.2010308799595209e-02        -7.6178404859691712e-06        -2.0263130851874443e-05        -4.5167763771670068e-06        -1.7482677949960872e-05         7.4386269001763345e-06
70                                     2.0652450255111265e-03         2.6311583156252588e-03        -5.0130480344393585e-03        -2.1497104116497434e-05         1.1308803671994020e-05        -4.3041770532793776e-05        -6.1668500250142315e-06         1.6403837624224076e-05
71                                    -1.4938578857271352e-03        -1.8269146487772036e-03         1.2111579100025759e-03         5.7537372049064518e-06        -3.1703892249510181e-06         1.4222926648848475e-05        -5.8559472730623526e-06         2.5305768611353074e-06
72                                     3.6139674167677499e-01        -4.0502729879751675e-02        -1.0043647864557890e-02        -9.5737273041571918e-06         1.6716545796166638e-05         1.6264934496412631e-05         2.5107808418613100e-05        -4.3802301965360389e-05
73                                    -4.0502729879751675e-02         5.9499722403819878e-02         2.5481387312075356e-03         1.4271532090323312e-05         5.0816717767819609e-05         1.5461453384622441e-05         1.0767837883924119e-04         1.4735731384933005e-06
74                                    -1.0043647864557890e-02         2.5481387312075356e-03         4.3068794751265856e-02         2.4453842366180964e-05         2.9244110287711363e-05         1.7135147498600676e-05        -8.2554998640398270e-06         5.6916960760072440e-05
75                                    -9.5737273041571918e-06         1.4271532090323312e-05         2.4453842366180964e-05         3.4861505687825711e-01        -1.0707912899403484e-02        -3.6429321173079503e-02        -2.7579416606884994e-03        -1.3811363767030210e-03
76                                     1.6716545796166638e-05         5.0816717767819609e-05         2.9244110287711363e-05        -1.0707912899403484e-02         4.1376321738484025e-02         1.1968224780630927e-03         2.0799116144494128e-02         1.2625642661662868e-04
77                                     1.6264934496412631e-05         1.5461453384622441e-05         1.7135147498600676e-05        -3.6429321173079503e-02         1.1968224780630927e-03         4.5444002157020373e-02         2.0389937699141047e-02         1.4891550027457835e-03
78                                     2.5107808418613100e-05         1.0767837883924119e-04        -8.2554998640398270e-06        -2.7579416606884994e-03         2.0799116144494128e-02         2.0389937699141047e-02         5.6459229314318793e-02        -5.0254820705808820e-02
79                                    -4.3802301965360389e-05         1.4735731384933005e-06         5.6916960760072440e-05        -1.3811363767030210e-03         1.2625642661662868e-04         1.4891550027457835e-03        -5.0254820705808820e-02         1.9751420145711046e-01
80                                     5.4108136608985413e-05         1.3680558516030022e-04        -6.6701451651611697e-05        -1.4858716238538121e-03         4.4214100095642375e-04        -1.0521927812745142e-03        -4.7460655219312378e-02         1.4809917320379001e-01
81                                    -9.3086205345384830e-05        -1.8958265523891558e-04        -2.5197813126771515e-04        -5.3312588613359082e-03        -2.6164095241069375e-02         9.6641813108548844e-03         1.3749469551287605e-03         6.6236654704991552e-03
82                                    -8.1647340218277283e-05        -6.9141161341161128e-05        -9.7666711493440142e-05         2.5598221126095742e-03         3.7301736004962372e-03        -1.9813411639523137e-03        -6.4653912233412197e-03        -1.3858619859870634e-02
83                                    -9.5502473198495112e-05        -3.5590373166728256e-04        -3.6529603061656352e-04        -6.4425173887205922e-04         1.0457642783666310e-03        -1.8101641625899770e-03        -8.0853222613335007e-03        -1.8504774834462175e-02
                                                        80                          81                          82                          83

0                                      1.0417834612342412e-05         2.0630082123203875e-05        -2.4526720929685689e-06         2.1437497305139094e-05
1                                      5.4775714039756037e-06         1.5642219406159084e-05        -5.7140744886602010e-06         1.8100677411265719e-05
2                                      4.9759881737734119e-06         6.5220675512761229e-06        -1.8750544788771029e-06         9.8452140766474661e-06
3                                     -2.8940141506939701e-05        -4.8994106083189873e-05         2.1777733994575397e-05        -6.1088997105478366e-05
4                                     -3.8015646296730944e-06        -3.9152360719921829e-05         2.2531242675611626e-05        -5.0603076716789893e-05
5                                     -2.6926215968915636e-05        -1.7078989162320170e-05        -1.1701788383540541e-05        -2.3050243132907028e-05
6                                      1.1341696518680475e-04         2.3166886553337482e-04        -6.0633500608556386e-05         2.7549091707517571e-04
7                                     -4.5503923146133390e-05        -4.2184641282274883e-05         2.7495811128564970e-05        -7.8924125681497075e-05
8                                     -4.0683483898235673e-05        -7.6763375332854433e-05         4.0800016078929979e-05        -1.5249296944704226e-04
9                                     -3.8003980176046849e-06        -6.8402248275348468e-06         5.4174735504971747e-06        -1.0521016620179059e-05
10                                     3.1844692837158815e-05         4.3833088779047487e-05        -1.2992392421331670e-05         4.9901963238938233e-05
11                                     4.8985866056033833e-05        -1.0370939619646572e-06         1.1678830481750351e-05        -2.0745873060950675e-06
12                                     1.8603285588846338e-06         5.2163775701119069e-06        -1.9404027324304649e-06         7.5010626817778402e-06
13                                    -1.4889129481070586e-05        -7.1048146743395635e-06         1.3390815350941825e-06        -9.0686148246107534e-06
14                                    -9.2245061878282034e-06         1.2594337662619255e-06        -2.7045507606174714e-06         1.7262494156597869e-06
15                                    -9.9723457982273220e-05        -7.6956600980048211e-04         3.4259804937712473e-04        -1.0966523545834523e-03
16                                    -1.1543455949644167e-04        -2.3094572978334208e-04         3.3309048609126302e-05        -2.5081803853712806e-04
17                                     2.7651158217023195e-04        -9.6269994538489346e-05         1.3305933254678540e-04         2.1959573667010187e-05
18                                     6.9104170475871464e-05        -5.7816218144839462e-04        -1.1602086724220594e-04        -5.5061896253589041e-04
19                                    -1.5040230707845289e-05        -1.1864280253514391e-04         2.2961472733247702e-05        -5.0992846713268498e-05
20                                     2.6953403738749624e-05        -1.0623730672534501e-04        -1.1348050696685256e-04        -3.8550046081651423e-05
21                                     3.6073733253175373e-05        -3.5150564370229655e-06         3.5158343358735302e-04         1.7211186098436732e-04
22                                     1.7854838320193235e-03        -7.3246580454921595e-04         5.9877088579472315e-04        -1.9287008688527963e-03
23                                     7.3392343215234021e-04         6.6805604267201717e-04        -2.5872564526034224e-04         1.3205888937359599e-03
24                                     8.0355936769002708e-03         3.4171442749237413e-03        -1.9314100599849681e-03         1.1793860039078478e-02
25                                    -1.7396158620875180e-02         1.2193452375813704e-02        -4.6683171636394327e-03         2.0305714379784262e-02
26                                    -1.0300126795859432e-02        -1.5904426875379962e-03        -1.8275364209660114e-03        -4.4787761632246997e-03
27                                     4.6674786731805917e-02        -7.5346764934697483e-02        -8.6917406691857352e-02         3.4254230323112284e-02
28                                    -1.4255002038039116e-01        -8.4212297045295564e-02        -2.7205415081919204e-01         8.8590780358997673e-02
29                                    -1.7467582992209163e-01         3.1857897089023257e-02         8.4802468434561601e-02        -7.4012392566472976e-02
30                                    -8.8968813425802074e-04         1.8502268965775405e-04         6.6685086871116558e-05        -2.3510418684126594e-03
31                                     1.9571134970713753e-03         1.2911114778208813e-03         4.4082270907902683e-04         3.2545876412118022e-03
32                                     1.6243541682250352e-03        -4.0408510427087678e-03         9.0139239738197237e-04        -6.0225617737712936e-03
33                                    -1.6939567309964580e-03        -1.8996521147073963e-04         1.5746702687864363e-04        -4.8147438997372244e-04
34                                    -1.5132446642166352e-03        -4.5420533233260659e-04         8.6365471963050335e-04        -1.5845603570819405e-03
35                                    -5.9634009931613012e-03         7.4946733056418125e-04        -2.2787468644298826e-04         1.1019985351473265e-03
36                                     2.2718163010008806e-06         5.1439922938724686e-06        -1.8087942302410503e-06         6.4431115003889516e-06
37                                     2.4536488352155884e-06         4.5917382604829527e-06        -1.1858682374714304e-06         5.6292124677943041e-06
38                                    -4.2639163655889970e-06        -8.1788954324432423e-06         1.9166682291157043e-06        -1.1507978424735997e-05
39                                    -5.3944098617194906e-07         6.9477199240380236e-07         1.0804430496520702e-07         1.1676621752375694e-07
40                                    -9.6309727066652831e-07        -1.9496125739189254e-06         3.6827645668489016e-07        -2.8159694004063621e-06
41                                    -1.0971454334642960e-07        -8.9864632802451111e-07        -8.0211348701708955e-09        -1.5598555667487374e-06
42                                    -8.4731390273463014e-07         5.6777069595507622e-07         2.1969816541864227e-06        -3.9851045142781828e-06
43                                    -2.8010974249003572e-07        -8.0460639930332410e-07         7.5539553185150231e-07        -1.3860680702982553e-06
44                                    -4.8302518605259986e-07         2.7138477842145474e-06        -7.9446425438078102e-07         3.6536472658007382e-06
45                                    -9.1848582328763937e-08         8.8808947045587277e-06        -5.5886251441699655e-06         1.2166775761668613e-05
46                                     3.2468351375951083e-06        -1.4427536684649822e-06         9.9041637906946358e-07        -3.3922117807728103e-06
47                                     3.9079564770376295e-06        -9.4153295319897122e-07         1.9039014098422481e-06        -3.0607934409186135e-06
48                                     1.2088616755720907e-05        -1.4291323962088739e-06         4.9880709677536602e-06        -6.1692723973005181e-06
49                                     2.2017349317466327e-06         3.5213857912540816e-06        -3.5077523317785864e-06         3.1402720775965912e-06
50                                     1.8710531941157547e-06        -1.1883803256915973e-06        -7.6309109297094098e-07        -3.5116952416707126e-06
51                                    -5.9028691299277891e-06         3.9373974314272353e-06        -1.3428176560809465e-06         1.0047424688150580e-05
52                                    -8.6212266388834037e-06        -1.2111418170161916e-05         4.3865959041473651e-06        -1.2278611548511145e-05
53                                    -6.6611739459274957e-06        -4.1552783620512369e-06         1.6764430830503953e-06        -3.6435946712703145e-06
54                                    -1.6344724087088931e-05         2.1891784352722906e-05        -1.2516222714537147e-05         1.8126186711070482e-05
55                                    -4.6565649170991741e-06        -1.1038642606638845e-05         4.4801460090579235e-06        -7.1168518999316919e-06
56                                    -1.3503628118521831e-05        -3.4642878681796172e-06        -2.0064000160764769e-06         2.0026944238466781e-06
57                                    -2.3826246584341215e-06         1.3978145768300253e-06        -1.8609369198975060e-06         4.9788766919847268e-06
58                                    -3.2840337033041901e-06        -4.7669933547014073e-06         1.4764323271120549e-06        -6.7072297078065297e-06
59                                     5.4158147472577802e-06         4.2025137909873739e-06        -4.7981715423156210e-07         4.6799592016804459e-06
60                                     3.9838954179589894e-06        -3.3915708107185927e-06        -4.1100128582562074e-06         1.0200988844129603e-06
61                                    -2.6076564036518757e-06         6.4122942196042656e-06        -1.5313688492722883e-06         9.7505865744501380e-06
62                                     1.1583563377863865e-05        -5.0313699268945602e-06         1.6489143726082235e-06        -1.4460541032021654e-05
63                                    -1.7031221376421568e-06         1.5701420277435227e-06        -1.3717105723255187e-06         4.2994515689422536e-06
64                                     1.7207305685716560e-06         6.6774259517012489e-07        -1.9867791676035293e-07         1.5603849391986724e-07
65                                    -9.8244313029879392e-07         6.0940747254402516e-07        -7.2143426714313532e-07         8.9344072559741490e-07
66                                     1.5891783648969840e-05         3.0018834152114952e-05        -2.4987805655504383e-05         1.0347792506815569e-04
67                                    -1.3351678404240144e-05         3.3421890007552971e-05         1.6576382065805343e-05         8.8607915171164369e-06
68                                    -8.3124237773131112e-06        -1.5620658171842388e-05        -1.0439652228599173e-05        -4.6795308889749799e-06
69                                    -5.2960638166479433e-05         3.8669578800804775e-05         6.0470306633087162e-06         4.7067642363567315e-05
70                                     1.0413867069442324e-05        -2.8493240284052082e-05        -1.2972191955076817e-05        -3.2256266454362762e-06
71                                    -1.0639687472749983e-06        -1.6302853394606522e-05         2.8827290687248022e-06        -1.2363213436714229e-05
72                                     5.4108136608985413e-05        -9.3086205345384830e-05        -8.1647340218277283e-05        -9.5502473198495112e-05
73                                     1.3680558516030022e-04        -1.8958265523891558e-04        -6.9141161341161128e-05        -3.5590373166728256e-04
74                                    -6.6701451651611697e-05        -2.5197813126771515e-04        -9.7666711493440142e-05        -3.6529603061656352e-04
75                                    -1.4858716238538121e-03        -5.3312588613359082e-03         2.5598221126095742e-03        -6.4425173887205922e-04
76                                     4.4214100095642375e-04        -2.6164095241069375e-02         3.7301736004962372e-03         1.0457642783666310e-03
77                                    -1.0521927812745142e-03         9.6641813108548844e-03        -1.9813411639523137e-03        -1.8101641625899770e-03
78                                    -4.7460655219312378e-02         1.3749469551287605e-03        -6.4653912233412197e-03        -8.0853222613335007e-03
79                                     1.4809917320379001e-01         6.6236654704991552e-03        -1.3858619859870634e-02        -1.8504774834462175e-02
80                                     1.8074702402437279e-01        -3.3516891141394298e-03         9.2224959586603497e-03         8.6849595912225821e-03
81                                    -3.3516891141394298e-03         7.7025571268687684e-02         9.2073381325357403e-02        -3.3356263462743937e-02
82                                     9.2224959586603497e-03         9.2073381325357403e-02         2.8491823911388781e-01        -9.0512460676786144e-02
83                                     8.6849595912225821e-03        -3.3356263462743937e-02        -9.0512460676786144e-02         7.5807837946464160e-02
   &MODES [&Type "ArrayOfDoubles", &Dim (84,84)] "The modes of vibrations"
                                                         0                           1                           2                           3                           4                           5                           6                           7

0                                      0.0000000000000000e+00         0.0000000000000000e+00         0.0000000000000000e+00         0.0000000000000000e+00         0.0000000000000000e+00         0.0000000000000000e+00         2.7892832588576884e-02        -8.8932445815062267e-02
1                                      0.0000000000000000e+00         0.0000000000000000e+00         0.0000000000000000e+00         0.0000000000000000e+00         0.0000000000000000e+00         0.0000000000000000e+00         4.0924524894707340e-02        -8.3594334043259957e-03
2                                      0.0000000000000000e+00         0.0000000000000000e+00         0.0000000000000000e+00         0.0000000000000000e+00         0.0000000000000000e+00         0.0000000000000000e+00         5.2081539307527083e-02        -5.7840143853686202e-02
3                                      0.0000000000000000e+00         0.0000000000000000e+00         0.0000000000000000e+00         0.0000000000000000e+00         0.0000000000000000e+00         0.0000000000000000e+00         1.2177545866326569e-02        -2.0570945190205455e-03
4                                      0.0000000000000000e+00         0.0000000000000000e+00         0.0000000000000000e+00         0.0000000000000000e+00         0.0000000000000000e+00         0.0000000000000000e+00        -7.6923923696382967e-03        -8.4911596307142845e-03
5                                      0.0000000000000000e+00         0.0000000000000000e+00         0.0000000000000000e+00         0.0000000000000000e+00         0.0000000000000000e+00         0.0000000000000000e+00         3.3295506261754808e-02        -3.8272885048663781e-02
6                                      0.0000000000000000e+00         0.0000000000000000e+00         0.0000000000000000e+00         0.0000000000000000e+00         0.0000000000000000e+00         0.0000000000000000e+00        -1.8323812491695667e-04         2.3603147567365910e-03
7                                      0.0000000000000000e+00         0.0000000000000000e+00         0.0000000000000000e+00         0.0000000000000000e+00         0.0000000000000000e+00         0.0000000000000000e+00         3.0323199981521372e-03        -8.6476249427120729e-03
8                                      0.0000000000000000e+00         0.0000000000000000e+00         0.0000000000000000e+00         0.0000000000000000e+00         0.0000000000000000e+00         0.0000000000000000e+00        -8.1181413889976975e-03         2.4481262245507666e-02
9                                      0.0000000000000000e+00         0.0000000000000000e+00         0.0000000000000000e+00         0.0000000000000000e+00         0.0000000000000000e+00         0.0000000000000000e+00        -1.6799134826493860e-02        -8.3214048773260548e-03
10                                     0.0000000000000000e+00         0.0000000000000000e+00         0.0000000000000000e+00         0.0000000000000000e+00         0.0000000000000000e+00         0.0000000000000000e+00         5.2834202455467197e-03        -7.7873134135635564e-03
11                                     0.0000000000000000e+00         0.0000000000000000e+00         0.0000000000000000e+00         0.0000000000000000e+00         0.0000000000000000e+00         0.0000000000000000e+00        -5.3758042574001956e-02        -6.6894252870813940e-04
12                                     0.0000000000000000e+00         0.0000000000000000e+00         0.0000000000000000e+00         0.0000000000000000e+00         0.0000000000000000e+00         0.0000000000000000e+00        -2.8597791163291263e-02         6.7615264643054479e-02
13                                     0.0000000000000000e+00         0.0000000000000000e+00         0.0000000000000000e+00         0.0000000000000000e+00         0.0000000000000000e+00         0.0000000000000000e+00        -4.4936836597378869e-02        -1.0031645895689391e-02
14                                     0.0000000000000000e+00         0.0000000000000000e+00         0.0000000000000000e+00         0.0000000000000000e+00         0.0000000000000000e+00         0.0000000000000000e+00        -7.9080844146499379e-02        -1.8443529194841341e-02
15                                     0.0000000000000000e+00         0.0000000000000000e+00         0.0000000000000000e+00         0.0000000000000000e+00         0.0000000000000000e+00         0.0000000000000000e+00         3.6080828628906520e-03         1.1964418734630458e-02
16                                     0.0000000000000000e+00         0.0000000000000000e+00         0.0000000000000000e+00         0.0000000000000000e+00         0.0000000000000000e+00         0.0000000000000000e+00         8.9918372895890341e-03        -3.2098235589340589e-03
17                                     0.0000000000000000e+00         0.0000000000000000e+00         0.0000000000000000e+00         0.0000000000000000e+00         0.0000000000000000e+00         0.0000000000000000e+00         5.1381155348987316e-03         6.4817074835015517e-02
18                                     0.0000000000000000e+00         0.0000000000000000e+00         0.0000000000000000e+00         0.0000000000000000e+00         0.0000000000000000e+00         0.0000000000000000e+00         1.5096774926165358e-02         2.6585328562940845e-02
19                                     0.0000000000000000e+00         0.0000000000000000e+00         0.0000000000000000e+00         0.0000000000000000e+00         0.0000000000000000e+00         0.0000000000000000e+00         7.4445549860090469e-03        -2.8511397652779347e-03
20                                     0.0000000000000000e+00         0.0000000000000000e+00         0.0000000000000000e+00         0.0000000000000000e+00         0.0000000000000000e+00         0.0000000000000000e+00         3.6838710655089653e-02         8.6016600466101781e-02
21                                     0.0000000000000000e+00         0.0000000000000000e+00         0.0000000000000000e+00         0.0000000000000000e+00         0.0000000000000000e+00         0.0000000000000000e+00        -3.3116588033211256e-03         7.3156514234807672e-03
22                                     0.0000000000000000e+00         0.0000000000000000e+00         0.0000000000000000e+00         0.0000000000000000e+00         0.0000000000000000e+00         0.0000000000000000e+00         1.5371088683426610e-02         2.6764506353286568e-03
23                                     0.0000000000000000e+00         0.0000000000000000e+00         0.0000000000000000e+00         0.0000000000000000e+00         0.0000000000000000e+00         0.0000000000000000e+00        -8.1686380769029378e-03         8.5750367047748452e-02
24                                     0.0000000000000000e+00         0.0000000000000000e+00         0.0000000000000000e+00         0.0000000000000000e+00         0.0000000000000000e+00         0.0000000000000000e+00         3.3147094391217395e-04         7.4583082987420024e-05
25                                     0.0000000000000000e+00         0.0000000000000000e+00         0.0000000000000000e+00         0.0000000000000000e+00         0.0000000000000000e+00         0.0000000000000000e+00        -1.0042534451842739e-03         6.9046854523131893e-03
26                                     0.0000000000000000e+00         0.0000000000000000e+00         0.0000000000000000e+00         0.0000000000000000e+00         0.0000000000000000e+00         0.0000000000000000e+00         1.1481798449826120e-02        -1.5480995072269857e-05
27                                     0.0000000000000000e+00         0.0000000000000000e+00         0.0000000000000000e+00         0.0000000000000000e+00         0.0000000000000000e+00         0.0000000000000000e+00        -8.0298663390200049e-03         9.8608003526780036e-02
28                                     0.0000000000000000e+00         0.0000000000000000e+00         0.0000000000000000e+00         0.0000000000000000e+00         0.0000000000000000e+00         0.0000000000000000e+00        -1.2348679453688634e-01        -5.9792256854315140e-03
29                                     0.0000000000000000e+00         0.0000000000000000e+00         0.0000000000000000e+00         0.0000000000000000e+00         0.0000000000000000e+00         0.0000000000000000e+00        -1.6833907365947524e-02        -5.1916443149413141e-02
30                                     0.0000000000000000e+00         0.0000000000000000e+00         0.0000000000000000e+00         0.0000000000000000e+00         0.0000000000000000e+00         0.0000000000000000e+00         2.4377887156728416e-02        -3.8723807041840051e-02
31                                     0.0000000000000000e+00         0.0000000000000000e+00         0.0000000000000000e+00         0.0000000000000000e+00         0.0000000000000000e+00         0.0000000000000000e+00         3.5087311796815596e-02         1.4937318872025825e-02
32                                     0.0000000000000000e+00         0.0000000000000000e+00         0.0000000000000000e+00         0.0000000000000000e+00         0.0000000000000000e+00         0.0000000000000000e+00         1.0344640922629608e-01        -1.7181248424930708e-02
33                                     0.0000000000000000e+00         0.0000000000000000e+00         0.0000000000000000e+00         0.0000000000000000e+00         0.0000000000000000e+00         0.0000000000000000e+00        -2.2568764767231058e-02        -6.0452943340511364e-02
34                                     0.0000000000000000e+00         0.0000000000000000e+00         0.0000000000000000e+00         0.0000000000000000e+00         0.0000000000000000e+00         0.0000000000000000e+00         5.4297832470296362e-02         1.6479020469496120e-02
35                                     0.0000000000000000e+00         0.0000000000000000e+00         0.0000000000000000e+00         0.0000000000000000e+00         0.0000000000000000e+00         0.0000000000000000e+00        -7.6936647952801321e-02        -4.0720593426371292e-02
36                                     0.0000000000000000e+00         0.0000000000000000e+00         0.0000000000000000e+00         0.0000000000000000e+00         0.0000000000000000e+00         0.0000000000000000e+00         3.7780211380129734e-02        -8.9301828203250236e-02
37                                     0.0000000000000000e+00         0.0000000000000000e+00         0.0000000000000000e+00         0.0000000000000000e+00         0.0000000000000000e+00         0.0000000000000000e+00         2.8633158637598688e-02        -7.7690460672349849e-03
38                                     0.0000000000000000e+00         0.0000000000000000e+00         0.0000000000000000e+00         0.0000000000000000e+00         0.0000000000000000e+00         0.0000000000000000e+00         8.3320263806984346e-02        -1.0997567647530020e-01
39                                     0.0000000000000000e+00         0.0000000000000000e+00         0.0000000000000000e+00         0.0000000000000000e+00         0.0000000000000000e+00         0.0000000000000000e+00         1.9640068543771653e-02        -1.2698783078637582e-01
40                                     0.0000000000000000e+00         0.0000000000000000e+00         0.0000000000000000e+00         0.0000000000000000e+00         0.0000000000000000e+00         0.0000000000000000e+00         6.0686594120585309e-02        -8.4298601505937189e-03
41                                     0.0000000000000000e+00         0.0000000000000000e+00         0.0000000000000000e+00         0.0000000000000000e+00         0.0000000000000000e+00         0.0000000000000000e+00         2.2044364199727402e-02        -7.3349061333422047e-02
42                                     0.0000000000000000e+00         0.0000000000000000e+00         0.0000000000000000e+00         0.0000000000000000e+00         0.0000000000000000e+00         0.0000000000000000e+00         3.8295260841329511e-02        -1.1695580547168595e-01
43                                     0.0000000000000000e+00         0.0000000000000000e+00         0.0000000000000000e+00         0.0000000000000000e+00         0.0000000000000000e+00         0.0000000000000000e+00         7.0158863465228968e-02        -9.0383467933180077e-03
44                                     0.0000000000000000e+00         0.0000000000000000e+00         0.0000000000000000e+00         0.0000000000000000e+00         0.0000000000000000e+00         0.0000000000000000e+00         6.5239694558268502e-02        -5.8292862383822162e-03
45                                     0.0000000000000000e+00         0.0000000000000000e+00         0.0000000000000000e+00         0.0000000000000000e+00         0.0000000000000000e+00         0.0000000000000000e+00         3.3302510453693496e-03         2.5368892267147489e-02
46                                     0.0000000000000000e+00         0.0000000000000000e+00         0.0000000000000000e+00         0.0000000000000000e+00         0.0000000000000000e+00         0.0000000000000000e+00        -3.5505696030467805e-02        -8.4242549860704466e-03
47                                     0.0000000000000000e+00         0.0000000000000000e+00         0.0000000000000000e+00         0.0000000000000000e+00         0.0000000000000000e+00         0.0000000000000000e+00         2.1510544375390839e-02        -9.2096723295957528e-02
48                                     0.0000000000000000e+00         0.0000000000000000e+00         0.0000000000000000e+00         0.0000000000000000e+00         0.0000000000000000e+00         0.0000000000000000e+00         1.9121668394447604e-02         3.5429111594647462e-02
49                                     0.0000000000000000e+00         0.0000000000000000e+00         0.0000000000000000e+00         0.0000000000000000e+00         0.0000000000000000e+00         0.0000000000000000e+00        -2.8607231238002968e-02        -8.6856804390748072e-03
50                                     0.0000000000000000e+00         0.0000000000000000e+00         0.0000000000000000e+00         0.0000000000000000e+00         0.0000000000000000e+00         0.0000000000000000e+00         6.4450350492521943e-02        -2.4224329711088316e-02
51                                     0.0000000000000000e+00         0.0000000000000000e+00         0.0000000000000000e+00         0.0000000000000000e+00         0.0000000000000000e+00         0.0000000000000000e+00        -1.5663704853185165e-02        -4.5109145015917118e-02
52                                     0.0000000000000000e+00         0.0000000000000000e+00         0.0000000000000000e+00         0.0000000000000000e+00         0.0000000000000000e+00         0.0000000000000000e+00         1.6589902998524302e-02        -5.8235679830804382e-03
53                                     0.0000000000000000e+00         0.0000000000000000e+00         0.0000000000000000e+00         0.0000000000000000e+00         0.0000000000000000e+00         0.0000000000000000e+00        -5.2557364448256608e-02        -5.1067833862535023e-02
54                                     0.0000000000000000e+00         0.0000000000000000e+00         0.0000000000000000e+00         0.0000000000000000e+00         0.0000000000000000e+00         0.0000000000000000e+00        -2.1518538181761627e-02        -3.8940087312772112e-02
55                                     0.0000000000000000e+00         0.0000000000000000e+00         0.0000000000000000e+00         0.0000000000000000e+00         0.0000000000000000e+00         0.0000000000000000e+00         3.3893903308186188e-02        -6.5987811835308795e-03
56                                     0.0000000000000000e+00         0.0000000000000000e+00         0.0000000000000000e+00         0.0000000000000000e+00         0.0000000000000000e+00         0.0000000000000000e+00        -7.2973085876962371e-02         4.4614231278256936e-02
57                                     0.0000000000000000e+00         0.0000000000000000e+00         0.0000000000000000e+00         0.0000000000000000e+00         0.0000000000000000e+00         0.0000000000000000e+00        -3.9758348454104121e-02         5.6450293026673967e-02
58                                     0.0000000000000000e+00         0.0000000000000000e+00         0.0000000000000000e+00         0.0000000000000000e+00         0.0000000000000000e+00         0.0000000000000000e+00        -4.0976847368694294e-02        -9.5214225606441039e-03
59                                     0.0000000000000000e+00         0.0000000000000000e+00         0.0000000000000000e+00         0.0000000000000000e+00         0.0000000000000000e+00         0.0000000000000000e+00        -1.1605159627869994e-01        -3.7339650148179929e-02
60                                     0.0000000000000000e+00         0.0000000000000000e+00         0.0000000000000000e+00         0.0000000000000000e+00         0.0000000000000000e+00         0.0000000000000000e+00        -3.0559494359932302e-02         1.0488196256767840e-01
61                                     0.0000000000000000e+00         0.0000000000000000e+00         0.0000000000000000e+00         0.0000000000000000e+00         0.0000000000000000e+00         0.0000000000000000e+00        -5.7766728189054074e-02        -1.1789512754272456e-02
62                                     0.0000000000000000e+00         0.0000000000000000e+00         0.0000000000000000e+00         0.0000000000000000e+00         0.0000000000000000e+00         0.0000000000000000e+00        -8.2253861343881865e-02         3.4355291679910124e-02
63                                     0.0000000000000000e+00         0.0000000000000000e+00         0.0000000000000000e+00         0.0000000000000000e+00         0.0000000000000000e+00         0.0000000000000000e+00        -2.4517707851997913e-02         9.9375460056224177e-02
64                                     0.0000000000000000e+00         0.0000000000000000e+00         0.0000000000000000e+00         0.0000000000000000e+00         0.0000000000000000e+00         0.0000000000000000e+00        -7.4432026310775931e-02        -1.0520372091114354e-02
65                                     0.0000000000000000e+00         0.0000000000000000e+00         0.0000000000000000e+00         0.0000000000000000e+00         0.0000000000000000e+00         0.0000000000000000e+00        -5.9293159675908917e-02        -6.4663761021910973e-02
66                                     0.0000000000000000e+00         0.0000000000000000e+00         0.0000000000000000e+00         0.0000000000000000e+00         0.0000000000000000e+00         0.0000000000000000e+00        -3.6539635132452702e-02         1.2370959361131260e-01
67                                     0.0000000000000000e+00         0.0000000000000000e+00         0.0000000000000000e+00         0.0000000000000000e+00         0.0000000000000000e+00         0.0000000000000000e+00        -3.4057128823554855e-02         6.8407129167140455e-03
68                                     0.0000000000000000e+00         0.0000000000000000e+00         0.0000000000000000e+00         0.0000000000000000e+00         0.0000000000000000e+00         0.0000000000000000e+00         7.6512490007482753e-02         3.8214871133269712e-02
69                                     0.0000000000000000e+00         0.0000000000000000e+00         0.0000000000000000e+00         0.0000000000000000e+00         0.0000000000000000e+00         0.0000000000000000e+00         7.1666587357711281e-02        -5.6664970047721495e-02
70                                     0.0000000000000000e+00         0.0000000000000000e+00         0.0000000000000000e+00         0.0000000000000000e+00         0.0000000000000000e+00         0.0000000000000000e+00         3.1693226360960933e-02        -9.6615179885625891e-03
71                                     0.0000000000000000e+00         0.0000000000000000e+00         0.0000000000000000e+00         0.0000000000000000e+00         0.0000000000000000e+00         0.0000000000000000e+00         8.4811646988893014e-02         3.7016527570583733e-02
72                                     0.0000000000000000e+00         0.0000000000000000e+00         0.0000000000000000e+00         0.0000000000000000e+00         0.0000000000000000e+00         0.0000000000000000e+00         1.4947279009524358e-02         2.9729497422981022e-02
73                                     0.0000000000000000e+00         0.0000000000000000e+00         0.0000000000000000e+00         0.0000000000000000e+00         0.0000000000000000e+00         0.0000000000000000e+00         1.9325467546756125e-02        -6.8863042991713381e-03
74                                     0.0000000000000000e+00         0.0000000000000000e+00         0.0000000000000000e+00         0.0000000000000000e+00         0.0000000000000000e+00         0.0000000000000000e+00        -2.3051737991405589e-02         1.9540110905492813e-01
75                                     0.0000000000000000e+00         0.0000000000000000e+00         0.0000000000000000e+00         0.0000000000000000e+00         0.0000000000000000e+00         0.0000000000000000e+00        -8.7792345838718852e-03         8.9931545416196176e-02
76                                     0.0000000000000000e+00         0.0000000000000000e+00         0.0000000000000000e+00         0.0000000000000000e+00         0.0000000000000000e+00         0.0000000000000000e+00        -1.3218567868734368e-01        -1.0990104293565620e-02
77                                     0.0000000000000000e+00         0.0000000000000000e+00         0.0000000000000000e+00         0.0000000000000000e+00         0.0000000000000000e+00         0.0000000000000000e+00        -2.0895392363567033e-02        -1.2412751209997154e-01
78                                     0.0000000000000000e+00         0.0000000000000000e+00         0.0000000000000000e+00         0.0000000000000000e+00         0.0000000000000000e+00         0.0000000000000000e+00         6.4971618749480441e-03         1.5220899801584489e-01
79                                     0.0000000000000000e+00         0.0000000000000000e+00         0.0000000000000000e+00         0.0000000000000000e+00         0.0000000000000000e+00         0.0000000000000000e+00        -1.6859772504969059e-01        -7.5891785845522662e-03
80                                     0.0000000000000000e+00         0.0000000000000000e+00         0.0000000000000000e+00         0.0000000000000000e+00         0.0000000000000000e+00         0.0000000000000000e+00         3.5991129510583295e-02        -3.1922804022499751e-02
81                                     0.0000000000000000e+00         0.0000000000000000e+00         0.0000000000000000e+00         0.0000000000000000e+00         0.0000000000000000e+00         0.0000000000000000e+00        -2.0861014693086596e-02         1.1747042982518456e-01
82                                     0.0000000000000000e+00         0.0000000000000000e+00         0.0000000000000000e+00         0.0000000000000000e+00         0.0000000000000000e+00         0.0000000000000000e+00        -1.4190215424034955e-01        -5.3978627293522138e-03
83                                     0.0000000000000000e+00         0.0000000000000000e+00         0.0000000000000000e+00         0.0000000000000000e+00         0.0000000000000000e+00         0.0000000000000000e+00        -7.9217373796976978e-02        -3.1794760623813950e-02
                                                         8                           9                          10                          11                          12                          13                          14                          15

0                                      1.6955053533080317e-02         1.3797526564599855e-01         3.0024744737136926e-03        -2.4417151446665831e-02         4.4282044344936621e-02        -5.0036439438279671e-02        -5.1877707696611219e-04        -2.9471173396354046e-04
1                                     -5.0658457521244205e-02        -1.0381780207683768e-01         3.5181581447473187e-02         3.1964310016122544e-02         7.4352805734398356e-02        -4.0952299556684356e-02        -1.6426715994559478e-03         2.9949346098338620e-02
2                                     -5.6452066113947527e-02         9.5820996254159171e-03         2.0840367687331295e-02         3.8357697147055753e-02         2.0880884039217593e-02        -9.3874033081342810e-03        -2.7733162172409081e-03         4.4512300562301574e-04
3                                      1.6038660124631711e-02        -7.1811633808719815e-03        -1.7345460975557021e-02         1.8140171178523689e-02         3.0616976544582966e-02         2.7073308689946153e-02         1.5944855346703868e-02        -2.5438740113480191e-03
4                                      2.4479248867637134e-02         8.8146455062979353e-03         2.3050157955686341e-02        -1.9969532851755723e-02        -6.5488137558489520e-02        -1.5813377632799500e-02        -7.8719273811069575e-03        -4.2872336484271528e-03
5                                     -3.2678341175728466e-02         1.2213125152794244e-02         1.2154958956217819e-02         3.1149394317180626e-02        -2.6716241594150671e-02         1.6010792060825885e-02        -9.4890155717029345e-04        -1.0132032318843567e-02
6                                      1.1653537078072811e-02        -2.4047687579416947e-02        -3.7539199718715712e-03         1.3340741230378799e-02        -1.6514071227842965e-02         1.2489576699340066e-02         1.9848861726243653e-03         1.3028003972695466e-02
7                                      3.4115779486622221e-02         2.5836990094575844e-02         6.1941309918672948e-03        -1.3442829507489306e-02        -1.9692614630939007e-02         7.2740969051641458e-03         8.4498877005507143e-03        -2.3118627132823658e-02
8                                      1.1311978471733774e-02        -1.5434248736252784e-02         6.2361671070754448e-04         3.9410740884034942e-02        -9.6736871606584132e-02         7.1619545424832481e-02         9.6967916559568944e-03        -1.9189246109527915e-02
9                                     -1.4715278608890664e-02        -2.3854479917637800e-02         1.0390104481550384e-03        -4.3493137517506405e-03        -5.9441543983562301e-02        -3.0075363729475061e-02        -2.1898925967581990e-02         1.2494213771770005e-03
10                                     2.7356948858417829e-02         2.9527550684917993e-02         1.0301184718793214e-02        -1.4893072911349996e-02        -4.2105711907598195e-02         1.2493314562439547e-03         2.9807741580497558e-03        -3.0940396175305487e-02
11                                     3.7106483581649972e-03        -3.7888335074160118e-02        -2.3345304820341709e-02         1.3500576647924352e-02        -1.3350419037217242e-02         2.6604188716390642e-02         3.8504071481800708e-03         2.3201704177942808e-03
12                                    -1.6151392869869077e-01         7.6164304059891774e-02        -6.0277593989726132e-02         3.5307105917644264e-02        -3.1809403629081828e-02         3.1221329522122029e-02        -2.8828061516317184e-03         1.8495765330791326e-03
13                                    -2.0590932291603980e-02         3.1115577098322644e-02        -5.4516806979899073e-02        -4.2773965606376328e-02         6.9854686758913875e-02        -5.7367398069092024e-02        -1.9175712791798768e-03        -1.8259940835859623e-02
14                                     8.7880349712139809e-03        -5.9294272483470946e-02        -4.6991486918920543e-02        -1.0602046453679913e-02         4.4139422656678459e-02        -1.9830571643462625e-02        -3.2733601769864922e-03         1.0936481030670360e-02
15                                     1.6151871230563827e-02        -1.9982464646168447e-02        -5.9001408081778024e-03         1.0302588071611522e-02         5.0098840323615007e-03         9.1800910857694328e-03         5.7149424020758385e-03         1.7655745846045286e-02
16                                     4.1223821076653809e-02         2.3669381494573254e-02        -8.5590447923697324e-03         1.1432572591075189e-02         1.1331355475988861e-02         4.6322361104294225e-02         2.0545060126733728e-02        -3.7580371020752793e-03
17                                     2.4296365226892210e-02         1.2438673180809193e-02         2.1819666510576375e-03         1.8562702916908100e-04        -2.8631858889662302e-02         3.6753067160583590e-03         1.0191869689581303e-02        -1.0906552680388353e-02
18                                     1.9385675931900610e-02        -2.7326988197406213e-02        -4.5528364719677493e-02         3.3075302099545026e-02         4.1049858720514330e-02         1.0227361615637321e-02         8.2480480670922476e-03         3.1465583835402947e-02
19                                     3.7710405316840299e-02         2.3559577582318570e-02        -8.7120864097834131e-04         2.5886852711250394e-02         1.5317649040612051e-02         5.4726884035704401e-02         2.3870252789019941e-02        -1.3101129019062378e-03
20                                     5.5249898109893697e-02         1.5580258398944554e-03        -1.3169095303073822e-01        -8.1278815079074057e-02        -1.1168121948429647e-02        -5.7913256165943637e-02        -1.2876833644206559e-02        -5.2714386898561486e-03
21                                     1.5342859290522362e-02        -1.4669181269312140e-02         2.4731315550309916e-02        -1.1131369778909122e-02        -4.0277015171822353e-03        -2.6687579636831748e-03         6.2675031284702290e-03        -9.3253793352314159e-04
22                                     4.1566675816512438e-02         2.1167434204222565e-02        -2.8244414603326728e-02         3.1030032912544945e-02         2.8583738026807415e-02         6.2151462080777452e-02         2.1593475987545963e-02         1.7436635958727104e-02
23                                     7.0544431959502509e-04         3.9019148781453919e-02         1.0540832196321073e-01        -2.3183188915452919e-02         4.1736884828774738e-02         8.7226634726786465e-03         3.0116266617366553e-02         1.0065839991400873e-02
24                                     2.0375386673326803e-02        -1.6283115690298357e-02         1.4994328327162925e-02        -7.5885164519939423e-03        -1.1023750298370370e-03         2.9597341840123487e-03         7.0669798608777572e-03        -1.4729584392146550e-03
25                                    -1.0119994261373461e-02        -3.1293029834464220e-03        -3.0342390114178226e-03         5.0932217258045087e-03        -4.2596003699355628e-03         9.7281894161681936e-03        -5.1539151312656878e-03         9.3930507275588847e-03
26                                    -1.0693667628375058e-03         1.2799153686996200e-02         3.0581189171150852e-02        -5.3215590564594621e-03         1.6052166596628795e-02        -4.4677287525399737e-03        -2.2897115955017944e-03         4.3963595513797742e-03
27                                     1.8038211520086542e-02         5.1379394681846250e-03         1.0504248133741283e-01        -4.6177659695350294e-02         3.6115074347426848e-02        -2.5016558993273305e-02        -1.0567040621792928e-02        -9.4117322429056599e-03
28                                    -1.9447788858395529e-02        -2.5762724043541644e-03         1.7481629202810104e-02        -6.8083653296816928e-03        -3.1955432638550263e-03        -6.3319301728940909e-03        -3.8968351866334378e-03         1.5741257705997540e-02
29                                    -1.8360322937819573e-03         2.2981883464889730e-03        -8.7692940374275215e-03         1.1323439074709873e-02        -1.9163785397242844e-03         4.2938311069412212e-03         6.0539103856565458e-03         9.5968236870107894e-03
30                                     6.0092670255894674e-02        -7.6432370591713178e-03        -3.7671605372645266e-02         3.0338551054514291e-02         1.7361530637789363e-02         6.0441853989134958e-02         1.7229107592667280e-02         2.7495103144109630e-02
31                                    -3.3682947697997664e-02        -1.6458679568620852e-02         3.6115940323300363e-03        -6.0283291039797942e-03        -2.6359127085779501e-02        -2.8222442250784758e-02        -2.2065536688537959e-02        -5.9148647837429088e-03
32                                    -1.3256047431518722e-02        -6.0219916690480279e-03        -1.9252801010697738e-03         5.1402242795932042e-03        -1.0958501541254993e-02        -2.9506535288608395e-02        -2.6420478881190361e-02        -8.4784936240828222e-04
33                                    -2.9737024038206709e-02        -5.6140148130326958e-02         4.6394452113241785e-03        -3.0490001776926193e-02        -5.4042074648817162e-02        -3.5783295859328011e-02        -2.3242705463653791e-02        -5.4460766606683010e-02
34                                    -3.2757734510245953e-02        -1.7818376855055020e-02        -6.6524506945350606e-04        -4.8796725175970666e-03        -2.6557134356556988e-02        -1.8196023491907687e-02        -1.5709428008785959e-02        -2.2399717363035671e-03
35                                     7.6683163158541420e-03         1.4737620158291888e-02         2.0661094362267152e-02         5.2760884972895305e-04         2.0778325278674414e-02         1.1721937018498919e-02        -1.2450364291214148e-03        -3.1030592879027364e-03
36                                     1.3550218452891697e-02         1.4364411345027117e-01        -1.1624566381060320e-02        -1.7090840087310894e-02         1.1723206550138672e-01        -1.1180360540071991e-02         4.1492782186377142e-02        -3.3039667671788114e-01
37                                    -4.6263864056666382e-02        -1.1089773337159084e-01         5.3070093309807755e-02         2.2963774602512702e-02        -1.5565543316783514e-02        -8.8833016686901523e-02        -5.3404670490980695e-02         4.3663623178282929e-01
38                                    -9.2785260444268061e-02         4.4766213690990569e-02         4.4141740376110065e-02         3.9412032733210603e-02         9.1674233681543343e-02        -8.3423215991760322e-02        -1.7038213905597319e-02         7.9119886756865113e-02
39                                     2.2376068709845320e-02         1.9850650022003680e-01         3.5750607161095196e-02        -5.3636493759778539e-02        -5.8585759311552542e-02        -1.4789468689306751e-01        -7.1437707582863968e-02         4.9657326900193444e-01
40                                    -8.2691429018754148e-02        -1.5074628756955671e-01         4.4203046749198768e-02         5.4462699922138674e-02         1.2344263148081498e-01        -6.2934971210604401e-02        -7.2436637134082552e-03         1.1203336471826451e-01
41                                    -1.1146882366418861e-02         9.7857188455738223e-02         2.2242549245556641e-02        -4.0250965483640735e-03        -8.7809893850011103e-02        -1.9857939820201946e-02        -2.4384655835001857e-02         9.4554223844061092e-02
42                                     1.3545738834275853e-02         1.8646572070559642e-01         3.6331372552115236e-03        -3.1000499070936993e-02         9.1583926578626421e-02        -5.5638762252757559e-02         1.7311352266197098e-02        -1.7842239972395754e-01
43                                    -7.9893125829343312e-02        -1.3181427726286216e-01         2.0168324435502857e-02         6.1629669029070314e-02         2.2305700804271794e-01         8.8963346083821061e-04         5.7925064537045545e-02        -4.0728261591277443e-01
44                                    -8.2765254135770155e-02        -1.1274855837750140e-01         3.0066208631800389e-03         8.5375464024150624e-02         9.9326265847168985e-02         4.7613577834405611e-02         3.0741708198566066e-02        -1.5660713830906126e-01
45                                     1.3544892830063231e-02        -5.4200898951681460e-02        -1.7715882409702378e-02         2.9756801041151869e-02         1.2567056745408232e-02         4.0462987077053765e-02         1.5168966002726235e-02         8.6848387826954955e-03
46                                     4.5745031420565012e-02         3.6924739945982610e-02         3.5937402419458107e-02        -4.1878515902478736e-02        -1.5942774812706415e-01        -3.4105482618004473e-02        -2.8258827201980457e-02         2.6426230376553589e-02
47                                    -4.5714575283478031e-03         1.3610671961532220e-01         2.6782266109845451e-02        -1.5341005592373527e-02        -9.1161922482142818e-02        -3.0497411374739110e-02        -2.1179565879857174e-02         6.6646434608529093e-04
48                                     1.4599282779100317e-02        -6.1020237204925949e-02        -4.2748892916347467e-02         4.5128717410579944e-02         8.8793263566566208e-02         7.7555830522649721e-02         4.1223096263231444e-02        -3.9665862184546666e-02
49                                     5.9493878043882627e-02         6.1326425648885567e-02         1.7290427714173311e-02        -3.7570690879611540e-02        -1.1923156270789022e-01        -9.7301148188344202e-03        -9.9406933776916666e-03        -1.6168425230307846e-02
50                                    -8.1463821856234075e-02        -8.0889434274373728e-02         1.0959307368507285e-02         6.5081290626173613e-02         6.9895371706291787e-02         2.8887407792068821e-02         1.2219738021132338e-02        -9.2802886630764386e-03
51                                     4.5551527486856494e-02        -6.7590747478586025e-02         2.9597738146777148e-02        -2.6538279090311603e-02        -8.6147097380125923e-02        -6.6981183549214479e-02        -3.7225663230386515e-02        -4.6512516117335669e-03
52                                     1.8414305147407464e-02         3.6228401955427585e-02         3.2846108310718845e-02        -1.3817126750737910e-02        -1.1393026833820077e-01        -3.9097422807803268e-03        -1.0950532293093170e-02        -5.0381925572516549e-02
53                                     8.7495317234886655e-02        -9.8104640071391191e-02         1.5217690196922670e-02        -1.7450089428231660e-02        -4.8709640669160816e-02        -2.4433307800972890e-02        -1.6956829847857940e-02        -5.4742568353049973e-03
54                                     2.1736657012553447e-02        -5.5842004574269043e-02         2.3448108541318690e-02        -2.7067034711408044e-02        -9.5718722781224508e-02        -7.2582821512430007e-02        -4.2525886283697037e-02        -9.7929669442278194e-03
55                                     6.6217589907441241e-02         2.2930396250775215e-02         3.4424942952400943e-02         8.9970599074592496e-04        -6.2505332958785631e-02         3.7048790132598597e-02         1.5794180670461313e-02        -2.9334274125359026e-02
56                                    -8.8300645075691853e-02         1.7456800259517173e-02        -8.1221369018541184e-02         3.3671913946443047e-02         6.1858337446268119e-02         5.9124179477030990e-02         2.3985696029044240e-02         1.7101256854958700e-02
57                                    -1.7192895183928486e-01         7.5431227817520305e-02        -4.9776145898060800e-02         1.3121126378854008e-02        -8.9810224945152090e-02        -3.5053915142445442e-02        -5.0909993136077587e-02        -8.8256612042442339e-02
58                                    -2.3021948294139210e-02         3.5642913303705018e-02        -4.3247011678512901e-02        -4.2735429237185055e-02         3.5287077216007656e-02        -6.3528255576228654e-02        -1.4184737305050736e-02        -4.6622048016625846e-02
59                                     5.4076082053548568e-03        -8.3306327978235992e-02        -9.0260866576430829e-02        -4.3704916863094405e-02         1.3798548139325198e-01        -8.6247647715139888e-02        -1.0677858515178530e-02         2.4432799434318746e-02
60                                    -2.2351152224422166e-01         1.2164427637661389e-01        -8.9782824534956812e-02         5.9589956900255488e-02        -4.6073905125133315e-03         7.8385988948260890e-02         1.9130764336642681e-02         2.6731646544499988e-02
61                                    -1.4168594384756837e-02         1.7565605473210157e-02        -8.9093118262689258e-02        -4.4045482921314251e-02         1.7732420959206174e-01        -4.1368705391642169e-02         3.4623999532770580e-02         6.5704479555626596e-02
62                                    -7.9432913846178510e-02         4.9138424094945458e-03        -9.0713109109209766e-02         2.4168529046323939e-02         8.5174746423289607e-02         4.7667283476726510e-02         2.8697833099728124e-02         4.8273269621864533e-02
63                                    -2.0089121473378824e-01         1.0964812952825065e-01        -8.5568282091702280e-02         6.3117301368613571e-02         1.5625498094431062e-02         9.7008029720917238e-02         3.6065725918687550e-02         6.2478582309569181e-02
64                                    -5.8018287414069065e-02         3.7380973439606391e-02        -8.2929055127606399e-02        -6.6197920871646179e-02         8.6957070502643521e-02        -1.2139218733824286e-01        -3.2342504791191669e-02        -6.7921278456909068e-02
65                                     9.9159494648324797e-02        -1.1385766736381685e-01         1.4817734880821418e-02        -3.1037039858971691e-02        -4.0067391721005388e-02        -6.0650847848559036e-02        -3.3887359399105470e-02        -3.4983162036094584e-02
66                                     1.4434781004074210e-01         2.6255209403207313e-02        -9.6563407163007070e-02         3.8843784824244415e-01         2.5982350062433941e-02        -2.5863161761832293e-01        -2.1706143873941642e-02        -1.2549142840621402e-02
67                                     6.0604869612831735e-02         5.5416376814950416e-02         8.9996057323443873e-02         2.1076103965791623e-01        -2.3168627107508073e-02         5.1999787755801314e-03         2.8770131768005781e-02        -2.6914232316913676e-02
68                                    -1.0583494958784112e-02        -3.5257756974554834e-02        -1.4384431053102500e-01        -3.1569992466846281e-01         1.1194849997225930e-02         8.3860767442264950e-02        -1.0116640492168843e-03         2.4878543666506003e-02
69                                    -9.8847098934794125e-02        -8.6427940467702524e-02        -2.5585354496948841e-02        -2.8805443606622344e-01         7.7133977611586427e-02         2.5879852473920695e-01         3.6637896984615441e-02         7.2344161671450552e-02
70                                     3.0235608867638802e-02         7.6315089431818377e-03        -6.0741895982108968e-02        -1.1085593088300680e-01         2.7308954038506399e-02         7.7353325655927244e-02         1.6783747535627020e-02         1.7465078822381054e-02
71                                    -1.3715115562561385e-02        -4.2376333220013530e-02        -1.6482287859238462e-01        -3.5410479674919176e-01         1.7214447161434641e-02         9.1253475097671982e-02        -3.0360686473044568e-03         3.0632097535310758e-02
72                                     2.0917747937363659e-02        -2.8056795487697385e-02        -5.0153708111163077e-02         4.1665006543065729e-02         4.1969309617085511e-02         1.6140421004762406e-03         6.4384023934191108e-03         2.9803112154907167e-02
73                                     1.7596072054760690e-02         6.8628207914820912e-03        -1.8347216644209130e-02        -3.5223989418452077e-03         3.8346408605334434e-02         8.2066176660899035e-02         2.5724767444716891e-02         5.1543340192351725e-03
74                                     1.9783843826110709e-01         6.6632503010645078e-02        -1.8638758945403619e-01         2.9977290501092935e-01        -3.0942788369323782e-02        -3.6682209026257706e-01        -4.8712978770919790e-02        -5.1802411463449029e-02
75                                     1.4749067418933602e-02         1.5929919334004858e-03         9.7994176167113700e-02        -4.5396250266675382e-02         2.7253267961623372e-02        -3.2007419793057101e-02         2.4399130834343807e-02        -6.0210877105294257e-03
76                                    -6.9147291964135535e-02        -3.0228838780353588e-02         3.2547155875221924e-02        -5.1240813867297057e-02        -8.2349979303117077e-02        -1.5981511871925000e-01         5.0764903753382740e-01         4.8110757704580953e-02
77                                    -1.5365531752688831e-02        -1.9691936114294515e-02        -7.3773355349158465e-02         3.1303738215676731e-02        -5.4593321675088659e-02        -9.6179584501722305e-03         1.5633309634257528e-01         2.9911266037605713e-02
78                                     6.2241215385332144e-02         3.9266551378463604e-02         1.3795046218137330e-01        -2.8433771839994307e-02         1.2716688065408183e-01         9.0663670469655705e-02        -4.7103526934434486e-01        -4.5577678317324739e-02
79                                     5.3893792427176426e-03         1.2508681717756135e-02         1.4022083767584586e-02         1.4856235118401440e-02         4.0499297617769388e-02         6.5469679463541458e-02        -2.8143853172764632e-01         7.2358322164052134e-03
80                                    -1.3107275712866415e-02        -2.0827557273003154e-03         5.9085167189016482e-03        -5.5185883018553693e-03        -1.7311106872423085e-02        -3.2496718358841950e-02         1.4396880109154955e-01         6.6887865016990742e-03
81                                    -1.8193068905990369e-02        -1.0867804666509188e-02         1.3730942096111018e-01        -8.8728698477054904e-02        -1.2463159203046963e-02        -1.5005028834852074e-01         3.6075685146485642e-01         9.6644221214794088e-03
82                                     3.3150687549920394e-03         1.0675915226284818e-02         1.1761997329066362e-02         1.3702929761692373e-02         3.4457416367646890e-02         6.1291539178610618e-02        -2.4441104445032041e-01         5.5778559691238528e-03
83                                     2.2227078612224536e-02         2.1500613005003711e-02         8.6223808514556185e-03         2.3184098113530071e-02         4.9348124396352742e-02         5.9389630435655108e-02        -2.6179313194091458e-01         1.3981898007846497e-03
                                                        16                          17                          18                          19                          20                          21                          22                          23

0                                     -1.3145851758205474e-02        -2.3863977739243369e-02        -4.3082830730053805e-02        -8.0704047261670898e-03        -7.4405128415603358e-02         2.6454046950782659e-02         1.6947195831891648e-02        -2.0673287009979405e-02
1                                     -1.1352314351451816e-02        -1.7563595500755987e-02        -3.9071095476831359e-02        -7.4182965450133379e-03        -7.6134552631082375e-02         2.0436380453673072e-02        -3.7857038282449498e-04        -2.7193266629609468e-03
2                                      1.1196367714577483e-02         1.7743469437083499e-02         3.2922261793088235e-02         1.1050196814062900e-02         5.2711095192393774e-02        -2.5495249876393077e-02        -1.7195983022503396e-02         1.7771148380396645e-02
3                                     -1.3750086824108689e-02         7.7402810058805553e-04        -3.0291151745464609e-02        -2.2527041088173960e-03         1.8208015104550307e-02         4.2153934874618701e-02         1.1611224519771589e-01        -6.2956169193347844e-02
4                                      6.7732169582236986e-03        -3.7055080007736781e-02        -2.6763574862673601e-02        -2.1184105306849690e-02        -2.1836848404976378e-02         5.2403012512392223e-03        -5.0742331433395974e-02         5.1764962265656120e-02
5                                      1.5821227923583071e-02         1.4884501360270620e-02         3.4245427262513256e-02         6.1095312429427992e-03         7.6085367781400404e-02        -1.9575500017727072e-02        -5.8276041711903780e-03         1.8090677587305350e-02
6                                     -1.6845926619286505e-02        -2.6079780744667505e-02        -3.2746640282530083e-02        -2.0452257722780767e-02         1.3663369642485880e-02         9.1737015211733330e-03         4.0146774485431497e-02         3.7051538706708185e-03
7                                      1.6610573972279497e-02         8.4480463689023792e-04        -8.9745746929208465e-03         5.0423811703781641e-03        -4.2739882076301061e-03         2.9232402102058679e-02         2.4837045038811983e-02        -1.3844460935098567e-02
8                                      1.7796388386928284e-02         2.8415360728218956e-03        -1.3278592195616694e-03        -3.5881323923667818e-03        -4.4653665680839056e-03         3.6093419435544838e-02         4.5360942575872504e-02        -2.8889023473958348e-02
9                                     -6.7603352188897084e-02        -6.3950749992657305e-02        -5.4796646041992046e-02        -6.2388103335561523e-02         6.0337995176054530e-02        -1.2703968390792708e-02        -2.9109066276752596e-02        -4.4772142472077413e-02
10                                     8.1060479615218117e-03        -5.1005791377147338e-03        -1.1486734399229606e-02        -1.1507457480632239e-03         3.5292490368130272e-02         2.9959991073197148e-02         1.9040465779079474e-02        -3.5325038033963883e-02
11                                     2.3553460656129030e-03        -4.9785229983517459e-03        -8.7884602912912304e-03        -1.4051846853836180e-02        -8.4188002788280439e-02         1.9394247829503268e-02        -1.1096886603745727e-02        -1.3661973175050585e-03
12                                    -2.0116476651536444e-02         3.5925760956321451e-03         7.4313723838406091e-04        -1.6332829914357579e-02        -2.7579985763042880e-02         7.9744018033971165e-04        -1.3658936386923129e-02        -5.3385280787392846e-03
13                                     1.6813245139205412e-02         2.3270589549593389e-02         1.9544585234983841e-02         3.2469988894087518e-02         1.0976448659314778e-01        -3.2481992378366538e-03         3.4617524101120567e-02        -1.1128001375859248e-02
14                                    -4.1570756020892505e-03        -5.5061788106302179e-03        -5.0602675098184689e-03        -8.5057761330599602e-03        -3.9942209003047048e-02        -2.5421212720516352e-03        -1.3614801177720921e-02         6.8357877808594043e-03
15                                    -1.7294045185477575e-02        -1.4272922738901642e-02        -2.7548285783254026e-02        -2.2400776664983817e-03         1.9018838819614348e-02        -5.9547383656044939e-03         2.3381651499151203e-02         2.9695155744951324e-02
16                                     1.3632137262802307e-02         3.6473128982210605e-02         4.4044030351760534e-03         7.3459550575975825e-03        -1.6441313756366933e-02         2.7757390308285879e-02         4.3961506882673335e-04         2.6983549343444335e-03
17                                     8.3036069290855601e-03         1.8096016387589536e-03        -2.6392309250243638e-02         4.7829843886716621e-02         6.4003412959541246e-04         3.9292470618369308e-03         1.7205701764592025e-02        -6.6103764431561258e-03
18                                    -2.9378354157239772e-02         2.7407613468507459e-02        -4.5812172014141152e-02        -1.2292011946333526e-02         7.0632534974848352e-02         6.7519989936236813e-02        -1.1717655637588749e-01         4.5869442862041920e-02
19                                     1.1465040308221744e-02         4.9480903690110024e-02        -2.8345348938393208e-03         1.0246598421246892e-02        -3.9860504590567428e-03         5.2314536161631953e-02        -3.5165047485596734e-02         3.9130126441386977e-03
20                                     1.0079908400886689e-02        -1.1041771194642900e-03         6.4956052693348272e-04         2.9473958511498140e-03        -3.0103110300623862e-02        -1.3514971055228194e-02         3.0691147914637795e-03        -4.1050244296085298e-03
21                                     4.3619199612911427e-03        -1.6878089622808942e-02        -7.3910613206170797e-03         3.4276055188250450e-02         3.9128298225180663e-03        -2.1403428127057617e-02         3.7153917628758165e-02         4.1108643299324302e-02
22                                    -7.9654488746043334e-03         4.1802375455940025e-02        -6.0769975599036805e-03        -2.2629781899669413e-02        -7.0750099884997223e-03         2.4836370314008729e-02        -2.7813220618605465e-02         1.3349868161663823e-04
23                                    -2.1995364065475222e-02        -1.3429018869128234e-02        -7.1120984143521762e-02         1.1073921382036937e-01         4.7696269482778069e-03        -3.0533587899254581e-02        -2.6067958416478080e-02         4.1688598753493955e-02
24                                     1.3513288383085739e-02        -4.7591267901488342e-03         1.4151312957541913e-02         3.4905712081432748e-02        -1.9565055658948881e-03        -2.4462733350172499e-02         2.8843833127396402e-02         5.2641907680555239e-02
25                                    -1.1003750151142194e-02         8.6335776811486496e-03        -9.2107834846700924e-03        -2.7601496448221692e-02        -4.4831706282665402e-03        -7.9634676439816920e-02         1.0364213165130037e-02         3.9792468874663960e-03
26                                    -9.8299833186007209e-03        -2.7978695365750558e-03        -2.0859561671966171e-03        -1.2154119695497425e-02         6.6457539032737326e-03        -2.9845759420874859e-03        -1.6904074030844280e-02        -5.5943586900032177e-02
27                                     3.0049095608057030e-02         2.8025957031897138e-02         8.3689702695895249e-02        -6.5106661057066043e-02        -3.6145633469325785e-03         1.3718531364438334e-02        -1.3124709990949354e-02        -2.8746156963144556e-02
28                                    -2.9134873011528069e-02        -7.9061711991434067e-02         8.6308614633696115e-02         2.8243528479431616e-02        -2.6925231229705943e-03         4.5159244162781165e-02        -2.2740656472391282e-03         4.5369573776255232e-03
29                                    -2.1796876240528989e-02        -4.0865725044239097e-02        -1.1189069817884830e-02         5.2363674460361699e-02         9.0254549217019218e-03         1.0138834603071269e-02        -2.2747960199679075e-03        -3.0663420390892000e-02
30                                    -1.2273500603867359e-02        -2.6439362301951531e-02         1.1359232458111496e-01         2.0105060978921781e-02        -2.7521775719845234e-02        -1.0231816001560658e-01        -3.8347280552771749e-02        -2.0644441228841470e-02
31                                     3.6334060477907159e-03         1.4416976165392305e-04        -7.9692829211816408e-03        -3.5013198033701294e-02         1.9706779976476157e-03        -8.1460418196926225e-03         6.0508589009857894e-02         9.6785186260934047e-02
32                                    -4.0667132333457468e-03        -3.7618803916629549e-02         8.0760531401536662e-02        -3.9748036546407330e-02         2.4433301471381237e-04         8.1957646037200474e-02         2.2734033972106670e-02         5.8625429781637595e-02
33                                     9.7792784485137160e-02         8.4299679489544435e-02        -8.2863202729565946e-03         5.4417056202161578e-02        -2.4512447289899410e-02         2.1973049304772830e-02        -3.8725599580721248e-02        -1.9577579273613324e-02
34                                     1.4482030792261774e-03        -1.2369061845482794e-02         6.8963361212074086e-04         4.4185558065957073e-02        -9.5320746897553047e-03        -4.6377658270626815e-02        -3.6791864511386087e-02        -8.9321655817675510e-02
35                                     9.5592778944015543e-03         6.1924498160551580e-02        -2.7022035968991852e-02        -1.0014789764576393e-01         2.2864574535831940e-03        -4.3065692226365804e-02         2.1032895499574274e-02         2.5626096080466086e-02
36                                    -4.0116960766060319e-02        -1.2032743523206686e-01        -5.3373371425911392e-02        -4.0969710474247023e-02        -9.9225120076961507e-02        -5.8912219002691106e-04        -4.7586024443507555e-02         2.0489383488402079e-02
37                                     2.1837118300320008e-02         1.0110643664128506e-01        -2.6712378211424071e-02         3.2883300130812740e-02        -4.6762729332566227e-02         5.4155349624472424e-02         7.9377108385675632e-02        -5.4004717680530674e-02
38                                     4.0112184293319289e-03         2.2637017612987160e-02         4.8480580822891015e-03         1.9662921201422191e-02        -8.1221295732333734e-02        -9.6163466924895045e-03        -4.5762920916597796e-02        -1.6102033174304762e-03
39                                     2.6112340428248070e-02         1.0424644630194717e-01        -4.3017881473178539e-02         3.7244640339348593e-02        -1.1109705791816740e-01         6.6994160544096432e-02         5.8994054016514183e-02        -6.3764881777668869e-02
40                                    -1.5161627059748601e-02         8.8625893805280315e-03        -4.7876518984168483e-02         5.6527077518230117e-03        -1.1489493455655535e-01         3.7707660938435660e-02         3.9039274549129484e-02        -4.4594342860966210e-02
41                                     3.2598545716471056e-02         3.4943912848943680e-02         4.4784899044115992e-02         1.2238316169273046e-02         9.0105168663550048e-02        -3.1954072284892499e-02        -5.2912912898408847e-02         5.6675301529087112e-02
42                                    -2.9075212416331535e-02        -8.6862652882199839e-02        -5.9346885198424841e-02        -2.8467866844392158e-02        -1.3855579459093564e-01         1.2846475331223480e-02        -5.4779767047820324e-02         1.2834602982764875e-02
43                                    -5.5175496991322737e-02        -1.4371849224916278e-01        -6.2479499767776975e-02        -4.7284879798739139e-02        -1.4717517844446909e-01        -5.7462157612815671e-03        -6.5778341711721103e-02         2.5422037388486186e-02
44                                    -8.0246801859212447e-03        -5.5403777456462860e-03         3.7239748187357799e-02         4.9078340139127909e-03         9.3564059049967188e-02        -2.9445578066148097e-02         4.5409174156917392e-02        -1.4187366820631646e-02
45                                    -1.6339111700340518e-02        -3.8439212198131171e-03        -3.5793681369735084e-02        -8.2932261898258208e-03         1.6350573297755484e-02         4.2509396916597150e-02         1.1626951637398850e-01        -5.5159737190221741e-02
46                                     9.6572370893454901e-03        -7.1674118592432584e-02        -3.3447644565072578e-02        -4.5574838306137060e-02        -4.4922135016784895e-02        -3.4155228535158400e-02        -1.5577573979631518e-01         1.5555857963835024e-01
47                                     2.4265279794620238e-02        -1.2353265526433656e-02         3.8272139553056320e-02        -7.2401066819518800e-03         5.5479772590902712e-02        -6.2325891118352190e-02        -1.1667966291110708e-01         1.1242764365828106e-01
48                                    -1.6895774428960359e-02         3.5738364267737063e-02        -3.3969256403045975e-02         1.6306451310752226e-02         3.2374180756856406e-02         1.0638099974140112e-01         2.3609492114088004e-01        -1.8918623455699343e-01
49                                     1.4438135435621420e-02        -4.5129395541645141e-02        -2.8181991545772840e-02        -2.6666852799942704e-02        -2.8814741405857956e-02         8.1428927942804614e-03        -6.3363000287571483e-02         6.0377795234462739e-02
50                                     4.5213449871793401e-03         3.8902744050709162e-02         3.5365803630192628e-02         2.0873435003486655e-02         8.8733103690083207e-02         7.5985196380959081e-04         6.4313916960145753e-02        -4.5509367568370138e-02
51                                    -1.1149403653894484e-01        -9.6254805412774105e-02        -8.1858404532586165e-02        -9.2703312195903151e-02         1.0538948413408658e-01        -2.4173430473548842e-02        -5.7389937065392534e-02        -8.1289051138762961e-02
52                                    -3.7045906579986909e-02        -2.0787493952995183e-02        -2.4156142770390594e-02        -2.5147614180773551e-02         8.3897239706825569e-02         2.3191883983916559e-02        -1.2217582131844408e-02        -8.7984060808680820e-02
53                                    -5.7281113114204231e-02        -4.9002940919167202e-02        -4.5982486503756012e-02        -5.4888185498021540e-02        -2.3227484078624849e-02         4.0597979916761973e-03        -4.8528008737088603e-02        -5.0683702993436872e-02
54                                    -1.2668963623522236e-01        -9.7038182460329386e-02        -8.1181419294884552e-02        -1.0046456252749039e-01         1.0846432379531284e-01        -2.8316278478472231e-02        -7.5385536693635777e-02        -9.9226740276174036e-02
55                                     3.7736490638560091e-02        -2.9244445908411009e-03        -1.3003878995520281e-02         1.0211464064740095e-02         2.3771067123092873e-02         4.8007107231188277e-02         5.9494930065552148e-02        -1.3442318406361909e-02
56                                     6.8207693412251372e-02         4.4628981589675001e-02         3.5097705774608162e-02         3.5118800665202718e-02        -1.4831551609115376e-01         2.6973446105471092e-02         2.4666160958904892e-02         6.2657697807888352e-02
57                                    -4.3746597433862022e-01         3.0609068854740229e-01         1.1341155095289353e-01         9.5440931873197909e-02        -1.0178202878094234e-01         1.7540471333701058e-02         2.9762094379167499e-02         3.6513423363912868e-02
58                                    -1.0551036173660459e-01         1.0979161130596669e-01         4.9198280928382340e-02         6.0704307652491719e-02         6.3590676620856976e-02         8.8096507705494598e-03         4.2457229049758516e-02        -3.7987494440067544e-04
59                                     1.2640785413689043e-02        -6.0384397725319998e-03         8.3330726542759064e-03         1.1461973968016343e-02         9.4252441722829372e-02        -4.0812945511157633e-02         1.1526897984858734e-02         1.3119215901666287e-02
60                                     1.1496368849136809e-01        -4.5947772144478677e-02        -3.6829866415114751e-03        -2.4715469726010481e-02        -5.7996021379647184e-02         3.8311470794428451e-03        -1.8973592285861266e-02         6.2054889354676611e-03
61                                     3.7921340330227310e-01        -2.2971982542438288e-01        -6.5702718456186152e-02        -4.6537522985413624e-02         2.5925044838379152e-01        -4.1215287594805285e-02         1.6663776322031129e-02        -4.1191707834214386e-02
62                                     1.9607507448501410e-01        -8.1326067157595369e-02        -1.2846449322526271e-02        -2.2730424290293968e-02        -7.9969074572938337e-02         1.1047627710086144e-03        -2.1425495193950494e-02         2.2399233637061314e-02
63                                     2.7544442837097388e-01        -1.7559674027303465e-01        -5.5714785589547108e-02        -7.4772830348607058e-02        -1.7596199164820310e-02        -4.8987771027207104e-03        -3.8957327317854722e-02        -1.5790406402148526e-02
64                                    -2.2941453848662910e-01         2.2854595744818371e-01         1.0911250295197979e-01         1.2365381329954470e-01         1.1512308083411914e-01        -9.8899182080713858e-03         7.8970396265417672e-02         2.8116904799082337e-02
65                                    -2.2339282941238800e-01         7.8956525550443621e-02        -5.5631419022680543e-05        -1.9226385656541190e-03        -5.9021206572085337e-02         1.1774337165281212e-02        -1.4667717821723065e-02        -1.2413230962372217e-02
66                                     2.1086975139307670e-02         5.5205486908287062e-02        -3.3005455607450156e-02        -7.0877964767549428e-04         6.4526273270194778e-02         6.3113852571324236e-02        -1.5641667129010292e-01         3.3439974046327758e-02
67                                     3.4650850819408559e-02         4.6101802819814360e-02        -6.9348359544147854e-03         4.7105689078264658e-02         5.4142376412673636e-03         2.9222178951326248e-02         3.4232729030334717e-02        -1.6787235387414771e-02
68                                    -2.2049596140568898e-02        -1.2415533103542334e-02        -3.9196332967025823e-03        -1.6396095196558384e-02        -3.1556706228197111e-02        -2.3357874714940181e-03        -6.0521825016238090e-03         9.5163115642187754e-03
69                                    -7.8232958622194620e-02         3.3330807476308809e-02        -7.0007301857717835e-02        -2.2988793851432206e-02         1.1247503721251852e-01         1.4139221884344802e-01        -1.8091189739998734e-01         5.4793395876524376e-02
70                                    -1.5993310403980227e-03         2.8506710244453417e-02         1.2886810326975221e-02        -2.0740139867689241e-02        -4.5422349280739863e-02         1.4331079507291187e-02        -4.9770772128833974e-03         1.5820690584299163e-02
71                                    -2.5946662998217171e-02        -1.3832101765519042e-02        -9.4773797295406859e-04        -2.5391190898362889e-02        -3.8267405888577501e-02        -2.8484185980691104e-03        -9.9533213288072169e-03         1.0729400316292898e-02
72                                    -2.7434627737883265e-02         3.1781735194993686e-02        -4.6458216816419977e-02        -1.1288892464795794e-02         7.4889407414491613e-02         7.4864144996983920e-02        -1.3268352065520544e-01         4.4750690388050463e-02
73                                     2.5377739550619845e-03         7.9496440074930522e-02        -1.7512544493602924e-02         6.2706202663176972e-03         4.0791731318876402e-02         1.2276419610351591e-01        -1.4974884532901239e-01         6.8180649799989175e-03
74                                     6.5616020285030996e-02         1.2732090960338111e-02         2.3867612488481522e-02         1.3713001746289659e-02        -5.9740854988688585e-02        -5.5978059372632692e-02         7.6116543251772667e-04        -8.5947184736925308e-03
75                                     2.5413251761825909e-02         2.0986996431261142e-02         7.8605766379769973e-02        -5.1555754240184222e-02        -2.7842678497936838e-03         1.3563123715928624e-02        -7.1861691990452838e-03        -1.5445885507698275e-02
76                                    -4.9317727927675546e-02        -8.5514340094174801e-02         2.0369565535972961e-01        -3.5041729336113270e-02        -6.0288557783579671e-03         1.2003683884338755e-01        -3.3075291598172261e-02        -3.1077066113295748e-02
77                                    -5.7288861153554298e-02        -1.0232366168494038e-01        -9.3421085836899259e-02         1.9493918800949198e-01         1.7486134373896636e-02        -1.4222128686519713e-02         5.8159812495814894e-02         9.7816446854462183e-02
78                                     6.8061635687837393e-02         7.4389899081968136e-02         6.2597740388561904e-02        -1.2453477434280780e-01        -7.5332254786424149e-03        -2.2570364918655699e-02        -3.3255759038089756e-02        -9.4467219181554749e-02
79                                    -3.7696102046638459e-02        -1.5945720908628358e-01         1.2245981482438205e-01         1.1068832489910228e-01         7.0602016170496920e-04         1.3687186934069290e-01        -3.2412126332739626e-03         2.4083856139997414e-02
80                                    -5.2032511172585337e-04         5.8246007641015791e-02        -5.5935685637536939e-02        -5.3299117099503399e-02         4.1954188390245202e-03        -9.8134138666311710e-02        -8.1581811666832024e-03        -7.3451277063496648e-02
81                                     2.6383983882286063e-02         4.1990967840899895e-02         2.1423602465828789e-01        -1.6695913961997347e-01        -9.0917397592397108e-03         9.6321563986301997e-02        -6.1415386817823485e-02        -1.0262902461525066e-01
82                                    -3.0375380197656246e-02        -1.1838044361646405e-01         7.5649137707076611e-02         8.6772988049876071e-02        -2.5300572483648759e-04         7.0389852280200574e-02         4.4982796701769790e-03         2.5069618988693462e-02
83                                    -2.8436607332036401e-02        -1.3045271386097285e-01         8.8327727743444523e-02         1.0719008272556782e-01         1.0018689986330086e-02         1.5794145839997328e-01        -3.2288646380444666e-02        -5.0627926993746200e-02
                                                        24                          25                          26                          27                          28                          29                          30                          31

0                                     -2.9849049001826881e-02         1.5670461899212073e-02        -7.4400538918886750e-04         6.9896304650824068e-03        -4.8630642191854661e-03        -5.5499790014074861e-03         1.6179863204862168e-02        -4.6000504005414304e-03
1                                     -2.4513071387620083e-02         2.5898880412426072e-02        -1.1073423128483013e-02         6.3854197275125786e-04        -4.5051147005539761e-03        -6.1000398789546615e-03         1.6086145734078572e-02        -3.0322120579376222e-02
2                                      2.9997663442813891e-02        -2.0003395299097053e-02         3.8089042046004669e-03        -9.2108765503906391e-03         1.0286737685084403e-02         4.3396375377783283e-03        -1.3559463908621569e-02         1.2190642496034207e-02
3                                     -4.2229512508492112e-03        -1.1230856631304235e-02         3.1592404000521768e-02        -8.4091321417370066e-02         3.2839969229068469e-02        -1.9753563944878389e-02         4.4708442838479127e-02        -9.9923727909594830e-03
4                                      3.5780234420665566e-03         6.7738813965618053e-02         6.4148804978340157e-03        -8.2291868493333711e-02         2.6631382204820930e-02        -1.3663778935584176e-02         3.8606308385778131e-02        -6.7261569930956194e-02
5                                      3.0355171613336604e-02        -2.8072719791966826e-03         1.3601595012093555e-02        -5.0030810282872838e-02         2.0523217619320633e-02        -7.7269158718193259e-03         2.1560798896080747e-02        -2.3998452490908560e-02
6                                     -3.2110716412386618e-03         3.8027763363019579e-02        -4.0402563691380844e-02        -7.9855981422199004e-02        -1.2661374186717981e-02        -1.0381706008537063e-02         6.4733082650420600e-04         1.8989053796411252e-02
7                                      1.1473104982087107e-02        -2.0856303726544253e-03         7.1477417722637104e-02        -1.7752867731136966e-02         3.8709210965624512e-02         6.0562176438167430e-03        -4.7664431081444962e-04        -4.7025346622553829e-03
8                                     -6.7391022976482653e-02         7.8935445237448790e-02        -2.6710435755872869e-02         4.9108645322158972e-02        -1.4267374702543861e-01        -1.4601770789346647e-02         2.9015117992687751e-03        -6.7607875468444559e-03
9                                     -1.6675634963546518e-03        -8.7151248800508577e-02        -3.5981742699581348e-02         1.9609578317401274e-02        -1.0406505448432862e-02        -4.6409703749595056e-03         1.1915400698008796e-02         4.6633590272551220e-02
10                                    -1.3236947184427632e-02        -9.0256033182557933e-03         9.6010798572414222e-02         2.5767148400618580e-02         1.3948028075220893e-02         6.1718514398134451e-02        -5.4748165743677961e-02         5.2689905371358786e-02
11                                     2.2656973461703304e-02        -1.3799649454303203e-02         6.5895784888777884e-02         4.3974095886254736e-03         2.2748618230073018e-02         3.2392358289820344e-02        -3.2293222523749089e-02         2.0655821271486147e-02
12                                     1.2937463220544204e-02        -2.5288727546067560e-02        -1.4753898724841922e-03         6.7858915575408863e-03         5.1149863904339059e-03        -3.9987639044939951e-03         7.0367424122254555e-03         1.6990632341420609e-02
13                                    -3.7854057334094672e-02         3.2746826213784289e-02        -6.9768863718796537e-03         1.2482317188055593e-02        -2.1182638398866690e-02         1.9465601720603874e-02        -2.3550215449896723e-02         2.5807637206038139e-02
14                                     1.7548860273104695e-02        -1.5912444812173996e-02         3.3482030519215661e-03        -5.9910595074020570e-03         2.4586940246545102e-02        -6.4500192487242274e-03         8.0377217212524495e-03        -8.4899016629358653e-03
15                                     8.0311124358917029e-03         2.5925017563148359e-02        -6.1940619499881985e-02        -4.7354548443334164e-02         2.5133133099546991e-02         1.5915156268668917e-02        -4.9247209659151331e-02         1.9388002264409888e-02
16                                     4.7814857403882062e-02        -4.9088310074035101e-02        -2.4565514317359736e-02         8.3307045931665241e-03        -1.4586775607685188e-02        -2.1886125781581851e-02        -9.3690266796792113e-03         2.4503941104295717e-04
17                                    -9.2131735578312834e-02         2.6344685948544236e-02        -8.2579941166032095e-02         7.3227647773716861e-02         1.5371331066487712e-01         1.5304968531007710e-02        -1.8660550139791214e-03        -2.6025239739231399e-03
18                                    -2.8621925182937682e-02         6.2608287675651311e-02         5.3714331292149302e-02         1.5552369726171498e-02         6.1876024733948471e-03         1.5428948335435580e-02        -2.0438840270054558e-02         4.0716285420053094e-03
19                                     3.9671497363400893e-02        -5.8979089518953011e-02        -3.7772479068395232e-02         4.9525166114861227e-02         5.4631206876354522e-03        -1.3437763767076999e-01         6.5322396571821845e-02         2.1988466280066048e-02
20                                     1.0753987997418656e-02        -2.0365328309202787e-02        -1.2686060107558043e-02         4.1012209502836548e-03         1.7398584353891595e-02        -1.2594705063495953e-02         9.5865090494556340e-03         2.9117944365657932e-03
21                                     3.0399540178918247e-02         9.4263049899260473e-03         2.3167403882712784e-02         1.2154369324119873e-02         6.3840464078957146e-03        -7.6178790518449294e-02        -1.0205190453349293e-02         2.5166537563662349e-02
22                                     2.8092967628383668e-02        -5.0799970233003415e-02        -1.0690071170193560e-01        -4.6022471209628733e-02        -2.4899268247609033e-02         1.2175841704803859e-01        -5.7560766113383115e-02        -1.9866765516857721e-02
23                                    -6.3369113807373575e-02        -8.6308819005304183e-02         3.0175911120017929e-02        -5.6836298773445995e-02        -5.6717367771618753e-02         1.3315639382839627e-02         1.3322494546879516e-02        -5.6317616909945514e-03
24                                     6.0101898455542015e-02         1.0696234295584191e-02         3.1506731099284415e-04         5.3257256974493003e-02        -8.6393475345703883e-03        -3.2521444087411943e-03        -5.1465800692700792e-02        -1.2060107934473844e-02
25                                    -1.3323965583683430e-02         9.5026996008581981e-03         1.5829443395704908e-02         1.3741620567585183e-02         1.3581881341205154e-03         1.9300323563917733e-02         4.8397973079599345e-02         2.1803168731226570e-02
26                                     4.1695960932185944e-02         3.4712761804385615e-02        -4.4289938327715349e-03        -2.8456292132227768e-03         3.0057041305741861e-03        -1.8347106598510993e-02        -1.0517466492565106e-02         3.7640552338652572e-02
27                                     4.0844309524521706e-02         2.3110190825178640e-02        -8.0521647908076907e-03         2.3599464810808563e-02        -6.4925364331850591e-03         4.5746453576168682e-02         3.6150225359238827e-02        -2.5361797384995641e-02
28                                    -1.9991667504978008e-02        -1.2266055880299189e-02         1.1348341957133951e-03        -8.2032782536161555e-03         3.1670694434247628e-03        -1.6603770499793405e-02        -2.9509365702481399e-03         2.0754090819427366e-02
29                                     8.8309928754675693e-02         4.4269099974196723e-02        -1.1759233503252664e-02         3.6395556610161320e-02        -9.2433819482143510e-03         8.3021153315909355e-02         1.0230652861329206e-01        -2.0368370016644283e-02
30                                    -8.4972215060636291e-02        -1.5772373848799561e-02         2.5611529412488076e-02        -2.1564247192682575e-03         4.4140306892872811e-04         9.7974584339312505e-03         2.6674341931835429e-02        -2.2772974453471925e-03
31                                     4.7038517514415539e-04        -1.9048879370570419e-02         9.6910776903203159e-03         3.8348533584418955e-02        -4.8444147169574526e-03         3.2349667293759370e-02         3.5318304354930115e-02        -4.0448457895043387e-03
32                                    -5.0424594752376366e-02        -4.2004988360518372e-02        -1.3829400047765087e-03        -1.4992252388443596e-02         1.4412448480062075e-03        -1.1780829536502720e-02        -1.0971738891453057e-02        -7.9177858772305179e-04
33                                    -3.3426914599768258e-02        -3.8991501049275526e-02        -1.7476189043971697e-02        -2.4754737685987509e-02        -5.7099477728626436e-03         2.6864485634251218e-02         2.5624657799103907e-02         1.2225978301887317e-02
34                                     1.3741010741631150e-02         2.9237631374889637e-02        -1.2372414919284883e-04        -2.2601924444291134e-02         3.0583507116489581e-03        -5.2418871467757158e-02        -8.7632785806296631e-02        -4.3723884410354789e-02
35                                    -3.2788770559629067e-02        -6.4049225670898225e-03         1.3298061389757032e-02        -5.1576876912292121e-03         2.7532415495444751e-03        -3.8490530916883099e-02        -6.1699089049390560e-02        -3.6863973624792379e-02
36                                    -3.1165417783832340e-02         4.5426995979355740e-02        -2.2697414007869877e-02         1.1488761187510285e-02        -1.6872278132474702e-02        -1.0574728035260509e-03         1.1087980082206387e-02        -6.8519071699301992e-02
37                                    -2.3796537588813234e-02        -1.0313687255967067e-02         1.5367651754609298e-02        -4.4160870772881177e-03         9.2198606598474699e-03        -1.2050884060345128e-02         2.3344799480472231e-02         4.7894151813323800e-02
38                                    -4.7269525860958242e-02        -4.5394184086115837e-03        -5.5548685625993306e-02         2.0586613489243791e-01        -1.3096875133282587e-01         4.5560169875763182e-02        -1.4025298714720530e-01         1.3534112784616911e-01
39                                    -6.9628423555865848e-02         6.3739813979729575e-03        -7.3244000481365067e-04         1.0822797617267818e-01        -6.4058909361006736e-02         1.8126671029906206e-02        -3.6203500284220418e-02        -8.7775382884698085e-04
40                                    -5.4535094910576121e-02         4.9294963022661594e-03        -3.1747512532327764e-02         8.0290182913714703e-02        -5.6798930965321917e-02        -6.3055634769658224e-04        -2.9369658877744644e-02         1.3618570249539211e-01
41                                     5.3981685450573462e-02         4.9421822034301094e-03         3.1846905609058444e-02        -7.4830784487045929e-02         5.6299604127316945e-02         6.7948481272840219e-03         2.5322046361035043e-02        -2.0810427654504682e-01
42                                    -5.9112675451971471e-02         5.4439118037797773e-02        -3.3929362642882446e-02         8.4363401839125732e-02        -6.1733304007510606e-02         1.4875099164581974e-02        -2.7166084234962543e-02        -5.5394108926692442e-02
43                                    -5.1823180168331304e-02         5.5844094638736887e-02        -6.1034955809753953e-02         7.4619545826158110e-02        -6.9143047511783753e-02         4.9438986839213835e-03        -3.5102294526542753e-02         5.1926679114139215e-02
44                                     5.4613478682180333e-02        -5.9939311268138014e-02         1.0413987256240835e-02        -7.1647240601957915e-02         4.3869848249789400e-02        -2.1248557723369695e-02         9.3020161218148947e-03         1.9846941284842629e-01
45                                    -1.9713081356241398e-02         1.5920804206110591e-02        -6.6491791512914844e-03        -8.7179397217902257e-02         2.0627722502006532e-03        -2.5066342829047537e-02         4.4324762625142559e-02        -4.2708312650995874e-02
46                                     5.9914630881314362e-04         1.5934542982767136e-01        -1.3276681728985917e-01        -1.3157808478830005e-01        -2.1428634204919032e-02        -5.2459543337444535e-02         3.4446683806874226e-02         7.7099287665375840e-02
47                                     5.6433085643448504e-02         4.1601428412714900e-02        -6.0651742236890988e-02        -9.7542442749211075e-02         3.0761200393058935e-02        -3.9480335253171413e-02         2.0427270361478046e-02         1.9328621674415800e-01
48                                    -4.0981125096966428e-02        -7.7018306883336121e-02         1.6504371767936674e-01         1.3755451309628656e-02         1.8981606260007923e-02         2.1370419052240602e-02         4.0585655922829721e-02        -1.5827351107550844e-01
49                                    -4.7121833529027444e-03         8.9128012697842124e-02        -2.0020131990057402e-03        -8.1518307601002191e-02         4.7368462978399362e-03        -2.3585122710058342e-02         3.7268916007678315e-02         3.3538712789256020e-02
50                                     2.8582775761207234e-02        -5.9914430449853805e-02         7.5681949441768800e-02        -1.6396546860531113e-02         4.5307768832525679e-02         2.0355589572859798e-02         2.4410878508892061e-02        -2.2013360838523885e-01
51                                    -4.3247841222276848e-04        -1.7085526045681898e-01        -4.5373742586444131e-02         9.0733261268327925e-02        -9.9805220717714867e-03        -1.2836771520702159e-02         4.8310657280081120e-03        -1.4427085298870826e-01
52                                    -3.7490617696951271e-02        -9.2848609313765609e-02         7.3279365468980701e-02         1.6340386568532186e-01        -5.1112539202091738e-02         4.7804567642757374e-02        -5.3960404570719614e-02        -3.4319433690483771e-02
53                                     2.4273456460695172e-02        -1.2640729110071813e-01         5.4342143763101002e-02         1.0070779017486772e-01         2.5371160246315198e-02         2.3063194548608685e-02        -4.4438564253049297e-02        -2.3856526366786557e-01
54                                     3.0484837277962905e-03        -2.1352055476341211e-01        -3.1780151007824289e-02         1.3851373184076468e-01        -6.2595920609847602e-03        -1.3802449857664718e-03        -2.1579418578664212e-03        -1.3155351761891093e-01
55                                    -2.8958058943182648e-02         7.6949445375397316e-02         8.1484449529396014e-02        -3.9405062909869969e-02        -2.3552333914625082e-02         4.4105258184847972e-02        -4.5754012605210115e-02         2.8997313996771263e-02
56                                     3.2423543642737064e-02         1.0219461865181069e-01         7.6768177853246911e-02        -1.1621733546910630e-01         5.2081775505014541e-02         4.1606861631110312e-02        -2.0848886201824700e-02         3.1416609373730203e-01
57                                     1.3968330004794929e-02         5.1547479530861674e-02        -1.5708554191540804e-02        -2.5817206528136703e-02        -1.6823143539622565e-03        -2.7566627254518375e-02         1.8930069226214208e-02        -1.2629654541410340e-01
58                                    -2.5399120419182360e-02         4.4351016381064437e-02         2.5955507816243829e-02         5.0583330600710887e-03        -6.4517916327843554e-04         3.6958499550015379e-02        -4.6300801826358484e-02         2.6972176547899679e-03
59                                    -4.7826240576067693e-02         4.0219763576702122e-02        -1.9209156608267924e-01        -1.3460668149997456e-02        -9.7996376117488085e-02        -1.3159513571144713e-01         1.4107383940683901e-01        -9.9599080423788539e-02
60                                     2.6403401872452853e-02        -1.6239955666138336e-02         3.1658599877338510e-02         1.3672527198041374e-02         2.7764008075116895e-02         3.4054516917184812e-04        -1.1882561073867521e-02        -1.4034105252634835e-01
61                                    -8.2250246569381416e-02         8.2537883889346186e-03        -1.2223889074442119e-01         3.5782902064294825e-02        -1.0461774669326478e-01        -4.6729680039717073e-02         5.1936840879489798e-02         3.3258196148771610e-02
62                                     3.5396020932880655e-02        -2.6387742913194542e-03         4.6751940105263901e-02         3.9603466192499482e-03         5.4944125829928768e-02        -1.6731191045601451e-03        -1.6178534575669663e-02        -2.2843958854515359e-01
63                                     2.5819911640132188e-02        -5.7964594436602478e-02         3.8112244160918171e-02         2.7149276545973475e-02         3.2362510048372525e-02         1.5115331264145711e-02        -2.1680610102505857e-02        -5.0086519362214831e-02
64                                    -7.0224298865137674e-02         1.2741087083764180e-01        -1.1367961885377104e-01        -1.0830130311721734e-02        -9.1297739493071350e-02        -6.1052226014021042e-02         4.6841005234059409e-02        -1.5947704945659899e-01
65                                     2.6462816039485415e-02        -5.0356695434262896e-02         3.8548761234076016e-02        -1.5520737968083200e-02         4.5866056194762903e-02         3.5272394074040654e-02        -1.0376019207323246e-02         2.4839808243084679e-01
66                                     2.2735762530108044e-03         4.2376570001326351e-02         1.8479216382321720e-01         1.0961892272417425e-02        -9.4074843015583332e-02        -1.0858333985859284e-02         3.0976972174736897e-02        -2.3047525794979838e-02
67                                    -4.0942998789518195e-02        -2.3170128225856294e-02        -2.2060955094668847e-01         1.1889296086789267e-01         2.9395013022211774e-01        -1.0102571199614710e-01         3.8002820746041749e-02         3.7781479288719610e-02
68                                     2.8698788771385850e-02        -2.6473616844031097e-02         1.8320068623192120e-04        -2.1708558436163615e-02        -5.2122846939719400e-02        -1.5708708347771869e-02        -1.9072943586254721e-03         9.4656430019786023e-03
69                                    -9.3339979235120746e-02         1.2044926613630377e-01         1.2126844539229283e-01         1.0406257333050811e-01         6.4042607533638857e-02        -2.3290435929205831e-03         2.1892878435504248e-02        -3.2384667463842151e-02
70                                     1.4176910158178391e-01        -1.2767909801594896e-01        -2.5461620444219409e-02        -8.0360939752854244e-02        -2.2057423020030209e-01        -1.4229167185072450e-01         3.4701004040456021e-02         5.2012730996309146e-02
71                                     5.1622673069030130e-02        -3.9786211957954155e-02         3.3592557654988413e-02        -4.5562034103994543e-02        -1.2073715047138606e-01        -2.4746865284892217e-02         7.1371828191473599e-03         5.6494550656322621e-03
72                                    -3.3272627367212662e-02         6.8622934095799240e-02         8.1608703147893494e-02         2.4585359808051901e-02        -1.1370909632230962e-03         1.1497326424996958e-02        -7.0755368957606925e-03        -1.7868419027101128e-03
73                                    -1.0269380308251948e-02        -5.1812419663004082e-03         1.3735943728746738e-01         1.4550372980229501e-01         2.6747235336745329e-03        -1.8934953702538976e-01         1.7636073233594782e-01        -1.3257123642560395e-02
74                                     8.6856522772870051e-02        -8.3168077203864418e-02         7.7322009975788072e-02        -7.7497545746059104e-02        -1.6956919112395966e-01        -2.9900061205180243e-02         1.9676818162078273e-02        -5.1228179576825687e-03
75                                     4.7166956031965718e-02         2.0741730913694335e-02        -7.7786177009549259e-03         3.1076379300097597e-02        -8.5736979880714458e-03         5.1199797010516898e-02         3.1195671255946984e-02        -3.6864027049494659e-02
76                                    -3.8785224560265875e-02        -2.3614814596658679e-02        -2.2054213180783211e-02        -4.3272221617054400e-02         5.8568852351159719e-03        -2.8559840487035939e-02        -5.2205500522312952e-02         3.2057094407425858e-03
77                                     1.4575930999545447e-01         2.4289069421300685e-02        -1.0366262546033949e-03         1.0938288896562534e-01        -2.7133438837695648e-02         1.1889173390275695e-01         5.4293495710424321e-02        -1.0498980292087638e-01
78                                     1.0069423407543696e-02         4.4898259212179430e-02         1.2527176313738590e-03        -5.0858291422429995e-03         4.6195250508243284e-03         3.7074048405094921e-02         1.1590487572940431e-01         3.0706590076760788e-02
79                                    -1.3279215160515891e-02        -3.2650210451468244e-02        -2.0788983986655768e-02        -2.0638071817935522e-02         1.3930315541119897e-03        -2.6323660743846032e-02        -8.4506065906892400e-02        -1.9137151859896440e-02
80                                     7.1619983417757313e-02         7.3226882629671766e-02         1.4130706981631503e-02         4.0301695128448771e-02        -3.8312513146473584e-03         9.3645869137666496e-02         2.1826133008006235e-01         3.8398114233894783e-02
81                                     3.3215094543501233e-03         1.8522639293505262e-02        -3.3684579323414503e-02        -3.3511565076682015e-02         1.6938781799815377e-03         3.8302909631221065e-02         4.2620588130698904e-02        -1.7157697505523747e-02
82                                    -1.2736074797688566e-02        -2.1125724987831735e-02        -2.8336241786410701e-03        -4.7192467428696407e-03         4.8544261827759063e-04        -1.6443926063734654e-02        -3.5624831085243960e-02        -3.4953272416888381e-03
83                                     7.1643548045889266e-02         1.7068289270318532e-02        -4.8264754030171331e-02        -1.0055482137688348e-02        -8.4921072229517183e-03         8.2925851292610431e-02         3.1467637919215717e-02        -8.0539156114516341e-02
                                                        32                          33                          34                          35                          36                          37                          38                          39

0                                      1.9057946631537152e-02        -1.0830832348272814e-02        -3.8956063671529546e-02        -1.3579423224894352e-02        -8.3470388447231293e-03         4.7777115554956104e-02         4.7806173008703344e-02        -5.1709528744386056e-06
1                                     -1.4370756810772978e-02         9.8336212042757290e-03        -1.4026671557633543e-02        -4.6172526576738499e-03        -1.4034504973417664e-03         6.4479849889676880e-02         3.8779022141196121e-02         7.7402824929293304e-03
2                                     -5.4151724037151284e-03         3.6823884484058701e-03         3.0446060420874235e-02         1.2704508055641753e-02         7.6197709122711559e-03        -6.1419284051917634e-02        -5.8095854816157450e-02         1.2893747345774259e-02
3                                      4.7235921775700906e-02        -2.3057839073392667e-02        -5.0934750279795361e-02        -9.8664454578802994e-03        -4.8887559079222234e-03         3.2799468076054068e-04        -5.1827015524883085e-02         1.4422927702714586e-03
4                                     -3.9338840739841160e-02         2.3062091949368861e-02        -2.1210905874539943e-02        -8.1075402995692374e-03        -4.9059536731528809e-03        -1.8079029968521051e-02        -4.0807577096991225e-02        -8.1669170377134427e-03
5                                     -2.5257664876761421e-03         1.6243542590516364e-03        -3.0408802143411365e-02        -1.1951986761571226e-02        -7.0137628369690416e-03         5.8139319558899547e-02         5.2638727320750353e-02        -1.3843478596589832e-02
6                                      2.8748664698598995e-03         6.1502129706673308e-04         5.5738485032772303e-02         3.1066397812208883e-02         2.2758009148358474e-02        -1.3411379746888909e-02        -3.4940685498927336e-02         1.0057163827624082e-03
7                                     -3.7707713663484334e-03         9.7108992577849744e-04        -1.0192552895111550e-02        -9.6447468818721144e-03        -1.0561752365951027e-02        -8.3224303560232749e-02         8.4654899989793520e-03         2.5639753825533237e-03
8                                     -6.9590989600278247e-04         3.8312234734557810e-03        -1.2068052917650705e-02        -4.5920719824268435e-03        -2.6372096764056873e-03         2.1778156285697261e-02         8.0670545412972871e-03        -2.1636085436934738e-02
9                                     -6.3850453214497671e-02        -1.7039468385872867e-02        -2.0292750061464439e-02        -3.0013255563759583e-03        -1.5795060443699995e-03         5.1148289938769340e-03        -3.0348179929951917e-02        -2.6555262824330197e-03
10                                     8.3044512834644785e-03        -9.6605428996937286e-03         3.1192626590970739e-02         1.1241745030573264e-02         8.9301655238437829e-03        -2.3846142632161359e-02         6.1642934574330045e-02        -5.5011093940141743e-03
11                                     1.7315835332180628e-02        -1.4765262674290057e-03         3.0562175302592112e-02         1.4465346266527962e-02         1.2852531027501319e-02         6.2707154476502547e-02        -3.4678360660695358e-02         2.8884607183705022e-03
12                                    -2.8303138963735621e-02        -7.9785523392585465e-03        -2.4737059991519785e-02        -1.2515777751769187e-02        -9.9388072745401936e-03        -1.9686603187288543e-02         2.9162801730535839e-02         3.2864497765978415e-03
13                                     7.7108662886831306e-03        -4.4538678254491199e-03         2.9093072020494260e-02         1.5771877718624108e-02         1.4541539099296072e-02         9.2783007436398585e-02        -5.8320865547074954e-02         3.6144171140151220e-03
14                                    -4.4148809948499892e-03         8.2378508639991289e-04        -1.1710094031860834e-02        -8.4878357843190533e-03        -7.7315163515618898e-03        -5.3058372675004864e-02         4.0281238542875179e-02        -3.8612807531135697e-03
15                                     6.3126363292001549e-03         1.2940934895701386e-02         8.3251097046711603e-02         1.6267226720509873e-02         1.0795780189428714e-02        -4.8188347345816205e-03         2.8011856662862763e-02         2.1136803738611494e-02
16                                     9.1706266449035961e-04         4.7570626862418960e-03         4.5141553805538573e-03        -1.4816639191032811e-02        -1.0116456006954733e-02        -2.7067415296503135e-02         1.9443301455703988e-02         5.2241028016172582e-03
17                                    -2.9599878533365077e-03        -5.8954768417998817e-03        -9.6807264346974696e-03        -9.1236860105053264e-03        -7.8018593657036318e-03        -3.1669277169395836e-03         5.6203927301006129e-03         1.3916450683378678e-01
18                                     8.0663573410143952e-03         1.4100820529036173e-04         2.1974773477294728e-02         4.9533496356511512e-04         7.7141003594431061e-03         2.7723171068896515e-03         6.8798223568323560e-02        -3.5581569665326093e-02
19                                    -1.1727927199872779e-02        -2.0948451982772089e-02         3.9938078281449907e-02         2.6177749087932869e-02         2.0051139161092316e-02         3.6070986038086152e-02        -8.8142060341373524e-03         2.9706590820667020e-03
20                                    -3.9937288399214182e-03         8.8045604758558863e-04        -2.0589673206786070e-03         3.2542938708049161e-03         3.6735236161145979e-03         1.4852965866146545e-03        -2.0549719826942883e-02        -1.2046902504903660e-01
21                                     6.1374875097125548e-03         6.5102249820453567e-03         7.4386886509199099e-02         1.6108776014353624e-02        -4.7480712991095813e-03        -2.6862109824136504e-02         4.1743127736277384e-02         1.2729912198984021e-02
22                                    -1.5901579403900404e-03         1.8412463247942986e-02        -3.9034484165715866e-02        -2.4227240674828485e-02        -9.8205605321483405e-04        -4.8249005698139088e-03        -1.4107174083669433e-02         6.1598990232899255e-03
23                                     7.6923651946642926e-04        -8.6026377804828726e-03         4.7411019283829523e-03        -1.0621716241875030e-02        -1.0590352155601371e-02         3.4730351277542926e-03        -9.1596614386587425e-03        -2.9975290403711954e-02
24                                    -6.1207750309385505e-03         1.8874276687787048e-02        -4.6615099529839041e-02        -4.5282007194940972e-02        -3.0958248059290556e-02         1.6983805455783783e-02        -2.0947495361019933e-02        -5.3714917100099336e-03
25                                     8.6496312305080845e-03         3.4875516523554112e-02         6.7925800625163383e-04         4.0081378041794596e-02        -1.5017858371117491e-02        -2.5925338127840455e-03         6.5134854828786471e-03         1.4862265784869016e-03
26                                     1.2205667286664869e-02         9.4310804488023481e-02        -3.1409319610318322e-02         2.7692840064779383e-02        -6.3703460747626802e-03         1.7745693073377817e-03         4.0683375818715124e-04         8.5285779587264735e-04
27                                    -8.2739015520699004e-03        -5.6799501075515277e-02        -3.0139212548129221e-02         6.3456244979351067e-02         9.1476886410376393e-02        -9.5490727985883816e-03         9.1381112705613120e-03         2.3776089589419612e-03
28                                     6.6245653942353256e-03         4.5555580198008025e-02         1.7509613681904776e-03        -9.2603580940082003e-02         8.9014322276893543e-02        -1.4117474998394184e-03        -2.7013811260619565e-03         1.9414845207249047e-03
29                                    -3.0265344343478806e-03        -8.3885347958802314e-02         6.4190933826619820e-02        -4.5636506088842455e-02        -2.3302680294095952e-02         2.6284415686824575e-04        -1.3893550332485264e-03        -1.7359861559328720e-03
30                                    -1.7903400266809630e-04        -9.8904968840218752e-03        -1.7297961242865717e-03         1.1055769767459738e-02        -2.6193307265305978e-03         2.3161062289432034e-03        -1.8552600199572952e-03        -1.6974287488957186e-03
31                                    -8.3677931866057097e-04        -1.0530103675243917e-02        -2.6983562222983484e-03         4.4572467580992975e-03        -3.7722151842574110e-02         7.3298954910844998e-03        -7.5337459495526532e-03        -3.9045721073716318e-03
32                                    -4.1180063326164704e-04        -3.7958441009965991e-03         6.3010415560954009e-03        -1.5960967660411940e-02         3.2726511444593834e-02        -4.5785380869028929e-03         3.9711575406359018e-03         2.2992608719693310e-03
33                                     5.8555115273659962e-03         2.4514277935680125e-02        -1.2928287996763843e-03         1.4141382558175158e-02         2.4455495205250141e-03        -1.4657354137589383e-03         2.4198850991405314e-03        -2.1590688612078626e-04
34                                    -1.7624955854197460e-02        -7.9000398659418325e-02         7.9944266805832788e-04        -2.3257640890362474e-02         9.8606295621654176e-03         9.2952972520537731e-04        -3.1862964520138399e-03        -9.2210831545817080e-04
35                                    -1.4716320630349049e-02        -6.8946628045128536e-02        -1.1176229066143393e-03        -4.0732639852649206e-03        -6.0122299134742460e-05         5.5251339777105039e-04        -2.0131964961325214e-03        -9.1698907341765704e-04
36                                    -7.7912977108289080e-02         4.4281542954661912e-02         2.5166644659502312e-02         7.8715431996267647e-03         7.5653654074815998e-03         6.1301068755862498e-02         2.3195957870047752e-02         1.3898103623057375e-02
37                                     1.0520967090641756e-01        -5.8157679049137601e-02        -9.4177003287900213e-02        -3.1173588319218098e-02        -2.1016788377430252e-02         5.0064154592592766e-02         7.0438667235637117e-02        -1.0380263129743732e-02
38                                    -1.7169290702151094e-02         5.5205947373032829e-03         1.9687232691632037e-01         6.3589772902268249e-02         3.4391935446616645e-02        -3.6777837622526871e-01        -2.8925162812585670e-01        -2.6374091476787303e-02
39                                    -5.3499469393168728e-02         2.6368306685159326e-02         6.1739673317686934e-02         1.7251992658130901e-02         1.0023958173423364e-02        -7.8151278757553053e-02        -6.7689588663053177e-02        -1.8257699684226213e-02
40                                     1.4883696577755462e-01        -8.4484140371890656e-02        -4.4684728645430091e-02        -1.4763298324655011e-02        -1.2922946547542393e-02        -6.2022790769386084e-02        -4.4353157090731331e-03        -2.7152970141267930e-02
41                                    -2.5288669408404985e-01         1.4464408247736057e-01         1.1292209752735329e-01         3.8816437349612855e-02         3.0361212807811858e-02         5.0837608430811761e-02        -5.2821941285281691e-02         5.1938055329731017e-02
42                                    -1.1475829343080424e-01         6.2206237186612258e-02         8.2900496659219794e-02         2.3246792043102083e-02         1.5490379051278570e-02        -2.7439117042946718e-02        -4.1793104788391794e-02        -8.5139760037416575e-03
43                                     2.5211122633415527e-02        -1.3523530724281356e-02         3.4987663856820325e-02         1.0532913242123134e-02         5.2087946767520061e-03        -7.5529527121176526e-02        -6.1836226299878470e-02        -2.3151057934825518e-02
44                                     2.8732165970853513e-01        -1.5780068042592332e-01        -1.3894399262188792e-01        -3.8014517799310088e-02        -2.8719108299004419e-02        -8.2589931120254811e-02        -9.3577094324623928e-03        -3.5732738391068392e-03
45                                    -9.1739354480773246e-03         1.2019541084265185e-02         1.8886178367877447e-02         2.3987345928281868e-02         2.0421493241910539e-02        -7.0582424830455360e-03        -1.3692177004487291e-01         1.5458506102543479e-02
46                                     1.5258512473079150e-01        -6.8234292514414180e-02        -1.2673160172586809e-02         2.0280405745751146e-02         1.7472264441737863e-02        -8.2481364878390128e-05        -1.3724694626450828e-01         2.2784084568397325e-02
47                                     3.1138838007572062e-01        -1.6450265636904818e-01        -1.5930120997699290e-01        -4.7254699355175428e-02        -3.2080359825104619e-02         9.4386551028859525e-02         1.1760999356368385e-01        -7.0014143012083743e-03
48                                    -1.7816358725333828e-01         8.5296227349453552e-02        -2.5589874747410840e-02        -2.0175702019409120e-02        -1.7414050242300631e-02        -1.2225739375240322e-01        -6.7646621378527824e-02        -3.6133892831152647e-02
49                                     9.2378275952665789e-02        -5.1754649393136266e-02        -8.6360086446868295e-02        -2.7149792357369359e-02        -2.0985540001234870e-02        -1.1182485594761163e-01        -9.6116686987716887e-02        -2.0869880633948186e-02
50                                    -2.6920910018758931e-01         1.4544223809787774e-01         6.5843913398830001e-02         9.6410406877724519e-03         9.7824846905668634e-03         1.3924043331963565e-01         1.2223365725683619e-01        -1.1758467751524981e-02
51                                     1.4294834314188948e-01         4.6777880954715273e-02         3.9276454652579181e-02         1.4832944067407742e-02         1.1885668662563542e-02         2.6704911772668517e-02        -5.6219135302087088e-02         2.7933956695732269e-03
52                                     7.8061337107647441e-02         1.1080393951630657e-02        -3.3256492551755064e-02        -4.1077512857918247e-02        -3.2724328278316249e-02        -4.2886104143748174e-02         2.0903548492504706e-01         4.1988905740604982e-03
53                                     2.9960086890697291e-01         8.5745860327848381e-02         1.1485307908681779e-01         3.9811450355374547e-02         3.2092370969658980e-02         9.5427895987710981e-02        -7.3166847671967294e-02         1.0415899448985685e-02
54                                     1.2805674120879931e-01         3.8287461061552716e-02        -3.4040611908713130e-03        -7.9920428530086650e-03        -3.9263098194409277e-03         5.4103549310293653e-02        -1.8519330951759772e-02         1.1795425849191396e-02
55                                     1.9818597287089700e-02         4.9355021641862510e-03         7.3333266099975397e-02         2.9758989232280115e-02         1.9125029374738561e-02        -1.5563155491854963e-01         1.0144493274013337e-01        -3.0055867856404597e-02
56                                    -2.8410572196952677e-01        -9.8236128193368424e-02        -2.9433262838807431e-02         5.8890807701252523e-03         7.3824350011261388e-03         1.0987688275564637e-01        -8.8791647026859183e-02         1.7275782715758471e-03
57                                     1.0814902356181295e-01         4.1152435663012736e-02         2.7523694459333663e-02         9.2925164177130662e-03         4.3897052293580567e-03        -8.5366896740475248e-02         1.9201871830921220e-02        -1.1864437865144887e-02
58                                     6.0057478247240142e-02         7.9082037176883037e-03         7.4166034046562537e-02         3.5772560310092620e-02         3.1042932134172297e-02         1.3747840820343366e-01        -1.0278624826143105e-01        -1.6148580536123282e-05
59                                    -7.4101222001009853e-02         9.5321886907585359e-03        -1.6698449735408538e-01        -8.0297034245777832e-02        -7.2161542532356238e-02        -3.7414053206363329e-01         2.5427315020964758e-01        -7.8593105987230828e-03
60                                     1.5794658754136895e-01         4.9328433710229602e-02         6.0984553160162006e-02         2.1875885305315177e-02         1.5506511182908949e-02        -3.1645219872496549e-02        -5.2711480656722678e-03        -8.9160780817603095e-03
61                                    -9.5404819341235028e-02        -1.9861869861514579e-02        -8.5988099824113623e-02        -3.6188877069865032e-02        -2.9762895272600974e-02        -7.2485246989835550e-02         7.0747255897152070e-02         4.7407886410221114e-03
62                                     2.5297339611006170e-01         8.0416554700255008e-02         1.0344940060936329e-01         3.7547068989446319e-02         2.6122043935179102e-02        -7.8475129991946488e-02        -4.2637115520019871e-04        -2.0964712378769207e-02
63                                     7.7687071974366334e-02         2.0076119036242537e-02         4.4585754911681527e-02         1.7294146063959091e-02         1.4239150653873992e-02         4.1525867802901531e-02        -3.9796037502766238e-02        -1.5219011501457029e-03
64                                     1.1134038872480095e-01         4.8963152293258004e-02         6.6501022407153502e-03         1.5094367412748914e-03        -2.4087265724025506e-03        -9.3042051013509236e-02         2.2741845746925372e-02        -6.7735153031458564e-03
65                                    -2.4781162614815941e-01        -8.5923915436589934e-02        -9.3632188331883887e-02        -3.9666274929404881e-02        -2.8544176592111659e-02         1.1815670968116839e-02         7.5950548487079203e-02         1.1762027752255546e-02
66                                     1.6786244704992913e-03         1.3997776030705673e-03        -9.5017076743831475e-02        -2.9897996445911030e-02        -2.8915499054141300e-02        -3.5264629721946557e-02        -1.3028031421019004e-01         1.1880233261806931e-01
67                                    -2.3215672511964779e-02        -1.1204504452967409e-02         9.2713660128658046e-02         4.9867755115581142e-02         5.0014691267997145e-02         5.0095683774271087e-02         3.0847629424599555e-02        -5.2446199355016687e-01
68                                     3.2923509613578157e-03        -4.0651027677262256e-03         3.1564347977820269e-02         8.4639381374229800e-03         9.0201020947598600e-03         1.4123428147768850e-02         5.3084381316544908e-02         2.3328825166817092e-02
69                                    -3.2183834601432859e-03        -2.2148906850712368e-02        -1.1143940820510424e-01        -4.3977471939592234e-02        -3.6532604996082102e-02        -4.2771935172148848e-02        -1.5356092268890523e-01         6.2497472955715644e-02
70                                     4.3576295054808265e-03        -1.1068863983592761e-02         1.7004920871300044e-01         6.6876015001065256e-02         5.2901246429334435e-02         8.1472519980964928e-02         1.8447441666439690e-01         3.3154734447606915e-01
71                                     2.8689567009636753e-03        -3.5353665680466989e-03         2.1969971580714023e-02         8.1020754002658693e-03         3.1386593085690438e-03         9.3861525035546962e-03         6.8197204078068860e-03         1.7933489853568513e-01
72                                     7.9519546286827524e-03        -1.4686563888784262e-03        -8.2640710201192635e-03        -5.3876660605241241e-03        -2.2260031536634984e-03        -6.0547011129304532e-03         2.4322303760698646e-02        -6.3999261324911615e-03
73                                    -1.6193656702136520e-02        -4.0274008549600816e-02        -1.6663876101962263e-01        -5.8111812562493398e-03        -4.2949814351737815e-02        -1.5150384935375492e-02        -3.4125653004206841e-01         1.0945965714160141e-01
74                                    -3.2500448869046241e-03         2.2038666258239702e-05         6.5883073885906682e-03         1.9567570479506738e-03        -3.3481691675041193e-03         1.5252275469246955e-02         1.0443141877227778e-02         2.8099608098328049e-01
75                                    -1.2844682179859779e-02        -7.5186412121140342e-02        -5.5151660404919714e-02         1.1247581363445491e-01         1.2322483207867878e-01        -1.3860582692170309e-02         1.3987111756717172e-02         3.5958481983199278e-03
76                                     1.8132900767625522e-03         1.6024609112492191e-02         2.5940196110614936e-02         9.1302621842342821e-02        -2.7414444624377349e-01         1.4624528838483038e-02        -6.0259259105433028e-03        -8.2862206253031517e-03
77                                    -3.9049332887767782e-02        -1.9888427319013718e-01        -1.9691732093128764e-01         3.6115709278924690e-01         4.0099338239202714e-01        -4.4820155761380341e-02         4.4855051831430723e-02         1.3509430889842506e-02
78                                     1.6307445960982530e-02        -6.7123207870448606e-03         1.8040670878189974e-01        -2.9595652453158700e-01        -1.0969896329602477e-01         1.5041305460584081e-02        -1.7685340660359251e-02        -6.0485030452039051e-03
79                                    -8.3689414646840703e-03        -3.7342318127421719e-03        -5.0924723390583182e-02         1.7758892599152176e-01        -1.7214558111729070e-01         7.8339193959567847e-03        -1.0440953793766155e-03        -5.6962740513664886e-03
80                                     2.0419605083256080e-02        -2.1059439932014017e-02         1.9032580401353030e-01        -4.3988068789846435e-01         1.8273483068456839e-01        -2.1465648252567836e-03        -1.0739899435444344e-02         3.5315962736580473e-03
81                                    -4.3712154547896262e-04        -8.2867642465053321e-02         1.4637610181954736e-01        -4.2440826989618180e-02        -3.4312864052380299e-01         1.8406363167993083e-02        -1.2741163375464522e-02        -6.8395051827440092e-03
82                                    -3.2813955839125328e-03         1.4760417351592251e-02        -6.1205130395167825e-02         7.7120740118927542e-02         8.4515197378804405e-02        -8.3806653076765707e-03         9.0176005086114314e-03         3.3561694683845568e-03
83                                    -2.2641625267599035e-02        -2.0545963755465185e-01         7.8771043428118678e-02         2.9423356551337826e-01        -4.5129410867961933e-01         7.4625404972702546e-03         9.5920705073572147e-03        -6.4233710657798961e-03
                                                        40                          41                          42                          43                          44                          45                          46                          47

0                                     -6.6454805601798761e-03        -2.2079595845130948e-02         3.5617895823583212e-02         3.3267295861341709e-02         6.3796295220178545e-02         4.3360861645986085e-02        -5.6947052950745928e-03        -2.6142527931077422e-02
1                                     -3.6478173657505740e-02         5.4476347052570375e-03         4.6451592517146686e-02        -2.1768443731450881e-02        -8.2293875459864656e-03        -5.5545118436333363e-02         1.1354677614538278e-02         3.8598391580056318e-02
2                                      3.1302680654892542e-02        -3.4185579947136113e-02         1.0705882475029968e-01        -2.0530950748898592e-02         4.2469519831197976e-02        -1.0446166394435304e-02        -3.9173325458666123e-03        -3.4538755848058413e-03
3                                      4.5274519236230257e-02         1.6452813398957291e-02         9.2305760328911940e-03        -6.9784946431118808e-02        -7.8491514442509430e-02        -5.7742564861462425e-02        -2.3861040129747154e-02        -7.0787740615868115e-03
4                                      7.9815659811725351e-02        -2.8502828562774699e-02        -2.5999467284067889e-02         7.0025958794188350e-03         2.3443978765249732e-02         7.4553682553311879e-02        -3.5508204697632710e-02        -5.1535648627168335e-02
5                                     -2.9029423987602516e-02         3.7546203200153359e-02        -1.3913422545531218e-01         2.0021569942378362e-02        -5.6626204402487945e-02         8.1873456924233742e-03        -7.7342490465693897e-04        -9.9440247749106175e-03
6                                     -5.1873967744045069e-02         4.2395905072503216e-02         1.6750069547173643e-02         1.8673225107587982e-02         3.8936298185460556e-03         4.7408431043185720e-02         4.3546150523474561e-02         3.2967270247260948e-02
7                                      1.8734305882580509e-03        -3.5052424173544490e-02        -3.4753556759011643e-02         2.5833638766276260e-02         2.8127582895741743e-02        -4.7323976105267167e-02         6.9055477766125459e-02         9.1958670991372074e-02
8                                      2.8608326326460981e-03        -1.2852246863893215e-02         6.9163915914095394e-03        -1.9237298291540424e-02         4.8491508127123363e-02        -1.5623870366774508e-02         4.6274991756831323e-03         9.7067009077737940e-03
9                                     -8.0276250935002007e-03         2.3964997881690698e-02        -1.1861481850704785e-02         9.1593214661502789e-02         4.0847865325322467e-02        -8.8401370142639962e-02        -2.9661135178063239e-02        -2.6371971658593955e-02
10                                    -2.9537159873115823e-02         8.9554615117815470e-02         5.9424494417071184e-02         1.5460880845230192e-03        -4.2642682473302947e-02         2.0764273001055423e-02        -3.4062200484347688e-02        -4.5891695363696500e-02
11                                     1.0392268316212221e-03        -8.3579940074932940e-02         3.3843241711776398e-02         8.6167738356885459e-02        -9.9381490951917020e-02         1.8766162720299285e-02        -5.4349534541313863e-03        -2.2836837276419015e-03
12                                     4.4355033412939258e-03        -2.8773676119744220e-02         8.0199629942421437e-03        -5.4925973944430169e-02        -3.1231009087632246e-02         5.5955663767335108e-02         4.0555422844408433e-02         4.7559037480249026e-02
13                                     1.2570808480551310e-02        -1.3852402245669075e-02        -2.8279150090994527e-02        -3.7850054027843416e-02         3.9752170714359561e-02         5.9703833111100857e-03         1.3469914061510775e-02         1.4955674693173661e-02
14                                    -4.5618838505445585e-03         8.3070470824048559e-02        -1.7424485567292071e-02        -7.6164731414578996e-02         7.1460347586751835e-02        -2.7816722931034714e-04        -4.7868623821864858e-03        -6.2622719373080860e-03
15                                    -2.0411540973209782e-02        -3.5112922723526106e-03        -9.4064738342069208e-03         1.4147859905312666e-03         3.7375747452189152e-03         7.3682631266410836e-02        -3.4801223636307509e-03         1.5074164807151885e-02
16                                    -5.4528252768191676e-02        -8.8695848431145002e-02        -3.4729067763726494e-02        -3.1989416683102734e-02         2.0479221415740659e-02        -7.7189330720997554e-02         3.1661796159273620e-04        -4.5470931819161037e-02
17                                     1.7954066331522200e-02         1.5501255350319637e-03        -9.9637727716738508e-03         1.1286367278601750e-02         3.2122018768960316e-04        -1.5860409056211541e-02         2.1071504944915014e-04        -4.8610264310243699e-03
18                                     8.5886568658492535e-02        -2.0292636109725464e-02        -3.1717284958635733e-03        -2.7518737357849076e-03        -7.8916869982489685e-04        -4.8226806503196364e-02         4.5204615112333603e-03         3.3536334479854846e-03
19                                     4.2487575943395743e-02         5.4697300233728353e-02         1.8810150933895577e-02         1.8078690441892715e-02        -1.3429619206364599e-02         2.8333461458262463e-02         2.8772809116936753e-04         6.9286056345469376e-03
20                                    -2.9403461270777215e-02        -4.9269671783330384e-03         1.2260459303491912e-02        -4.9762161534827182e-03        -1.5814492716821260e-03         8.1594367884849067e-03        -9.7043263080836943e-04        -8.2513336083265144e-04
21                                    -8.5389123176862716e-02        -9.1047910786814457e-02        -3.4464907697186090e-02        -2.8417039380388628e-02         2.4576115418818475e-02        -1.6445233950643762e-02        -1.3948815723858895e-02        -5.3225436051616663e-02
22                                    -3.3119001015795936e-02        -5.5080233825745588e-03        -2.2758606862724167e-03         8.1393563164196411e-04         5.9036793963836527e-03         1.2705704002763232e-02        -5.9986665942567668e-03        -1.0351513736587171e-02
23                                     1.9704296986435377e-03         1.0562476450804895e-02         4.6877403625744237e-03         1.0901445150980212e-04        -1.4836790485431759e-03         3.5460680542444218e-03         7.6243838987187225e-04         7.3516386543851838e-03
24                                     2.5801442754751960e-02         2.9212775129627565e-02         1.2706101178038652e-02         9.0804322166209116e-03        -7.6003212357752190e-03         2.4870638141141661e-03        -2.9779293273345823e-02         3.0454642982559486e-02
25                                    -4.2211307648706876e-03        -1.0342287357493405e-02        -6.3311223240588230e-03        -4.4701298632200039e-03         3.5427348992584837e-03         2.6605960801817296e-03        -7.5376769419997006e-02         4.5807636587793146e-02
26                                     5.7178388097485653e-03         4.5449325253552339e-03         1.8169573787137150e-03         1.5843465177854418e-03        -1.8252978306948088e-03        -2.5176643240160798e-03         3.5944342468084145e-02        -2.2181814174057023e-02
27                                    -7.5363915037098851e-04        -6.3433051313380564e-03        -4.8400696430166900e-03        -2.7253021271576479e-03         1.3161063708639975e-03        -6.7521322769392668e-04         1.4500579173287604e-02        -9.4626628754221290e-03
28                                    -2.2481276930808331e-03         1.2284629259257638e-03         7.2283519646635199e-04         7.9417562921064153e-04        -1.4806910473238601e-04         6.2244595199705563e-04         6.5810134717731537e-03        -4.6126028505644994e-03
29                                    -1.2843308372017252e-03         9.1772078486684899e-05         3.3038238513257318e-04         7.8112021110702732e-05         7.6116895543914083e-06         3.4354891523469635e-05         1.5688165375721329e-02        -9.1446421384794897e-03
30                                     1.0735249344608015e-02         9.1754268609082756e-03         4.3776359084483621e-03         3.3530739748878417e-03        -3.1396502332508786e-03        -2.7938581132246451e-03         5.5478336422528578e-02        -3.1631192343800470e-02
31                                     1.8030089016250597e-02         1.9908279773445173e-02         1.1215504525463625e-02         7.9425908315564984e-03        -7.0576558632829316e-03        -7.4034053623830767e-03         1.2989804771250504e-01        -7.7213399199419386e-02
32                                    -1.0475451626222739e-02        -1.1409082780633597e-02        -6.1095247105181615e-03        -4.3596176333642392e-03         3.9523717690132139e-03         3.5476467769698047e-03        -6.5933122027620958e-02         3.8701683908238527e-02
33                                     8.3797339008484842e-05        -2.0832224384044421e-03        -1.5297421969633776e-03        -9.8055154426367045e-04         7.3298013066066495e-04         4.3014549560370878e-04        -1.4368979860244209e-03         7.5216245606530923e-04
34                                    -9.1022823545090380e-04         2.5836689313472059e-03         1.9141985994079599e-03         1.2286486896488807e-03        -8.3678231606067167e-04         2.1976525900270258e-04         6.3070060420517852e-03        -3.5524671966242266e-03
35                                    -7.1771489550911949e-04         1.3320005696228140e-03         1.2293706445288867e-03         6.4528339168046548e-04        -4.7706352688159739e-04        -6.3252743793449571e-05         2.7032509564184066e-03        -1.4777312447211283e-03
36                                    -4.2901749221034034e-02         2.0773885228810116e-02         6.1479393718305832e-02        -4.9608075699166435e-02        -3.9148542733714563e-02        -9.1524653141613288e-02         1.3151129443439880e-02         5.2619704953564439e-02
37                                     7.1031411346012159e-03        -4.4658022829757373e-02         3.1628294635071639e-03         8.0510215334706800e-02         1.1287928227817334e-01         1.0972857779342123e-01        -1.2500509317596479e-02        -6.0732894498389228e-02
38                                     1.4353306201423996e-01         4.9568118826322484e-02        -2.3001299686294482e-01        -4.3309447120894427e-02        -1.6401108215806043e-01         2.3370843141636476e-02        -3.9485528980823595e-03         9.0465117458181810e-04
39                                     2.8254388007056357e-02         6.2025817536970680e-02        -1.7940487731261159e-01        -3.3945548912883067e-02        -1.4153905624842769e-01        -3.1115964299260834e-02        -1.0085877915445331e-02         3.3553007467216692e-03
40                                     3.0901031075438273e-02         1.7415371804926496e-02        -1.7480197252162244e-01         5.6303969098543356e-02        -1.6992903416692677e-02         6.9674311864729763e-02        -1.1005399632521552e-02        -4.5653677072580605e-02
41                                    -3.8965103672782726e-02        -1.8659384131948689e-02         3.1886353797045514e-01        -1.5240921554080661e-01        -2.6491121787516895e-02        -2.0511737030557681e-01         2.3201528101029201e-02         1.2166792312861596e-01
42                                    -1.4971563168074636e-02         5.4987380157355117e-02        -1.2666182290028602e-01        -3.6669781777902422e-02        -1.1820502214095460e-01        -3.8340458173544693e-02         1.1645516117738299e-03         1.4427001256821790e-03
43                                     2.8864610236139780e-02         5.1301348537333646e-02        -2.0354285154391299e-01        -6.7378741290449263e-03        -1.1773503627289149e-01         1.7661814454524694e-02        -1.1892104425086814e-02        -2.2967082019143038e-02
44                                     1.2797733586078491e-01        -1.2731151338529156e-01         1.4044314022449553e-01         1.2158712254389301e-01         2.5830879406382518e-01         2.2174299893640240e-01        -4.4948455840798922e-02        -1.2322692773781163e-01
45                                     2.0402480404122764e-02         5.9305563989210296e-02         3.9883106298895910e-02        -1.5735303415537358e-01        -1.6847018281216972e-01        -7.5184471664882485e-02        -7.2243796466944746e-02        -2.0151960414130726e-01
46                                    -2.7277440664472304e-02         5.1797987639263812e-02         8.0054044135976443e-02        -1.7807445443709810e-01        -1.6988888211882600e-01        -1.0778755416288073e-01        -4.9972644592672748e-02        -1.7691846521086757e-01
47                                    -9.7935541603954193e-02         4.2531550473456185e-02        -9.5692540376847893e-02        -6.8734756179141500e-03        -9.0180918123947559e-02        -1.5641658499190203e-01         8.0968186707286838e-02         2.3719497489827437e-01
48                                     1.8681591149586568e-01        -1.0806194655092255e-01        -1.4959406190731919e-01         1.0733167542911544e-01         1.3982026105063641e-01         9.6849313817302829e-02        -2.1570759565528931e-02         2.5438571659143320e-02
49                                     1.5875656997131724e-01        -7.3944236535263844e-02        -8.6458482350827648e-02         8.5302034078165931e-03         4.1850937576964897e-02        -1.8361984156790599e-02        -2.7786341127795090e-02         4.5300341118948949e-02
50                                    -8.0682237495799433e-02         4.9607516023792327e-02        -1.2869578453729152e-01         8.8072483331212523e-02         8.9327982547103709e-04         1.9397909283841941e-01        -1.0140395658150541e-02        -1.3071911384510623e-01
51                                     7.8173348556289280e-04        -3.0489646754624244e-02        -3.6159639135921885e-02         1.7143592583442946e-02         3.5998802142363090e-02        -1.3526027846494145e-02         9.2392702117890885e-02         1.1139656319153447e-01
52                                     1.5801767552725051e-02        -4.5575699419184316e-02         9.4895508251671964e-02        -2.4788515777061604e-01        -1.7370408562321740e-01         1.7417799628690198e-01        -1.8770184558109274e-01        -2.4319644562730064e-01
53                                     1.3572257496064314e-02        -1.5897085151573270e-01         1.8686560247368558e-03        -6.7034611447168270e-03        -1.0814039306140513e-01         1.2247598336632616e-01         1.6524434746045175e-01         1.9277629725280471e-01
54                                     3.5075877343618951e-02        -1.0627119423625798e-01        -1.5876795223707010e-02        -1.1581380957050295e-01        -4.1407706002422530e-02         3.6889118909851998e-02        -2.4850869419155229e-02        -5.6044417750763915e-02
55                                    -1.0588574494322456e-01         2.6272602704042752e-01         1.1231364061183081e-01         2.3042142466297064e-01        -6.3380349852820211e-03         2.4634667903098283e-02         7.9169373108946797e-02         1.6483002956580414e-01
56                                     3.1823860019440835e-03        -5.1613492672836936e-02        -9.5373790787386566e-03         1.9945826854830670e-01        -1.1387053387311420e-02        -1.7618899783180020e-01        -1.1508615338478724e-01        -1.4779239695096741e-01
57                                    -3.0286964775513198e-02         7.1235121738305276e-02         1.7554564515719125e-02         1.4946998440482082e-01         1.2670930790141621e-02        -1.0816924280853375e-01        -7.1715220435458138e-02        -7.9752464194067230e-02
58                                     1.0806552763445719e-02         3.1931250858499211e-02        -5.2275986436415824e-02        -1.4085722830903629e-02         1.0413314911844797e-01        -4.5672280922016348e-02        -2.0740298651880554e-02        -2.3417537697202985e-02
59                                    -4.6235874716322525e-02        -2.7161780921797253e-02         1.3360949380662959e-01         1.3008848262965025e-01        -2.2767855895348785e-01         3.2717067770442677e-02         2.0702800681645758e-03         4.3659963642254497e-03
60                                    -1.7792623358223840e-02         9.7926382989373312e-02        -4.2371641323664371e-03         5.1724113146174693e-02         5.7643707406010339e-02        -6.0895893805187361e-02        -4.2406020382593924e-02        -5.0973676510186174e-02
61                                    -7.9662226363176811e-03        -1.6464744554303160e-01         9.2449702051708688e-02         1.2759962291902838e-01        -2.3390185386419177e-01         5.4376003355364584e-02         1.0524692348780156e-02         1.7748043214617693e-02
62                                    -3.6642263723130432e-02         2.6175613406301218e-01        -3.0063138180262391e-02         7.1799468045200085e-02         1.8913128504028112e-01        -1.6037684478547906e-01        -1.2157085371488592e-01        -1.4556540510462043e-01
63                                     4.0179104894565235e-03         6.0267127247474753e-02        -4.9909039094923946e-02        -4.6169669001056658e-02         1.1207608252110601e-01        -3.8797518765702775e-02        -6.5950616300093079e-03        -6.2884161549001767e-03
64                                    -2.4867302918270134e-02        -7.5150898596330243e-02         8.2852398358193455e-02         2.4601390662226510e-01        -1.6546268942790146e-01        -2.8967335788859405e-02        -3.9614883936730648e-02        -3.9203715303844373e-02
65                                     2.5832304877602734e-02         1.4974210064511094e-02        -2.8113891454979348e-02        -3.3421425029622637e-01         4.2791400030146136e-02         1.6559726103941610e-01         1.0913178896905668e-01         1.1778201787901620e-01
66                                    -2.0098130770147152e-01        -4.7281501081979970e-03        -1.0680494166458335e-02        -5.9682276050227424e-03         1.6607021851709890e-02         7.0771266561556953e-02         1.8495641191441782e-03        -2.2055238381697255e-02
67                                     7.5293877853557470e-02         3.0898077141935123e-02         6.2425523025611614e-02         5.0858922287378549e-03        -2.4236126131522710e-02         5.3295821126774050e-02         2.2329071639108507e-03         5.4142563879668364e-02
68                                     8.7928547138856769e-02         1.2726989698556093e-03        -5.6807093931888109e-04         2.9778773154900992e-03        -6.2705501776515191e-03        -5.1552389281332871e-02         2.4123212334913803e-04        -5.7334217896815301e-03
69                                    -2.2960231099276021e-01        -4.3888349563007949e-03        -1.2939188587385636e-02        -8.6798494143183798e-03         1.3082262162438650e-02         6.4169287884055917e-02         8.7930478030517328e-03        -2.6939589090268289e-02
70                                     3.3231910224273009e-01         1.0437827232977656e-01         3.9789229351615074e-03         5.3242393763094580e-02        -2.5962138854797975e-02         1.9662454773039826e-02         1.3707708853418199e-03         6.2619381302875726e-02
71                                     1.8433012336545443e-02         3.5850030855160454e-02        -5.4357218382976510e-03         1.6864985297969336e-02        -2.3714960198192177e-03         5.4830875552850371e-02         1.5873154921928346e-03         2.1715026143709890e-02
72                                     2.8501523531071882e-02        -1.3097659359583498e-02        -2.7652674632498548e-03        -2.8530476722318605e-03         1.4323524569817649e-03        -2.3668833081428583e-02         1.5932152638417892e-03         7.4560122778816332e-03
73                                    -3.6195589344572227e-01         1.2626890808206581e-01         4.2612252741238719e-02         2.0718508635731523e-02        -4.5907537818673863e-03         2.2547782926295470e-01        -2.2769588339314178e-02         4.7142269066221439e-02
74                                     3.3735709554208924e-02         4.6129289360265571e-02        -2.3133817185037736e-02         2.0246226524778435e-02        -8.4606245165636008e-03         1.6058102917336087e-02         8.3699413663958504e-04         3.8889717316428051e-03
75                                    -2.6609421671836609e-03        -1.0839824184402221e-02        -7.3850448745208033e-03        -4.4280918465186454e-03         2.4846943211697527e-03        -5.8339814502563706e-04        -5.2625972582315949e-03         2.3279126684789581e-03
76                                     8.1352240781900394e-03         5.6164697085288656e-03         4.0698971165663107e-03         1.2765727823663307e-03        -1.6889148050707504e-03        -2.5702357613586143e-03        -2.6775624631420150e-02         2.0267827110675075e-02
77                                    -1.9232399157169889e-02        -4.0356248013749096e-02        -2.3674389258086379e-02        -1.5075690323085578e-02         1.0216125952280410e-02         5.3780173234744232e-04        -1.1243118468213734e-01         6.4174242383257515e-02
78                                    -5.6547785505838754e-03         4.7447129936599216e-03         6.0025174072100857e-03         2.3753380685328689e-03        -5.6999531662908883e-05         1.9259657457265881e-03        -9.8898313199056773e-02         6.3789539438892082e-02
79                                     1.3575855937902014e-02         9.1786170249101885e-03         4.6191436486050742e-03         2.8138642077992146e-03        -3.3099688016699140e-03        -2.6371959039578332e-03         2.9181384303332229e-02        -1.2390353656636190e-02
80                                    -2.0808982511588515e-02        -6.4499908701029065e-03        -1.0434101622757899e-03        -1.0306018443083916e-03         3.4300666613610816e-03         4.4403156052537657e-03        -5.1471560468292023e-02         2.6406510038945896e-02
81                                    -5.1007756279757921e-03         2.2167133964141679e-03         4.6953581194419331e-03         1.7019957664998766e-03         6.6010027618913542e-04         3.4587578371178831e-03        -7.7820610743759608e-02         4.5880881173373723e-02
82                                    -2.7020899665031726e-03        -7.6419440222277486e-03        -5.0932989016053932e-03        -3.0624595664132310e-03         1.8976544119063458e-03        -3.6090285780009454e-04        -4.8125973342189755e-03         3.3204674277072948e-04
83                                    -1.0113447211222716e-02        -1.7854379838403277e-02        -6.8380718168207918e-03        -6.5686739555154078e-03         5.6666292759720571e-03         1.9513577090566933e-03        -1.0773206616017092e-01         5.8499408418157955e-02
                                                        48                          49                          50                          51                          52                          53                          54                          55

0                                      2.7628311327952168e-02         2.0855117303614428e-02        -2.9786397990029293e-03         4.9107351654170978e-03        -6.4219757405014656e-03         5.3900280901980294e-03         3.1152499227225339e-02        -3.7559032790901128e-02
1                                     -3.2675403186850950e-02        -2.4330244273298017e-02         1.2912281439100552e-02        -3.8550032403998082e-03         6.0724614240353922e-03         1.2174496877711940e-02         3.2353775858480337e-02        -4.0442472899017028e-02
2                                     -4.5607048880258964e-03        -4.3975982267071998e-03         2.5638668619862220e-02         1.0176963020439328e-02        -6.5338121834277965e-02        -6.4556386597903137e-02        -5.6176324592870183e-02         5.6996734589627451e-02
3                                     -1.1044344768666062e-02        -6.0726923480545680e-03        -4.6805856277420252e-03        -1.1545511138913193e-02         4.0584212981370500e-02         3.6382108448588572e-02        -3.0344134090675885e-02         4.5855144689901546e-02
4                                     -3.3008923348613771e-03        -2.1576531362845885e-03         4.7365775465661427e-03        -2.2485623263749616e-02         4.5504230192703297e-02         3.1980233165016692e-02        -3.6307643516221150e-02         4.4913067144114673e-02
5                                      4.4041341492278580e-03         8.5585254994055429e-04         3.5371466517435092e-02         6.4446107587944213e-03        -4.2474319026064626e-02        -1.1404674776648588e-02         4.5031561392099406e-02        -6.6522415452010472e-02
6                                      1.1085301677152864e-02         5.6316022088855021e-03        -3.9186820826052231e-02         5.7646370790330722e-03         9.6526186092726820e-04        -4.9867373360030512e-02         6.2624859551848695e-03        -1.9211919852994513e-02
7                                      1.7952317778382972e-02         1.6635161649353376e-02        -1.1302091116702929e-01         4.9897464525083049e-02        -2.8698465796541974e-02        -5.2797806194714365e-02         3.1467399099807197e-02        -1.0237495096454651e-02
8                                     -1.4523096180484598e-03        -6.9119021831749109e-04        -2.1147174183981991e-02        -8.5361532392430727e-03         4.4808375378456045e-03         5.0489445451184969e-03        -1.7398422478600652e-02         1.7368463740801675e-03
9                                     -4.7151047246914166e-03        -8.4188689871858438e-04         4.8874613231290201e-03         1.7984128598042843e-02         3.7229370260964722e-03         1.3191772888071527e-02         1.9821255149125461e-02         2.5484091730693992e-02
10                                     3.4909450056271980e-03        -9.3349691570005137e-05         1.1069883876429459e-02        -7.3794242388850170e-02        -1.4941881635615187e-03         1.2287000924177841e-02        -7.6107759415910317e-02        -5.9764938260414395e-02
11                                    -9.7369503086497146e-03        -6.3466154832164095e-03         1.4049405739690848e-02         2.5669935457325481e-02         5.3803041329090360e-03        -6.0940366054804190e-03         5.2103476354091578e-02         4.2713311772620700e-02
12                                     2.6779352006596618e-02         1.8149241275927396e-02         3.0779848779024781e-02         5.3809529794936629e-03         1.9830103798213054e-03         1.1085173646223620e-02        -1.9543592694693260e-02        -1.3294369979984046e-02
13                                     5.6687313565919233e-03         3.3183591457276711e-03         9.8301123588331648e-03        -2.6992881753752893e-02        -8.4252044187331510e-03        -1.2736501028076887e-03         6.0248207139323356e-02         5.0512659937963084e-02
14                                    -4.4162653531972639e-03        -2.1661459972952251e-03         1.6872366126651182e-02         9.6267511328683220e-02         2.6799904679701468e-02         1.0269716194637169e-02        -5.0523086215843289e-02        -3.4618931295172864e-02
15                                    -6.5166970263223115e-02        -4.0504779931472237e-02        -1.9414075630526724e-02         7.8231659533795749e-03         7.6951183229030697e-03        -2.4074877991535348e-02         9.0561516659313310e-03        -3.3102855934567846e-03
16                                     3.6399925273260240e-02         3.0833449661186292e-02         2.9323404128488356e-02         2.6707891349559195e-03         1.0728443632163926e-02         3.6884263282326059e-02        -4.3965802872955855e-03         2.4227214820411166e-02
17                                     1.1633669261095511e-02         8.9452172800217541e-03         8.3373680585351589e-03        -2.3265021963142234e-03         3.7646246187584644e-03         4.2322380077985727e-03        -1.0505444996432212e-03         1.5634262336583461e-03
18                                     2.3991964454712800e-02         1.6572408977048526e-02        -5.2426613408696641e-03         3.9560935266966541e-03        -4.4922523159246306e-03         3.7836066800904064e-03        -1.2645697407059401e-04         1.7956124755471932e-03
19                                    -1.4034056961227656e-04         1.4033919939043162e-03         2.3484830417924173e-02        -1.7647762692372965e-02         7.0029813027275650e-02        -9.2117801224903539e-02         7.2735926003011687e-03        -1.5931996037297155e-02
20                                    -4.5449414034555470e-03        -1.8400296932731084e-03         5.2389583440714147e-03        -3.1215096597665259e-03         1.2866657739187382e-02        -1.5415253200421149e-02         4.4387925845762307e-03        -4.3023997205524217e-03
21                                    -1.0831474029083670e-02        -1.1511495765492385e-02         3.5805949595517618e-02        -2.1034329598420196e-02        -1.8783356896795982e-03         3.3056390709001529e-02        -1.3074515981684397e-02         1.3518019536509450e-03
22                                    -8.9569710293240477e-03        -1.2667224057754072e-02         7.9308437940702366e-03        -1.0274138656573058e-02        -5.0140170313773954e-03         6.6092570392319114e-03        -5.5088599347710336e-03        -6.2216600905347788e-03
23                                    -3.6913095885110177e-04         2.6910139798348230e-03        -5.0786412259881007e-03         1.7677535161999389e-03        -1.1269549860091000e-03        -4.2138272131961004e-03         1.4705252330877965e-03        -1.0845488763564870e-03
24                                     9.8238628424750958e-03         1.1238546215411717e-02        -5.6479490423745494e-03         2.0971238250964419e-03        -2.6250244840208335e-03        -5.6949922123980534e-03         1.3290843458063854e-03        -1.3858578961796933e-03
25                                    -8.6692100615957577e-04         2.8010364984106129e-02        -9.4622856277794948e-04        -2.5986570570281511e-04        -7.3239100007332577e-04        -3.0713849618369715e-03        -3.4343336021706329e-05        -6.2609944641986101e-04
26                                     6.8138274087888497e-03        -2.1195210998756538e-02         6.5502880370980399e-04         3.7048413547029668e-04         1.3206867038011744e-03         1.0230084496011171e-03         4.8708886964175211e-05         3.5789834880891317e-04
27                                    -3.9105541267394593e-02         4.3248399081206201e-02         1.1385896843187618e-03         3.9580429242299547e-04         1.0232705800909071e-03         2.2452842333411695e-03         5.3556824551833162e-04         7.9650040477478763e-03
28                                     1.5024212131301480e-02        -2.4615171655305419e-02        -4.2450589455282248e-04         1.4090565720976131e-04        -3.1181832355184076e-04         1.7795646243029374e-03        -9.8409166405974413e-04         1.0708064354215648e-03
29                                    -7.3383648440315918e-02         9.3051583260990320e-02         2.8424342579412803e-03        -2.5207796616878268e-03        -2.5118578452497783e-03         8.5692345838850965e-04        -1.2784687222119136e-03        -4.1594771024808025e-03
30                                     1.1328934593233162e-05        -1.8415162209311685e-02        -3.0518861883639344e-04         1.3015975338617771e-03         2.1570021869807602e-03         7.5850127211323024e-04         6.1173074936688181e-04         1.2550060012485153e-03
31                                     2.5693485692292401e-03        -4.5486573111262113e-02         1.4496485983741707e-03         1.2165172411377108e-03         3.0394281434880988e-03         3.8627443859557465e-03         2.8683160843225627e-04         2.2372239726875446e-03
32                                    -2.3128819750415940e-03         2.4165794885190561e-02        -5.2536547489362407e-04        -6.8902085295677784e-04        -1.5658299655872583e-03        -1.5534663983443361e-03        -2.0075482942670880e-04        -9.1993592254417873e-04
33                                    -8.2695371641958192e-04        -2.0634586836927628e-04        -2.7958574686643691e-04         3.5008659536607398e-04         7.4732449815149884e-04        -3.3921114812669728e-04         1.7002450028678860e-04         3.4023843675259175e-04
34                                    -1.0829280200207367e-03        -2.8540504082189211e-04         7.9256106023682389e-05        -3.0395515472750469e-04        -1.0242226131315043e-03         6.2602910389665794e-04        -1.4024721659201047e-04        -5.9184881071947741e-04
35                                    -1.2728388073463158e-03         1.5343530287006512e-03         1.1631270184224778e-04        -2.2558038322972361e-04        -6.4077849377169459e-04         4.1755461090100491e-04        -1.0750839215622313e-04        -3.4907870674653473e-04
36                                    -4.6038031518823609e-02        -3.3777413547780827e-02         2.5027170194934392e-03         8.6826563112825331e-03         2.2173378660777978e-03         2.0878153553108247e-02         6.7871948203267474e-02        -5.3200144495195931e-02
37                                     5.8821438960673995e-02         4.2965199439316565e-02         1.2101740586751236e-02        -8.1838124629974481e-03        -1.2330340164769098e-02        -1.1683727644367868e-02        -1.9825867825011948e-02        -1.4943947967535750e-02
38                                     8.5520792071865619e-03         1.1279467835397686e-02        -1.2272647024071931e-01        -4.3942630221237441e-02         2.9930809478320741e-01         2.7070969529740396e-01         2.7052286521397068e-01        -2.6773657485928160e-01
39                                    -2.6095590303627073e-02        -1.9919500837711129e-02        -4.7404549985532937e-03        -7.8752638047428266e-03         1.5767555486438489e-02         4.7374114004432154e-03        -1.4755052687672937e-01         1.9874328250095299e-01
40                                     2.7506546912511469e-02         1.7071316792607160e-02         3.9991684686268118e-02         3.9654239850370684e-02        -1.7812239498988275e-01        -1.7151460552549108e-01        -1.3161684048583489e-01         1.4884198284492087e-01
41                                    -1.0833103888957535e-01        -7.7022490475868829e-02        -1.5221984046496341e-02        -5.8091750488576337e-02         2.0534116054704571e-01         1.9294091345108733e-01         9.0186389246848769e-02        -1.0085922739131627e-01
42                                    -7.1696453275356172e-03        -8.5147511674565426e-03         5.4605574667576803e-02         7.6818896509961336e-03        -1.2173737186878630e-01        -1.3552059536681835e-01        -1.7439021036203459e-01         1.6267785156777845e-01
43                                     7.2753397849982370e-03         4.4053419986224886e-03         3.1386810271338442e-03        -2.8565196036536265e-02         3.8719481128219685e-02         1.3218677122686600e-02        -1.6236846445892936e-01         1.6999052096466780e-01
44                                     1.0405329600779384e-01         8.2685209591885342e-02        -1.0328369282468614e-01        -2.4626707313852268e-02         2.0357686190832250e-01         2.1719495573730516e-01         1.1411211882615033e-01        -8.0372769307312547e-02
45                                     2.3927645605153680e-01         1.7690689025030459e-01         4.7835293671297595e-02         9.7788528730165150e-02        -2.2090304435826852e-01        -4.0676075047400131e-02         1.5286432513170456e-01        -1.5020100832811981e-01
46                                     2.3866117753676044e-01         1.7724455695755184e-01        -5.6147358672481093e-03         9.6048394928867464e-02        -1.5833731123198072e-01        -2.5675624836757126e-02         1.1569487114868673e-01        -7.6500021226688850e-02
47                                    -2.2561239322277757e-01        -1.6522773028871593e-01        -8.3233355086975186e-02        -8.0245913044118489e-02         2.6046841288223621e-01         8.3181904892451475e-02        -1.4809790164579562e-01         1.8911543826582561e-01
48                                    -2.1630085027803436e-01        -1.8101887613334075e-01         2.8137362028683988e-01        -6.7971760329525607e-02        -6.9878791042588886e-02        -3.2995357574295441e-02         3.9805396222192035e-02        -1.2447606138156661e-01
49                                    -2.1045880201330971e-01        -1.7312702417313150e-01         3.1278113777525940e-01        -4.9218846080864576e-02        -1.5371074108934615e-01        -5.2647351793968164e-02         8.5251576213902308e-02        -2.0416483639757116e-01
50                                     2.0733322770059850e-01         1.6562868395108493e-01        -2.7139420881520665e-01         2.0191950495516954e-02         1.9256120302719146e-01         8.2714685290578668e-02        -9.1512416741822464e-02         2.0859275929919022e-01
51                                     9.6856722903284967e-02         6.7682024639067140e-02         4.4712913577841150e-02        -1.3079001258728734e-01        -2.8048504565148485e-02         6.1603378275195214e-02        -1.2614766913486711e-01        -7.4082631109964991e-02
52                                    -2.6347598041589038e-01        -1.7876624025293575e-01        -1.5910444432293300e-01         2.9694522750391128e-01         3.3749956320622478e-02        -1.6193369417330603e-01         2.8813576797924867e-01         1.5576823619480876e-01
53                                     1.3460550056600445e-01         9.1413156307667318e-02         7.0418892436418551e-02        -1.9194026229890962e-01        -4.3104728316791616e-02         6.1907558744049754e-02        -1.5444964121369784e-01        -9.9456549074593878e-02
54                                    -5.5553833282205117e-02        -4.3789649431106262e-02        -1.5332272220557192e-01        -2.2820518822185023e-02        -1.2996318079186562e-02        -8.7326408085851653e-02        -2.1424102025969428e-02        -7.0317756187408265e-02
55                                     1.3950902819804062e-01         1.0638389730571181e-01         4.8725013808351553e-01         1.9559033301189988e-01         8.6751198861415607e-02         2.0657714100195709e-01         2.0441218687242518e-01         3.0307111372947521e-01
56                                    -5.8806226655410604e-02        -3.9421217187417951e-02        -1.8432605934030971e-01        -1.6400900162580323e-01        -5.3820744359756229e-02        -3.3559211610342497e-02        -1.3907514016181666e-01        -1.4523612214972148e-01
57                                    -4.7016316128911606e-02        -3.1537230216272708e-02        -4.7748581648327397e-02        -2.1821883804036646e-03         1.6954392202163483e-02         3.1563803041810413e-03        -1.9959508180021564e-02         1.7751594926538806e-02
58                                    -2.1031907870051710e-02        -1.3653273342315470e-02         6.8520032562759733e-03         7.3131224074550097e-02         2.5102606525259002e-02         7.3784530458391971e-03        -5.2646258088043822e-03         1.3077697272997244e-02
59                                     1.8333199519432606e-02         8.8532896998621217e-03        -7.5307429436979878e-02        -4.0540325888586193e-01        -1.1632918762445646e-01        -4.4745065990665037e-02         2.7013665297961376e-01         1.9090851683990501e-01
60                                    -1.2795992249301755e-02        -1.1386515180486955e-02        -5.2821074734035849e-02        -2.4223689067241377e-01        -6.2301156166883365e-02        -2.7783435186806173e-02         7.7972182863532705e-02         3.8504402204391490e-02
61                                     8.3342470921896018e-04         2.0857410327927745e-03         2.9523309759167678e-02         1.3828110370620270e-01         5.9585577977729863e-02         3.6017903809498424e-02        -2.6149338332717131e-01        -1.7852777183033361e-01
62                                    -5.8680969343535200e-02        -4.3031080466678438e-02        -1.0326843074486816e-01        -2.6396191052049417e-01        -6.6091616827940722e-02        -4.5430851400730762e-02         7.9542692929282136e-02         3.0752229767185203e-02
63                                    -1.3465930208653134e-02        -7.5297301932283995e-03         1.1610700075770589e-02         1.2428243145488199e-01         3.0921976082209139e-02         9.8025983951371392e-03         6.1707217520518380e-02         7.3979153067418410e-02
64                                    -1.8391025135300179e-02        -9.4182850293829997e-03         6.4421577954215147e-03         2.1444857401561848e-01         4.9987103423062555e-02         6.8341747790768631e-03        -2.1681220834856257e-01        -1.9704632219322976e-01
65                                     7.5998846550203336e-02         4.6432002569475168e-02         4.6286129144815565e-02        -3.0771279464144718e-01        -6.8519822128179642e-02         6.2512331893431246e-03         6.9428774924050807e-02         5.3878931760626483e-02
66                                    -6.7300202289928737e-02        -3.4459198277796158e-02         2.7998925876499416e-02        -9.4957074809515468e-03         3.2421199652852159e-02        -1.0461202646487516e-02         3.3508919204585118e-02        -1.7737274820037872e-02
67                                    -7.3719960374295346e-02        -6.5549560115527802e-02        -1.4242392217704966e-01         7.7194034071092724e-02        -3.4364992696428215e-01         3.7184036733719139e-01        -3.4427499485864890e-02         5.4072316034333316e-02
68                                     6.3416420641143514e-02         4.5772805958857944e-02         5.0208473292414270e-02        -3.1822941037989938e-02         1.5034490361948513e-01        -1.8366331040994621e-01         4.5461267379625723e-03        -2.1277804635560508e-02
69                                    -3.5585104350713506e-02        -2.8117901049584598e-02         2.4903295293400396e-03         5.5680163381255946e-03        -2.4037176328896504e-02         5.1379165733863440e-02        -2.2065376523150011e-02         3.7596929753747260e-02
70                                    -6.0615642843555716e-02        -4.8082112876536590e-02        -1.0952689320768852e-01         5.6838976407437104e-02        -2.6912609385821212e-01         2.7851209683756745e-01        -6.2464666487226329e-03         1.3122569375948598e-02
71                                    -7.5814795144190081e-02        -5.8431133013477209e-02        -8.4803650252180715e-02         5.1130293562172503e-02        -2.4111036672391092e-01         2.7920060232487509e-01        -1.7701930632480083e-02         3.6942832385258806e-02
72                                     1.2028215474977899e-02         7.1755005608996067e-03        -2.3682613384888501e-02         1.2228814748306447e-02        -4.1095278597181935e-02         4.4111994241152502e-02        -5.0792346702426905e-03         6.3419672888221403e-03
73                                    -9.7733363030806569e-02        -7.5032697362115874e-02        -1.0582720121877508e-01         3.5703040782969514e-02        -1.7638036513621408e-01         1.6712578802693936e-01        -1.7605157522641947e-02        -8.2634904212909512e-04
74                                     1.8938621963100515e-02         3.1070550282796582e-03        -3.6278440817020301e-02         1.6459553307985906e-02        -6.9534103631189170e-02         7.3223846116716701e-02        -4.9509489767821324e-02         4.5518441309166248e-02
75                                     7.0672168131629852e-03        -1.0502719918733050e-02        -6.5109289468054973e-04         1.7391207288606886e-03         2.8260850106146046e-03        -1.0941363354783496e-03         1.7037414247362303e-03         1.8155990300954914e-03
76                                    -3.0506877994066182e-02         6.9120144300383532e-02         1.4568950716031500e-03         7.3184291207065036e-04         6.5261962948137799e-03        -1.6871556334873441e-02         1.3806819498249280e-02        -1.2980941847434105e-04
77                                     3.0485129882607531e-01        -3.6881503051017944e-01        -1.1467477774283507e-02         8.9804950273419497e-03         1.1700578169908495e-02        -1.8290127490720225e-02         4.5712177211817921e-03        -4.6359929094854049e-02
78                                     1.9851198424710781e-01        -2.0834143763415153e-01        -6.9595244760033816e-03         2.2282337355505133e-03         4.6848103598212346e-03        -2.6928163083909343e-02         7.3853259282658625e-03        -6.1334943904868600e-02
79                                    -1.5333503083447966e-01         2.1093866347907061e-01         6.4726620595462279e-03        -8.3037540136581094e-03        -8.4038444721781878e-03        -9.8525555142055018e-03        -5.5496197301298745e-03        -6.2241390444278871e-02
80                                     1.8952619908324045e-01        -2.4594533622264944e-01        -7.2984996438395728e-03         7.1711895756767247e-03         7.7035436260097364e-03         3.0254099886492095e-03         6.1354090169809753e-03         4.0103064081255579e-02
81                                     1.7966768419052032e-01        -2.1286341629851649e-01        -6.0600800797675639e-03        -7.6715706522156391e-04        -5.1801478534729706e-03        -1.9194146041373252e-03        -1.1023569794773614e-02        -4.2589461807012167e-02
82                                     4.6389190992953279e-02        -6.8712126314257424e-02        -2.1489703778560690e-03         5.1054706865103971e-03         6.7204515309902488e-03         5.3477199625619996e-03         5.8741966905757901e-03         4.5408499085087983e-02
83                                     2.3872974306980732e-01        -2.9605299637437799e-01        -8.9269322687183308e-03         9.6089847033000182e-03         1.0214910136428494e-02         7.4984391192456975e-03         5.0380756741046544e-03         6.5859993500030370e-02
                                                        56                          57                          58                          59                          60                          61                          62                          63

0                                      5.1684876456906531e-03        -2.4053800026300194e-03         1.5967770722829545e-04        -6.7627104297576261e-03         1.8405292011539114e-02         1.6195782733678256e-02         8.0117340958003134e-03         2.2188053985741047e-02
1                                      4.7934743521080630e-03        -2.4808882626884995e-03         1.9687440816540530e-03        -5.2365935130095848e-03        -1.4716994230779079e-03        -2.4457509423309810e-02        -2.5052815535945433e-02        -3.0169335390373398e-03
2                                     -4.8521787525015077e-03         2.9159042448847943e-03         7.0870640028714111e-03        -3.9350126083262608e-03         1.2511137426673643e-02        -9.7889252882805925e-03        -1.4060406015479497e-02         2.7045836514105311e-02
3                                     -5.5861164811896310e-03         1.9882527373979225e-03        -4.3200605905993069e-04        -3.3752730045954718e-03        -1.6463647252279272e-03         3.7391249988787296e-03         5.5119511102884851e-03         1.9032132371151367e-02
4                                     -6.2830185812215731e-03         3.3103978092897260e-03        -1.1601192329709843e-03        -2.8445463886285190e-03        -6.2460320182923263e-03        -1.7942285394152574e-02        -1.8576175486610242e-02         1.1848997301956691e-02
5                                      9.2943355416173906e-03        -5.1199849595006345e-03        -1.0798041534964957e-02         2.3189338922701571e-03        -2.4483302694059308e-02         1.4964076940798075e-02         9.2167577450418970e-03        -3.0579307194630891e-02
6                                      6.1165913203207805e-04         1.5315885623614839e-04        -2.0849401069243073e-02         3.5413008744606973e-03         8.1636847777084159e-03         4.5254402634035649e-03        -5.0109176219344407e-03        -9.6051919476232157e-04
7                                      2.2049812274025100e-03        -3.4856283219899019e-03         3.6714984156765514e-03         9.5101165757151343e-03        -4.6164145086487196e-03         1.0581520072120331e-02         8.2530524350544268e-03        -1.6555040145406996e-02
8                                      3.3477393278544834e-04        -1.3516422603782722e-04        -1.1678088629011041e-03         2.5946785671456898e-03        -1.4606330543540528e-03         1.7683985123079931e-03        -7.5061619111811044e-04        -3.3706596636240514e-03
9                                     -3.3324176559343215e-03         5.0267033462597806e-04        -9.6114451719280100e-04         9.3903197554690912e-03         3.5329733199689385e-03        -1.6465944810294189e-02         1.7323409611441628e-02         8.0169598039868948e-04
10                                     9.1581115300884783e-03        -5.7768063922127261e-04        -5.7652288596546130e-03         4.8932708628539679e-03         2.3960110793097315e-03         8.8386860952710620e-03        -1.0982279917305639e-02         5.1750583335092287e-03
11                                    -7.5583791912334879e-03         1.0335895989793758e-03        -4.1824598716521041e-02         3.8404230779156993e-02         1.1729552593770747e-02         1.6660981994384098e-02        -2.1802996525627821e-02         1.7305144550830872e-03
12                                     2.2253479863585885e-03        -6.6593993892515003e-04        -5.0252608330620049e-03         1.6991172815329532e-02         9.2601016050414837e-03        -2.9460683378941758e-02         2.3965158633462959e-02         1.0593033010369548e-03
13                                    -7.5136258411072606e-03         1.3516211990251617e-03         7.8325703932357867e-04        -7.2827531750523965e-03        -3.0517952487535763e-03        -2.0991473411887587e-03         9.8436500569578818e-03         2.8288326200274498e-03
14                                     3.6784276656044398e-03        -7.0980950861757378e-04         1.0127980850362813e-02        -1.3905742283491045e-02        -5.9268435058962643e-03        -3.2990488591180464e-04         7.0045464151127978e-03         3.0556033620830654e-03
15                                     3.8440641791383078e-03         1.0881000117330936e-04         2.4238218497498069e-02        -1.1995021481080751e-02        -6.7096292925482087e-03         2.7673267614977087e-03         9.9196225145126316e-03        -1.6682645314795984e-02
16                                    -3.4795731870899157e-03         6.3792873161953806e-03         4.2545363028509845e-03         7.4671478248457025e-03         1.5177435212076177e-02        -1.3330616900546007e-03        -3.7552412571082937e-03         2.0366824890943945e-03
17                                    -1.0390436788470937e-03         1.3758412044062888e-03         4.4172119605341816e-03         1.4662790865633114e-02        -1.2486733654094199e-02         9.7879261717282828e-04        -1.0990939671045063e-03         1.4967320758682597e-02
18                                     1.8744224148055855e-05        -5.2241254754488743e-03        -3.4836271848292626e-02        -1.1115862875117836e-02        -2.6779115196509520e-02        -7.8031232770681214e-03         2.5291253823598306e-03         2.3267675745420473e-02
19                                     3.4854516704753576e-03        -1.5997725494129441e-03         2.2569664498658552e-02        -2.0920102924162731e-03         2.7965217281419905e-02         5.2367507859061553e-03        -2.4674880087437400e-03        -3.1762218201950132e-02
20                                    -4.3219109720137700e-04         1.2494981358960478e-03         2.5284001478537821e-02         2.5171491773839275e-02        -2.2345672300332069e-02         4.2574113994038399e-03         1.8585263296679406e-03         1.6209946514944472e-02
21                                    -2.5851363505763813e-03        -1.5110612470626390e-03        -2.3720093158988421e-02        -3.8064425942296795e-03        -1.7651312252590524e-02        -7.9258688412119378e-03        -1.9753016548710724e-03         1.4718225331927877e-02
22                                     5.7424337162252576e-06        -6.7017821245158389e-04        -1.6612827188849214e-02        -6.0117704039224463e-03        -1.5510305191032872e-02        -4.6994746518979405e-03         4.8573375168310673e-04         9.5721837286731840e-03
23                                     1.5519906514726205e-03        -5.5260122981009544e-04         1.6050856907152081e-03        -1.7542387763323284e-04         2.9266391311885999e-03         7.4931449911732901e-04         2.9500714734412661e-04        -2.5544673769442110e-03
24                                     7.0718766267703834e-03        -4.5687083300420895e-03         3.0942338918025481e-03         1.7926965290107756e-03         3.3149209155467077e-03         1.6413924059558666e-03        -6.5307087576168556e-04        -1.0810094071473011e-03
25                                     3.9466960029962652e-04        -1.0050935507959614e-02         2.8594612763928710e-03         1.2998520525579870e-03         4.8854971829644656e-03         1.1672352832723279e-03        -9.3074494465601710e-04        -2.6666421994965854e-03
26                                    -4.3838959751615527e-03         6.8290994040072018e-04        -2.3892990397028177e-04        -1.0331413014148657e-03         7.2769046204186914e-05        -3.6762928845800760e-04         3.1652384095081959e-04        -6.4478849474792284e-04
27                                     4.6362590448579724e-02        -1.2435184880776608e-02         1.9564014063353434e-03         1.0967736016858391e-03         6.7498866687961735e-04         3.3268943284643328e-04        -5.7327847674156808e-05        -4.3226423477721825e-04
28                                    -1.4493197475835528e-02        -5.2313310542510753e-02         4.0549283472975295e-03         2.2808098244006259e-03         1.3283940462729454e-03         8.0180296095300489e-04        -2.2647540553089127e-04        -3.8799896401571515e-04
29                                    -2.4428856252728611e-02         6.8414877126030007e-04        -2.7185551857707604e-03        -1.2682392256227429e-03        -4.4719795655226625e-04        -5.0264313048391262e-04        -8.2798183135239560e-05         4.3501310773508880e-04
30                                    -3.2307833555072440e-03         3.3492522204155487e-03         4.7202204452131307e-04        -4.2558541510606939e-04        -7.2730343363218658e-04        -2.8503883166059780e-04         6.2465967130759118e-04        -1.9581473318405152e-04
31                                    -2.1966029559020448e-03         6.8152300487413758e-03        -1.3611849089840665e-03        -1.1772195449791425e-03        -3.7995495932705808e-03        -1.0680299515439602e-03         1.0989975024028151e-03         1.5085956495373696e-03
32                                     2.1822317835616840e-03        -1.9507253489716278e-03         4.7752731864964128e-04         6.8322164742645611e-04         1.3561433724466273e-03         4.3410714095644387e-04        -5.2354408118742975e-04        -3.1508736160219201e-04
33                                    -9.7626331331247243e-04         4.5187033032292894e-04         4.3431686983185213e-04        -2.2993828013322083e-05         8.1669637780767751e-04         9.5638696520217230e-05         1.7011768728786830e-05        -7.4944012640828367e-04
34                                    -2.3485434548762730e-04         1.0518000562461331e-03        -7.4936188646882351e-04         1.7930525185514272e-04        -1.9867240618914660e-03        -2.2529662196821293e-04         1.4812977431635110e-04         1.5967284530862705e-03
35                                    -2.1259632715913269e-04        -4.0995865041929875e-04        -1.8028150672782153e-04         3.6449103165187084e-04        -1.2255426473110253e-03        -4.7984213531531927e-05         6.0144526213239167e-05         1.0119988912795121e-03
36                                     5.3945011643827265e-03        -4.5466709131971889e-03         4.3486443617611649e-02         2.0408174637929094e-03        -1.0559162091297766e-01        -2.8619007143706926e-01        -2.6840694760827827e-01        -1.1714460517824127e-01
37                                     3.7593185364898419e-03         4.4983169812431642e-04        -5.3464626067212098e-02        -1.2435477987401303e-02         1.4269564906420101e-01         3.5171099575888654e-01         3.2084398394318553e-01         1.5758237588352261e-01
38                                     2.5384701723042684e-02        -1.3747732223315158e-02        -3.8836989186401853e-03        -6.8897633526238553e-02         1.4497576081554789e-01        -1.6614270053793529e-02        -5.9659680754550415e-02         2.1519553496808028e-01
39                                    -2.8501521969884026e-02         1.1671050436926379e-02         3.5539088437418873e-03         1.0786608585403154e-01        -3.0981755716839582e-01        -1.5528204249369959e-01        -5.8933521488529268e-02        -4.5048483318810739e-01
40                                    -1.3389467168258666e-02         6.7114951870570518e-03         4.6566004761574062e-02        -7.9067599294901795e-04        -3.6154634043316966e-02        -2.0276269146662107e-01        -2.0810939485722968e-01         6.8803733630972176e-03
41                                     5.5819459130631082e-03        -3.4573685624411589e-03        -5.4487941325904961e-02         3.8237440629942568e-02        -7.5191363390635022e-02         1.7410798301216410e-01         2.2041168455547694e-01        -1.8457126262127618e-01
42                                    -1.5996832350167911e-02         9.9202260032352062e-03        -2.7360081567681382e-02         7.4715728160122006e-03         6.9746115722805438e-02         2.1410990119911055e-01         2.0394273777718452e-01         9.9063243592953210e-02
43                                    -2.3563976250142438e-02         1.2424222905299055e-02        -6.5356747737824877e-02         7.9553384806744731e-02        -9.2284596972925265e-02         2.9792295126460100e-01         3.4851496241866348e-01        -1.9496073882230200e-01
44                                     2.2419741690810481e-03        -3.3264687583543901e-03        -1.4395578263545943e-02         6.9632096659175052e-02        -2.0366415839232982e-01        -3.2944892279538882e-02         2.9705145683649764e-02        -3.5331473854790385e-01
45                                     2.4308258558217069e-02        -1.3704823912635205e-02         3.7475865941295539e-02         4.5475916745298583e-03        -1.8703312246581352e-02         2.9001264348459021e-02         1.6176849046870466e-02        -5.3498029689115704e-02
46                                     8.3378185815037951e-03         6.2174019835747234e-04         1.1861924784109806e-01        -7.5776711154442438e-03         1.5234616236728368e-01        -5.6166983855801496e-02        -5.0393972496478978e-02         9.4533310862000272e-02
47                                    -3.4814481030516792e-02         2.3376853605706217e-02         4.5903422368439604e-02        -2.0820734628279446e-02         1.8998608627469410e-01        -7.7365959362121345e-02        -4.6494082128847376e-02         2.1692303596509058e-01
48                                     7.4554045923360280e-03         6.8019443813818964e-03         5.6206163422578823e-02        -3.8359001296507940e-02         1.8652872876407720e-01        -8.2299363161061206e-02        -6.1405772547808053e-02         1.3709637319504325e-01
49                                     2.7858904730168360e-02        -1.1748514625444389e-02        -4.9225836858047017e-02        -1.3845703453737238e-02        -4.4796978700392349e-02         4.4531517302742116e-02         3.2716671690622035e-02        -8.3860980574226696e-02
50                                    -3.3028392259954582e-02         1.7877834712753615e-02         7.8342874897486037e-02         2.9318019349166020e-03         1.0933588044884560e-01        -1.1082190444254120e-01        -9.4394333328877436e-02         1.5298746425972884e-01
51                                     1.8798193375202152e-02        -1.7559173466919270e-03         2.0892219609108040e-01        -2.1122082653114299e-01        -6.6242942552053416e-02        -7.8993645087233305e-02         1.0256097555524293e-01        -7.3770296592734546e-03
52                                    -2.6578510457787034e-02         3.8590660124022194e-03         1.4983206520799530e-01        -2.1152379772090690e-01        -2.8903693809900984e-02        -1.0880598447898186e-01         1.6814059112622270e-01        -1.3474427820803991e-02
53                                     2.4321020608958504e-02        -2.3440151215977693e-03         2.5578023366463981e-01        -2.7449166399388331e-01        -8.7839565418451657e-02        -6.7405971284861324e-02         9.4608226506231102e-02        -9.9319719745580362e-03
54                                     3.5687538221077452e-03        -2.4385444873884191e-03        -2.2613484319699256e-01         2.3813572656053025e-01         6.6436893216210074e-02         1.1120211061668983e-01        -1.3591239139335798e-01         1.4200174389940574e-03
55                                    -4.2083914740576371e-02         9.4596591374612685e-03         3.3377381800351907e-02        -3.1112516975073175e-02        -9.6677370486930505e-03        -4.7988424499740820e-02         2.6100942086313320e-02         1.9234126114936440e-02
56                                     2.9543849894038344e-02        -3.7478511927422149e-03         2.7078378161772204e-01        -2.8236802045112913e-01        -7.4426179215235214e-02        -1.2882290755648890e-01         1.8462794914101188e-01        -1.4406085084493769e-02
57                                    -3.2625071385780705e-03         4.0648139162562319e-03         7.7580184731455351e-02        -2.1415799766819521e-01        -1.3128014043018882e-01         4.2258699321406484e-01        -4.0512965660242956e-01        -1.4445970752461772e-02
58                                    -3.3309163899063691e-03         1.4794539615946938e-03         7.8870827651794997e-03        -4.2730389860980121e-02        -3.0732244624255275e-02         1.1680841608903256e-01        -1.2078388877509254e-01        -3.6602225272284717e-03
59                                    -2.3839077436819432e-02         4.9811068164601919e-03         7.3229496467381319e-02        -1.3784265887365099e-01        -5.6320059493183208e-02         4.5918680386638593e-02         4.1031031855830090e-02         1.0678659248567444e-02
60                                    -1.5332900585695087e-03         3.6085335288442883e-04        -8.0277013669035752e-02         1.4802441342587552e-01         7.1018870516494650e-02        -8.6547802513706321e-02         2.1713244751140542e-02        -1.4748600459503429e-02
61                                     2.6567198453966715e-02        -2.9149791139079658e-03        -3.0782119185926961e-02         1.5118656614491794e-02        -2.2375688139487936e-02         2.4795958512283178e-01        -3.4065247662265047e-01        -2.9074333244921684e-02
62                                    -3.0683913147574961e-04         4.2936464307488236e-04        -1.0130622102966375e-01         1.8080318247517418e-01         8.5746753082246191e-02        -8.5208805258793971e-02         2.5493838424885270e-03        -1.9980257865436335e-02
63                                    -1.4625365998075695e-02         3.5116966237154768e-03         1.1338698280071598e-01        -2.2602954184445717e-01        -1.0928209599841028e-01         1.6005551240363719e-01        -5.8742879312566991e-02         1.8373739821020578e-02
64                                     2.7888585793297525e-02        -7.8277482251279170e-03        -8.0402321192559759e-02         2.1147242075575184e-01         1.1880911799279435e-01        -3.2253456577391482e-01         2.7379066813189729e-01         1.9918793246581938e-03
65                                    -2.3776014974777331e-03         1.4235775677183442e-03        -9.3588726948806211e-02         1.5060144920730806e-01         5.9791375493547148e-02         1.4265534882467946e-02        -1.1845614621204593e-01        -2.2253204182577303e-02
66                                    -1.5729354142533718e-02         6.4590387137546210e-02         4.8257372692726308e-01         3.6564221617745707e-01         9.7195505858597778e-03         1.0325299947439223e-01        -1.5317387983364990e-02         2.6978204401810067e-03
67                                    -8.6213794464669122e-03         2.2910334529544680e-02        -2.8079102314225748e-02        -5.0086278493229067e-02         1.5965153664200374e-01         1.0295946129089515e-02        -1.6560154548181327e-02        -8.9369501635163828e-02
68                                     1.1468423515523313e-02        -3.9420814778582121e-02        -1.9274099150438964e-01        -1.3198213226220482e-01        -8.2326826872442208e-02        -4.7622957063182259e-02         1.5171780695211603e-02         4.1045099705687052e-02
69                                     1.0045995648746114e-03         3.7581708456949442e-02         9.2383240239909875e-02        -1.0501550297634270e-01         4.7123201686210020e-01         3.9338628237230111e-02        -4.8578638783083300e-02        -3.7679136581258127e-01
70                                    -1.4656390362224284e-02         2.7038633594634525e-02         1.2557189573369271e-01         1.7154388126054257e-01        -1.1225658678083421e-01         3.3717144837848968e-02         6.3391789809209157e-03         1.3406387020783908e-01
71                                    -1.2904583353961137e-02         4.3718540397789170e-02         1.5924944243472222e-01         9.4779094456796859e-02         1.4280364718115010e-01         4.7843183452592732e-02        -1.9394312250148347e-02        -7.9194472752797077e-02
72                                     1.7137876540584078e-04        -1.0731621829287460e-02        -8.4454186909549644e-02        -3.5488203923240091e-02        -6.5856133876520770e-02        -1.9758848353626814e-02         8.5442332812345010e-03         5.2845935176686169e-02
73                                     4.2196135265453443e-03        -4.4706119268816444e-02        -3.0154410051876535e-01        -1.1412701200788349e-01        -3.6792521972129200e-01        -7.8500074725238525e-02         5.2096668175219352e-02         2.6993528319523707e-01
74                                     1.2775320677138468e-02        -2.5988535540261797e-02        -3.5839491673700569e-01        -3.9367802970213306e-01         3.1801679157644114e-01        -6.4002655252445487e-02        -2.0183688482339555e-02        -2.5526396806795931e-01
75                                     1.6222090928074400e-02         3.9706956628992332e-02        -6.2032002306550756e-04        -1.5714584150901586e-03        -8.0921824344793618e-04        -5.8404910534425047e-04         7.7216484858538186e-04        -4.6959739169085497e-04
76                                     2.6686038947301266e-01         6.3495762958246815e-01        -5.0553965136301615e-02        -2.4197646335838482e-02        -2.7239871968571281e-02        -1.0695387986677712e-02         3.8928817738641559e-03         1.2628515626427573e-02
77                                    -3.0597827864244775e-01         2.2384547749465211e-01        -8.0893860450752357e-03        -1.5356391837720676e-02        -5.0733310338948170e-03        -4.9001491281349396e-03         5.6582464802346988e-03        -3.2662313586980340e-03
78                                    -2.3975682627981174e-01         5.3341756806162544e-01        -4.2400951439283456e-02        -2.8903674272271147e-02        -2.1361892795821812e-02        -1.0903574686964623e-02         6.3199816077809277e-03         6.6767033663978478e-03
79                                    -3.9497871799336126e-01         1.2558149801124213e-01        -1.9038626358416362e-02        -1.7477511099508406e-02        -2.4237146165378403e-03        -5.1279480951182174e-03         2.5682315469808879e-03        -1.7122743902057680e-03
80                                     2.8911262992507641e-01         4.2523048147841778e-03         6.5633164351035621e-03         9.5282275138347909e-03        -4.0227324975179697e-03         1.9606368508077927e-03        -8.8778113705600254e-04         4.2184284489460554e-03
81                                    -4.5802300840011917e-01        -3.6482641385396486e-01         3.1799323582261500e-02         1.1564738921991726e-02         1.9257073945360886e-02         6.2979799981972874e-03        -1.4683198770976276e-03        -1.0594055393219252e-02
82                                     3.2893495320771460e-01         7.5951430096812865e-03         6.0690284686638115e-03         8.5060218600344732e-03        -1.5620286369297514e-03         2.0774796119331952e-03        -1.2896375769635461e-03         2.4093607786677268e-03
83                                     3.9259875899817803e-01        -2.1764096769023805e-01         3.4507736994802966e-02         2.7139431893015480e-02         1.1067332740189478e-02         9.2747248423352500e-03        -4.5261099851582496e-03        -2.3983549057021224e-03
                                                        64                          65                          66                          67                          68                          69                          70                          71

0                                      3.7505773634413761e-03        -9.7330885760008451e-03         4.7657876903024789e-03        -4.1570927141511733e-03        -3.4823655131525417e-04         8.5301688629307315e-03        -3.9175215424536952e-06         1.5913903524210261e-05
1                                     -4.3880798188225528e-03        -3.8348421335909614e-03         2.9810200415287961e-04        -2.9817146421081153e-03        -5.8718163977943287e-04         1.3797709177976070e-02        -7.9429587858620880e-06        -2.4609207107694766e-04
2                                     -5.1463477216419471e-04        -1.7366361515328149e-02         1.6471814492820401e-03        -4.9149442921288201e-04         1.7026095964153575e-03        -4.8110987281483525e-02         3.1359834513458956e-05         9.1384012005245882e-05
3                                      6.2213352498186230e-03        -6.3367151956603349e-02         2.5245311981404825e-02         5.7667379945855564e-03         2.7463410658325383e-04        -1.3515546593905513e-03         4.3959772595650721e-05         1.0052132270164090e-03
4                                     -2.3777757904999979e-03        -4.8527632088955497e-02        -1.1278414470443589e-02         4.6844413811333533e-03        -1.3689130144061662e-04        -8.7630972488216225e-04        -1.3321569367934545e-06         1.0500669543695058e-03
5                                      3.8713475873725648e-04        -3.0710259925276366e-02        -1.0900876218669848e-02        -1.5473565180373165e-04        -1.7716528202963645e-04         1.6624600479028440e-03         4.5290541622549804e-05         2.1454004971788133e-03
6                                     -1.0848307619193250e-02         2.7636588855423239e-02        -1.5788437096774102e-01         5.3364936178995043e-02         2.2875550632599611e-04         2.8739544244171523e-04         3.5166269916876456e-05        -3.2640937953267899e-04
7                                      1.3758961782210701e-02         7.0375519046250203e-04         5.4695034335280744e-02         1.2159049285324481e-02        -1.4998351520305153e-05        -1.3092780585341609e-04         1.1902417707566533e-05        -1.9505049576634223e-04
8                                     -2.4705174730992592e-03        -1.2754803006073680e-02         3.0999829976429017e-02        -7.9936406666432838e-03         1.1330367035625299e-04        -1.8895324906984364e-04        -1.4321564673084889e-05         3.9665089505250041e-05
9                                      1.3135850161523376e-02        -9.5833033600630380e-03         2.0037604279629199e-02        -6.3372094863432954e-03        -1.4330804400446160e-03        -1.1601757264926562e-04         1.7013258236865236e-05        -4.9035325209265490e-05
10                                    -6.7064142176827449e-02         1.4576787176473439e-03        -7.4304196836440387e-03        -2.0681745332442471e-02         1.4198699300692749e-03         1.5095157226361437e-04         1.6436141670407542e-05         1.5198020073940605e-04
11                                    -2.0205155383099350e-02         6.1710770001077698e-04         2.9288722791603644e-04        -4.2353682715261763e-04        -1.1226601685558324e-03         5.5545150622736178e-04         1.1641078486949318e-05         4.7645436796174529e-04
12                                    -5.4116951772013970e-03        -4.1836653394941772e-03         3.5475990840210751e-03        -1.1051903604658542e-03         1.3615504141637527e-02         4.9627774718754084e-04        -7.3129807154012579e-06         9.7055516381195560e-05
13                                    -2.2976564585139678e-02        -2.2073035757247286e-03        -2.4856682397138077e-03         3.9753579863461000e-03        -2.1640704814256530e-02        -7.3255402663173833e-04         3.3095871021757662e-06         2.5260174656169050e-05
14                                    -2.9828153270127087e-02        -4.0914414427390897e-04        -8.0263881438991710e-04         2.2482785951471961e-03         4.3489676976322764e-02         1.5852905307743219e-03        -2.0013374442512894e-05        -9.8337575123409119e-05
15                                     1.8476587744111490e-02        -2.4807516951197161e-02         1.0251798890365742e-01        -1.6789055685684329e-01        -5.6874262807257399e-04        -5.4570071241525177e-04        -4.3449461881595630e-05        -8.1312247893121966e-04
16                                     5.1532414385646683e-03        -8.2512750303913984e-03        -1.2995780808514359e-01        -1.3490845626255751e-01        -2.2946986147136180e-04         2.9189617646355310e-05        -1.1088288636412698e-04         2.1572942181919729e-03
17                                    -2.0309678488273594e-03         4.7215097450424596e-03        -2.8900608728190103e-02         1.6933119715424851e-02         1.2383230161464834e-04         3.6906092511685035e-05         3.1209070130993141e-05         2.4631284747457987e-04
18                                     3.2953127675741734e-03         1.1550088571815163e-02        -1.6752905507378471e-02         8.7446542221629696e-03         4.1583018277701447e-05        -4.6445753947271600e-07        -5.0846156574587274e-05        -1.0307367400630046e-02
19                                    -4.6061158787485132e-03        -6.0474100982323932e-03         3.5919134460592056e-02         2.4790294680759890e-02        -4.7351859669951966e-05        -2.4258001540686621e-04         1.0245828192609479e-04        -5.0658071054297454e-02
20                                     5.4988758498975628e-04        -7.3719060873429364e-04         4.2937856870477707e-03         2.8825149747477356e-04        -2.1346140646276874e-05         1.5991457806571757e-04         1.2711979935869982e-05        -1.8075770620194897e-02
21                                    -8.6342740519525091e-03         1.7310645098607060e-03         5.9416626523851386e-02         1.1563566435376546e-01         2.5595572098495087e-04         3.6574010270244538e-04         1.7498870521245023e-04         2.2243072461657334e-04
22                                    -5.4855955357660706e-03         5.4653220922166743e-03         5.1177474935923867e-02         9.2496498976698524e-02         2.1948800984600359e-04         2.0153466160608899e-04         7.0720162200226991e-05         1.0955413554484057e-04
23                                     5.9505136574091399e-04         1.5938565596920062e-04        -5.0084286492142202e-03        -1.0242260554256774e-02        -1.2317363398409365e-04        -4.8889313101418170e-05         5.5648720173892655e-05        -1.1544875423630016e-04
24                                    -1.1210919891155322e-03         3.5325304862131421e-03        -1.4375437392384088e-02        -2.6999960419129116e-03        -6.6376074995746514e-05        -9.0703316977894022e-05        -3.8986196220687779e-04         3.8071799376021467e-05
25                                    -1.2068315530693360e-03         9.8400140293424627e-04        -4.9821802052904696e-03         1.4027598677309979e-03         5.9367113058112074e-07        -6.4900261984851340e-06         2.5603168728877552e-04         7.8354419930485000e-05
26                                     7.4752960864875697e-04        -1.3227513014203638e-03         2.5150589686400819e-03        -1.8089586254702715e-03         6.1777207673146183e-06         1.6878272285626924e-05        -9.2741955181174741e-04         2.0345818848390548e-05
27                                     3.1064956316436218e-04        -8.5372329171976556e-04         5.8539644934182792e-04        -4.9739142810953253e-03         2.4446485604508254e-05         5.1110473054700443e-05         2.1432474755202224e-02         4.4936576887718969e-05
28                                    -1.1772831513175814e-04        -2.4564105506440123e-04         2.2708522899846949e-04        -4.3390339750463897e-05        -1.2339219023102137e-05        -8.6055040598782076e-06        -1.0730515646749712e-02        -6.3782133608536851e-06
29                                    -4.4009157821868326e-04         5.8243156185144613e-04         7.2939882917479211e-04         2.2944273405511415e-03         1.4907579221039887e-05         2.4692067476458438e-05         4.2340911934060227e-02         7.4509604622144724e-05
30                                     1.6214387498604968e-03        -2.0836701118884531e-03         1.1988757781044598e-03        -7.4625148375765523e-03         2.9237036184774694e-05         2.8069103482517685e-05        -5.3360455900736234e-05        -3.5274862187776396e-05
31                                     2.0289999216296828e-03        -2.7709995234503669e-03         4.6255359418108490e-03        -5.7659136539463442e-03         8.7376833756426978e-06         2.2900691592738658e-05        -1.4537136289738124e-04        -4.5306845273526787e-05
32                                    -9.8506387203024424e-04         1.3788399087895111e-03        -2.2461267822831933e-03         3.0308754858760912e-03         1.7569920397652010e-06        -5.8141349093919266e-06         7.9254975673258369e-05         1.2907418958770104e-05
33                                     2.9450738755514906e-04        -8.1569352920981230e-04         8.3499858520850610e-04        -2.5247252240594570e-03         2.0475797726943746e-05         1.8884293199461957e-05        -2.7376299603222324e-05         2.0125047927732333e-04
34                                    -1.5728546336351052e-04         8.4657937142438829e-04         3.5625677076243917e-04         2.5360890828780608e-03        -1.2439233212011789e-05        -9.4258531423087591e-06         1.0737599687561828e-04         1.0816953299201698e-04
35                                    -1.3666993750910154e-04         5.5455533250115419e-04        -3.6273363438846175e-04         1.4378571742922387e-03        -7.2160090711312795e-06        -1.0069009651532868e-05         6.3229398704069096e-05        -1.1104720897022377e-04
36                                    -4.5063613215503839e-02        -1.6359679859552650e-02        -7.4357568723916042e-03        -2.8453326359724846e-03         1.5527577334932137e-02        -4.1837273254251928e-01         2.9733297083497760e-04         2.2602661996942381e-03
37                                     5.5466322469927873e-02         8.5603719873052729e-03         1.4446277645952766e-02        -2.0604794148884865e-03         1.2489119005290582e-02        -3.3890291426737584e-01         2.4633612575020392e-04         1.4463706053526348e-03
38                                     1.1064013359397169e-02        -1.4431632890638660e-01        -1.2212879581803979e-02         2.4883436447149306e-02         4.2728225368043828e-04        -8.2684883095838352e-03        -1.4140286366075892e-05         1.9001452284992236e-04
39                                    -4.0994052635062783e-02         2.2080140426110367e-01        -1.0724992962175904e-02        -2.1178887013794767e-03         4.8646437652459630e-03        -1.3726798672583976e-01         8.4656495019910205e-05         2.3749281169467939e-04
40                                    -3.1765954004938375e-02        -7.0092616895240434e-02        -5.1144778269846579e-03        -2.9992307312896448e-04        -1.5840688719450061e-02         4.5443248289509236e-01        -2.9747245084254804e-04        -9.6520131696111635e-05
41                                     1.9677232253436299e-02         1.7073996974927813e-01         2.7242869175877638e-03        -4.6706698359822866e-03        -1.1464738971017614e-02         3.2483386674383596e-01        -2.1107122089129905e-04         1.5563650957983781e-04
42                                     3.2296847088999915e-02         5.3217294628208553e-03         6.4994955227282861e-03         3.3378390193524558e-03        -1.6785100465155075e-02         4.5919109451678425e-01        -2.9124847343290163e-04        -3.8591189685526954e-03
43                                     3.2477718624182979e-02         2.0422125835666480e-01         5.1387475095939969e-04         2.2573180267172290e-03         9.9498812716178296e-03        -2.7194768575773232e-01         1.7300496054750833e-04         2.0579169173121285e-03
44                                    -1.4246017602195453e-02         1.9459149426101802e-01         1.3988886200168844e-03        -1.0405704256833582e-02        -8.6212008787781048e-03         2.3256194523981369e-01        -1.5311107106497990e-04        -9.1785221565890288e-04
45                                     1.9848484769824978e-02         7.0891394227294999e-02         1.3190271526007447e-01        -3.4070657601878669e-02        -1.6074203314018762e-03         9.9936222918979075e-03        -7.2485989594240469e-04        -2.0260753003409404e-02
46                                    -2.4541378911873911e-03         4.7439227889480751e-01         1.9751694413396217e-01        -7.8779540363877937e-02         4.9898084032344494e-04        -3.4573474083064498e-03         4.0022083646378193e-04         1.2041589340420909e-02
47                                    -2.4835310228776282e-02         2.8581249595623809e-01         1.6914299648782567e-03         9.2805784948700836e-05        -3.6714423382305436e-04         3.0235412134219414e-03        -3.5744151562172772e-04        -9.1788579918329199e-03
48                                    -4.8622228521782822e-02         5.5258133776240792e-01        -1.8852926085126839e-02        -5.2223882323060911e-02        -5.0325337075917992e-04        -4.5042765293488822e-04         1.4288964985294456e-04         7.1777660587892950e-03
49                                    -1.4346379429047693e-02        -2.7502665714151556e-02        -8.1274469870329394e-02        -4.5208489670128318e-03         1.1384331269461919e-03         5.9684207957549249e-03        -4.4774084336083903e-04        -2.0851082905929103e-02
50                                    -6.1742820393156607e-03         1.9234844193104619e-01         6.5584015032307930e-02        -7.0721915089262408e-03         1.3919199390761547e-03         1.8859201571240843e-03        -3.2002424467833735e-04        -1.5571249224899008e-02
51                                     1.1708048796981180e-01        -1.2958137444593825e-02        -1.5941838344522825e-03         1.2669760483402414e-02         1.3378633489901450e-02         5.4362597294873036e-03        -4.3126800837718778e-05         5.4683420576063044e-03
52                                     2.9779772212714450e-01         4.4315371069077639e-02        -2.0000934703055370e-01         1.2954543853590608e-01        -2.3683750063691450e-03        -2.6488065123227367e-04        -8.8452472332914388e-06        -3.9826291636611854e-04
53                                     1.2029364750347379e-01        -2.4935119349092667e-03        -2.3709259848908752e-02         1.9161396812306865e-02        -8.3218977582003809e-03        -3.9891874663507644e-03         2.9318996811881531e-05        -3.8854731048280785e-03
54                                    -2.2548305942159044e-01         1.1813764810026408e-02         1.0591429391974067e-02        -4.8574430119579598e-02        -1.7854724080683716e-03        -3.7082372705222505e-03        -1.8069026004033012e-04        -3.7443839394222501e-03
55                                     1.7229907675150086e-01        -3.4358665637981387e-02         6.5056226938666667e-02         1.5532200975225383e-02        -2.3201882361798976e-03        -2.0822201818184085e-03        -1.4261927695106698e-04        -2.0541724748689080e-03
56                                     1.2126735356381350e-01        -1.3067285217516654e-03        -4.8629609690981734e-02         1.8887035390405555e-02         3.5312031089239663e-04        -2.6909713380114013e-03        -1.3028738507691744e-04        -2.3017163680690051e-03
57                                     1.1635168224073608e-01         5.8635476480677157e-02        -8.4080269418268065e-03         5.7917039495294885e-03        -1.4528538159284637e-01        -5.1988042009308089e-03         4.2104813485329556e-05         7.9991601429335547e-05
58                                     7.0227030688860603e-02         1.6699179409610763e-02        -6.3830451111918027e-03         1.0746506673851403e-02         5.1749044435419345e-01         1.8588803011649942e-02        -1.5916182238980822e-04        -1.2599545548880935e-04
59                                    -2.9018175212318209e-01        -5.9245260784366090e-03         3.8566463978949614e-03        -3.1887239581553171e-02         1.0748602405773310e-01         3.7475776706570188e-03        -2.3071758465765559e-05         1.3426316151169288e-05
60                                     2.3414261015313778e-01        -3.1388808216392546e-03         3.2596152955531020e-03        -5.9484890744868442e-03         4.4166367388703393e-01         1.5778350977586682e-02        -1.7955085836499258e-04        -1.3440993022625302e-03
61                                     4.0410996434117691e-01         4.9666507766244948e-02         1.9607547571060860e-03         1.1099056114619945e-02         4.5755953605660206e-03         1.1471472195166918e-04        -2.8691696016196005e-06         2.3742812872839184e-05
62                                     3.2219278556002900e-01         2.1913321855735663e-03        -1.9557269314899785e-03        -2.1552847594053315e-03        -3.0313885001153573e-01        -1.0715719131630707e-02         1.1924046892921366e-04         9.2120674345146862e-04
63                                    -3.0622223544518734e-01         6.5753579072484738e-03        -6.2228161787885698e-03         2.4688012759907512e-03        -4.5333073291455400e-01        -1.6587243838778968e-02         2.0268768782575030e-04         4.9078988064558841e-05
64                                     2.3256514707324399e-02        -4.1146278925728690e-02         7.9794872918015434e-03        -6.1952428995242824e-03        -2.7552980131551436e-01        -1.0158051043090003e-02         1.2376243595533869e-04        -1.1186293383114267e-05
65                                     3.8536769722534714e-01         1.9346887701416300e-02         4.3241006090019391e-03         6.5721215951137805e-03        -3.0204770066143266e-01        -1.1043991424648202e-02         1.3129521216593087e-04         4.4735993838744507e-05
66                                    -3.3125654862765447e-02        -7.0905570740875029e-02        -3.1190229005423212e-03         4.4274546053000456e-02         2.9622702751695929e-04         5.5468717490630602e-04        -5.3605775632463697e-04         2.8034511440294474e-01
67                                    -1.8819354868696989e-02        -7.9734068421637039e-03        -3.0918304007379042e-02         4.5424773937534496e-02         2.0170179437095060e-05         5.0282307000381731e-04        -2.8179662472987174e-04         2.3398071604734602e-01
68                                     2.2308218987979189e-02         3.4756126808096782e-02         2.5302778014374069e-02        -2.3326003942401780e-02         4.0271413456098771e-04         1.9785116177963376e-03        -1.0383026161119330e-03         6.1940126865956713e-01
69                                    -4.3357925511021161e-02        -9.7432554151414399e-02         2.9200123832007780e-02         4.0216784168383556e-02         2.1195452571884762e-04         1.8108591337078041e-03        -3.4458557064721319e-04         2.1402686788926600e-01
70                                    -9.8638141262631530e-03         2.3111015010196367e-02        -4.7045169184221296e-02         5.9183058983076575e-02         2.4005391599656555e-04         1.5292703873368910e-03        -6.2243464404304995e-04         2.9392439988092783e-01
71                                    -2.7962726615906049e-02        -3.5996177850368315e-02        -3.6362911546018020e-02         4.0926749720163073e-02        -3.4417282312451002e-04        -2.8658260907849053e-03         7.9622703656665708e-04        -4.1368486739527022e-01
72                                     1.1487375591188360e-02         2.0324733936966165e-02        -1.8771339750107034e-02        -1.9503945035683739e-02        -4.1527646594313733e-04        -2.2614143501316322e-03         9.3566401046774885e-04        -3.6387186219255557e-01
73                                     6.0115362114256096e-02         7.4314517845951014e-02         4.2920316198634678e-02        -1.5356707660024718e-01        -1.7958601404883105e-04         2.6406182440752456e-04        -3.1460362070998352e-04         4.3557742554438159e-02
74                                    -3.8494289967596279e-04        -4.2117302856484982e-03         3.0204944533258050e-02        -1.5454845255593042e-02        -2.2080420549422803e-05         1.3150822396992658e-04        -1.7025382405583546e-04         8.3638500175145965e-03
75                                     1.8759709319707990e-03        -2.2511692429083127e-03         1.2193439135916358e-03        -8.6117875074277171e-03        -1.8550278111937452e-04        -3.8414927457085029e-04        -5.6704360550358501e-01        -1.0068422072150465e-03
76                                     1.3066189223978418e-03         4.8087164698330511e-03         6.4006388902323619e-03         9.8580392015254325e-03        -2.4133933393420752e-05        -2.2987658602109239e-05         1.8551807050373691e-02        -2.7768761198287507e-05
77                                     1.2449791071202173e-02        -1.3159202073511341e-02         6.5412292608442559e-03        -3.4375515310972528e-02         1.0178141136092009e-04         1.9627288008577416e-04         7.3041005819069499e-02         6.3454109383788424e-05
78                                     8.3335230304930827e-03        -3.5021462111611782e-03         7.3781232741599694e-03        -4.1388701348551151e-03         3.3544326368391123e-05         8.6130976666683810e-05         1.3032149972767873e-01         1.9419080517108086e-04
79                                     4.1856102106345361e-03        -3.4761478511404209e-03         4.7814804652477087e-03        -9.5735296657731059e-05        -1.1272169149366923e-04        -2.6684000600614091e-04        -4.0008725756081331e-01        -6.7696325786022584e-04
80                                    -2.3198929685349949e-03         3.0253142809120049e-03        -1.5404207380369525e-03         2.7107309267128386e-03        -1.0244054385271436e-04        -2.5290018908313166e-04        -3.7081149740727770e-01        -7.6436962199759946e-04
81                                     1.3523810582111843e-03        -5.3623811803420749e-03        -7.2257806292082023e-03        -5.0335699651248116e-03         8.1464403021613970e-05         1.1966901132713088e-04         1.9288774832790903e-01         5.2289052265744838e-04
82                                    -2.7148905843932644e-03         2.6971775309618494e-03        -2.2326265816028173e-03        -3.6142362581910063e-04         2.2703440746520622e-04         3.4303187631820706e-04         5.0197472551743272e-01         9.7387877173241220e-04
83                                    -6.6221325877633616e-03         3.9003242705658229e-03        -1.2332096845164486e-02         3.3098097916715221e-03        -8.4289683375610418e-05        -1.4594565804172473e-04        -1.8127134427442540e-01        -1.2938315274799741e-04
                                                        72                          73                          74                          75                          76                          77                          78                          79

0                                     -4.2842148894454658e-03         5.1231473632753497e-03        -8.2166961487931626e-03         4.2654203217822040e-02        -9.7652827041791804e-04         7.4642474842259138e-02        -3.1866319522998857e-03         1.4236682650348453e-02
1                                      2.6393481461922099e-04        -1.2227715876725147e-04         1.4248786397788246e-02        -6.6901397868505047e-02         1.4639046954380405e-04         3.9814118433156062e-02         7.9105621936473736e-03        -3.1447105636840771e-02
2                                     -1.8884879735060951e-03         2.7585913429862617e-03         2.7421574494619640e-03        -1.1864460724815871e-02        -1.1841571577970387e-04         2.7867149051106384e-02         1.6863105307819671e-03        -6.1864776244498357e-03
3                                      3.4982360851843572e-02        -3.7248968548688671e-02         3.1306316059121564e-03        -1.4612043015250485e-02        -3.7265822620244279e-04         6.3893091231264527e-03        -8.3812613259205433e-03         3.7486220535987068e-02
4                                     -4.3502843681718396e-03         2.9091380411815334e-03        -7.0604011891178126e-03         2.7498563709119975e-02         2.0636473066733586e-04        -4.1137413888248930e-03         1.4423204748009708e-02        -6.2791266796262554e-02
5                                      3.4006830126474749e-02        -3.6401217740003794e-02        -4.0932289362921965e-03         1.2470218063437450e-02         2.4058993077135513e-04         2.1874313801385197e-03         6.2397546277494957e-03        -2.4160640307983518e-02
6                                     -3.3998044657045540e-05        -8.3365637625841234e-04         1.6671237325997013e-05        -1.1805945553107951e-04        -8.3602438624948296e-05        -2.1165122613466992e-04        -2.7502726055140300e-04        -7.7572945530782409e-05
7                                      3.2869339724597978e-04         3.4217981453150585e-04        -3.6417679415202096e-04        -1.2153955292920035e-04        -3.9826779860807396e-05        -2.0366402632111051e-04         3.4995862727453845e-04         4.5665153830255415e-04
8                                     -3.4819583596893306e-04         1.7119104815956860e-04         1.7371318258409942e-05        -6.9645020847312783e-05         2.9294767552974424e-05         6.5979005017959328e-05        -1.4020654680978967e-05         7.0985170359031419e-05
9                                     -1.6687230213720917e-02        -1.4425966496584475e-02        -3.5530825409573960e-02        -7.3016426382804750e-03         3.4969653056197134e-02         3.5147299342444429e-04         6.5701787048031313e-02         1.6190907272671376e-02
10                                     1.4575798301490590e-02         1.5009766893504925e-02        -1.1737718650114984e-02        -2.4510696514758669e-03         1.4547961201417471e-02        -7.7772145856283987e-05         2.2050176431222607e-02         5.5285453545629000e-03
11                                     4.5115486996941699e-02         4.2696265799397851e-02        -2.2744633416930506e-03         3.2842614539454916e-05         8.0044895488086340e-03        -2.8225124522533246e-04         4.6440654927407277e-03         3.5295172684259799e-04
12                                     2.5305450260061429e-03         1.8826293306338122e-03         5.2816451611142325e-02         1.1491244141754883e-02        -4.3751476869547196e-02        -1.1874835224462031e-03         5.2237478172117602e-02         1.0724197625957962e-02
13                                    -1.9862604248061535e-03        -3.3895719603919319e-03         5.6136020384334732e-02         1.2371765014526769e-02         5.4314266200149640e-02         4.4292041001925348e-05         1.3118845787568527e-03        -2.0918051179383520e-04
14                                    -3.5082926383040738e-03        -3.8314747870011670e-03         1.7222467707256977e-02         3.8473707091615482e-03         3.9842874395297066e-02         3.1719046425973598e-04        -1.1828645278429998e-02        -2.8543364238230091e-03
15                                     2.1151521054772344e-04         2.2859699819530090e-03         1.5526151665699087e-05        -1.4536174013759221e-04         4.9094104519418916e-04        -3.1444384345587353e-04         4.4062641783497545e-04         3.9593035965094174e-04
16                                    -5.2714885545901836e-05         2.0612801541009786e-05        -2.7285341853993891e-04         9.5850319324577968e-05         2.1464114281572819e-04        -1.1481942588793429e-04         8.1907796952552635e-04        -4.9451979225295694e-04
17                                     9.8990094406017494e-05        -4.5525429366391826e-04         1.3638322039192328e-04         1.7639927811181388e-05        -1.7250136831898418e-04         1.0477140393730960e-04        -3.3179900967819089e-04         1.4167942341846833e-05
18                                    -7.9373997762641768e-05         4.9315663895240335e-05         2.1335423948743912e-04        -4.6034710281202116e-04        -1.7087822144550873e-04         1.0326123174262391e-04        -4.7612143325779274e-04         2.3185438708244667e-04
19                                     1.3473846494238900e-03        -7.5851869633668462e-04         5.0263130796321063e-05        -2.3072507713788910e-04         5.9189841668272477e-05        -5.9277397829403347e-05        -2.7975314060647524e-04         2.9027826335810132e-03
20                                     1.3204321994803321e-03        -1.0674039143246906e-03        -6.8230986429031464e-04         3.0484725424575624e-03        -2.6722734411746486e-04         4.9808635506985797e-04         2.0000465367057143e-03        -1.6094463851222388e-02
21                                     1.6002334173159370e-04        -7.6583598843380050e-04        -1.5833311436784766e-04         7.0043560809459073e-05        -6.6143102427033008e-05         1.3944729178763226e-04         2.7497056771339239e-04        -1.4152344452959692e-04
22                                    -1.9339078040247308e-04        -6.4766907708182022e-04         1.3139541935302566e-04         4.2905421573361300e-05        -2.4631884537252977e-04         9.1154584457783414e-05        -5.2960412805875363e-04        -1.0215700423891760e-04
23                                    -1.2340019781064866e-04        -6.4906227767248182e-05         1.4801845749858253e-04         3.5138039188185765e-05        -1.8115120353907635e-04        -1.8355742225006340e-05        -5.4335736689908241e-05        -3.6288849835463607e-05
24                                     1.1104689533176741e-05         2.2045769753853693e-04         2.0100030083689365e-05        -1.1425576152112696e-05         4.5935410095063566e-05        -3.7812510351278026e-05        -8.3868533448637020e-05         4.2110741806658223e-06
25                                    -1.0175934625264304e-05         3.3809911095916925e-06         6.6442144604093636e-06         2.5871482141205298e-06        -1.2210638181337250e-06        -4.3262664120681981e-06        -2.9497925158021555e-05        -1.9998328421946211e-05
26                                     9.3496187574460945e-06        -3.7300512883156591e-05        -4.2837824356893826e-06         5.6896600678870688e-06        -7.7529016755041872e-06         5.7992042063705055e-06         2.2794553602991972e-05        -5.7273309652470098e-06
27                                    -4.7213434386462906e-06        -7.5712480182537229e-05        -9.8817993066728845e-06         8.3852749594863522e-06        -3.4014041311839451e-05         1.0918908207741441e-05         1.4164952031555381e-04        -4.0586406242268756e-06
28                                     4.0898580931536837e-05         1.2319551813486921e-05        -2.4778782584879358e-05        -4.0645216304138100e-06         2.8363778663966468e-05        -3.7027593172915314e-06         1.1640181675337369e-04         1.7867233229445915e-05
29                                    -3.3008834377235123e-05         5.1315363446231755e-05         3.8582435204870339e-06        -5.6073571013270005e-06         1.5359347234552753e-05        -3.8729811703893625e-06        -3.6743761509844078e-05         8.4982021573180366e-06
30                                     1.0106750090054782e-06        -6.6859743028913548e-05        -1.5018792366452068e-05         4.7416802263619303e-06        -4.1761383645308317e-06         1.2454404224422845e-05         3.2523489777694164e-05        -2.6546187592953438e-06
31                                    -3.0839748417498204e-06        -5.5417980559180498e-05        -1.3827899381667978e-06         4.4518304247706667e-06        -1.8182780666622827e-05         7.2700969554224273e-06         2.5385270271025065e-05         1.8995122446928604e-06
32                                    -6.8210351440982812e-06         1.6172723753305480e-05         6.8473791934704193e-06        -1.1275370498868872e-06         2.7784986028994456e-06        -4.4320130560281096e-06        -2.9314504978041080e-05        -1.0994424569390276e-06
33                                    -7.0499439545195938e-06        -3.6491144900362515e-05        -1.2644892563045805e-05         1.0191265137549497e-06        -2.4279432443755039e-06         8.5186279191388315e-06         3.5877219528412134e-05        -4.8939400257730163e-06
34                                    -1.4841158061678335e-06         3.1354714349845307e-05         8.2808945291085385e-06        -5.7732682899840845e-06        -5.7584603866021505e-08        -4.4089066065308973e-06        -2.2329278426573422e-05         1.1271045824463340e-05
35                                    -3.6371588906436644e-06         1.5689292243629858e-05         8.0531147726110155e-06         1.6522206642020898e-06        -1.6994686348173435e-06        -2.3119148031258414e-06        -2.7462947030698923e-05         3.0835937141722919e-06
36                                     2.3082473645388797e-02        -2.3631346562494777e-02        -2.0412161480896616e-02         7.3550597409629603e-02         5.1294462117240308e-03        -6.0559399446377482e-01        -1.8986641199005023e-02         6.5755119520983576e-02
37                                     1.9616300969386762e-02        -1.9910735902432041e-02        -1.3601984701973723e-02         4.5590499116361483e-02         4.2439603649001307e-03        -4.9303351356480835e-01        -1.4631777780889419e-02         5.0169976899557794e-02
38                                     2.5341480339887562e-03        -3.5543317340701601e-03        -1.3744211597678719e-04        -3.4932964283765746e-04         1.7858518516551579e-05        -2.3301208430763368e-03         4.9309637461672018e-04        -1.3142722827692403e-03
39                                    -1.9552795380076528e-04         2.5748474015408604e-03         3.1437156346658522e-02        -1.4762817105883985e-01         5.2936819695003842e-04         7.2399131680601553e-02         1.7232647707994635e-02        -6.8991320963008779e-02
40                                    -4.8427046034756642e-03        -2.0373077813344242e-03        -1.0600477577936714e-01         5.0062498773309749e-01        -2.2731555357138312e-03        -2.0363097736184235e-01        -5.7006345729291939e-02         2.2727259741775624e-01
41                                    -4.3869343601898514e-03        -1.1501347000187857e-03        -7.8069335802228731e-02         3.6823767824641518e-01        -1.5606860972097118e-03        -1.4776018217274722e-01        -4.2411553965828741e-02         1.7085918553025642e-01
42                                     2.8960169047795289e-02        -3.7880018026157189e-02         8.7097799634357070e-02        -4.3404084288236949e-01         5.7970671213519107e-03        -3.5650750096757300e-01         3.8543313515039916e-02        -1.6574688387988845e-01
43                                    -1.7967232982793697e-02         2.3105793328751255e-02        -5.0254363838115670e-02         2.5143642871454158e-01        -3.4698581732213849e-03         2.2219428303827146e-01        -2.2335090031732983e-02         9.7197808800763383e-02
44                                     1.3773910898982935e-02        -1.8299105915550631e-02         4.5814093479112569e-02        -2.2888082887541358e-01         3.0256577999661777e-03        -1.8593446933945401e-01         2.0691601235609314e-02        -8.9668945884725959e-02
45                                    -4.7966020716316349e-01         5.0613821190639052e-01        -1.7103466532272890e-02         1.0156763329286278e-01         2.2134480568484862e-03        -6.5017836378140195e-02         6.0557122904256980e-02        -2.8408275592695414e-01
46                                     2.6553593393130293e-01        -2.7946705843951003e-01         8.2119079713222926e-03        -5.3398368159199724e-02        -1.9077223075992837e-03         3.5287968466179258e-02        -3.4590212468696362e-02         1.5481472373576266e-01
47                                    -2.3949067922055772e-01         2.5113070478795563e-01        -8.2711271387115315e-03         5.1615518162924048e-02         1.3368973634740415e-03        -3.4650829682899474e-02         3.1995992354032075e-02        -1.4766383504098288e-01
48                                     6.7999091664837599e-02        -7.3272482730092972e-02        -2.1858088785449533e-02         7.9085680787172014e-02         9.0805023707992609e-04        -5.3738511646358221e-03         4.0457153006249968e-02        -1.7163240820251527e-01
49                                    -2.1729262678130698e-01         2.4160231433557544e-01         7.5651868423881136e-02        -2.7470561255917214e-01        -2.9572829328669021e-03         1.6909484917802316e-02        -1.3892413438924064e-01         5.8658116678616279e-01
50                                    -1.5323285207165371e-01         1.7002865159510702e-01         5.4931985672553356e-02        -1.9781510278143474e-01        -2.5030175815763064e-03         1.1601275605871044e-02        -1.0215202853705120e-01         4.2958271097919604e-01
51                                     4.8156600153501683e-01         4.4587261883400603e-01         1.8298059925004653e-01         4.0496524141407315e-02        -1.3819656146537840e-01        -4.0001460589936316e-03        -3.3488987689605876e-01        -8.7130696864694643e-02
52                                    -4.6139640099599338e-03        -5.2733485564871556e-03        -3.1044119399052227e-03        -3.5320714212302431e-04         1.1583436267717279e-03        -9.5296865067212745e-05         1.9237770998445877e-03         1.9662655440198257e-03
53                                    -3.4370940375013764e-01        -3.1720058046633531e-01        -1.3184892544992746e-01        -2.9530773559493555e-02         9.7824000247047155e-02         3.0312274951444706e-03         2.4336718910211166e-01         6.3391241070638205e-02
54                                    -2.8697985106386842e-01        -2.7800107882267133e-01         2.4357629298210140e-01         4.7703050197816316e-02        -2.8299432222961479e-01        -1.5552109688983108e-04        -4.4797777823540630e-01        -1.0616453881561970e-01
55                                    -1.7048855060895179e-01        -1.6675941770244387e-01         1.4851996184470742e-01         2.9364447588703581e-02        -1.7131320230191069e-01        -5.0343766241995718e-05        -2.6919360396039893e-01        -6.4183577175372278e-02
56                                    -1.8039440578516078e-01        -1.7567019682340781e-01         1.5901195912766564e-01         3.0772371482317467e-02        -1.8645869746506655e-01        -8.4228486540842046e-07        -2.9508834641822818e-01        -6.9418873783768667e-02
57                                    -6.3884171923414687e-03        -9.2443751809754698e-03         1.1926505394861225e-01         2.6309165030609729e-02         1.7114015459776427e-01         7.2410448509019408e-04        -3.0485676895891083e-02        -7.5576151106903060e-03
58                                     2.5813233811467651e-02         3.3992341614193101e-02        -3.8518492722822067e-01        -8.5124571493304532e-02        -6.1430553713238512e-01        -3.0183086479465110e-03         1.2351668953997964e-01         3.0008556174963535e-02
59                                     7.3972662432988884e-03         9.8871103896418892e-03        -7.6072916743829419e-02        -1.6790921878938807e-02        -1.1865327503216364e-01        -6.9210534679774551e-04         2.4130733049692092e-02         5.7289876235302453e-03
60                                    -3.1802505801530503e-02        -2.7477956421448065e-02        -2.6831534973774451e-01        -5.7925349555829571e-02         4.4259451242644482e-01         8.9815123852995810e-03        -3.7644543502360012e-01        -8.0238030743536665e-02
61                                    -1.0588647924144950e-03        -1.0262556832232263e-03         4.4419209513381153e-03         9.0002329274937391e-04         1.1655973198821218e-02         1.1199822648103574e-04        -6.1522794880692656e-03        -1.5718020512647036e-03
62                                     2.0744262531559973e-02         1.7649618196479030e-02         1.9408376253422080e-01         4.2060746227663093e-02        -3.0731330961667219e-01        -6.3659161725859587e-03         2.6741147308220831e-01         5.7146039912416291e-02
63                                     6.6293752251998534e-03         1.4591530024444929e-02        -4.8178514701312741e-01        -1.0580760791268323e-01        -9.0770816774817117e-02         4.4437175734609062e-03        -2.1691442542377284e-01        -4.0959922548949104e-02
64                                     2.2151323724189514e-03         7.4018379957282365e-03        -2.8739971743855497e-01        -6.3135667835618914e-02        -4.3973569217141094e-02         2.7583449907366115e-03        -1.3242792853123450e-01        -2.5057664149929364e-02
65                                     2.5275874380423671e-03         7.8040504283872370e-03        -3.2497372890008364e-01        -7.1373337608332754e-02        -5.3938437524242419e-02         3.1216380026186405e-03        -1.5283573983721910e-01        -2.9113329993152786e-02
66                                    -1.0864677340969884e-02         8.3506808862609493e-03         2.2493141171785040e-03        -1.0906292241903136e-02         1.0601798356865073e-03        -1.6384434070895416e-03        -6.1622013926404678e-03         4.7908041074815721e-02
67                                    -8.3500603516782675e-03         6.8510716261085021e-03         1.6699845115976037e-03        -8.6957636024285589e-03         1.1156823678819016e-03        -1.4699443678570098e-03        -4.9206183277982918e-03         3.9551819846677216e-02
68                                    -2.2309120292021280e-02         1.6982639549514324e-02         4.5407199380263037e-03        -2.2588163616144668e-02         2.4290860293392481e-03        -3.9757977775382843e-03        -1.2512050475701017e-02         9.9917778843715194e-02
69                                    -4.5631691185289425e-03         1.8488834239239655e-03        -1.4953575953812030e-03         7.1487602342477051e-03        -9.7428113753958662e-04         5.1737345413190158e-04         6.1709746658147749e-03        -5.2644202217540931e-02
70                                    -5.1549951322382888e-03         9.6824930872811037e-04        -2.3867013044618587e-03         1.2656226342294886e-02        -1.6550593955358352e-03         2.6841202061960749e-03         7.6874688927125031e-03        -7.0998904631490167e-02
71                                     7.7258153241965338e-03        -2.5514732243182969e-03         3.1282098595547428e-03        -1.5231060953024365e-02         1.8548301902032356e-03        -2.4141016543857761e-03        -1.0975226844463320e-02         9.5791708899346947e-02
72                                     1.1434827540368592e-02        -7.1558116012766281e-03        -1.7857066280436550e-03         4.4247546196361544e-03         1.4736206885970411e-03        -1.8663351624827626e-04         2.7947891118374596e-03         1.0183025267960411e-02
73                                    -1.7390950944689463e-03         1.9959715433090406e-03         3.8721238311142844e-04        -1.2052388188886884e-03        -7.6314535101685619e-05         8.2586167874138105e-05        -5.9043201852419791e-04         5.2080455783107456e-04
74                                    -1.1337644941734957e-04         8.1658453262261528e-05        -2.3497015444295195e-05         1.6205424417730155e-04        -7.7616296880287766e-05        -1.0398615670891165e-04         2.5798882307032111e-04        -2.6205870241213995e-03
75                                     5.0459256514753998e-04        -4.5199784600013745e-04        -8.8130769130310369e-05         3.2129215903160635e-05         1.8262414179312221e-04         3.8308495677847780e-05        -8.4677503992083782e-04        -9.2465083289609452e-05
76                                     1.0272505736406174e-06         9.5211897742240010e-05         2.2470277124304138e-06        -1.9087673869523131e-06         9.9417327023367611e-06        -1.3011941441726288e-05         4.7274857253465034e-05         7.6677734702538873e-06
77                                    -3.4772946911881037e-05        -2.9599649534978455e-04        -2.2388982509065669e-05         2.7954817580870874e-05        -9.3678896461033437e-05         5.2345604883498515e-05         2.2019221915747428e-04        -1.2887797709795289e-05
78                                    -5.5587346075587372e-05         1.5068801120293645e-04        -8.7790613847509490e-06        -2.4218674314679660e-05         5.8171627504815181e-05        -1.7437095749237074e-05         7.6016400480719806e-05         4.3974388719697906e-05
79                                     2.0681296960957249e-04        -4.1011513354596710e-04        -3.7057321588407246e-06         5.6777995251457489e-05        -1.6194939962120951e-04         4.6908297238445939e-05        -7.0043463720437436e-05        -8.7440296555705519e-05
80                                     2.0260085616192669e-04        -3.6112365713828371e-04        -6.4922526212767549e-06         5.4286804301391298e-05        -1.4529537238484801e-04         3.9776187968813691e-05        -4.5851392561028686e-05        -6.7745723667305181e-05
81                                    -2.6316895715262765e-04         1.2739667719971498e-04         9.8020668459409502e-05        -7.6435066554658824e-06        -5.9931959110357283e-05        -6.2334328417039610e-06        -4.8924969615638805e-04        -5.6853355064594269e-05
82                                    -6.0630423726191411e-04         2.7729165094649949e-04         2.0928115140024812e-04        -2.5857051824446110e-06        -1.3087935461608195e-04         2.3221357521789609e-05        -1.2221155419263683e-03        -1.2507710642950924e-04
83                                     1.9913602657000587e-04        -5.8195011228093258e-05        -6.9449876034374753e-05        -1.0138883814295874e-06         5.9257541504086544e-05        -1.8189982111930106e-05         4.0907960617520613e-04         3.4394306295131432e-05
                                                        80                          81                          82                          83

0                                     -7.5674368359090333e-04        -3.8629932886842844e-06         4.2104382204693212e-06         1.1470655111722589e-04
1                                      3.8732482534484395e-03        -1.9885821796047444e-06        -7.5540018303736001e-07         1.0298216652096305e-05
2                                      8.3848801941518558e-04         6.9898613777367757e-07         3.8000144632046932e-06         4.7482688031311663e-05
3                                     -6.9711911531852300e-03         4.5789908473812818e-06        -9.5765733210862974e-06        -6.4072070196345330e-04
4                                      1.3037378538877778e-02        -7.3991903495182341e-06         7.6659277884750010e-06         1.2684875135813064e-03
5                                      5.9038679917181296e-03         1.1812027551429785e-07         4.9662734525789123e-06         7.4715004456164726e-04
6                                     -1.0756253193475872e-04         1.2453950336130200e-05        -4.0785062553790637e-06        -1.0947234550825933e-04
7                                     -1.2468076252560755e-04         6.1466409887698807e-07        -3.1589475912049802e-06         3.2566236291359945e-04
8                                      2.6440027838257335e-05         6.8349092866011727e-06         2.5669308019023554e-06         1.2033655886134312e-04
9                                     -1.8015366018060165e-03         2.6258627634948481e-05        -1.1805182572406327e-04         9.6267261828983128e-05
10                                    -6.4606623464153671e-04         2.0119324285694636e-05        -4.2976531029878256e-05         9.4849191466270979e-05
11                                    -1.4310276362498439e-04         2.6576440864913004e-05        -1.9328548325822815e-05         7.9639662318419457e-05
12                                    -6.6260144771748588e-04        -8.2144760917298854e-06        -8.6921782589778344e-05         2.9898213303741641e-05
13                                    -9.2697572494333905e-05         1.1172445107270609e-05         4.9310033646446876e-06         5.4570860364784902e-06
14                                     1.5152418715287352e-04         3.3032015431277400e-06         2.4532354100831486e-05        -4.1488616078356738e-06
15                                     1.4895161060718160e-04        -6.3868906788003076e-05        -4.8039142472534501e-05         3.0251133955553109e-04
16                                    -7.8375856217895179e-04        -3.9548837282930191e-05         4.0791844743501437e-05         1.1715826225156413e-03
17                                    -2.4500709854155008e-04         1.4981014889885185e-05        -2.7003062808354491e-05         8.0478608701572664e-05
18                                    -8.9871666106000996e-03        -2.0525048262497474e-04         3.8148030731766493e-04         8.7580656756490169e-02
19                                     1.7510770625619343e-02        -6.9299343944125825e-06         5.9869379446095366e-05         8.3638967727238615e-03
20                                    -8.4281912714093826e-02        -2.1189657326303499e-05        -1.5869153363975172e-04        -9.8102704387513975e-03
21                                     1.0720532267099600e-04        -3.8961903155879939e-05        -2.1103472213269815e-04        -3.4784356328370209e-04
22                                     1.1650310352967052e-04         7.5595176324211237e-05        -8.4017232584728067e-05        -1.9832456551881637e-04
23                                    -2.5408016289322956e-04        -1.6755744107620157e-05        -4.0536296777583641e-05        -7.6369146853321346e-05
24                                    -5.2264120499801130e-05         1.6551906691933020e-04         3.5151359082879379e-04        -4.6514889999631117e-05
25                                    -2.9331610435656769e-05        -3.2691208367593690e-04         2.0822567839749387e-04         2.3522874011896676e-05
26                                     3.1050591271078326e-06        -2.3003184406674500e-04        -8.3662895538954313e-05         4.3642763101836021e-05
27                                    -9.1147125184224504e-05         3.8739156379531597e-02         7.1120887010211173e-02        -1.7710538456903931e-04
28                                    -5.7291898589945824e-05        -7.1776105664861659e-02         5.0445459714654292e-02        -3.5828824229557565e-04
29                                     2.7330196596857464e-05        -3.7223183069145592e-02        -2.3008186686652578e-02         2.9366989343773385e-05
30                                     1.9905378143242047e-05        -4.5278167372457984e-05        -1.1597636998898293e-04        -4.5178222039892451e-06
31                                     2.1398574832309215e-05         1.2705611462622909e-04        -1.6516272614196462e-04        -2.7911701893529051e-05
32                                    -5.4332545095646069e-06        -4.0072372618786024e-05         1.7926499785755990e-04        -3.1031265085379722e-06
33                                    -9.8553294062919431e-05        -2.0409777219950708e-05        -6.6558855494496731e-05         4.8661630625768825e-04
34                                    -5.5310185288012117e-05         1.6829731634162228e-04        -3.8266116977207207e-05         2.7649526670902631e-04
35                                     4.9722078232361056e-05         2.4302967515110619e-04         3.2002813456611759e-05        -2.4348981075177041e-04
36                                    -1.4180263854663798e-02         4.8596278939425682e-05        -1.0288468216740257e-05        -4.8764561795617927e-04
37                                    -1.1188508073281686e-02         3.9480808646799737e-05        -1.2098981063635390e-05        -3.3070406303433234e-04
38                                     3.2290406212783830e-04        -3.4189175053582571e-06        -1.9728226173546897e-06        -2.7394530364527299e-05
39                                     7.8323652538478377e-03         3.3905683672623336e-06         2.6099966576012770e-06         1.4339821533346904e-05
40                                    -2.6376728800925245e-02        -8.7492486170911430e-06        -9.5987936893617379e-06        -3.6872557920233673e-04
41                                    -2.0202900872592338e-02        -6.0394857484422053e-06        -1.0409245322203501e-05        -5.2921610834499757e-04
42                                     1.6165282952292345e-02         1.6763929188668318e-05        -4.6548886397815142e-05        -3.1942053893650838e-04
43                                    -9.6118106415413671e-03        -8.0481469232586273e-06         2.2073750526933716e-05         1.3397842724281633e-04
44                                     7.9739904869958987e-03         6.3009219266989210e-06        -1.9480147721758982e-05        -4.6774265943812633e-04
45                                     4.8988152115533957e-02        -9.3908158750555019e-06         1.1132295275297603e-04         3.7451883094276146e-03
46                                    -2.6293397876698436e-02         3.4350719543750878e-05        -5.0825768658365428e-05        -2.2142267290343651e-03
47                                     2.5950003906845476e-02        -5.1950399977418759e-06         3.9570976895415725e-05         1.6065074408350604e-03
48                                     3.8655436230503312e-02         6.8800126190067241e-06         5.8178259888320145e-06         3.3934313004336980e-03
49                                    -1.2717995456605527e-01         5.9988025179055417e-05        -7.0259928134043680e-05        -1.3848871166882038e-02
50                                    -9.2420608667649520e-02         3.9659640617813972e-05        -5.1884608541497019e-05        -9.9052197111338652e-03
51                                     9.2601742056216008e-03         7.3330907801816430e-05         5.4598184517592324e-04        -6.1714107984191442e-04
52                                    -2.9391770423344113e-04         5.5316271522310205e-06        -9.4594475767521333e-06         1.0043029623711562e-05
53                                    -6.7292979090601349e-03        -2.8465004622460081e-05        -3.8815537592086323e-04         3.8619360048242247e-04
54                                     1.1916723809081231e-02        -4.0598115141030994e-04         8.8044198439723867e-04        -1.2835693624439503e-03
55                                     7.0475529718821740e-03        -1.9111531656102842e-04         5.2268291812379965e-04        -9.8930150803700303e-04
56                                     7.6800520776024866e-03        -2.2622310319492554e-04         5.8759329731864092e-04        -9.0893960337174861e-04
57                                     1.1217389392119213e-04         4.6989939029266048e-05         7.5130101941136963e-05         6.9018039957168104e-05
58                                    -6.7691379456922759e-04        -1.5504964943763956e-04        -2.7573079550398817e-04        -2.7015438970997408e-04
59                                    -1.7732481393317872e-04        -1.7841057766207874e-05        -5.3468919958491659e-05         6.0242458569888984e-06
60                                     5.0081731302914455e-03         5.6761277922326341e-05         6.6420016655359968e-04        -1.6607120766668653e-04
61                                     9.8651088090973780e-05         5.7031653467506026e-06         1.1916817729452655e-05        -1.4708785822198847e-05
62                                    -3.5682477972887794e-03        -5.7815764342638222e-05        -4.7493488283152332e-04         1.4083540753765666e-04
63                                     2.8828703140522682e-03         2.2080753535048583e-05         2.9928259000646214e-04        -2.1005151219258218e-04
64                                     1.7383805869025824e-03         1.3308966649701633e-05         1.7996011982820021e-04        -1.0317637747752674e-04
65                                     2.0546229690403851e-03         1.5127477068280560e-05         2.1286864866338704e-04        -1.4654634158845980e-04
66                                     2.3588988548384401e-01         1.4961222807625808e-04         2.2986489614376226e-04        -5.9645958325593953e-02
67                                     2.0207205186316066e-01         1.8885187876593307e-04        -1.2947393839863830e-05        -5.7346422334249948e-02
68                                     5.0871538926016113e-01         4.7505705525679450e-04         1.2711550721332586e-04        -1.5436518793946538e-01
69                                    -2.8131449427425548e-01         2.0434044218744187e-04        -9.5602714932167723e-04        -1.2474529017859622e-01
70                                    -3.8120690714465683e-01         3.7672306181710539e-04        -1.2871576839700669e-03        -1.7717373354160479e-01
71                                     5.1470075007143667e-01        -4.5971053327700052e-04         1.8479087153656661e-03         2.4596381385986640e-01
72                                     1.4829203794957929e-01         2.0099951239059420e-03        -3.5144981232386914e-03        -8.6387800280867921e-01
73                                    -1.8405724966423911e-02        -2.3178320513702672e-04         3.8989384309924980e-04         1.1470119895379152e-01
74                                    -1.5437434277800527e-02        -4.9678519557046231e-05         8.8743398209006243e-05         2.6587026656727516e-02
75                                     1.2184638030382270e-03        -4.1231879236055674e-01        -6.4266816026346152e-01         1.6666386191241675e-03
76                                    -6.8388317679866350e-05         7.4840698076959191e-03         2.7777535212206501e-02        -8.2440676815222184e-05
77                                    -4.4568348825693259e-06         4.4680346157991609e-02         7.3790440096065224e-02        -1.6790386835466113e-04
78                                    -1.2917030473288915e-05        -1.7324702154889587e-01         1.5736889132087796e-02        -4.2021326428100258e-04
79                                    -2.1598036172392002e-05         5.4757500938846104e-01        -2.0831631079363266e-02         1.3153021029408173e-03
80                                     4.2378163205225240e-05         5.2225507486358291e-01        -2.7047965899255715e-02         1.1028795009031484e-03
81                                     2.8319549899604200e-04         1.2110803689991327e-01        -2.2499316636358055e-01         1.2567551518489570e-03
82                                     7.5534204058382731e-04         3.0416311027232640e-01        -6.1010882042048586e-01         3.5362751491585425e-03
83                                    -2.5332282274533063e-04        -1.2010772155731034e-01         2.2720827191806905e-01        -1.3697997273586998e-03
$End
$Calculation_Info
   &GeometryIndex 14
   &Mult [&Type "Integer"] 1
   &Charge [&Type "Integer"] 0
   &NumOfAtoms [&Type "Integer"] 28
   &NumOfElectrons [&Type "Integer"] 104
   &NumOfBasisFuncts [&Type "Integer"] 252
   &NumOfAuxCBasisFuncts [&Type "Integer"] 0
   &NumOfAuxJBasisFuncts [&Type "Integer"] 766
   &NumOfAuxJKBasisFuncts [&Type "Integer"] 0
   &NumOfCABSBasisFuncts [&Type "Integer"] 0
$End
$Calculation_Timings
   &GeometryIndex 14
   &GTOINT [&Type "Double"]       5.1051552000000072e+01
   &SCF [&Type "Double"]       5.8926310400000000e+02
   &SCFGRAD [&Type "Double"]       1.6151732000000010e+02
   &GSTEP [&Type "Double"]       1.3076309999999423e+00
   &PROPINT [&Type "Double"]       8.8737580000000065e+01
   &RESPONSE [&Type "Double"]       1.6289078399999994e+02
   &PROP [&Type "Double"]       1.2585421700000006e+02
   &SUM [&Type "Double"]       1.1806221880000003e+03
$End
