*************************************************
******************* ORCA 6.1.1 ******************
*************************************************
$Calculation_Status
   &GeometryIndex 15
   &version [&Type "String"] "6.1.1"
   &progName [&Type "String"] "LeanSCF"
   &Status [&Type "String"] "NORMAL TERMINATION"
$End
$Geometry
   &GeometryIndex 1
   &NAtoms [&Type "Integer"] 32
   &NCorelessECP [&Type "Integer"] 0
   &NGhostAtoms [&Type "Integer"] 0
   &CartesianCoordinates [&Type "Coordinates", &Dim(32,4), &Units "Bohr"] 
              C      8.194909799557    0.401430478615    3.708257950685
              C      7.374195125554    1.497165500656    1.194772620747
              O      4.716339613374    1.265157794968    0.987190683586
              P      3.509481419213    1.972719409730   -1.730168600687
              O      4.490694351017    4.436873816888   -2.735756429591
              F      4.530781602825   -0.230672992119   -3.446897072268
              N      0.529043627747    1.579436844389   -1.609671857820
              C     -0.725558100345   -0.369611269972   -0.817775148310
              C      0.633519593705   -2.699824232018    0.170902088339
              N     -3.360506881453   -0.311397009197   -0.795595205909
              C     -4.949988905257   -2.313712515952    0.258493880414
              C     -5.726018321413   -4.174748941091   -1.790041738651
              C     -4.720036900350    1.927650783141   -1.722442153033
              C     -4.934940108984    3.917625017638    0.340973679837
              H      7.646347795285   -1.588991054058    3.848675695128
              H      7.270024501545    1.391719632760    5.272234397552
              H     10.242728796678    0.547646299679    3.943793586093
              H      8.287017602455    0.477047151768   -0.356355408060
              H      7.896826496788    3.495205445340    1.085850072504
              H      0.786513371082   -2.558700448097    2.227263138914
              H      2.522110758110   -2.894785141864   -0.628116337564
              H     -0.392437215252   -4.422530663250   -0.314030455948
              H     -6.655071070263   -1.498546588103    1.110275973312
              H     -3.985869736862   -3.303451192873    1.799197253900
              H     -6.892673518040   -5.680347420208   -0.984219750645
              H     -6.824725674792   -3.237311345104   -3.271796787246
              H     -4.080349712975   -5.045546611082   -2.689829848441
              H     -6.621410285708    1.400153612776   -2.356509842905
              H     -3.774891205948    2.723395749847   -3.385495996238
              H     -3.072410044308    4.556358063390    0.974556409292
              H     -5.972954164360    5.563877079020   -0.358850205605
              H     -5.940692589727    3.176714744387    1.990374100547
$End
$SCF_Mulliken_Population_Analysis
   &GeometryIndex 1
   &NAtoms [&Type "Integer"] 32
   &ATNO [&Type "ArrayOfIntegers", &Dim (32,1)] 
                                                         0

0                                                        6
1                                                        6
2                                                        8
3                                                       15
4                                                        8
5                                                        9
6                                                        7
7                                                        6
8                                                        6
9                                                        7
10                                                       6
11                                                       6
12                                                       6
13                                                       6
14                                                       1
15                                                       1
16                                                       1
17                                                       1
18                                                       1
19                                                       1
20                                                       1
21                                                       1
22                                                       1
23                                                       1
24                                                       1
25                                                       1
26                                                       1
27                                                       1
28                                                       1
29                                                       1
30                                                       1
31                                                       1
   &AtomicCharges [&Type "ArrayOfDoubles", &Dim (32,1)] 
                                                         0

0                                     -8.1452519235033272e-02
1                                      1.3263654618362608e-01
2                                     -5.0623420791598939e-01
3                                      1.0280977666473348e+00
4                                     -5.8333405378955661e-01
5                                     -3.2700461716337692e-01
6                                     -4.0859955355097632e-01
7                                      8.9463643930987047e-02
8                                     -1.8090866625451341e-02
9                                     -3.3030139255863222e-01
10                                     3.5579200375207343e-02
11                                    -5.1690617335957256e-02
12                                     6.9544566548489506e-02
13                                    -6.2984103312350825e-02
14                                     4.7494511094068992e-02
15                                     4.8346741003105764e-02
16                                     5.5400918249801645e-02
17                                     4.9082755950118351e-02
18                                     4.7068309133524444e-02
19                                     1.0126356799627345e-01
20                                     7.0909301936997071e-02
21                                     7.0704167536852935e-02
22                                     6.9258175340677353e-02
23                                     6.8040312138824888e-02
24                                     5.1906233269428670e-02
25                                     4.4652658312152815e-02
26                                     4.5349688120782439e-02
27                                     6.3343543869560204e-02
28                                     5.1375697259396169e-02
29                                     3.9676451606017515e-02
30                                     4.9588377303502518e-02
31                                     4.0908797680555775e-02
   &Method [&Type "String"] "SCF"
   &Level [&Type "String"] "Relaxed density"
   &Mult [&Type "Integer"] 1
   &State [&Type "Integer"] -1
   &Irrep [&Type "Integer"] 0
$End
$SCF_Loewdin_Population_Analysis
   &GeometryIndex 1
   &NAtoms [&Type "Integer"] 32
   &ATNO [&Type "ArrayOfIntegers", &Dim (32,1)] 
                                                         0

0                                                        6
1                                                        6
2                                                        8
3                                                       15
4                                                        8
5                                                        9
6                                                        7
7                                                        6
8                                                        6
9                                                        7
10                                                       6
11                                                       6
12                                                       6
13                                                       6
14                                                       1
15                                                       1
16                                                       1
17                                                       1
18                                                       1
19                                                       1
20                                                       1
21                                                       1
22                                                       1
23                                                       1
24                                                       1
25                                                       1
26                                                       1
27                                                       1
28                                                       1
29                                                       1
30                                                       1
31                                                       1
   &AtomicCharges [&Type "ArrayOfDoubles", &Dim (32,1)] 
                                                         0

0                                     -7.4143009342704680e-02
1                                      6.6275907089803354e-02
2                                     -2.8381762610838557e-01
3                                      8.7727695306405629e-01
4                                     -5.7028659466198306e-01
5                                     -2.2367502929540350e-01
6                                     -3.8477481642898681e-01
7                                      1.3046766648180697e-01
8                                     -7.5358117160611471e-02
9                                     -2.3578018295016712e-02
10                                     3.8831962238410789e-02
11                                    -6.9002452516544466e-02
12                                     4.0861760051588369e-02
13                                    -7.0021170305309077e-02
14                                     3.1769185768990682e-02
15                                     3.2354812386959364e-02
16                                     4.0469967113219152e-02
17                                     1.7805945618495911e-02
18                                     1.8996626660176319e-02
19                                     6.3374906224596739e-02
20                                     3.8788830805986829e-02
21                                     4.8087411370875688e-02
22                                     4.0258317375234665e-02
23                                     3.6668577084172815e-02
24                                     3.6372220883452488e-02
25                                     3.0917296070566036e-02
26                                     2.8571703976752461e-02
27                                     3.6299325774516555e-02
28                                     3.0715695503063856e-02
29                                     2.5972101971179828e-02
30                                     3.4990003376120016e-02
31                                     2.8529657224843796e-02
   &Method [&Type "String"] "SCF"
   &Level [&Type "String"] "Relaxed density"
   &Mult [&Type "Integer"] 1
   &State [&Type "Integer"] -1
   &Irrep [&Type "Integer"] 0
$End
$SCF_Mayer_Population_Analysis
   &GeometryIndex 1
   &NAtoms [&Type "Integer"] 32 "Total number of atoms"
   &NBondOrdersPrint [&Type "Integer"] 31 "The number of bond orders larger than threshold"
   &bondThresh [&Type "Double"]       1.0000000000000001e-01  "The threshold for printing"
   &components [&Type "ArrayOfIntegers", &Dim (31,4)] "The indices and atomic numbers of the bonding atoms"
                                                         0                           1                           2                           3

0                                                        0                           6                           1                           6
1                                                        0                           6                          14                           1
2                                                        0                           6                          15                           1
3                                                        0                           6                          16                           1
4                                                        1                           6                           2                           8
5                                                        1                           6                          17                           1
6                                                        1                           6                          18                           1
7                                                        2                           8                           3                          15
8                                                        3                          15                           4                           8
9                                                        3                          15                           5                           9
10                                                       3                          15                           6                           7
11                                                       6                           7                           7                           6
12                                                       7                           6                           8                           6
13                                                       7                           6                           9                           7
14                                                       8                           6                          19                           1
15                                                       8                           6                          20                           1
16                                                       8                           6                          21                           1
17                                                       9                           7                          10                           6
18                                                       9                           7                          12                           6
19                                                      10                           6                          11                           6
20                                                      10                           6                          22                           1
21                                                      10                           6                          23                           1
22                                                      11                           6                          24                           1
23                                                      11                           6                          25                           1
24                                                      11                           6                          26                           1
25                                                      12                           6                          13                           6
26                                                      12                           6                          27                           1
27                                                      12                           6                          28                           1
28                                                      13                           6                          29                           1
29                                                      13                           6                          30                           1
30                                                      13                           6                          31                           1
   &BondOrders [&Type "ArrayOfDoubles", &Dim (31,1)] "The bond orders"
                                                         0

0                                      1.0953900501753515e+00
1                                      9.7337758060542967e-01
2                                      9.7258690294680450e-01
3                                      9.6522999058990799e-01
4                                      8.7671267730329550e-01
5                                      9.5488243257796457e-01
6                                      9.5901324266603716e-01
7                                      1.0566891242872261e+00
8                                      1.8600249936855509e+00
9                                      9.5109605435949596e-01
10                                     1.2699996462410943e+00
11                                     1.5498413441568961e+00
12                                     1.0677584548992294e+00
13                                     1.2946398085571866e+00
14                                     9.4110585054542861e-01
15                                     9.4097233994980956e-01
16                                     9.4114087118602352e-01
17                                     9.2757350570532071e-01
18                                     9.2628261519926636e-01
19                                     1.0990654605408861e+00
20                                     9.4832109823654109e-01
21                                     9.5231977731626816e-01
22                                     9.6974453901910096e-01
23                                     9.6655039635008344e-01
24                                     9.6823432264309761e-01
25                                     1.1018940319686787e+00
26                                     9.5154825513357877e-01
27                                     9.4915015933168789e-01
28                                     9.7001833566526241e-01
29                                     9.7154818784469454e-01
30                                     9.6889161012363934e-01
   &ATNO [&Type "ArrayOfIntegers", &Dim (32,1)] "Atomic number of the elements"
                                                         0

0                                                        6
1                                                        6
2                                                        8
3                                                       15
4                                                        8
5                                                        9
6                                                        7
7                                                        6
8                                                        6
9                                                        7
10                                                       6
11                                                       6
12                                                       6
13                                                       6
14                                                       1
15                                                       1
16                                                       1
17                                                       1
18                                                       1
19                                                       1
20                                                       1
21                                                       1
22                                                       1
23                                                       1
24                                                       1
25                                                       1
26                                                       1
27                                                       1
28                                                       1
29                                                       1
30                                                       1
31                                                       1
   &NA [&Type "ArrayOfDoubles", &Dim (32,1)] "Mulliken gross atomic population"
                                                         0

0                                      6.0814525192350368e+00
1                                      5.8673634538163721e+00
2                                      8.5062342079159894e+00
3                                      1.3971902233352663e+01
4                                      8.5833340537895548e+00
5                                      9.3270046171633805e+00
6                                      7.4085995535509745e+00
7                                      5.9105363560690112e+00
8                                      6.0180908666254513e+00
9                                      7.3303013925586340e+00
10                                     5.9644207996247935e+00
11                                     6.0516906173359599e+00
12                                     5.9304554334515114e+00
13                                     6.0629841033123526e+00
14                                     9.5250548890593090e-01
15                                     9.5165325899689412e-01
16                                     9.4459908175019791e-01
17                                     9.5091724404988143e-01
18                                     9.5293169086647556e-01
19                                     8.9873643200372610e-01
20                                     9.2909069806300248e-01
21                                     9.2929583246314729e-01
22                                     9.3074182465932231e-01
23                                     9.3195968786117456e-01
24                                     9.4809376673057122e-01
25                                     9.5534734168784718e-01
26                                     9.5465031187921723e-01
27                                     9.3665645613043980e-01
28                                     9.4862430274060394e-01
29                                     9.6032354839398248e-01
30                                     9.5041162269649737e-01
31                                     9.5909120231944400e-01
   &ZA [&Type "ArrayOfDoubles", &Dim (32,1)] "Total nuclear charge"
                                                         0

0                                      6.0000000000000000e+00
1                                      6.0000000000000000e+00
2                                      8.0000000000000000e+00
3                                      1.5000000000000000e+01
4                                      8.0000000000000000e+00
5                                      9.0000000000000000e+00
6                                      7.0000000000000000e+00
7                                      6.0000000000000000e+00
8                                      6.0000000000000000e+00
9                                      7.0000000000000000e+00
10                                     6.0000000000000000e+00
11                                     6.0000000000000000e+00
12                                     6.0000000000000000e+00
13                                     6.0000000000000000e+00
14                                     1.0000000000000000e+00
15                                     1.0000000000000000e+00
16                                     1.0000000000000000e+00
17                                     1.0000000000000000e+00
18                                     1.0000000000000000e+00
19                                     1.0000000000000000e+00
20                                     1.0000000000000000e+00
21                                     1.0000000000000000e+00
22                                     1.0000000000000000e+00
23                                     1.0000000000000000e+00
24                                     1.0000000000000000e+00
25                                     1.0000000000000000e+00
26                                     1.0000000000000000e+00
27                                     1.0000000000000000e+00
28                                     1.0000000000000000e+00
29                                     1.0000000000000000e+00
30                                     1.0000000000000000e+00
31                                     1.0000000000000000e+00
   &QA [&Type "ArrayOfDoubles", &Dim (32,1)] "Mulliken gross atomic charge"
                                                         0

0                                     -8.1452519235036824e-02
1                                      1.3263654618362786e-01
2                                     -5.0623420791598939e-01
3                                      1.0280977666473365e+00
4                                     -5.8333405378955483e-01
5                                     -3.2700461716338047e-01
6                                     -4.0859955355097455e-01
7                                      8.9463643930988823e-02
8                                     -1.8090866625451341e-02
9                                     -3.3030139255863400e-01
10                                     3.5579200375206455e-02
11                                    -5.1690617335959921e-02
12                                     6.9544566548488618e-02
13                                    -6.2984103312352602e-02
14                                     4.7494511094069103e-02
15                                     4.8346741003105875e-02
16                                     5.5400918249802089e-02
17                                     4.9082755950118573e-02
18                                     4.7068309133524444e-02
19                                     1.0126356799627390e-01
20                                     7.0909301936997515e-02
21                                     7.0704167536852713e-02
22                                     6.9258175340677686e-02
23                                     6.8040312138825443e-02
24                                     5.1906233269428781e-02
25                                     4.4652658312152815e-02
26                                     4.5349688120782772e-02
27                                     6.3343543869560204e-02
28                                     5.1375697259396058e-02
29                                     3.9676451606017515e-02
30                                     4.9588377303502629e-02
31                                     4.0908797680555997e-02
   &VA [&Type "ArrayOfDoubles", &Dim (32,1)] "Mayer's total valence"
                                                         0

0                                      4.0081918019079712e+00
1                                      3.9667766880058251e+00
2                                      2.0244155726896631e+00
3                                      5.3103695073798960e+00
4                                      1.9774653625181866e+00
5                                      1.0563926161633717e+00
6                                      2.9955466924973035e+00
7                                      4.1106364636238251e+00
8                                      3.9477723431750542e+00
9                                      3.2286505210361760e+00
10                                     4.0316094704576546e+00
11                                     3.9944223091944777e+00
12                                     4.0160190032376910e+00
13                                     4.0079368675330356e+00
14                                     9.9276351897869664e-01
15                                     9.9193909836949912e-01
16                                     9.9021674158235795e-01
17                                     9.8950575231413340e-01
18                                     9.9435857882435563e-01
19                                     9.9423854043513571e-01
20                                     1.0298613270330343e+00
21                                     1.0002024618355330e+00
22                                     9.8433726018969614e-01
23                                     9.8743381245791617e-01
24                                     9.8943147330388004e-01
25                                     9.9649441890089607e-01
26                                     9.9818120108463138e-01
27                                     9.8409506185542306e-01
28                                     1.0021055161698464e+00
29                                     1.0053327629748179e+00
30                                     9.8938799923138809e-01
31                                     9.9551327830656788e-01
   &BVA [&Type "ArrayOfDoubles", &Dim (32,1)] "Mayer's bonded valence"
                                                         0

0                                      4.0081918019079863e+00
1                                      3.9667766880058459e+00
2                                      2.0244155726896622e+00
3                                      5.3103695073798818e+00
4                                      1.9774653625182168e+00
5                                      1.0563926161633503e+00
6                                      2.9955466924973404e+00
7                                      4.1106364636238624e+00
8                                      3.9477723431750489e+00
9                                      3.2286505210362071e+00
10                                     4.0316094704576502e+00
11                                     3.9944223091944457e+00
12                                     4.0160190032376795e+00
13                                     4.0079368675330267e+00
14                                     9.9276351897869453e-01
15                                     9.9193909836949534e-01
16                                     9.9021674158235762e-01
17                                     9.8950575231413518e-01
18                                     9.9435857882435408e-01
19                                     9.9423854043513571e-01
20                                     1.0298613270330357e+00
21                                     1.0002024618355287e+00
22                                     9.8433726018969991e-01
23                                     9.8743381245792872e-01
24                                     9.8943147330387837e-01
25                                     9.9649441890089752e-01
26                                     9.9818120108462616e-01
27                                     9.8409506185542206e-01
28                                     1.0021055161698449e+00
29                                     1.0053327629748137e+00
30                                     9.8938799923138820e-01
31                                     9.9551327830656677e-01
   &FA [&Type "ArrayOfDoubles", &Dim (32,1)] "Mayer's free valence"
                                                         0

0                                      0.0000000000000000e+00
1                                      0.0000000000000000e+00
2                                      0.0000000000000000e+00
3                                      0.0000000000000000e+00
4                                      0.0000000000000000e+00
5                                      0.0000000000000000e+00
6                                      0.0000000000000000e+00
7                                      0.0000000000000000e+00
8                                      0.0000000000000000e+00
9                                      0.0000000000000000e+00
10                                     0.0000000000000000e+00
11                                     0.0000000000000000e+00
12                                     0.0000000000000000e+00
13                                     0.0000000000000000e+00
14                                     0.0000000000000000e+00
15                                     0.0000000000000000e+00
16                                     0.0000000000000000e+00
17                                     0.0000000000000000e+00
18                                     0.0000000000000000e+00
19                                     0.0000000000000000e+00
20                                     0.0000000000000000e+00
21                                     0.0000000000000000e+00
22                                     0.0000000000000000e+00
23                                     0.0000000000000000e+00
24                                     0.0000000000000000e+00
25                                     0.0000000000000000e+00
26                                     0.0000000000000000e+00
27                                     0.0000000000000000e+00
28                                     0.0000000000000000e+00
29                                     0.0000000000000000e+00
30                                     0.0000000000000000e+00
31                                     0.0000000000000000e+00
   &Method [&Type "String"] "SCF"
   &Level [&Type "String"] "Relaxed density"
   &Mult [&Type "Integer"] 1
   &State [&Type "Integer"] -1
   &Irrep [&Type "Integer"] 0
$End
$SCF_Energy
   &GeometryIndex 1
   &Method [&Type "String"] "SCF"
   &totalEnergy [&Type "ArrayOfDoubles", &Dim (1,1)] "Total energy of each state"
                                                         0

0                                     -1.0161548427583016e+03
   &Mult [&Type "ArrayOfIntegers", &Dim (1,1)] "Multiplicity of each state"
                                                         0

0                                                        1
$End
$DFT_Energy
   &GeometryIndex 1
   &nAlphaEl [&Type "Integer"] 60
   &nBetaEl [&Type "Integer"] 60
   &nTotalEl [&Type "Integer"] 120
   &finalEn [&Type "Double"]      -1.0161548427583016e+03  "No Van der Waals correction"
   &eExchange [&Type "Double"]       0.0000000000000000e+00
   &eCorr [&Type "Double"]       0.0000000000000000e+00
   &eXC [&Type "Double"]      -8.0320837877231114e+01
   &eCNL [&Type "Double"]       0.0000000000000000e+00
$End
$Solvation_Details
   &GeometryIndex 1
   &Solvent [&Type "String"] "WATER"
   &Epsilon [&Type "Double"]       8.0150999999999996e+01
   &Refrac [&Type "Double"]       1.3328000000000000e+00
   &RSolv [&Type "Double"]       1.3000000000000000e+00
   &SurfaceType [&Type "String"] "GAUSSIAN VDW"
   &CPCMDielEnergy [&Type "Double"]      -2.7743263000000001e-02
   &NPoints [&Type "Integer"] 2685
   &SurfaceArea [&Type "Double"]       9.8924032786800001e+02
$End
$SCF_Timings
   &GeometryIndex 1
   &TOTAL [&Type "Double"]       6.1467456999999996e+01
   &PREP [&Type "Double"]       2.3439559999999999e+00
   &FOCK [&Type "Double"]       5.2794772999999999e+01
   &DENS [&Type "Double"]       1.0233249999999927e+00
   &ETOT [&Type "Double"]       5.9450700000000900e-01
   &POP [&Type "Double"]       2.0186499999999796e-01
   &TRAFO [&Type "Double"]       1.4493299999999643e-01
   &DIIS [&Type "Double"]       1.4568750000000037e+00
   &SOSCF [&Type "Double"]       8.9942100000000202e-01
   &XC [&Type "Double"]       1.2832493999999999e+01
   &FOCKSTART [&Type "Double"]       3.4452799999999950e-01
   &SOLV [&Type "Double"]       7.0525330000000022e+00
   &SOLV_INIT [&Type "Double"]       6.5049199999999996e-01
   &INT_PREP [&Type "Double"]       8.0000000011182237e-06
   &INT_BF [&Type "Double"]       8.3764800000008055e-01
   &INT_DENS [&Type "Double"]       5.5529399999999463e-01
   &INT_DENSIO [&Type "Double"]       1.2220626409200025e+05
   &INT_FUNC [&Type "Double"]       2.1952899999986464e-01
   &INT_POT [&Type "Double"]       4.9696000000018170e-01
   &INT_POTIO [&Type "Double"]       1.0048460000000432e+00
   &INT_SUM [&Type "Double"]       8.5889999999855249e-03
   &SPLITRIJ [&Type "Double"]       3.1835169999999988e+00
   &COSX [&Type "Double"]       3.0331268999999999e+01
$End
$VdW_Correction
   &GeometryIndex 1
   &vdW [&Type "Double"]      -1.3212552320446628e-02
$End
$Single_Point_Data
   &GeometryIndex 1
   &FinalEnergy [&Type "Double"]      -1.0161680553106220e+03  "Final single point energy"
   &Converged [&Type "Boolean"] true
$End
$SCF_Nuc_Gradient
   &GeometryIndex 1
   &NAtoms [&Type "Integer"] 32
   &gradNorm [&Type "Double"]       9.4436959419753566e-02
   &grad [&Type "ArrayOfDoubles", &Dim (96,1)] 
                                                         0

0                                      5.4208725341846516e-03
1                                      5.6947118022217561e-04
2                                      1.9040775240923137e-03
3                                     -1.1728504597368813e-02
4                                      2.1418493601342735e-03
5                                     -1.3992425958500535e-02
6                                      1.4577874091870087e-02
7                                      1.9791539097133524e-03
8                                      9.3584579973905076e-03
9                                     -1.5814295366718068e-02
10                                    -4.2966834108495354e-02
11                                    -3.5067198252979191e-03
12                                     1.0995692594753187e-02
13                                     1.8273867876117074e-02
14                                    -7.0500315340380057e-03
15                                    -1.1744732783232075e-02
16                                     2.0036312095280895e-02
17                                     1.4397122200268763e-02
18                                     1.5888388053704055e-02
19                                    -1.4652507723182176e-02
20                                     2.0831443833029444e-03
21                                     3.8754132476411803e-02
22                                     1.6242772688156513e-02
23                                    -9.0487888641687907e-03
24                                     1.6104237580102321e-02
25                                     3.0685613486734011e-04
26                                     3.7182240145538560e-03
27                                    -3.8832922217832473e-02
28                                    -5.6242133472147139e-03
29                                     1.6904743144669000e-03
30                                    -5.3734244694417224e-03
31                                     8.8038776478828896e-03
32                                     9.0046510866453322e-03
33                                     2.4513115619988804e-03
34                                     1.6172532670173578e-03
35                                    -2.1414119602377610e-03
36                                    -7.1500792078898895e-03
37                                    -4.8459301044920626e-03
38                                    -7.1432427855625744e-03
39                                     6.9749051210300469e-04
40                                    -1.5674708270257611e-03
41                                     1.3815153067614971e-03
42                                    -5.6999675720004715e-04
43                                     4.1293576572347971e-03
44                                     9.8764967464102312e-04
45                                     5.6341807220234544e-04
46                                    -3.3632052566685993e-03
47                                    -2.4675789242259781e-03
48                                    -3.6208284733180041e-03
49                                    -7.3810717711622305e-04
50                                     2.6135675294972288e-04
51                                    -2.6029133635474037e-03
52                                     1.0461095557017109e-03
53                                     4.6029555613421253e-03
54                                    -1.3921677200315610e-03
55                                    -4.3868526564968986e-03
56                                     2.6606483699066737e-03
57                                    -4.6566279571694084e-04
58                                     7.5603695947879532e-04
59                                    -4.5372527621019400e-03
60                                    -1.7149009692701675e-03
61                                    -3.5387937548223237e-03
62                                     1.0240763936109197e-03
63                                     3.2487195575577879e-03
64                                     3.4876882048336701e-03
65                                    -1.8618072314276002e-03
66                                    -1.1026173532649489e-03
67                                    -6.6675843946952017e-03
68                                    -4.0985062254969340e-04
69                                    -4.0302094849181888e-03
70                                    -9.3559270920273642e-04
71                                    -1.4115583182396359e-03
72                                     2.5636852668289617e-03
73                                     3.0236415497133977e-03
74                                    -1.0125945731428989e-03
75                                     2.1335612280979034e-03
76                                    -2.1400595516129000e-03
77                                     2.4466437406300500e-03
78                                    -3.7974819757973393e-03
79                                     1.8371609183082446e-03
80                                     8.2002774068776587e-04
81                                     2.7479308145280014e-04
82                                     7.2726553817397772e-03
83                                    -5.5019229394576044e-04
84                                    -4.8883920962407689e-03
85                                     2.0603901344800261e-03
86                                     3.5292758194140577e-04
87                                    -3.7669823206774467e-03
88                                    -6.3847824329384248e-04
89                                     2.7975916793053886e-04
90                                     2.2805088170230990e-03
91                                    -3.2962379997171607e-03
92                                     9.1842871473919935e-04
93                                     2.6414265457524446e-03
94                                     1.7774133733904453e-03
95                                    -2.7586849110370760e-03
   &Method [&Type "String"] "SCF"
   &Level [&Type "String"] "Relaxed density"
   &Mult [&Type "Integer"] 1
   &State [&Type "Integer"] 0
   &Irrep [&Type "Integer"] 0
$End
$Geometry
   &GeometryIndex 2
   &NAtoms [&Type "Integer"] 32
   &NCorelessECP [&Type "Integer"] 0
   &NGhostAtoms [&Type "Integer"] 0
   &CartesianCoordinates [&Type "Coordinates", &Dim(32,4), &Units "Bohr"] 
              C      8.204636993274    0.498832003360    3.688644298636
              C      7.391948649070    1.623950764198    1.188007505874
              O      4.728249114195    1.260821011851    0.902816961154
              P      3.479009397612    1.958645735952   -1.793944902820
              O      4.339039399509    4.454222954051   -2.783602458781
              F      4.567662196469   -0.218159089753   -3.554946677603
              N      0.496045844899    1.485421863751   -1.595394526934
              C     -0.763271390739   -0.471073325930   -0.763787349292
              C      0.434800691827   -2.854590774543    0.257069885642
              N     -3.297131227300   -0.349988286109   -0.776623809053
              C     -4.921354041154   -2.352590176127    0.204413659334
              C     -5.785869901727   -4.174509944208   -1.857056150597
              C     -4.550198640053    1.939065913510   -1.675947930584
              C     -4.808716336642    3.926155341405    0.395063044139
              H      7.773601972225   -1.534555858432    3.753170721883
              H      7.191883574042    1.404105322523    5.263086077168
              H     10.244951513498    0.756758027873    3.973826894089
              H      8.400042250840    0.696035777423   -0.380467881171
              H      7.817632213686    3.660073645842    1.131193438291
              H      0.587929267238   -2.698255638216    2.324534985269
              H      2.320006257528   -3.146601900817   -0.531515235306
              H     -0.696689410213   -4.531407435878   -0.199872702399
              H     -6.582032741546   -1.470256856986    1.088911932743
              H     -3.957599960863   -3.381000841699    1.728980652942
              H     -7.008985468530   -5.650708147971   -1.052411912744
              H     -6.864637603666   -3.178888801829   -3.330098209344
              H     -4.167966165475   -5.105119172950   -2.773029444503
              H     -6.431840421705    1.422193192516   -2.389867999967
              H     -3.504094955228    2.713613062168   -3.293819720169
              H     -2.946640590676    4.522146826090    1.098769522207
              H     -5.792343598637    5.606956909524   -0.333336284697
              H     -5.898066862859    3.188707899409    2.006492308520
$End
$SCF_Energy
   &GeometryIndex 2
   &Method [&Type "String"] "SCF"
   &totalEnergy [&Type "ArrayOfDoubles", &Dim (1,1)] "Total energy of each state"
                                                         0

0                                     -1.0161632629275615e+03
   &Mult [&Type "ArrayOfIntegers", &Dim (1,1)] "Multiplicity of each state"
                                                         0

0                                                        1
$End
$DFT_Energy
   &GeometryIndex 2
   &nAlphaEl [&Type "Integer"] 60
   &nBetaEl [&Type "Integer"] 60
   &nTotalEl [&Type "Integer"] 120
   &finalEn [&Type "Double"]      -1.0161632629275615e+03  "No Van der Waals correction"
   &eExchange [&Type "Double"]       0.0000000000000000e+00
   &eCorr [&Type "Double"]       0.0000000000000000e+00
   &eXC [&Type "Double"]      -8.0310849910652180e+01
   &eCNL [&Type "Double"]       0.0000000000000000e+00
$End
$Solvation_Details
   &GeometryIndex 2
   &Solvent [&Type "String"] "WATER"
   &Epsilon [&Type "Double"]       8.0150999999999996e+01
   &Refrac [&Type "Double"]       1.3328000000000000e+00
   &RSolv [&Type "Double"]       1.3000000000000000e+00
   &SurfaceType [&Type "String"] "GAUSSIAN VDW"
   &CPCMDielEnergy [&Type "Double"]      -2.8709067000000001e-02
   &NPoints [&Type "Integer"] 2686
   &SurfaceArea [&Type "Double"]       9.9522976603899997e+02
$End
$SCF_Timings
   &GeometryIndex 2
   &TOTAL [&Type "Double"]       5.4508673999999999e+01
   &PREP [&Type "Double"]       2.3330370000000000e+00
   &FOCK [&Type "Double"]       4.8922601000000000e+01
   &DENS [&Type "Double"]       8.2950600000000208e-01
   &ETOT [&Type "Double"]       5.0109600000001020e-01
   &POP [&Type "Double"]       1.0000000045806701e-06
   &TRAFO [&Type "Double"]       1.5473500000000406e-01
   &DIIS [&Type "Double"]       9.8623100000000008e-01
   &SOSCF [&Type "Double"]       9.3850899999999626e-01
   &XC [&Type "Double"]       8.2610640000000046e+00
   &FOCKSTART [&Type "Double"]       3.0501399999999768e-01
   &SOLV [&Type "Double"]       8.2082560000000093e+00
   &SOLV_INIT [&Type "Double"]       6.7968399999999995e-01
   &INT_PREP [&Type "Double"]       4.0000000005591119e-06
   &INT_BF [&Type "Double"]       7.4697499999997063e-01
   &INT_DENS [&Type "Double"]       5.0702199999983399e-01
   &INT_DENSIO [&Type "Double"]       9.4399017678000178e+04
   &INT_FUNC [&Type "Double"]       1.8865299999995155e-01
   &INT_POT [&Type "Double"]       4.3480100000004374e-01
   &INT_POTIO [&Type "Double"]       8.5353800000019753e-01
   &INT_SUM [&Type "Double"]       1.2279999999993407e-03
   &SPLITRIJ [&Type "Double"]       2.5768000000000590e-01
   &COSX [&Type "Double"]       3.0873520999999997e+01
$End
$VdW_Correction
   &GeometryIndex 2
   &vdW [&Type "Double"]      -1.3194078198278666e-02
$End
$Single_Point_Data
   &GeometryIndex 2
   &FinalEnergy [&Type "Double"]      -1.0161764570057597e+03  "Final single point energy"
   &Converged [&Type "Boolean"] true
$End
$SCF_Nuc_Gradient
   &GeometryIndex 2
   &NAtoms [&Type "Integer"] 32
   &gradNorm [&Type "Double"]       3.7521156776795184e-02
   &grad [&Type "ArrayOfDoubles", &Dim (96,1)] 
                                                         0

0                                      3.9102432177011478e-03
1                                      1.4142508166808396e-03
2                                     -2.7021883850234917e-04
3                                     -5.7578386721269248e-03
4                                      5.6348955127031425e-04
5                                     -6.5489981405526523e-03
6                                      3.6952451122205035e-03
7                                      2.4177294055457528e-03
8                                      6.2819495915730104e-03
9                                     -3.0267420398754894e-03
10                                    -2.2533149547130579e-02
11                                    -6.7271752614875245e-03
12                                     5.4573063624222280e-03
13                                     1.0021072208597938e-02
14                                    -2.3679665972374097e-03
15                                    -6.4849423213517469e-03
16                                     1.1715058868846414e-02
17                                     7.3921126280273629e-03
18                                    -8.4458756238277430e-04
19                                    -4.9129676781661125e-03
20                                    -4.2545759115148764e-04
21                                     7.1821302172403421e-03
22                                     7.3634246825782738e-03
23                                    -1.4919845770998905e-03
24                                     2.5722842783140747e-03
25                                     3.1442478030367692e-04
26                                     2.4380011655472456e-03
27                                    -4.9555741692309148e-03
28                                    -2.3985613213564749e-03
29                                    -8.7382080042961558e-04
30                                     3.2266115916370530e-03
31                                     5.8953629307685225e-03
32                                     1.7626216438582053e-03
33                                     5.1587383338403639e-04
34                                     7.3620773316523654e-05
35                                    -2.7760021552637867e-04
36                                     3.0642367892262439e-03
37                                    -5.3935739504068179e-03
38                                     1.4499373027277389e-04
39                                     3.3017164860775557e-05
40                                    -1.9470860809532248e-04
41                                    -5.6531332426856254e-04
42                                    -1.0091368914667803e-03
43                                     1.9897852133550666e-04
44                                     6.6233254598799013e-04
45                                    -7.9608191070206760e-04
46                                    -1.0397906623019722e-03
47                                     5.3791796542794133e-05
48                                    -3.1011546099145749e-04
49                                    -3.6403685671391371e-04
50                                     3.8306398548495178e-04
51                                     5.7808163177743054e-04
52                                    -5.7950875891656204e-04
53                                     9.6579351651447046e-04
54                                     5.0369032231522962e-04
55                                    -2.2263349993490347e-04
56                                     1.6463957023812566e-03
57                                    -6.6638029624027867e-04
58                                     5.0303323281179291e-04
59                                    -3.7775390875040239e-04
60                                    -2.4645834614513118e-03
61                                    -2.5321977963312331e-03
62                                     4.0768301570983105e-04
63                                    -1.2211982286311038e-03
64                                    -8.2430307351971448e-04
65                                    -1.1813538392307203e-03
66                                    -9.4542762718714227e-04
67                                    -2.5693127568112316e-03
68                                     1.8846832313989731e-05
69                                    -7.2886976153251241e-05
70                                    -1.9831392426710834e-03
71                                     6.9551003083586174e-04
72                                     2.9979481841541492e-05
73                                    -5.1001438668455323e-04
74                                    -1.7534805005468704e-04
75                                    -4.8423170856567237e-05
76                                    -1.6694707056774807e-04
77                                    -2.2392606867413891e-08
78                                    -4.2453542957223572e-04
79                                     1.6630089016350855e-04
80                                    -2.0690081406134995e-04
81                                    -2.3868348858139604e-05
82                                     3.0960043460942807e-03
83                                    -8.5722202253524888e-04
84                                    -1.7308460414304282e-03
85                                     1.9116735563894276e-03
86                                    -1.6589573959375512e-03
87                                    -5.3717249643583020e-04
88                                     1.3320848669029562e-04
89                                     8.6172340116762039e-04
90                                     7.8857937176299151e-05
91                                     4.0327432838730207e-04
92                                     1.7401541895829811e-04
93                                     4.7278317738575881e-04
94                                     3.3937847470771636e-05
95                                     1.1725870112876634e-04
   &Method [&Type "String"] "SCF"
   &Level [&Type "String"] "Relaxed density"
   &Mult [&Type "Integer"] 1
   &State [&Type "Integer"] 0
   &Irrep [&Type "Integer"] 0
$End
$Geometry
   &GeometryIndex 3
   &NAtoms [&Type "Integer"] 32
   &NCorelessECP [&Type "Integer"] 0
   &NGhostAtoms [&Type "Integer"] 0
   &CartesianCoordinates [&Type "Coordinates", &Dim(32,4), &Units "Bohr"] 
              C      8.133913641817    0.448510432799    3.715361978622
              C      7.379319947666    1.626043204357    1.224528269396
              O      4.719112231891    1.235962462911    0.856617251504
              P      3.478090494769    1.985955082156   -1.825551080600
              O      4.318760130098    4.484052280957   -2.790732499613
              F      4.576106505414   -0.192401350468   -3.616812966512
              N      0.490423455066    1.513249551350   -1.605394055907
              C     -0.757306098515   -0.471343685536   -0.794150734425
              C      0.488909977544   -2.847409727855    0.164230141774
              N     -3.275491024883   -0.350356732691   -0.763260022230
              C     -4.904007361435   -2.343010092677    0.237804394323
              C     -5.808657284984   -4.187540067558   -1.784945087170
              C     -4.547023625766    1.924481761502   -1.665626480755
              C     -4.796076940899    3.947982128570    0.369609249410
              H      7.737466503754   -1.594161686618    3.715334400540
              H      7.076645998544    1.311542845020    5.286121923065
              H     10.165291162195    0.729428150928    4.053462502695
              H      8.435407045335    0.752705821392   -0.346840044118
              H      7.775849355678    3.671010590510    1.214752207591
              H      0.629083914725   -2.751148019616    2.239036824195
              H      2.398642428127   -3.029601947861   -0.615806617229
              H     -0.574742004437   -4.547987399168   -0.349192289909
              H     -6.538963476666   -1.410143774531    1.122271376933
              H     -3.935112998513   -3.343598246441    1.772755935234
              H     -7.064364713372   -5.617627783765   -0.946440310003
              H     -6.866886601859   -3.198951367821   -3.279626772070
              H     -4.208459462684   -5.175759614723   -2.676883069258
              H     -6.428526472350    1.357775517257   -2.347417884561
              H     -3.508455533983    2.662100636892   -3.301865574381
              H     -2.924669997577    4.573655825611    1.026199794965
              H     -5.806856836265    5.604006545191   -0.380193831279
              H     -5.857422339538    3.232578659927    2.011911761701
$End
$SCF_Energy
   &GeometryIndex 3
   &Method [&Type "String"] "SCF"
   &totalEnergy [&Type "ArrayOfDoubles", &Dim (1,1)] "Total energy of each state"
                                                         0

0                                     -1.0161645843168890e+03
   &Mult [&Type "ArrayOfIntegers", &Dim (1,1)] "Multiplicity of each state"
                                                         0

0                                                        1
$End
$DFT_Energy
   &GeometryIndex 3
   &nAlphaEl [&Type "Integer"] 60
   &nBetaEl [&Type "Integer"] 60
   &nTotalEl [&Type "Integer"] 120
   &finalEn [&Type "Double"]      -1.0161645843168890e+03  "No Van der Waals correction"
   &eExchange [&Type "Double"]       0.0000000000000000e+00
   &eCorr [&Type "Double"]       0.0000000000000000e+00
   &eXC [&Type "Double"]      -8.0308115084933718e+01
   &eCNL [&Type "Double"]       0.0000000000000000e+00
$End
$Solvation_Details
   &GeometryIndex 3
   &Solvent [&Type "String"] "WATER"
   &Epsilon [&Type "Double"]       8.0150999999999996e+01
   &Refrac [&Type "Double"]       1.3328000000000000e+00
   &RSolv [&Type "Double"]       1.3000000000000000e+00
   &SurfaceType [&Type "String"] "GAUSSIAN VDW"
   &CPCMDielEnergy [&Type "Double"]      -2.8674541000000001e-02
   &NPoints [&Type "Integer"] 2685
   &SurfaceArea [&Type "Double"]       9.9443770447500003e+02
$End
$SCF_Timings
   &GeometryIndex 3
   &TOTAL [&Type "Double"]       5.2760941000000003e+01
   &PREP [&Type "Double"]       2.3742760000000001e+00
   &FOCK [&Type "Double"]       4.4931646999999991e+01
   &DENS [&Type "Double"]       7.8072799999999631e-01
   &ETOT [&Type "Double"]       4.4507600000000735e-01
   &POP [&Type "Double"]       1.0000000045806701e-06
   &TRAFO [&Type "Double"]       1.5801800000000199e-01
   &DIIS [&Type "Double"]       9.9070999999999909e-01
   &SOSCF [&Type "Double"]       7.9771799999999260e-01
   &XC [&Type "Double"]       9.8819939999999917e+00
   &FOCKSTART [&Type "Double"]       2.7903099999999714e-01
   &SOLV [&Type "Double"]       7.4169149999999924e+00
   &SOLV_INIT [&Type "Double"]       7.0058599999999993e-01
   &SOLV_FINAL [&Type "Double"]       9.9999999747524271e-07
   &INT_PREP [&Type "Double"]       4.0000000005591119e-06
   &INT_BF [&Type "Double"]       6.8513600000013586e-01
   &INT_DENS [&Type "Double"]       4.5360700000007625e-01
   &INT_DENSIO [&Type "Double"]       8.1484865443000148e+04
   &INT_FUNC [&Type "Double"]       1.7142099999987437e-01
   &INT_POT [&Type "Double"]       3.8399599999987011e-01
   &INT_POTIO [&Type "Double"]       7.6552000000022868e-01
   &INT_SUM [&Type "Double"]       9.1760000000054021e-03
   &SPLITRIJ [&Type "Double"]       2.4659470000000034e+00
   &COSX [&Type "Double"]       2.5793898999999993e+01
$End
$VdW_Correction
   &GeometryIndex 3
   &vdW [&Type "Double"]      -1.3206609826728673e-02
$End
$Single_Point_Data
   &GeometryIndex 3
   &FinalEnergy [&Type "Double"]      -1.0161777909267157e+03  "Final single point energy"
   &Converged [&Type "Boolean"] true
$End
$SCF_Nuc_Gradient
   &GeometryIndex 3
   &NAtoms [&Type "Integer"] 32
   &gradNorm [&Type "Double"]       1.9037468255518150e-02
   &grad [&Type "ArrayOfDoubles", &Dim (96,1)] 
                                                         0

0                                      2.1824600988409782e-03
1                                      9.3483829721401274e-04
2                                     -5.4478028309007690e-04
3                                     -2.2134577005044048e-03
4                                      1.0760923841303377e-04
5                                     -2.7348792686271660e-03
6                                      9.2900316874204483e-05
7                                      1.0962824637868569e-03
8                                      4.2431376580062772e-03
9                                     -2.0480380492748053e-04
10                                    -1.0499246548919303e-02
11                                    -6.7027435681168372e-03
12                                     2.2359175498023942e-03
13                                     4.1923988300814792e-03
14                                     9.4414603801104683e-06
15                                    -3.6862827811252369e-03
16                                     6.0277814491188648e-03
17                                     4.0412446070678771e-03
18                                    -7.2578073970407239e-04
19                                    -2.0511523527356871e-03
20                                     5.4076812644364078e-04
21                                    -1.7858726111064493e-03
22                                     2.1149037324856260e-03
23                                    -9.5155094204943359e-04
24                                    -1.1603992582552053e-03
25                                     4.3469893687165433e-04
26                                     1.0038446760516828e-03
27                                     1.6370882311930134e-03
28                                    -7.9796215640512837e-04
29                                    -5.0263904191530124e-04
30                                     2.5020253289408717e-03
31                                     3.0985020508316539e-03
32                                     7.0494228888782237e-04
33                                    -5.3509784779811101e-04
34                                    -2.3531492755983488e-04
35                                     1.7160627798476131e-04
36                                     3.7948616341458323e-03
37                                    -3.6996104557008793e-03
38                                     1.2808787925501399e-03
39                                    -2.8091121545350373e-04
40                                     2.2925260908400721e-04
41                                    -8.6897436955048007e-04
42                                    -6.2657932347962258e-04
43                                    -5.3056153481296576e-04
44                                     3.3410850101939595e-04
45                                    -7.5080323951224194e-04
46                                    -2.5626692989500768e-04
47                                     4.3542531821559220e-04
48                                     2.8350723805346372e-04
49                                    -1.2207346759926819e-04
50                                     2.3827290155398840e-04
51                                     9.7511646596920587e-04
52                                    -4.2609154073640712e-04
53                                     6.4622814230722904e-05
54                                     5.8734392943002897e-04
55                                     5.0079739379797609e-04
56                                     8.4943616933479105e-04
57                                    -3.2319833414607492e-04
58                                     4.2595171231275250e-04
59                                     5.2055183951332242e-04
60                                     4.5890989651177933e-04
61                                    -9.8129562881730322e-04
62                                    -8.2431999464997730e-04
63                                     4.6536331868642116e-04
64                                     1.0307442995611357e-04
65                                    -5.7536345565047499e-04
66                                    -6.5235520210707172e-04
67                                    -5.1360951711037811e-04
68                                    -2.1542331075838611e-06
69                                    -8.9851787832909787e-04
70                                    -1.2710619959412122e-04
71                                    -1.3127766482633391e-04
72                                    -2.3181299963905022e-04
73                                    -6.9728057563383508e-04
74                                    -8.7982621290253984e-05
75                                    -3.6357006885798487e-04
76                                     2.2148028066860414e-04
77                                    -3.2756688776658968e-04
78                                     4.8202095235294471e-04
79                                    -3.3683121619041491e-04
80                                    -2.9920383069611807e-04
81                                    -3.9063743250465838e-04
82                                     7.3300656673422576e-04
83                                    -5.2915173685365616e-04
84                                    -9.9305382034664525e-04
85                                     3.4011378211525924e-04
86                                    -5.8888414999956769e-04
87                                     3.0686123862777175e-04
88                                     3.2184551548957281e-04
89                                     6.2149203031402621e-04
90                                    -1.0696397355005048e-04
91                                     6.5884570441425482e-04
92                                     7.1472400261883123e-05
93                                    -7.4277946091317912e-05
94                                    -2.6697988652480293e-04
95                                     5.4022611883370881e-04
   &Method [&Type "String"] "SCF"
   &Level [&Type "String"] "Relaxed density"
   &Mult [&Type "Integer"] 1
   &State [&Type "Integer"] 0
   &Irrep [&Type "Integer"] 0
$End
$Geometry
   &GeometryIndex 4
   &NAtoms [&Type "Integer"] 32
   &NCorelessECP [&Type "Integer"] 0
   &NGhostAtoms [&Type "Integer"] 0
   &CartesianCoordinates [&Type "Coordinates", &Dim(32,4), &Units "Bohr"] 
              C      8.079516813651    0.498053804142    3.765087398849
              C      7.395920272530    1.614648810193    1.229848358732
              O      4.739357015412    1.229628014642    0.810725830608
              P      3.515658149571    1.936675147406   -1.885134815287
              O      4.375502873693    4.384211031271   -2.934009431816
              F      4.597926298818   -0.326578303459   -3.612671919839
              N      0.519020210793    1.510452996582   -1.640354063032
              C     -0.741486451543   -0.466569214314   -0.809249963978
              C      0.512856058266   -2.852414546396    0.107554388456
              N     -3.260505285074   -0.336136194731   -0.744779633128
              C     -4.876428072716   -2.353209222174    0.238996283359
              C     -5.824762824538   -4.152491970833   -1.798550403784
              C     -4.560785076582    1.939939862330   -1.624498119348
              C     -4.832202254698    3.944010412246    0.422414732952
              H      7.675510245241   -1.540948519988    3.807641938122
              H      7.003449604095    1.417483364164    5.288412178548
              H     10.105642529189    0.776385484880    4.134452350166
              H      8.471985530229    0.696581300857   -0.300350943376
              H      7.799227518935    3.656047523955    1.163095272152
              H      0.686003139571   -2.779891737378    2.180109133038
              H      2.414771293567   -3.007299285543   -0.693889396808
              H     -0.554479877406   -4.552094018158   -0.402711706750
              H     -6.482940612109   -1.420319251207    1.173100066366
              H     -3.873474994189   -3.379631620827    1.736171125377
              H     -7.089774567550   -5.573857336641   -0.963167471857
              H     -6.885638943500   -3.129312397081   -3.266221273681
              H     -4.248197275798   -5.149896579232   -2.718685703211
              H     -6.431018854703    1.340523999024   -2.307800419473
              H     -3.516817864795    2.692897882444   -3.249232056539
              H     -2.965788880008    4.589250195288    1.069956182173
              H     -5.867293019721    5.587024567498   -0.318870511140
              H     -5.880752679733    3.206835801039    2.061871286075
$End
$SCF_Energy
   &GeometryIndex 4
   &Method [&Type "String"] "SCF"
   &totalEnergy [&Type "ArrayOfDoubles", &Dim (1,1)] "Total energy of each state"
                                                         0

0                                     -1.0161650482050844e+03
   &Mult [&Type "ArrayOfIntegers", &Dim (1,1)] "Multiplicity of each state"
                                                         0

0                                                        1
$End
$DFT_Energy
   &GeometryIndex 4
   &nAlphaEl [&Type "Integer"] 60
   &nBetaEl [&Type "Integer"] 60
   &nTotalEl [&Type "Integer"] 119
   &finalEn [&Type "Double"]      -1.0161650482050844e+03  "No Van der Waals correction"
   &eExchange [&Type "Double"]       0.0000000000000000e+00
   &eCorr [&Type "Double"]       0.0000000000000000e+00
   &eXC [&Type "Double"]      -8.0307005601052452e+01
   &eCNL [&Type "Double"]       0.0000000000000000e+00
$End
$Solvation_Details
   &GeometryIndex 4
   &Solvent [&Type "String"] "WATER"
   &Epsilon [&Type "Double"]       8.0150999999999996e+01
   &Refrac [&Type "Double"]       1.3328000000000000e+00
   &RSolv [&Type "Double"]       1.3000000000000000e+00
   &SurfaceType [&Type "String"] "GAUSSIAN VDW"
   &CPCMDielEnergy [&Type "Double"]      -2.8662897000000000e-02
   &NPoints [&Type "Integer"] 2694
   &SurfaceArea [&Type "Double"]       9.9494515966500001e+02
$End
$SCF_Timings
   &GeometryIndex 4
   &TOTAL [&Type "Double"]       4.9983947999999998e+01
   &PREP [&Type "Double"]       2.4967340000000000e+00
   &FOCK [&Type "Double"]       4.2029619000000011e+01
   &DENS [&Type "Double"]       8.2646300000000394e-01
   &ETOT [&Type "Double"]       4.8909800000000381e-01
   &TRAFO [&Type "Double"]       1.6201299999999641e-01
   &DIIS [&Type "Double"]       1.0144020000000005e+00
   &SOSCF [&Type "Double"]       7.7688200000000585e-01
   &XC [&Type "Double"]       1.0038431999999997e+01
   &FOCKSTART [&Type "Double"]       3.0367399999999778e-01
   &SOLV [&Type "Double"]       7.5743310000000008e+00
   &SOLV_INIT [&Type "Double"]       7.6205100000000003e-01
   &INT_PREP [&Type "Double"]       4.0000000058881824e-06
   &INT_BF [&Type "Double"]       6.9622500000001875e-01
   &INT_DENS [&Type "Double"]       4.6086299999985592e-01
   &INT_DENSIO [&Type "Double"]       7.8024426596000121e+04
   &INT_FUNC [&Type "Double"]       1.7504699999994244e-01
   &INT_POT [&Type "Double"]       3.9047100000004153e-01
   &INT_POTIO [&Type "Double"]       7.9544200000016030e-01
   &INT_SUM [&Type "Double"]       1.0185999999993811e-02
   &SPLITRIJ [&Type "Double"]       2.5635999999999948e+00
   &COSX [&Type "Double"]       2.3134735000000010e+01
$End
$VdW_Correction
   &GeometryIndex 4
   &vdW [&Type "Double"]      -1.3166889650921932e-02
$End
$Single_Point_Data
   &GeometryIndex 4
   &FinalEnergy [&Type "Double"]      -1.0161782150947354e+03  "Final single point energy"
   &Converged [&Type "Boolean"] true
$End
$SCF_Nuc_Gradient
   &GeometryIndex 4
   &NAtoms [&Type "Integer"] 32
   &gradNorm [&Type "Double"]       8.2846204046312204e-03
   &grad [&Type "ArrayOfDoubles", &Dim (96,1)] 
                                                         0

0                                      3.4362818778517593e-04
1                                     -4.7153613666189452e-06
2                                     -2.5672329707301082e-04
3                                      1.8791306220206281e-04
4                                      2.7377748112100730e-05
5                                     -3.9467146154962326e-04
6                                     -4.0673385337483510e-04
7                                      2.9285543766375714e-04
8                                      2.3809278695581305e-03
9                                      8.6044452892094180e-04
10                                    -1.8888538764270507e-03
11                                    -5.0291314607054044e-03
12                                    -4.0684710763749674e-05
13                                    -1.6975941534682845e-04
14                                     1.2070319258957161e-03
15                                    -1.4191340969282066e-03
16                                     1.9680503118199529e-03
17                                     1.4075187991739872e-03
18                                     1.7593061465955941e-03
19                                    -3.8424803054785122e-05
20                                    -4.5548239994157942e-04
21                                    -2.3425980512440090e-03
22                                    -4.6256104638127198e-04
23                                     1.7452993108065459e-03
24                                    -1.3914086866942575e-03
25                                     5.7487776662714686e-04
26                                     3.8774368178134720e-05
27                                     6.7655737335374998e-04
28                                    -6.6170675492068680e-04
29                                    -3.7881007897747846e-04
30                                     9.4301979179593125e-04
31                                     2.1068641798517384e-04
32                                    -1.0152363253068976e-03
33                                    -7.2468465736549186e-04
34                                    -3.0982199934940786e-04
35                                     2.2559148425759385e-04
36                                     1.2412102700296251e-03
37                                    -1.8891102302474115e-04
38                                     1.0504133104222786e-03
39                                    -3.9257276295017862e-04
40                                     5.8318514980923203e-04
41                                    -5.3046772488373123e-04
42                                    -1.1657106607455692e-04
43                                    -1.7658595891913005e-04
44                                     1.0455131184579799e-04
45                                    -1.9253075772307710e-04
46                                     4.9188518360606342e-05
47                                     1.1496189683103270e-04
48                                     8.9299378987018959e-05
49                                     1.8558890839208845e-05
50                                     3.6542964978389008e-06
51                                     3.8159868341445071e-04
52                                     3.4502047211066758e-05
53                                    -1.8787109828291516e-05
54                                     1.8200981999501670e-04
55                                     1.6972538924403253e-04
56                                     1.4493211562253269e-04
57                                     3.7411574591060046e-05
58                                     2.1527110979181052e-04
59                                     1.1383656841080750e-04
60                                     6.1466407112282010e-04
61                                     2.2009355896823827e-04
62                                    -4.6501353598978089e-04
63                                     1.0606612078013756e-04
64                                    -6.7361119829493978e-05
65                                    -1.0429256232535919e-04
66                                     8.6116996462407298e-05
67                                     3.9753741360603034e-04
68                                    -2.0944317590792844e-04
69                                     7.3352710427059735e-05
70                                    -2.0291293604965128e-05
71                                     1.3070397557848781e-04
72                                     7.3881969616170875e-05
73                                    -2.1155980610453314e-04
74                                    -1.3374284110830373e-04
75                                    -1.2621951188815031e-04
76                                     1.9221971207950846e-04
77                                    -3.0733560099322599e-05
78                                     1.2423845114105430e-04
79                                    -1.5408637178845625e-04
80                                    -1.9607303145482902e-05
81                                    -2.1616350106484718e-04
82                                    -3.3770707707460009e-04
83                                     4.7861306715183736e-05
84                                    -3.3834901683217004e-04
85                                    -2.5784187344864173e-04
86                                     3.9719310016240710e-05
87                                     4.6384106004226232e-05
88                                     1.3824697827329015e-05
89                                     3.3290108304916022e-05
90                                     2.6083481593474729e-05
91                                     1.6173473207077945e-04
92                                     1.0740089105198215e-04
93                                    -1.4553604313738235e-04
94                                    -1.7950106641936950e-04
95                                     1.4567394638996184e-04
   &Method [&Type "String"] "SCF"
   &Level [&Type "String"] "Relaxed density"
   &Mult [&Type "Integer"] 1
   &State [&Type "Integer"] 0
   &Irrep [&Type "Integer"] 0
$End
$Geometry
   &GeometryIndex 5
   &NAtoms [&Type "Integer"] 32
   &NCorelessECP [&Type "Integer"] 0
   &NGhostAtoms [&Type "Integer"] 0
   &CartesianCoordinates [&Type "Coordinates", &Dim(32,4), &Units "Bohr"] 
              C      8.037841896858    0.563886452007    3.804373235998
              C      7.386007241653    1.625999235039    1.238465813838
              O      4.734576964281    1.235571006409    0.797564261974
              P      3.523345215981    1.908737919098   -1.908319861975
              O      4.388499379835    4.331943891372   -3.004261991675
              F      4.614362366010   -0.391917316676   -3.594527014754
              N      0.524073071401    1.491587067083   -1.666929443928
              C     -0.737121436258   -0.491337050057   -0.851616683999
              C      0.514940121935   -2.893528777243    0.033998295245
              N     -3.255911480389   -0.340726467045   -0.751831425275
              C     -4.874451370477   -2.354337769304    0.242166284433
              C     -5.845136695006   -4.138993760012   -1.794750876907
              C     -4.551126979793    1.951548064262   -1.604699030022
              C     -4.789189127533    3.934132219599    0.465196323162
              H      7.632549910011   -1.472841245979    3.885243537882
              H      6.949540050712    1.519264146496    5.295450992932
              H     10.060296890383    0.847737918613    4.188343886048
              H      8.473024281829    0.673769361148   -0.261887641203
              H      7.790641820229    3.664550827361    1.128034962572
              H      0.702907656751   -2.844467837168    2.105586216836
              H      2.409665213292   -3.047097477437   -0.778671003574
              H     -0.563723331982   -4.583796154427   -0.483580662033
              H     -6.466424032905   -1.417488125954    1.196828954072
              H     -3.859824476856   -3.390571316369    1.724256411139
              H     -7.119099477514   -5.549263088458   -0.955028218897
              H     -6.903147995754   -3.105015127766   -3.255963909727
              H     -4.281324221937   -5.148138778681   -2.722356178776
              H     -6.428874502617    1.369358925399   -2.279538427432
              H     -3.507708332591    2.712739190530   -3.226927557715
              H     -2.911920766434    4.561732999210    1.097511560232
              H     -5.822457728834    5.589079713920   -0.250522774969
              H     -5.824830105386    3.187881355033    2.107650658425
$End
$SCF_Energy
   &GeometryIndex 5
   &Method [&Type "String"] "SCF"
   &totalEnergy [&Type "ArrayOfDoubles", &Dim (1,1)] "Total energy of each state"
                                                         0

0                                     -1.0161651479477591e+03
   &Mult [&Type "ArrayOfIntegers", &Dim (1,1)] "Multiplicity of each state"
                                                         0

0                                                        1
$End
$DFT_Energy
   &GeometryIndex 5
   &nAlphaEl [&Type "Integer"] 60
   &nBetaEl [&Type "Integer"] 60
   &nTotalEl [&Type "Integer"] 119
   &finalEn [&Type "Double"]      -1.0161651479477591e+03  "No Van der Waals correction"
   &eExchange [&Type "Double"]       0.0000000000000000e+00
   &eCorr [&Type "Double"]       0.0000000000000000e+00
   &eXC [&Type "Double"]      -8.0307186054310534e+01
   &eCNL [&Type "Double"]       0.0000000000000000e+00
$End
$Solvation_Details
   &GeometryIndex 5
   &Solvent [&Type "String"] "WATER"
   &Epsilon [&Type "Double"]       8.0150999999999996e+01
   &Refrac [&Type "Double"]       1.3328000000000000e+00
   &RSolv [&Type "Double"]       1.3000000000000000e+00
   &SurfaceType [&Type "String"] "GAUSSIAN VDW"
   &CPCMDielEnergy [&Type "Double"]      -2.8583315000000001e-02
   &NPoints [&Type "Integer"] 2703
   &SurfaceArea [&Type "Double"]       9.9467656853400001e+02
$End
$SCF_Timings
   &GeometryIndex 5
   &TOTAL [&Type "Double"]       4.7461364000000003e+01
   &PREP [&Type "Double"]       2.3225309999999997e+00
   &FOCK [&Type "Double"]       3.9736384999999984e+01
   &DENS [&Type "Double"]       7.3354400000000908e-01
   &ETOT [&Type "Double"]       4.1475400000000029e-01
   &POP [&Type "Double"]       9.9999999747524271e-07
   &TRAFO [&Type "Double"]       1.5718699999999863e-01
   &DIIS [&Type "Double"]       9.5680400000000088e-01
   &SOSCF [&Type "Double"]       6.0666799999999377e-01
   &XC [&Type "Double"]       8.9598559999999967e+00
   &FOCKSTART [&Type "Double"]       2.6073100000000382e-01
   &SOLV [&Type "Double"]       6.7314309999999971e+00
   &SOLV_INIT [&Type "Double"]       6.6996800000000012e-01
   &INT_PREP [&Type "Double"]       3.9999999961182198e-06
   &INT_BF [&Type "Double"]       6.2011599999990352e-01
   &INT_DENS [&Type "Double"]       4.0285399999986282e-01
   &INT_DENSIO [&Type "Double"]       6.5979903914000126e+04
   &INT_FUNC [&Type "Double"]       1.5769699999994113e-01
   &INT_POT [&Type "Double"]       3.3391000000007942e-01
   &INT_POTIO [&Type "Double"]       6.9318900000002159e-01
   &INT_SUM [&Type "Double"]       2.5520000000058829e-03
   &SPLITRIJ [&Type "Double"]       2.2657140000000044e+00
   &COSX [&Type "Double"]       2.3424495000000014e+01
$End
$VdW_Correction
   &GeometryIndex 5
   &vdW [&Type "Double"]      -1.3156963160395833e-02
$End
$Single_Point_Data
   &GeometryIndex 5
   &FinalEnergy [&Type "Double"]      -1.0161783049109196e+03  "Final single point energy"
   &Converged [&Type "Boolean"] true
$End
$SCF_Nuc_Gradient
   &GeometryIndex 5
   &NAtoms [&Type "Integer"] 32
   &gradNorm [&Type "Double"]       4.4425717225276924e-03
   &grad [&Type "ArrayOfDoubles", &Dim (96,1)] 
                                                         0

0                                     -2.6913547415476384e-04
1                                     -2.7954037903662603e-04
2                                     -4.0404069575183154e-05
3                                      4.9790414718339391e-04
4                                     -2.4241887772181954e-05
5                                      1.6921622194990225e-04
6                                      2.2592829772584446e-04
7                                      8.5188642443741717e-05
8                                      1.2980119915915137e-03
9                                      7.9219787903360265e-04
10                                     6.9789753899297347e-04
11                                    -2.7494703991345986e-03
12                                    -4.7246176328009590e-04
13                                    -1.0209444147432729e-03
14                                     9.6602771238359162e-04
15                                    -8.2368324925846605e-04
16                                     5.6243585606773560e-04
17                                     6.7873187954693617e-04
18                                     8.6938459574732718e-04
19                                     2.4829047662240292e-04
20                                    -5.0399088997157696e-05
21                                    -1.2402200985036247e-03
22                                    -9.0339402803394644e-04
23                                    -1.6238833326621477e-04
24                                    -1.2497654353725752e-04
25                                    -8.8247435750602712e-05
26                                     2.9835378065472227e-06
27                                     3.6098664462181458e-04
28                                     1.5179630159694761e-04
29                                    -1.3452014763284066e-06
30                                    -1.3794724341550647e-04
31                                    -6.8237928833768651e-04
32                                    -3.2614152857693814e-04
33                                    -2.3246597343462114e-04
34                                     8.1323354239382301e-05
35                                     4.8692258745308613e-06
36                                    -2.0471213579101129e-04
37                                     6.4021317750672323e-04
38                                     3.5348182505754686e-04
39                                    -1.7362521111722332e-04
40                                     1.0076125733068518e-04
41                                    -1.4388738967564699e-04
42                                     5.5984619598336381e-05
43                                     4.6760996125086238e-05
44                                     1.0851459932291388e-06
45                                     6.8211652270809401e-05
46                                     6.6634806081835001e-05
47                                    -3.8106768620594733e-05
48                                    -1.1210914712020537e-05
49                                     3.8937822293563925e-05
50                                    -4.6890615285103811e-05
51                                     2.6155479176621263e-05
52                                     1.7138469156367816e-04
53                                    -2.8636187207919348e-05
54                                    -3.2392952240979093e-05
55                                    -3.7071759000824875e-05
56                                    -5.3009055272007979e-05
57                                     2.1322940369435458e-04
58                                    -3.8078902972117566e-05
59                                    -3.8280930142543790e-05
60                                     5.5236085290367960e-05
61                                     3.5254705749167357e-04
62                                     4.5195574248764226e-05
63                                     9.6581900599870303e-05
64                                    -3.3389508358670943e-05
65                                     4.7098566216595761e-05
66                                     1.1115015815419345e-04
67                                     3.1566691853809214e-04
68                                    -3.9614223886472096e-05
69                                    -1.8284639497554198e-05
70                                     8.1519685840892857e-05
71                                    -1.7048982558370173e-06
72                                     1.4477933825213316e-04
73                                     5.1291838319805387e-05
74                                    -1.1748994799236758e-06
75                                     7.2877869568647042e-06
76                                     2.6038245319259966e-05
77                                     8.0532763257777586e-05
78                                     1.6478600068159283e-05
79                                    -4.7804176004571904e-05
80                                     8.2040172379127567e-05
81                                     3.1815881440710873e-05
82                                    -2.7553611963311168e-04
83                                     1.5888193650187476e-04
84                                     1.0628539570733589e-04
85                                    -1.3948815481470010e-04
86                                    -5.2051530237465622e-05
87                                    -6.0062973440528660e-06
88                                    -1.2280688097431374e-05
89                                    -3.5938660158103673e-05
90                                     9.3473021031615419e-05
91                                    -9.6641682444153880e-05
92                                    -1.4710392044200360e-05
93                                    -2.5948357756121537e-05
94                                    -3.9650200965948684e-05
95                                    -6.4002434385862785e-05
   &Method [&Type "String"] "SCF"
   &Level [&Type "String"] "Relaxed density"
   &Mult [&Type "Integer"] 1
   &State [&Type "Integer"] 0
   &Irrep [&Type "Integer"] 0
$End
$Geometry
   &GeometryIndex 6
   &NAtoms [&Type "Integer"] 32
   &NCorelessECP [&Type "Integer"] 0
   &NGhostAtoms [&Type "Integer"] 0
   &CartesianCoordinates [&Type "Coordinates", &Dim(32,4), &Units "Bohr"] 
              C      8.021329069666    0.615160398615    3.821410957101
              C      7.383442430439    1.625776576712    1.231222000911
              O      4.733501015435    1.235543525283    0.786799932604
              P      3.527577978377    1.882244463723   -1.924654396646
              O      4.399109974829    4.288684390264   -3.054180893036
              F      4.620313922103   -0.442309968559   -3.583336627030
              N      0.526971664796    1.476157195867   -1.679545456597
              C     -0.736417734381   -0.501441901444   -0.858799822223
              C      0.505938121295   -2.913827767362    0.015053804214
              N     -3.255331792658   -0.341327789318   -0.751774417021
              C     -4.878445217388   -2.355553949103    0.234501877403
              C     -5.846274464901   -4.129568308733   -1.813038673632
              C     -4.542327051793    1.962194940876   -1.586987855362
              C     -4.769309214432    3.924208459822    0.504020060336
              H      7.610683027627   -1.418515466927    3.941524280533
              H      6.929187342037    1.603241189924    5.288022922654
              H     10.042828889968    0.901422547352    4.208527420357
              H      8.471991253196    0.638598662963   -0.245151066437
              H      7.795200754145    3.660228223961    1.080062156381
              H      0.701662854085   -2.871340244758    2.086024599189
              H      2.395450399287   -3.081044030537   -0.806067027143
              H     -0.587990439027   -4.594719239235   -0.500606700825
              H     -6.470875521141   -1.423524439510    1.192782723858
              H     -3.865366047023   -3.400080705381    1.711701288182
              H     -7.126564204031   -5.540344085185   -0.983190541325
              H     -6.897440211158   -3.087699523385   -3.273556687545
              H     -4.281868083089   -5.137656776442   -2.740466310014
              H     -6.422474610604    1.396032706901   -2.268213072805
              H     -3.493797975150    2.735504935871   -3.200036720374
              H     -2.888428238633    4.539558994243    1.137538564555
              H     -5.799770751992    5.589503935039   -0.192171018240
              H     -5.802507120985    3.164893048462    2.141843389906
$End
$SCF_Energy
   &GeometryIndex 6
   &Method [&Type "String"] "SCF"
   &totalEnergy [&Type "ArrayOfDoubles", &Dim (1,1)] "Total energy of each state"
                                                         0

0                                     -1.0161651787477540e+03
   &Mult [&Type "ArrayOfIntegers", &Dim (1,1)] "Multiplicity of each state"
                                                         0

0                                                        1
$End
$DFT_Energy
   &GeometryIndex 6
   &nAlphaEl [&Type "Integer"] 60
   &nBetaEl [&Type "Integer"] 60
   &nTotalEl [&Type "Integer"] 119
   &finalEn [&Type "Double"]      -1.0161651787477540e+03  "No Van der Waals correction"
   &eExchange [&Type "Double"]       0.0000000000000000e+00
   &eCorr [&Type "Double"]       0.0000000000000000e+00
   &eXC [&Type "Double"]      -8.0307292948784408e+01
   &eCNL [&Type "Double"]       0.0000000000000000e+00
$End
$Solvation_Details
   &GeometryIndex 6
   &Solvent [&Type "String"] "WATER"
   &Epsilon [&Type "Double"]       8.0150999999999996e+01
   &Refrac [&Type "Double"]       1.3328000000000000e+00
   &RSolv [&Type "Double"]       1.3000000000000000e+00
   &SurfaceType [&Type "String"] "GAUSSIAN VDW"
   &CPCMDielEnergy [&Type "Double"]      -2.8571025000000000e-02
   &NPoints [&Type "Integer"] 2706
   &SurfaceArea [&Type "Double"]       9.9483884289900004e+02
$End
$SCF_Timings
   &GeometryIndex 6
   &TOTAL [&Type "Double"]       4.3978824000000003e+01
   &PREP [&Type "Double"]       2.2671090000000000e+00
   &FOCK [&Type "Double"]       3.9054522999999996e+01
   &DENS [&Type "Double"]      -1.8177379999999914e+00
   &ETOT [&Type "Double"]       4.0867100000000534e-01
   &POP [&Type "Double"]       9.9999999747524271e-07
   &TRAFO [&Type "Double"]       1.5803000000000189e-01
   &DIIS [&Type "Double"]       9.8481199999999713e-01
   &SOSCF [&Type "Double"]       6.1091100000000154e-01
   &XC [&Type "Double"]       9.0356540000000010e+00
   &FOCKSTART [&Type "Double"]       2.5757300000000383e-01
   &SOLV [&Type "Double"]       6.8596270000000059e+00
   &SOLV_INIT [&Type "Double"]       6.5598000000000001e-01
   &SOLV_FINAL [&Type "Double"]       1.0000000045806701e-06
   &INT_PREP [&Type "Double"]       4.9999999971461762e-06
   &INT_BF [&Type "Double"]       6.1114199999994856e-01
   &INT_DENS [&Type "Double"]       3.9766000000010227e-01
   &INT_DENSIO [&Type "Double"]       6.3049953128000110e+04
   &INT_FUNC [&Type "Double"]       1.5755399999990960e-01
   &INT_POT [&Type "Double"]       3.1776500000017371e-01
   &INT_POTIO [&Type "Double"]       6.9805999999985957e-01
   &INT_SUM [&Type "Double"]       1.2950000000016004e-03
   &SPLITRIJ [&Type "Double"]       2.2428930000000009e+00
   &COSX [&Type "Double"]       2.2373015000000006e+01
$End
$VdW_Correction
   &GeometryIndex 6
   &vdW [&Type "Double"]      -1.3150427633299929e-02
$End
$Single_Point_Data
   &GeometryIndex 6
   &FinalEnergy [&Type "Double"]      -1.0161783291753873e+03  "Final single point energy"
   &Converged [&Type "Boolean"] true
$End
$SCF_Nuc_Gradient
   &GeometryIndex 6
   &NAtoms [&Type "Integer"] 32
   &gradNorm [&Type "Double"]       2.3055642156005647e-03
   &grad [&Type "ArrayOfDoubles", &Dim (96,1)] 
                                                         0

0                                     -3.0387763861085851e-04
1                                     -2.3043025629039787e-04
2                                      3.2387795092052852e-05
3                                      2.5905410579211052e-04
4                                     -7.1344371359292614e-05
5                                      1.5882971953195220e-04
6                                      3.4496798598048428e-04
7                                      1.1693038445632996e-04
8                                      4.8937853878238649e-04
9                                      3.5837900186101718e-04
10                                     7.9660994918284104e-04
11                                    -1.1096880832774877e-03
12                                    -2.8937868833204638e-04
13                                    -6.1649116598213466e-04
14                                     4.8800357568279910e-04
15                                    -3.4897996176517620e-04
16                                    -2.6926453671639500e-05
17                                     2.9890041928575781e-04
18                                     3.3798874154669634e-05
19                                    -1.4166538362482382e-04
20                                    -7.7168943467992076e-05
21                                    -1.8347004495466898e-04
22                                    -3.9329031399779738e-05
23                                     2.2690412209845620e-04
24                                     1.1995343284726013e-04
25                                    -3.0599102308532183e-04
26                                    -2.2519792934477958e-04
27                                     1.4839335988451303e-04
28                                     2.0908441421207792e-04
29                                    -1.9639594322164359e-04
30                                    -3.5175540239806125e-04
31                                    -6.2474945584054214e-04
32                                    -1.4826152895688769e-05
33                                     6.7448359313956256e-05
34                                     1.7714011350288450e-04
35                                    -1.2430784521157422e-04
36                                    -4.1275746896042679e-04
37                                     5.9374309807239893e-04
38                                    -8.2563090423746306e-05
39                                     1.6197054324212102e-05
40                                    -1.3127701816592499e-04
41                                     1.1061295315523821e-04
42                                     6.0718927848273254e-05
43                                     6.2697829586870403e-05
44                                    -4.5589295369517649e-05
45                                     1.1488509067322970e-04
46                                     4.8166100804139734e-05
47                                    -3.1579449975402585e-05
48                                    -1.2959111722708627e-05
49                                     2.5533889212247689e-05
50                                    -1.9881150182329153e-05
51                                    -7.1027117966383633e-05
52                                     1.3294861015357204e-04
53                                    -5.3821690392000498e-05
54                                    -6.9542874217734098e-05
55                                    -4.8118158011539145e-05
56                                    -4.3842703257192001e-05
57                                     1.6314302408272378e-04
58                                    -6.1451109518176637e-05
59                                    -7.1738030956484714e-05
60                                    -5.4095365395457248e-05
61                                     1.6776238421547000e-04
62                                     1.1819700248745992e-04
63                                    -1.5684106127087066e-06
64                                     1.5458130638713260e-06
65                                     1.0341765957296642e-04
66                                     7.5070119806959368e-05
67                                     1.2770968459913963e-04
68                                     5.2581159284082713e-05
69                                     6.2020134602196392e-06
70                                     5.9460417173105742e-05
71                                    -7.1541535918427676e-05
72                                     6.3870055463140831e-05
73                                     5.7368116540856918e-05
74                                     7.1514368030382625e-05
75                                     2.2243976549602586e-05
76                                    -3.7559703671293134e-05
77                                     4.8559153239437883e-05
78                                    -5.4293091114691804e-06
79                                     5.5546548301862992e-06
80                                     6.8337709174677715e-05
81                                     6.4627283769673574e-05
82                                    -1.0381163844171354e-04
83                                     8.8837575362945862e-05
84                                     1.7371886047827688e-04
85                                    -4.5611748092666381e-05
86                                    -6.4875193021075893e-06
87                                    -3.9853436542004530e-05
88                                    -2.7286220009608282e-05
89                                    -2.0320764675119539e-05
90                                     4.3509503077071788e-05
91                                    -8.7067258224174924e-05
92                                    -9.2481857499017889e-05
93                                     8.5138049813453801e-06
94                                     1.6854595074065156e-05
95                                    -6.9029822095043156e-05
   &Method [&Type "String"] "SCF"
   &Level [&Type "String"] "Relaxed density"
   &Mult [&Type "Integer"] 1
   &State [&Type "Integer"] 0
   &Irrep [&Type "Integer"] 0
$End
$Geometry
   &GeometryIndex 7
   &NAtoms [&Type "Integer"] 32
   &NCorelessECP [&Type "Integer"] 0
   &NGhostAtoms [&Type "Integer"] 0
   &CartesianCoordinates [&Type "Coordinates", &Dim(32,4), &Units "Bohr"] 
              C      7.999939170159    0.641161111139    3.833668162711
              C      7.375393322788    1.620513479672    1.227969288736
              O      4.728158759038    1.226422032859    0.773783646861
              P      3.529987838109    1.871849009523   -1.939014875274
              O      4.404066161505    4.277216685090   -3.072007671411
              F      4.631347593261   -0.452948640563   -3.595262082683
              N      0.528871253439    1.467758498013   -1.697982837083
              C     -0.734539680490   -0.508255228595   -0.875831760118
              C      0.502692344270   -2.921283048040    0.002488979043
              N     -3.253194594960   -0.343524187426   -0.757610304530
              C     -4.874990702951   -2.356581036973    0.231608822404
              C     -5.847890617948   -4.127335424650   -1.817321458052
              C     -4.538421194557    1.965632137891   -1.577692706947
              C     -4.745061705324    3.919204651323    0.524362543441
              H      7.590664157835   -1.391644818388    3.974952187383
              H      6.897179198413    1.643960758629    5.282399252897
              H     10.018743202440    0.934046204686    4.229745518106
              H      8.471321404287    0.614870224725   -0.230529732446
              H      7.789268392618    3.652962852698    1.055575876400
              H      0.691817952776   -2.877171010268    2.074155653661
              H      2.393192182674   -3.096308599504   -0.814973072218
              H     -0.594748222795   -4.599576623510   -0.514355802237
              H     -6.465699792123   -1.427443983858    1.195137325754
              H     -3.858574650202   -3.404355790614    1.704535580264
              H     -7.128609507992   -5.538733296651   -0.988618121238
              H     -6.900586821779   -3.082055845433   -3.274556035634
              H     -4.286052625311   -5.134437632443   -2.750184977083
              H     -6.424793064587    1.409937220087   -2.250524055662
              H     -3.497840350997    2.743810796947   -3.193185225571
              H     -2.857769535807    4.529477833382    1.143988024135
              H     -5.780170396284    5.589321762786   -0.153939068595
              H     -5.763699450608    3.153509907468    2.168477616915
$End
$SCF_Energy
   &GeometryIndex 7
   &Method [&Type "String"] "SCF"
   &totalEnergy [&Type "ArrayOfDoubles", &Dim (1,1)] "Total energy of each state"
                                                         0

0                                     -1.0161651849461299e+03
   &Mult [&Type "ArrayOfIntegers", &Dim (1,1)] "Multiplicity of each state"
                                                         0

0                                                        1
$End
$DFT_Energy
   &GeometryIndex 7
   &nAlphaEl [&Type "Integer"] 60
   &nBetaEl [&Type "Integer"] 60
   &nTotalEl [&Type "Integer"] 119
   &finalEn [&Type "Double"]      -1.0161651849461299e+03  "No Van der Waals correction"
   &eExchange [&Type "Double"]       0.0000000000000000e+00
   &eCorr [&Type "Double"]       0.0000000000000000e+00
   &eXC [&Type "Double"]      -8.0307015982775965e+01
   &eCNL [&Type "Double"]       0.0000000000000000e+00
$End
$Solvation_Details
   &GeometryIndex 7
   &Solvent [&Type "String"] "WATER"
   &Epsilon [&Type "Double"]       8.0150999999999996e+01
   &Refrac [&Type "Double"]       1.3328000000000000e+00
   &RSolv [&Type "Double"]       1.3000000000000000e+00
   &SurfaceType [&Type "String"] "GAUSSIAN VDW"
   &CPCMDielEnergy [&Type "Double"]      -2.8609919000000001e-02
   &NPoints [&Type "Integer"] 2697
   &SurfaceArea [&Type "Double"]       9.9493889234000005e+02
$End
$SCF_Timings
   &GeometryIndex 7
   &TOTAL [&Type "Double"]       4.3282970000000006e+01
   &PREP [&Type "Double"]       2.3465140000000000e+00
   &FOCK [&Type "Double"]       3.6500394999999997e+01
   &DENS [&Type "Double"]       6.5359300000000076e-01
   &ETOT [&Type "Double"]       3.5444400000000087e-01
   &POP [&Type "Double"]       9.9999999747524271e-07
   &TRAFO [&Type "Double"]       1.4398799999999312e-01
   &DIIS [&Type "Double"]       4.9857400000000052e-01
   &SOSCF [&Type "Double"]       7.2182699999999933e-01
   &XC [&Type "Double"]       5.4934540000000007e+00
   &FOCKSTART [&Type "Double"]       2.3190099999999125e-01
   &SOLV [&Type "Double"]       6.0201859999999989e+00
   &SOLV_INIT [&Type "Double"]       6.3784900000000011e-01
   &INT_PREP [&Type "Double"]       3.9999999996709334e-06
   &INT_BF [&Type "Double"]       5.5586300000006350e-01
   &INT_DENS [&Type "Double"]       3.6290299999997089e-01
   &INT_DENSIO [&Type "Double"]       5.6976498943000108e+04
   &INT_FUNC [&Type "Double"]       1.4193299999991638e-01
   &INT_POT [&Type "Double"]       2.8240400000003429e-01
   &INT_POTIO [&Type "Double"]       6.2653499999998363e-01
   &INT_SUM [&Type "Double"]       3.6749999999949878e-03
   &SPLITRIJ [&Type "Double"]       2.0182280000000055e+00
   &COSX [&Type "Double"]       2.4504579999999994e+01
$End
$VdW_Correction
   &GeometryIndex 7
   &vdW [&Type "Double"]      -1.3154567866565154e-02
$End
$Single_Point_Data
   &GeometryIndex 7
   &FinalEnergy [&Type "Double"]      -1.0161783395139964e+03  "Final single point energy"
   &Converged [&Type "Boolean"] true
$End
$SCF_Nuc_Gradient
   &GeometryIndex 7
   &NAtoms [&Type "Integer"] 32
   &gradNorm [&Type "Double"]       1.3284818402406699e-03
   &grad [&Type "ArrayOfDoubles", &Dim (96,1)] 
                                                         0

0                                     -1.1080882727561772e-04
1                                     -6.5452040314562882e-05
2                                      2.7962053747907391e-05
3                                     -4.3500447689331150e-05
4                                     -1.4095947260839086e-04
5                                      1.2717888527635881e-05
6                                      1.2692981280094289e-04
7                                      1.5800867821141586e-04
8                                     -1.1093807177864408e-04
9                                     -7.1497613113538546e-05
10                                     3.3352175489133014e-04
11                                     2.4959098769950216e-04
12                                    -1.0168382660636689e-05
13                                    -2.8453054535473122e-05
14                                    -7.8346362104672430e-07
15                                     1.0831103469458080e-04
16                                    -2.8368912080157789e-04
17                                    -9.1077495340785664e-05
18                                    -2.1793834340199514e-04
19                                    -1.3082655480337166e-04
20                                     3.2246194694009417e-04
21                                     3.9234997036666902e-04
22                                     5.4090260810372924e-05
23                                    -6.1804333864354710e-04
24                                     1.5937780775883247e-05
25                                    -8.0386779358074712e-05
26                                     1.0108883838122793e-04
27                                    -3.9872182726390497e-05
28                                     1.5002782601712450e-04
29                                    -3.2431566477435613e-05
30                                    -2.8005348099846837e-04
31                                    -1.4058685127878268e-04
32                                     1.8063506638748010e-04
33                                     1.8709770452270997e-04
34                                     1.3359181928639455e-04
35                                    -1.5872365330236223e-04
36                                    -2.9109895140803357e-04
37                                     2.3207145729279563e-04
38                                    -3.1118794790564551e-04
39                                     7.6840651038348560e-05
40                                    -1.9203505381808729e-04
41                                     1.9316194094539434e-04
42                                     2.0449747274301812e-05
43                                     1.3140494309582313e-05
44                                    -5.8235014389826991e-05
45                                     7.2262735373707654e-05
46                                     9.9150613944104015e-06
47                                     1.7099544452192708e-05
48                                     9.8828417679947090e-07
49                                     7.5640172818045994e-07
50                                     2.1769175027584949e-05
51                                    -3.6402398290136449e-05
52                                     7.0335477859985709e-05
53                                    -5.5162303328963169e-05
54                                    -3.8341202745994382e-05
55                                    -2.0545189310513054e-06
56                                     2.4115910264140399e-05
57                                     8.0474903534489105e-05
58                                    -7.3765076681597212e-05
59                                     7.7589432120665454e-08
60                                    -9.8116793613072049e-05
61                                    -8.2857699557730682e-07
62                                     8.7435223407516898e-05
63                                    -5.1791910556771726e-05
64                                     3.4773915292065244e-05
65                                     7.7031163642264563e-05
66                                     3.1753054740111389e-05
67                                    -5.8514777221832306e-05
68                                     7.6996604101203176e-05
69                                     9.8779384103271322e-05
70                                    -3.5279240395675953e-06
71                                    -2.4224903614965450e-05
72                                    -1.9873506186427603e-05
73                                     1.9815984311803017e-05
74                                     6.9004087497865539e-05
75                                     7.8407762961358124e-06
76                                    -5.5491005275691269e-05
77                                    -1.6845060325223717e-05
78                                    -1.9614801760830675e-05
79                                     2.8358983395103747e-05
80                                     8.6853267095854132e-06
81                                     1.5771849779453038e-05
82                                     4.0521053005141116e-06
83                                     9.7523417678748760e-06
84                                     8.7464047194023254e-05
85                                    -2.3257348366418948e-05
86                                     8.4143233073761677e-05
87                                    -1.5576050291899668e-05
88                                     4.2049681906440063e-06
89                                     9.8670694433693006e-06
90                                    -1.2974920163901592e-06
91                                    -7.9606452413431218e-06
92                                    -9.2437228336231307e-05
93                                     2.2700669371356408e-05
94                                     4.1123659842197109e-05
95                                    -3.5060104966134627e-06
   &Method [&Type "String"] "SCF"
   &Level [&Type "String"] "Relaxed density"
   &Mult [&Type "Integer"] 1
   &State [&Type "Integer"] 0
   &Irrep [&Type "Integer"] 0
$End
$Geometry
   &GeometryIndex 8
   &NAtoms [&Type "Integer"] 32
   &NCorelessECP [&Type "Integer"] 0
   &NGhostAtoms [&Type "Integer"] 0
   &CartesianCoordinates [&Type "Coordinates", &Dim(32,4), &Units "Bohr"] 
              C      7.982026498901    0.679802533348    3.849988675972
              C      7.371442976752    1.615917377832    1.225023955885
              O      4.725803562924    1.218451582862    0.764338702531
              P      3.533317944322    1.855684919724   -1.951687475854
              O      4.410662391985    4.256573288931   -3.093361915009
              F      4.637540804016   -0.474381032670   -3.600252202122
              N      0.531558907093    1.456569077564   -1.710991136530
              C     -0.733254378340   -0.517343786767   -0.886210464016
              C      0.500186275648   -2.935734955745   -0.019083838865
              N     -3.251063027612   -0.347478875204   -0.758876822044
              C     -4.875244992763   -2.359293932119    0.227378445650
              C     -5.855829513039   -4.122394991701   -1.825244446740
              C     -4.532452859241    1.968627565790   -1.563018387681
              C     -4.720332659374    3.914775859539    0.548356168710
              H      7.571475158339   -1.350467078559    4.023050102322
              H      6.870486628896    1.705934779399    5.275652941375
              H      9.998586502068    0.979063177596    4.252534973357
              H      8.473168241380    0.584081456736   -0.210752867455
              H      7.789722519351    3.644666609343    1.021512087366
              H      0.686105301044   -2.901340662696    2.053077703048
              H      2.390960053318   -3.111445251379   -0.836589449169
              H     -0.599903653734   -4.609513443459   -0.545430357259
              H     -6.463287212115   -1.430032641434    1.195039713718
              H     -3.859938473245   -3.413726951939    1.696363606465
              H     -7.139547245110   -5.533196178705   -1.000100429533
              H     -6.907581617202   -3.069495904677   -3.277906706922
              H     -4.297962277872   -5.130318871075   -2.764087462357
              H     -6.424699728926    1.423002520737   -2.227728009717
              H     -3.499493830193    2.750672472588   -3.181554908671
              H     -2.827208380084    4.519214074990    1.156119903825
              H     -5.758252953570    5.589743586422   -0.113668804916
              H     -5.726990944718    3.143383674726    2.197367396563
$End
$SCF_Energy
   &GeometryIndex 8
   &Method [&Type "String"] "SCF"
   &totalEnergy [&Type "ArrayOfDoubles", &Dim (1,1)] "Total energy of each state"
                                                         0

0                                     -1.0161651970739450e+03
   &Mult [&Type "ArrayOfIntegers", &Dim (1,1)] "Multiplicity of each state"
                                                         0

0                                                        1
$End
$DFT_Energy
   &GeometryIndex 8
   &nAlphaEl [&Type "Integer"] 60
   &nBetaEl [&Type "Integer"] 60
   &nTotalEl [&Type "Integer"] 119
   &finalEn [&Type "Double"]      -1.0161651970739450e+03  "No Van der Waals correction"
   &eExchange [&Type "Double"]       0.0000000000000000e+00
   &eCorr [&Type "Double"]       0.0000000000000000e+00
   &eXC [&Type "Double"]      -8.0306829654346757e+01
   &eCNL [&Type "Double"]       0.0000000000000000e+00
$End
$Solvation_Details
   &GeometryIndex 8
   &Solvent [&Type "String"] "WATER"
   &Epsilon [&Type "Double"]       8.0150999999999996e+01
   &Refrac [&Type "Double"]       1.3328000000000000e+00
   &RSolv [&Type "Double"]       1.3000000000000000e+00
   &SurfaceType [&Type "String"] "GAUSSIAN VDW"
   &CPCMDielEnergy [&Type "Double"]      -2.8636340999999999e-02
   &NPoints [&Type "Integer"] 2694
   &SurfaceArea [&Type "Double"]       9.9530199606500003e+02
$End
$SCF_Timings
   &GeometryIndex 8
   &TOTAL [&Type "Double"]       4.2743352000000002e+01
   &PREP [&Type "Double"]       2.3903859999999999e+00
   &FOCK [&Type "Double"]       3.5733890000000002e+01
   &DENS [&Type "Double"]       6.4996899999999869e-01
   &ETOT [&Type "Double"]       3.8869700000000140e-01
   &POP [&Type "Double"]       9.9999999747524271e-07
   &TRAFO [&Type "Double"]       1.6073500000000074e-01
   &DIIS [&Type "Double"]       7.4720199999999704e-01
   &SOSCF [&Type "Double"]       6.0068500000000213e-01
   &XC [&Type "Double"]       5.6041909999999957e+00
   &FOCKSTART [&Type "Double"]       2.3806100000000630e-01
   &SOLV [&Type "Double"]       5.9927930000000096e+00
   &SOLV_INIT [&Type "Double"]       6.8625100000000006e-01
   &SOLV_FINAL [&Type "Double"]       1.0000000045806701e-06
   &INT_PREP [&Type "Double"]       7.0000000080838731e-06
   &INT_BF [&Type "Double"]       5.6394200000003725e-01
   &INT_DENS [&Type "Double"]       3.7088999999992289e-01
   &INT_DENSIO [&Type "Double"]       5.4278942215000112e+04
   &INT_FUNC [&Type "Double"]       1.4298099999989233e-01
   &INT_POT [&Type "Double"]       2.9201899999997138e-01
   &INT_POTIO [&Type "Double"]       6.3463800000007708e-01
   &INT_SUM [&Type "Double"]       2.1350000000035507e-03
   &SPLITRIJ [&Type "Double"]       2.0384420000000074e+00
   &COSX [&Type "Double"]       2.3672040000000003e+01
$End
$VdW_Correction
   &GeometryIndex 8
   &vdW [&Type "Double"]      -1.3150787912732505e-02
$End
$Single_Point_Data
   &GeometryIndex 8
   &FinalEnergy [&Type "Double"]      -1.0161783478618578e+03  "Final single point energy"
   &Converged [&Type "Boolean"] true
$End
$SCF_Nuc_Gradient
   &GeometryIndex 8
   &NAtoms [&Type "Integer"] 32
   &gradNorm [&Type "Double"]       1.5528988295456028e-03
   &grad [&Type "ArrayOfDoubles", &Dim (96,1)] 
                                                         0

0                                      3.6429500707906723e-05
1                                      3.5827042344301406e-05
2                                     -2.3521388352215200e-05
3                                     -1.3865719389834666e-04
4                                     -1.5952492309018440e-04
5                                     -7.4443851314009242e-05
6                                     -1.0760834934267109e-04
7                                      2.2113871821616231e-04
8                                     -3.8458169661930445e-04
9                                     -2.7631947737472809e-04
10                                    -8.9581801387739434e-05
11                                     9.0448454505114646e-04
12                                     1.2723912613796468e-04
13                                     2.8730560783105520e-04
14                                    -2.4766169825881181e-04
15                                     2.8582035509009909e-04
16                                    -3.9236068724790232e-04
17                                    -2.6822606866845589e-04
18                                    -2.3202731583615938e-04
19                                    -7.9641974589533213e-05
20                                     2.7509289354170189e-04
21                                     4.6186896262000117e-04
22                                     2.0733890365040472e-04
23                                    -3.0580320634112089e-04
24                                    -8.2551065891944749e-05
25                                     4.5085704307329254e-05
26                                     6.5538604091758273e-05
27                                    -7.9032426747482361e-05
28                                    -3.0792353888832219e-05
29                                    -6.6164621785223555e-05
30                                    -1.0842707784188971e-04
31                                     1.8484206409310412e-04
32                                     1.6819488263556108e-04
33                                     1.1170204718064371e-04
34                                     1.5384012630398498e-05
35                                    -6.2525878709253610e-05
36                                    -8.0485007036481206e-05
37                                    -1.1487524236574389e-04
38                                    -2.3503137775092933e-04
39                                     4.1220041449373924e-05
40                                    -1.0905045069953473e-04
41                                     1.4169469540095770e-04
42                                    -1.7316054474009445e-05
43                                    -3.0425360427839275e-05
44                                    -4.6177582853987685e-05
45                                     2.8740774021802171e-05
46                                    -1.9974338684847944e-05
47                                     5.8349425357502374e-05
48                                     5.6856317669288500e-06
49                                    -1.3212474678674312e-05
50                                     3.7217261607991495e-05
51                                     1.1668078642966689e-05
52                                     2.8482469547579728e-05
53                                    -4.0973813375555984e-05
54                                    -6.1724631241398234e-07
55                                     3.4480923050374317e-05
56                                     8.1415604500362641e-05
57                                     1.3115745366089568e-05
58                                     6.4144277811219912e-06
59                                     1.2491354730418616e-05
60                                     2.0229849084760183e-05
61                                    -6.8338533726497848e-05
62                                    -2.6291339453028088e-05
63                                    -1.7367001670708614e-05
64                                     1.6671757507808647e-05
65                                     1.6536342851827575e-05
66                                    -5.2984005296079093e-06
67                                    -1.0666479380837593e-04
68                                     4.3623256348863969e-05
69                                     3.0444921454508164e-05
70                                    -7.7732933796851916e-06
71                                    -6.9978529513731066e-06
72                                    -5.8973833593658326e-05
73                                    -6.8688427895373563e-06
74                                     1.4392839523572954e-05
75                                    -2.9139666949119352e-06
76                                    -3.6060185069785069e-05
77                                    -5.7270000150952078e-05
78                                     1.8866013233216943e-06
79                                     3.1704098398981759e-05
80                                    -3.2558148144595653e-05
81                                    -7.4193561856397507e-06
82                                     4.5501581249299191e-05
83                                    -4.1681954740620665e-05
84                                     2.8848748502811353e-05
85                                     1.4499536126297909e-05
86                                     7.7965887919511628e-05
87                                     8.2289552990140710e-06
88                                     1.6770686901479263e-05
89                                     1.8767540787680578e-05
90                                    -1.6353424286249693e-05
91                                     3.9231898598315296e-05
92                                    -3.6758629534199621e-05
93                                     1.8237869382582142e-05
94                                     3.4465874690552359e-05
95                                     4.0903924402783078e-05
   &Method [&Type "String"] "SCF"
   &Level [&Type "String"] "Relaxed density"
   &Mult [&Type "Integer"] 1
   &State [&Type "Integer"] 0
   &Irrep [&Type "Integer"] 0
$End
$Geometry
   &GeometryIndex 9
   &NAtoms [&Type "Integer"] 32
   &NCorelessECP [&Type "Integer"] 0
   &NGhostAtoms [&Type "Integer"] 0
   &CartesianCoordinates [&Type "Coordinates", &Dim(32,4), &Units "Bohr"] 
              C      7.915660261356    0.822599221850    3.907680978725
              C      7.358750250689    1.600117142467    1.219554186425
              O      4.719220407125    1.189851306195    0.734562640495
              P      3.547294100198    1.799743453162   -1.994315842212
              O      4.434330712108    4.186746799812   -3.160383315927
              F      4.661844082938   -0.546369888411   -3.616242922699
              N      0.543316730073    1.413982250103   -1.758254530013
              C     -0.727854047307   -0.554649744483   -0.929274551239
              C      0.491749213064   -2.992380493080   -0.101041173502
              N     -3.241430678042   -0.363738688945   -0.764850953697
              C     -4.872447045754   -2.372303165760    0.212822431477
              C     -5.893934725171   -4.099647936569   -1.851557530676
              C     -4.509602254369    1.977362468433   -1.511139751745
              C     -4.629138338878    3.896984389015    0.630340353681
              H      7.497114983240   -1.193185933952    4.195979095534
              H      6.775171189643    1.932770562614    5.245029991900
              H      9.924105484785    1.144053204907    4.332491268826
              H      8.480187069729    0.477346493284   -0.130271262537
              H      7.793778355894    3.610930088023    0.903764144428
              H      0.668255991297   -2.993167336968    1.972234220843
              H      2.382923988743   -3.168618703302   -0.918252683428
              H     -0.617419744262   -4.650033857433   -0.659975400361
              H     -6.443190533527   -1.441394360793    1.206610101086
              H     -3.854313748857   -3.455741784488    1.658761402461
              H     -7.184334962969   -5.508672913122   -1.034152380312
              H     -6.949666745000   -3.014537567911   -3.277831221424
              H     -4.357262461455   -5.109857016807   -2.822819300669
              H     -6.422465113237    1.465301227696   -2.142942885797
              H     -3.505177396368    2.771451991381   -3.141942939996
              H     -2.716043291010    4.478533100325    1.196995161823
              H     -5.672650059471    5.589119702149    0.023263102994
              H     -5.596771656307    3.107405990609    2.294418257467
$End
$SCF_Energy
   &GeometryIndex 9
   &Method [&Type "String"] "SCF"
   &totalEnergy [&Type "ArrayOfDoubles", &Dim (1,1)] "Total energy of each state"
                                                         0

0                                     -1.0161652454464572e+03
   &Mult [&Type "ArrayOfIntegers", &Dim (1,1)] "Multiplicity of each state"
                                                         0

0                                                        1
$End
$DFT_Energy
   &GeometryIndex 9
   &nAlphaEl [&Type "Integer"] 60
   &nBetaEl [&Type "Integer"] 60
   &nTotalEl [&Type "Integer"] 119
   &finalEn [&Type "Double"]      -1.0161652454464572e+03  "No Van der Waals correction"
   &eExchange [&Type "Double"]       0.0000000000000000e+00
   &eCorr [&Type "Double"]       0.0000000000000000e+00
   &eXC [&Type "Double"]      -8.0306604560927255e+01
   &eCNL [&Type "Double"]       0.0000000000000000e+00
$End
$Solvation_Details
   &GeometryIndex 9
   &Solvent [&Type "String"] "WATER"
   &Epsilon [&Type "Double"]       8.0150999999999996e+01
   &Refrac [&Type "Double"]       1.3328000000000000e+00
   &RSolv [&Type "Double"]       1.3000000000000000e+00
   &SurfaceType [&Type "String"] "GAUSSIAN VDW"
   &CPCMDielEnergy [&Type "Double"]      -2.8700153999999999e-02
   &NPoints [&Type "Integer"] 2705
   &SurfaceArea [&Type "Double"]       9.9614535156399995e+02
$End
$SCF_Timings
   &GeometryIndex 9
   &TOTAL [&Type "Double"]       4.5131827000000001e+01
   &PREP [&Type "Double"]       2.3202039999999999e+00
   &FOCK [&Type "Double"]       3.7591188000000002e+01
   &DENS [&Type "Double"]       7.3859099999999955e-01
   &ETOT [&Type "Double"]       4.0033100000000399e-01
   &TRAFO [&Type "Double"]       1.5093599999999618e-01
   &DIIS [&Type "Double"]       9.6912399999999987e-01
   &SOSCF [&Type "Double"]       5.7374500000000062e-01
   &XC [&Type "Double"]       8.9770879999999913e+00
   &FOCKSTART [&Type "Double"]       2.7006799999999620e-01
   &SOLV [&Type "Double"]       4.3767869999999958e+00
   &SOLV_INIT [&Type "Double"]       6.8023799999999990e-01
   &INT_PREP [&Type "Double"]       7.0000000063075163e-06
   &INT_BF [&Type "Double"]       6.3102999999994314e-01
   &INT_DENS [&Type "Double"]       4.1566800000005610e-01
   &INT_DENSIO [&Type "Double"]       6.5114930256000072e+04
   &INT_FUNC [&Type "Double"]       1.5810300000009647e-01
   &INT_POT [&Type "Double"]       3.4953000000007517e-01
   &INT_POTIO [&Type "Double"]       6.9664099999996054e-01
   &INT_SUM [&Type "Double"]       3.5289999999887911e-03
   &SPLITRIJ [&Type "Double"]       2.2560610000000039e+00
   &COSX [&Type "Double"]       2.3558573999999993e+01
$End
$VdW_Correction
   &GeometryIndex 9
   &vdW [&Type "Double"]      -1.3135087686234991e-02
$End
$Single_Point_Data
   &GeometryIndex 9
   &FinalEnergy [&Type "Double"]      -1.0161783805341435e+03  "Final single point energy"
   &Converged [&Type "Boolean"] true
$End
$SCF_Nuc_Gradient
   &GeometryIndex 9
   &NAtoms [&Type "Integer"] 32
   &gradNorm [&Type "Double"]       3.5757069891043129e-03
   &grad [&Type "ArrayOfDoubles", &Dim (96,1)] 
                                                         0

0                                      2.8232419174975380e-04
1                                      2.2935795887222958e-04
2                                     -1.9759400270227096e-04
3                                     -1.3847071093387990e-04
4                                     -2.2776633470403170e-04
5                                     -2.0525339078774041e-04
6                                     -6.2800709761880711e-04
7                                      4.1271120642071549e-04
8                                     -8.4828708896602311e-04
9                                     -5.0906372026077889e-04
10                                    -8.6436183231267745e-04
11                                     2.1709348472585804e-03
12                                     3.4411750044234215e-04
13                                     7.7009485449795886e-04
14                                    -6.9969774573061506e-04
15                                     5.8832447439967177e-04
16                                    -5.9449461274441032e-04
17                                    -6.3655546213148739e-04
18                                    -1.6539185058489733e-04
19                                     3.8046661561889840e-04
20                                     1.0319781983518541e-04
21                                     2.1491465603476099e-04
22                                     1.3298409352989916e-04
23                                     1.5143833626013136e-04
24                                    -2.5639383360704965e-04
25                                     2.9255965190191739e-04
26                                     1.0718993931669736e-04
27                                    -5.6180107514864166e-05
28                                    -4.0488211051882675e-04
29                                    -2.8616003984316049e-05
30                                     4.3970946145784913e-04
31                                     8.1213032422536519e-04
32                                    -2.9592243707330138e-05
33                                    -1.5833269627082562e-04
34                                    -2.8146674851436791e-04
35                                     2.5749870406988187e-04
36                                     4.9577702444682345e-04
37                                    -8.3291526173882467e-04
38                                     1.3789369480383701e-04
39                                    -1.3210036169253352e-04
40                                     1.7668697714940957e-04
41                                    -1.2855680429717462e-04
42                                    -7.3759191797177339e-05
43                                    -8.8691730361838440e-05
44                                     1.7656341487999765e-05
45                                    -6.4395564766888579e-05
46                                    -1.2185949218884192e-04
47                                     1.3985859422884533e-04
48                                    -1.0706909523906041e-06
49                                    -3.6474605584527162e-05
50                                     4.1570488646823522e-05
51                                     8.3317416746754743e-05
52                                    -1.4402053756448683e-05
53                                    -1.3625338486079164e-05
54                                     2.2962999543252029e-05
55                                     8.2340717319652544e-05
56                                     1.9553891652758298e-04
57                                    -1.2547746627437692e-04
58                                     1.7794885029551505e-04
59                                     3.7715536672238361e-05
60                                     1.7492015915300925e-04
61                                    -1.8389600480531198e-04
62                                    -2.4047576534368782e-04
63                                     6.1701919548117200e-05
64                                    -2.1487014637284561e-05
65                                    -1.3363903146116929e-04
66                                    -8.7221535785388045e-05
67                                    -1.5630337926859239e-04
68                                    -6.2224872228188228e-05
69                                    -9.4394573083736517e-05
70                                    -4.4894867189729308e-05
71                                     7.0817646453527586e-05
72                                    -1.0542505603444206e-04
73                                    -3.4669893011966454e-05
74                                    -1.4589521116846834e-04
75                                    -1.5371692484160047e-06
76                                     2.8315404396579275e-05
77                                    -1.1807350250334906e-04
78                                     4.0885229417032584e-05
79                                     4.5919921339848665e-05
80                                    -1.1965986586796240e-04
81                                    -4.3956056737601356e-05
82                                     1.1605925506497276e-04
83                                    -1.3237033843458714e-04
84                                    -1.5281570787751387e-04
85                                     1.2261914974980788e-04
86                                     3.3766755139625298e-05
87                                     5.4158579775900560e-05
88                                     2.7110158195283678e-05
89                                     1.2782408466276469e-05
90                                    -1.8894757077519611e-05
91                                     1.0684594287725102e-04
92                                     1.5571699974854239e-04
93                                     9.7745704481931361e-06
94                                    -5.5851005111654949e-06
95                                     1.0653959603420393e-04
   &Method [&Type "String"] "SCF"
   &Level [&Type "String"] "Relaxed density"
   &Mult [&Type "Integer"] 1
   &State [&Type "Integer"] 0
   &Irrep [&Type "Integer"] 0
$End
$Geometry
   &GeometryIndex 10
   &NAtoms [&Type "Integer"] 32
   &NCorelessECP [&Type "Integer"] 0
   &NGhostAtoms [&Type "Integer"] 0
   &CartesianCoordinates [&Type "Coordinates", &Dim(32,4), &Units "Bohr"] 
              C      7.682922511696    1.319869308980    4.046400569194
              C      7.316376849297    1.535625236008    1.224362777991
              O      4.697641543414    1.092625878790    0.659997028428
              P      3.595943613228    1.618407519253   -2.109804164555
              O      4.514302838849    3.962849358968   -3.342800295595
              F      4.746204469750   -0.773359264817   -3.645847293554
              N      0.585088129433    1.270728309798   -1.896525971110
              C     -0.710107241570   -0.681523433376   -1.062093730852
              C      0.455463569182   -3.182855395536   -0.363105588971
              N     -3.205946698741   -0.419847696019   -0.780560460776
              C     -4.866019612213   -2.417371077594    0.161261327631
              C     -6.023893218660   -4.008978021110   -1.942754258379
              C     -4.416936495922    1.999883320092   -1.336269253240
              C     -4.318470852745    3.814863332763    0.897740795273
              H      7.198079847145   -0.587880842511    4.717076412993
              H      6.477118981066    2.690492808278    5.041756226939
              H      9.665927723653    1.703786683195    4.533052210079
              H      8.477437022262    0.134914060614    0.209078711234
              H      7.839151408992    3.430643198907    0.540133861502
              H      0.598973747113   -3.302271746894    1.709230984386
              H      2.348072515175   -3.364048448941   -1.176393781192
              H     -0.686487762546   -4.779373616508   -1.028177225435
              H     -6.373531921254   -1.484816706259    1.246900570132
              H     -3.842469194759   -3.603191233429    1.520703973546
              H     -7.337293927589   -5.412198995967   -1.153329279718
              H     -7.088459730012   -2.812756465168   -3.271276950773
              H     -4.562424988533   -5.019857556725   -3.024223240709
              H     -6.387056835782    1.598583144042   -1.863825779055
              H     -3.495286931783    2.839696926639   -2.993602011053
              H     -2.350585611574    4.314845944433    1.342582309985
              H     -5.357808663992    5.562982240095    0.469166844157
              H     -5.175925063684    2.959533230001    2.590403373425
$End
$SCF_Energy
   &GeometryIndex 10
   &Method [&Type "String"] "SCF"
   &totalEnergy [&Type "ArrayOfDoubles", &Dim (1,1)] "Total energy of each state"
                                                         0

0                                     -1.0161650179183036e+03
   &Mult [&Type "ArrayOfIntegers", &Dim (1,1)] "Multiplicity of each state"
                                                         0

0                                                        1
$End
$DFT_Energy
   &GeometryIndex 10
   &nAlphaEl [&Type "Integer"] 60
   &nBetaEl [&Type "Integer"] 60
   &nTotalEl [&Type "Integer"] 120
   &finalEn [&Type "Double"]      -1.0161650179183036e+03  "No Van der Waals correction"
   &eExchange [&Type "Double"]       0.0000000000000000e+00
   &eCorr [&Type "Double"]       0.0000000000000000e+00
   &eXC [&Type "Double"]      -8.0305832006437527e+01
   &eCNL [&Type "Double"]       0.0000000000000000e+00
$End
$Solvation_Details
   &GeometryIndex 10
   &Solvent [&Type "String"] "WATER"
   &Epsilon [&Type "Double"]       8.0150999999999996e+01
   &Refrac [&Type "Double"]       1.3328000000000000e+00
   &RSolv [&Type "Double"]       1.3000000000000000e+00
   &SurfaceType [&Type "String"] "GAUSSIAN VDW"
   &CPCMDielEnergy [&Type "Double"]      -2.8831228000000000e-02
   &NPoints [&Type "Integer"] 2691
   &SurfaceArea [&Type "Double"]       9.9875789475600004e+02
$End
$SCF_Timings
   &GeometryIndex 10
   &TOTAL [&Type "Double"]       5.6525007000000002e+01
   &PREP [&Type "Double"]      -9.1564999999999994e-02
   &FOCK [&Type "Double"]       4.8467597999999974e+01
   &DENS [&Type "Double"]       8.3605099999999766e-01
   &ETOT [&Type "Double"]       5.0770400000001104e-01
   &TRAFO [&Type "Double"]       1.5231900000000032e-01
   &DIIS [&Type "Double"]       9.7376899999999900e-01
   &SOSCF [&Type "Double"]       9.0205299999999156e-01
   &XC [&Type "Double"]       1.0978262999999991e+01
   &FOCKSTART [&Type "Double"]       3.2155699999999821e-01
   &SOLV [&Type "Double"]       5.6949110000000100e+00
   &SOLV_INIT [&Type "Double"]      -1.7856920000000001e+00
   &INT_PREP [&Type "Double"]       7.9999999922364395e-06
   &INT_BF [&Type "Double"]       7.4303700000005879e-01
   &INT_DENS [&Type "Double"]       4.9411200000004118e-01
   &INT_DENSIO [&Type "Double"]       8.8871481899000137e+04
   &INT_FUNC [&Type "Double"]       1.9163600000028325e-01
   &INT_POT [&Type "Double"]       4.1053700000003879e-01
   &INT_POTIO [&Type "Double"]       8.7773299999982601e-01
   &INT_SUM [&Type "Double"]       1.1140000000004591e-02
   &SPLITRIJ [&Type "Double"]       2.7334029999999938e+00
   &COSX [&Type "Double"]       3.0169375000000002e+01
$End
$VdW_Correction
   &GeometryIndex 10
   &vdW [&Type "Double"]      -1.3099834693694839e-02
$End
$Single_Point_Data
   &GeometryIndex 10
   &FinalEnergy [&Type "Double"]      -1.0161781177529973e+03  "Final single point energy"
   &Converged [&Type "Boolean"] true
$End
$SCF_Nuc_Gradient
   &GeometryIndex 10
   &NAtoms [&Type "Integer"] 32
   &gradNorm [&Type "Double"]       9.5144828453522529e-03
   &grad [&Type "ArrayOfDoubles", &Dim (96,1)] 
                                                         0

0                                      1.1360457091605179e-03
1                                      2.7364741002074350e-04
2                                     -2.8775170658505603e-04
3                                     -5.3776316434303942e-04
4                                     -3.3202108836958471e-04
5                                     -8.5127611203663972e-04
6                                     -1.7737046051916113e-03
7                                      9.5359163491446697e-04
8                                     -1.8395301943936316e-03
9                                     -8.3886965988054832e-04
10                                    -2.5370881428415509e-03
11                                     5.0318930630581958e-03
12                                     7.9216223203216498e-04
13                                     1.6933018431078053e-03
14                                    -1.7680151140657546e-03
15                                     1.3441464882289131e-03
16                                    -1.1232020165986623e-03
17                                    -1.5019516907370627e-03
18                                    -2.3013888511026545e-04
19                                     1.7886411843103644e-03
20                                    -3.5619798459940151e-04
21                                    -1.9168855427904212e-04
22                                    -2.5465896120624866e-04
23                                     1.2443014238511189e-03
24                                    -4.5039964693867178e-04
25                                     7.5015010460341577e-04
26                                     2.0623327765197322e-04
27                                    -1.5501087544096508e-04
28                                    -1.0673120224144099e-03
29                                     7.6577732797183213e-05
30                                     1.7099356527017534e-03
31                                     2.2516388122823779e-03
32                                    -5.4037705015848748e-04
33                                    -6.8343290529921828e-04
34                                    -1.2154887100075736e-03
35                                     1.0556989085967084e-03
36                                     1.6170705185407450e-03
37                                    -2.6859358107444611e-03
38                                     7.4183915843236293e-04
39                                    -4.3528527175778418e-04
40                                     9.7472013524141918e-04
41                                    -7.0787077030177385e-04
42                                    -1.0835707902161856e-04
43                                    -1.4284436890638636e-04
44                                     3.8315842732951388e-04
45                                    -6.0217436212408129e-04
46                                    -1.1751716642474133e-04
47                                    -1.4708905170944425e-04
48                                    -1.9267536283385474e-05
49                                    -6.4569552183231226e-05
50                                     2.1689400436717099e-05
51                                     6.1705786479738904e-04
52                                    -1.9718537303882897e-04
53                                     4.9630901244994657e-04
54                                    -9.1066232905893788e-07
55                                     2.3964507577413987e-04
56                                     3.4395445536973220e-04
57                                    -5.0773977637465163e-04
58                                     5.8266051700303319e-04
59                                     1.2841934975822190e-04
60                                     4.2176195044573729e-04
61                                    -4.8770719703598918e-04
62                                    -6.7689771291511299e-04
63                                     2.6147349378959094e-04
64                                    -1.0664355417163114e-04
65                                    -4.5121002084978849e-04
66                                    -3.5326677892043681e-04
67                                    -2.3126609381596817e-04
68                                    -3.3469653370283713e-04
69                                    -3.7664874667773271e-04
70                                    -9.9563883039554098e-05
71                                     2.8852678350318203e-04
72                                    -2.2130299396579575e-04
73                                    -5.7957543153799838e-05
74                                    -5.3346102553484404e-04
75                                     1.7464059239070444e-05
76                                     2.4346876567594346e-04
77                                    -2.0364692962521517e-04
78                                     8.5120431577087542e-05
79                                     1.0434568246157883e-04
80                                    -3.2694300439081226e-04
81                                    -1.3365050224572940e-04
82                                     4.3650703333407030e-04
83                                    -2.5472910931155219e-04
84                                    -5.2185790708751862e-04
85                                     4.7857663806581869e-04
86                                    -7.1577891885544920e-05
87                                     1.6844215695344740e-04
88                                    -2.7138499186757824e-05
89                                    -6.9689339391206792e-05
90                                    -6.9068585567662105e-05
91                                     2.0170024634634634e-04
92                                     7.1126309263053297e-04
93                                     3.9857960253758380e-05
94                                    -2.2449506100497902e-04
95                                     1.9304709728122459e-04
   &Method [&Type "String"] "SCF"
   &Level [&Type "String"] "Relaxed density"
   &Mult [&Type "Integer"] 1
   &State [&Type "Integer"] 0
   &Irrep [&Type "Integer"] 0
$End
$Geometry
   &GeometryIndex 11
   &NAtoms [&Type "Integer"] 32
   &NCorelessECP [&Type "Integer"] 0
   &NGhostAtoms [&Type "Integer"] 0
   &CartesianCoordinates [&Type "Coordinates", &Dim(32,4), &Units "Bohr"] 
              C      7.856353383953    0.950886672149    3.954504447771
              C      7.351567571242    1.570751776150    1.215351058468
              O      4.716207114841    1.155450806984    0.711131013128
              P      3.557777884967    1.761867051183   -2.024470639724
              O      4.447346759146    4.148934643038   -3.188895288550
              F      4.681769611790   -0.581346661510   -3.642747622978
              N      0.552964876512    1.378794166266   -1.792892379940
              C     -0.722251058080   -0.587208139569   -0.961849862582
              C      0.487613776942   -3.042372715076   -0.172843745981
              N     -3.231795161462   -0.379375246202   -0.765471695213
              C     -4.867961295846   -2.387279828422    0.203284396473
              C     -5.930499048850   -4.076950927410   -1.871745477190
              C     -4.489271468355    1.980839615990   -1.467007719068
              C     -4.551870200145    3.882056195571    0.693229207931
              H      7.415785864291   -1.040551553935    4.356950208744
              H      6.700461884620    2.147446609593    5.201110975660
              H      9.859647367498    1.283049256881    4.394813663046
              H      8.482954420528    0.359349180985   -0.046549419509
              H      7.811802568425    3.555346031914    0.788994361486
              H      0.651645206742   -3.081917459188    1.901006424332
              H      2.381401039749   -3.211051201315   -0.985098541408
              H     -0.624622761861   -4.685594554524   -0.768421134175
              H     -6.419916155522   -1.455648040530    1.225618604977
              H     -3.844663107770   -3.499498656071    1.623398815051
              H     -7.222917679037   -5.486674424764   -1.059187951170
              H     -6.994574162258   -2.960840550839   -3.267678829901
              H     -4.415636629672   -5.086357503853   -2.877740110547
              H     -6.418460246905    1.493498410328   -2.067963121318
              H     -3.509738706107    2.780860440875   -3.110376055098
              H     -2.623551914581    4.443173659386    1.227989300262
              H     -5.594756831443    5.587693317667    0.124752793830
              H     -5.492812884453    3.082669628247    2.368063015124
$End
$SCF_Energy
   &GeometryIndex 11
   &Method [&Type "String"] "SCF"
   &totalEnergy [&Type "ArrayOfDoubles", &Dim (1,1)] "Total energy of each state"
                                                         0

0                                     -1.0161652745467997e+03
   &Mult [&Type "ArrayOfIntegers", &Dim (1,1)] "Multiplicity of each state"
                                                         0

0                                                        1
$End
$DFT_Energy
   &GeometryIndex 11
   &nAlphaEl [&Type "Integer"] 60
   &nBetaEl [&Type "Integer"] 60
   &nTotalEl [&Type "Integer"] 119
   &finalEn [&Type "Double"]      -1.0161652745467997e+03  "No Van der Waals correction"
   &eExchange [&Type "Double"]       0.0000000000000000e+00
   &eCorr [&Type "Double"]       0.0000000000000000e+00
   &eXC [&Type "Double"]      -8.0306502807312484e+01
   &eCNL [&Type "Double"]       0.0000000000000000e+00
$End
$Solvation_Details
   &GeometryIndex 11
   &Solvent [&Type "String"] "WATER"
   &Epsilon [&Type "Double"]       8.0150999999999996e+01
   &Refrac [&Type "Double"]       1.3328000000000000e+00
   &RSolv [&Type "Double"]       1.3000000000000000e+00
   &SurfaceType [&Type "String"] "GAUSSIAN VDW"
   &CPCMDielEnergy [&Type "Double"]      -2.8721712000000000e-02
   &NPoints [&Type "Integer"] 2703
   &SurfaceArea [&Type "Double"]       9.9552934674500000e+02
$End
$SCF_Timings
   &GeometryIndex 11
   &TOTAL [&Type "Double"]       5.0299365000000002e+01
   &PREP [&Type "Double"]       2.3995430000000000e+00
   &FOCK [&Type "Double"]       4.2306423999999993e+01
   &DENS [&Type "Double"]       1.1141609999999957e+00
   &ETOT [&Type "Double"]       4.5244100000000209e-01
   &POP [&Type "Double"]       9.9999999747524271e-07
   &TRAFO [&Type "Double"]       1.4953799999999795e-01
   &DIIS [&Type "Double"]       9.7644999999999982e-01
   &SOSCF [&Type "Double"]       7.3176300000000793e-01
   &XC [&Type "Double"]       9.9037149999999929e+00
   &FOCKSTART [&Type "Double"]       2.7841700000000325e-01
   &SOLV [&Type "Double"]       5.0781989999999899e+00
   &SOLV_INIT [&Type "Double"]       7.2461100000000012e-01
   &SOLV_FINAL [&Type "Double"]       9.9999999747524271e-07
   &INT_PREP [&Type "Double"]       3.9999999978945766e-06
   &INT_BF [&Type "Double"]       6.8309500000010992e-01
   &INT_DENS [&Type "Double"]       4.5358599999992144e-01
   &INT_DENSIO [&Type "Double"]       7.8056847619000109e+04
   &INT_FUNC [&Type "Double"]       1.7209500000001654e-01
   &INT_POT [&Type "Double"]       3.9227299999994436e-01
   &INT_POTIO [&Type "Double"]       7.6916299999999627e-01
   &INT_SUM [&Type "Double"]       2.3139999999912675e-03
   &SPLITRIJ [&Type "Double"]       2.5057400000000083e+00
   &COSX [&Type "Double"]       2.6082952000000013e+01
$End
$VdW_Correction
   &GeometryIndex 11
   &vdW [&Type "Double"]      -1.3124214206451573e-02
$End
$Single_Point_Data
   &GeometryIndex 11
   &FinalEnergy [&Type "Double"]      -1.0161783987610061e+03  "Final single point energy"
   &Converged [&Type "Boolean"] true
$End
$SCF_Nuc_Gradient
   &GeometryIndex 11
   &NAtoms [&Type "Integer"] 32
   &gradNorm [&Type "Double"]       4.0897587209340492e-03
   &grad [&Type "ArrayOfDoubles", &Dim (96,1)] 
                                                         0

0                                      3.7109450551441807e-04
1                                      1.6259969180689755e-04
2                                     -1.8613644389596826e-04
3                                      3.6811163825560292e-05
4                                     -1.5069223802305354e-04
5                                     -3.1671582752295220e-04
6                                     -8.7466536898119299e-04
7                                      4.9354640088895396e-04
8                                     -7.2768615020775841e-04
9                                     -3.6135689301455582e-04
10                                    -1.2207142852221757e-03
11                                     2.0216379481297259e-03
12                                     3.6407805920536971e-04
13                                     7.6452611365588317e-04
14                                    -7.1183557628799526e-04
15                                     6.2230718003976207e-04
16                                    -3.9207939094610783e-04
17                                    -6.9057836755079759e-04
18                                    -3.3901964990056829e-05
19                                     7.4377856825174227e-04
20                                    -1.0122491690935795e-04
21                                    -1.6239228907382534e-04
22                                    -1.0312153484908913e-04
23                                     6.9785001047019597e-04
24                                    -2.2648017306230782e-04
25                                     2.6512777887919414e-04
26                                     3.7514134375225079e-05
27                                    -4.9752154488615742e-05
28                                    -5.2185840002847046e-04
29                                     2.7864557663822526e-07
30                                     7.6584099327089571e-04
31                                     9.2758839320896010e-04
32                                    -2.3144482185052652e-04
33                                    -3.5927927925226807e-04
34                                    -4.1884877986097597e-04
35                                     4.8425106319322447e-04
36                                     8.2067919342645123e-04
37                                    -1.0929018530192081e-03
38                                     4.5580039943923556e-04
39                                    -2.3077901984124507e-04
40                                     3.9920673429282233e-04
41                                    -3.5811709061279822e-04
42                                    -8.4491157446891477e-05
43                                    -5.9896659026293190e-05
44                                     1.0590148174728280e-04
45                                    -1.3992714203897512e-04
46                                    -8.8724037139928488e-05
47                                     5.1340223094007670e-05
48                                    -5.7704950303130372e-06
49                                    -3.2723468264260942e-05
50                                     1.8845842889589129e-05
51                                     8.5398599269318127e-05
52                                    -8.6653870376683824e-05
53                                     9.6477712845598635e-05
54                                     1.6240805600714874e-05
55                                     7.7719496213572923e-05
56                                     1.8967707443242980e-04
57                                    -2.1658279540382627e-04
58                                     2.9660985969332443e-04
59                                     4.0392087151513141e-05
60                                     1.5697161919335897e-04
61                                    -2.0887903089233066e-04
62                                    -2.9929140138926338e-04
63                                     1.7257036186011908e-04
64                                    -6.1720911202913387e-05
65                                    -2.0984773163481584e-04
66                                    -1.3769226109020314e-04
67                                    -1.0873191306781664e-04
68                                    -1.5736883757640904e-04
69                                    -2.0829911850998785e-04
70                                    -5.0443493058780088e-05
71                                     1.0655394918694137e-04
72                                    -8.0352467560831421e-05
73                                    -3.9302647698652745e-05
74                                    -2.3673724059753896e-04
75                                     1.7311542525743328e-05
76                                     9.2235345924636741e-05
77                                    -1.0476289968571532e-04
78                                     2.6742226904319971e-05
79                                     3.8930130623167219e-05
80                                    -1.5224179561750797e-04
81                                    -5.3879065273778424e-05
82                                     1.2839875690683270e-04
83                                    -1.6788688125969186e-04
84                                    -2.6649000802205717e-04
85                                     1.7001574787016524e-04
86                                    -5.2961109706455966e-05
87                                     5.7220849977852260e-05
88                                     3.0192603361015703e-05
89                                     9.1324295103181063e-06
90                                    -4.5972138237197473e-06
91                                     9.1902787308434866e-05
92                                     2.8917809000233692e-04
93                                    -1.6578250706349767e-05
94                                    -4.5085839077918589e-05
95                                     1.0000594613861876e-04
   &Method [&Type "String"] "SCF"
   &Level [&Type "String"] "Relaxed density"
   &Mult [&Type "Integer"] 1
   &State [&Type "Integer"] 0
   &Irrep [&Type "Integer"] 0
$End
$Geometry
   &GeometryIndex 12
   &NAtoms [&Type "Integer"] 32
   &NCorelessECP [&Type "Integer"] 0
   &NGhostAtoms [&Type "Integer"] 0
   &CartesianCoordinates [&Type "Coordinates", &Dim(32,4), &Units "Bohr"] 
              C      7.879324325332    0.888189219190    3.936958509887
              C      7.353028300827    1.584927508189    1.220532920531
              O      4.720021832274    1.154978898430    0.717532944273
              P      3.552711332891    1.781841932733   -2.011325942043
              O      4.438548510594    4.178007803126   -3.157658865787
              F      4.670434932759   -0.550641660842   -3.646877198876
              N      0.548825590576    1.392903991971   -1.779172252452
              C     -0.724698555462   -0.574653861058   -0.950397944564
              C      0.490399911438   -3.023180313716   -0.146790434989
              N     -3.235913304002   -0.372922325158   -0.765645358428
              C     -4.867937752967   -2.380903351335    0.212328132256
              C     -5.917869184747   -4.087959023808   -1.853958060837
              C     -4.498962315122    1.978323540492   -1.490440630447
              C     -4.579968036863    3.893226142396    0.656115623768
              H      7.461448922707   -1.118944018309    4.280602005101
              H      6.720022989190    2.035301156179    5.226032373389
              H      9.881860201196    1.227200155753    4.375716028225
              H      8.491171893252    0.425344231733   -0.083326176515
              H      7.788605555999    3.586295528664    0.850542209265
              H      0.660797534715   -3.050028653261    1.926719880582
              H      2.383347289234   -3.191652798456   -0.960636340608
              H     -0.620018578598   -4.672448077244   -0.728474709343
              H     -6.424224806544   -1.447913119001    1.226981209815
              H     -3.841726559952   -3.479653691813    1.640729538977
              H     -7.205161512770   -5.497460847893   -1.032753009452
              H     -6.984277109715   -2.987198793998   -3.259940196487
              H     -4.396032775908   -5.098255008161   -2.848199157725
              H     -6.422721012788    1.478874036244   -2.098436914174
              H     -3.510656973879    2.769188596921   -3.132957110864
              H     -2.656650769184    4.460135476949    1.202170301674
              H     -5.619220657403    5.593344065305    0.064674850996
              H     -5.534509198182    3.105733259779    2.328612466781
$End
$SCF_Energy
   &GeometryIndex 12
   &Method [&Type "String"] "SCF"
   &totalEnergy [&Type "ArrayOfDoubles", &Dim (1,1)] "Total energy of each state"
                                                         0

0                                     -1.0161652808139055e+03
   &Mult [&Type "ArrayOfIntegers", &Dim (1,1)] "Multiplicity of each state"
                                                         0

0                                                        1
$End
$DFT_Energy
   &GeometryIndex 12
   &nAlphaEl [&Type "Integer"] 60
   &nBetaEl [&Type "Integer"] 60
   &nTotalEl [&Type "Integer"] 119
   &finalEn [&Type "Double"]      -1.0161652808139055e+03  "No Van der Waals correction"
   &eExchange [&Type "Double"]       0.0000000000000000e+00
   &eCorr [&Type "Double"]       0.0000000000000000e+00
   &eXC [&Type "Double"]      -8.0306722569206912e+01
   &eCNL [&Type "Double"]       0.0000000000000000e+00
$End
$Solvation_Details
   &GeometryIndex 12
   &Solvent [&Type "String"] "WATER"
   &Epsilon [&Type "Double"]       8.0150999999999996e+01
   &Refrac [&Type "Double"]       1.3328000000000000e+00
   &RSolv [&Type "Double"]       1.3000000000000000e+00
   &SurfaceType [&Type "String"] "GAUSSIAN VDW"
   &CPCMDielEnergy [&Type "Double"]      -2.8652563999999998e-02
   &NPoints [&Type "Integer"] 2696
   &SurfaceArea [&Type "Double"]       9.9557824406300006e+02
$End
$SCF_Timings
   &GeometryIndex 12
   &TOTAL [&Type "Double"]       4.7164499000000006e+01
   &PREP [&Type "Double"]       2.2757809999999998e+00
   &FOCK [&Type "Double"]       3.9736682999999999e+01
   &DENS [&Type "Double"]       7.2646500000000458e-01
   &ETOT [&Type "Double"]       4.1670800000000519e-01
   &POP [&Type "Double"]       1.0000000045806701e-06
   &TRAFO [&Type "Double"]       1.6138999999999726e-01
   &DIIS [&Type "Double"]       9.6899200000000363e-01
   &SOSCF [&Type "Double"]       5.8844899999999889e-01
   &XC [&Type "Double"]       8.9448750000000103e+00
   &FOCKSTART [&Type "Double"]       2.7356100000000527e-01
   &SOLV [&Type "Double"]       6.7616759999999907e+00
   &SOLV_INIT [&Type "Double"]       6.5975699999999993e-01
   &SOLV_FINAL [&Type "Double"]       1.0000000045806701e-06
   &INT_PREP [&Type "Double"]       5.9999999910687052e-06
   &INT_BF [&Type "Double"]       6.2076200000004089e-01
   &INT_DENS [&Type "Double"]       4.0557500000009750e-01
   &INT_DENSIO [&Type "Double"]       6.4794346316000112e+04
   &INT_FUNC [&Type "Double"]       1.5703699999983112e-01
   &INT_POT [&Type "Double"]       3.2251499999994238e-01
   &INT_POTIO [&Type "Double"]       7.0474400000003623e-01
   &INT_SUM [&Type "Double"]       1.3219999999973808e-03
   &SPLITRIJ [&Type "Double"]       2.2297939999999974e+00
   &COSX [&Type "Double"]       2.3178047000000007e+01
$End
$VdW_Correction
   &GeometryIndex 12
   &vdW [&Type "Double"]      -1.3128310141780369e-02
$End
$Single_Point_Data
   &GeometryIndex 12
   &FinalEnergy [&Type "Double"]      -1.0161784091240472e+03  "Final single point energy"
   &Converged [&Type "Boolean"] true
$End
$SCF_Nuc_Gradient
   &GeometryIndex 12
   &NAtoms [&Type "Integer"] 32
   &gradNorm [&Type "Double"]       2.2947635751137067e-03
   &grad [&Type "ArrayOfDoubles", &Dim (96,1)] 
                                                         0

0                                      2.1350418825968366e-04
1                                      1.4208956380716098e-04
2                                     -1.5055312540321881e-04
3                                      4.3025865017334362e-05
4                                     -1.7389896501344705e-04
5                                     -1.6346051429076691e-04
6                                     -5.3866524900591487e-04
7                                      3.1060142382039483e-04
8                                     -3.9108773054441926e-04
9                                     -2.1223476254188494e-04
10                                    -6.6791066482597484e-04
11                                     1.1527967684537850e-03
12                                     1.7243703562381781e-04
13                                     3.9806876512555385e-04
14                                    -4.1089512397685373e-04
15                                     4.2330780929435770e-04
16                                    -2.4644166764422454e-04
17                                    -4.3416391807390888e-04
18                                    -2.9349450617946785e-05
19                                     4.8125606924224898e-04
20                                     4.7855724117470963e-05
21                                    -6.5829244879547056e-05
22                                    -1.2238154483577653e-04
23                                     2.5159156786088631e-04
24                                    -1.2471963595592176e-04
25                                     1.6401456366725917e-04
26                                     5.6805302877689240e-05
27                                    -1.2922504520389180e-05
28                                    -2.5140376912705163e-04
29                                     3.5364246567388254e-05
30                                     4.1764676050157082e-04
31                                     5.0385537178607436e-04
32                                    -1.2009295154090692e-04
33                                    -1.8280674816710483e-04
34                                    -2.1940517844203956e-04
35                                     2.6413906303789851e-04
36                                     3.8433584699888951e-04
37                                    -5.6871748861466907e-04
38                                     2.6265637252883032e-04
39                                    -8.8865670036738885e-05
40                                     1.5289250442165458e-04
41                                    -2.2114054907391382e-04
42                                    -5.1567256284561880e-05
43                                    -5.1199525796586428e-05
44                                     4.1086956655990820e-05
45                                    -8.2207849385322298e-05
46                                    -1.1711351914946893e-04
47                                     9.7522392030046371e-05
48                                    -6.7238185635832588e-06
49                                    -1.8935266448388270e-05
50                                     9.2764725974587908e-06
51                                     5.6978108787344729e-05
52                                     1.4861076786349152e-05
53                                     4.1266370056893204e-07
54                                    -3.8601781816819643e-08
55                                     6.2656497077248223e-05
56                                     1.4255921038664544e-04
57                                    -1.2956727613719596e-04
58                                     1.6914985504353305e-04
59                                     1.5913528448221168e-05
60                                     8.0560600140779291e-05
61                                    -1.3196073245885326e-04
62                                    -1.6193172524193303e-04
63                                     8.4988262410566292e-05
64                                    -4.2225250883680424e-05
65                                    -1.2805604945203492e-04
66                                    -8.2699785474940653e-05
67                                    -5.9848171967386939e-05
68                                    -7.5496823733616809e-05
69                                    -1.0918849692867749e-04
70                                    -2.5708249593358953e-05
71                                     5.4882259621653773e-05
72                                    -4.4853764374245633e-05
73                                    -1.4465315246720128e-05
74                                    -1.3183857595500315e-04
75                                     1.3411876109661954e-05
76                                     5.2631497777402730e-05
77                                    -5.2104871999397888e-05
78                                     2.8448051490786911e-05
79                                     1.6902331065841146e-05
80                                    -8.2172834971581228e-05
81                                    -2.9528636161017452e-05
82                                     8.8236330821086075e-05
83                                    -9.8681096290202360e-05
84                                    -1.4871032138466552e-04
85                                     9.7568340817421456e-05
86                                    -2.5614925678323113e-05
87                                     3.5614472843941324e-05
88                                     2.2732456251125868e-05
89                                     1.2751034343503153e-05
90                                    -9.3515564971506741e-06
91                                     4.7827895428733095e-05
92                                     1.4984502017097802e-04
93                                    -4.4282158437690519e-06
94                                    -1.3729183340679027e-05
95                                     5.1832184170674941e-05
   &Method [&Type "String"] "SCF"
   &Level [&Type "String"] "Relaxed density"
   &Mult [&Type "Integer"] 1
   &State [&Type "Integer"] 0
   &Irrep [&Type "Integer"] 0
$End
$Geometry
   &GeometryIndex 13
   &NAtoms [&Type "Integer"] 32
   &NCorelessECP [&Type "Integer"] 0
   &NGhostAtoms [&Type "Integer"] 0
   &CartesianCoordinates [&Type "Coordinates", &Dim(32,4), &Units "Bohr"] 
              C      7.867082444627    0.914953416954    3.947298882978
              C      7.352299755693    1.577247133050    1.220042208866
              O      4.720823459577    1.144122785965    0.712531063233
              P      3.554749396070    1.775067418714   -2.016724700432
              O      4.441170251299    4.172870731911   -3.158346817629
              F      4.671702132479   -0.555324915595   -3.654188029874
              N      0.550880872561    1.385599767090   -1.786132219447
              C     -0.723597832774   -0.581204796388   -0.957502269120
              C      0.490181299708   -3.033371493727   -0.162441904668
              N     -3.234051924900   -0.375862564792   -0.765887874887
              C     -4.866185327057   -2.384765012973    0.210803212914
              C     -5.926450738134   -4.082314319647   -1.857764033061
              C     -4.495316711694    1.979245717426   -1.482272216091
              C     -4.565504979043    3.889983221476    0.668102349437
              H      7.442933560911   -1.086362266904    4.315948503763
              H      6.706252766116    2.082377742676    5.216552407555
              H      9.868935303974    1.254783043286    4.388632685911
              H      8.493255845582    0.399359753589   -0.064841439587
              H      7.792245995290    3.572951620137    0.825612161759
              H      0.662392835310   -3.068406234192    1.910791566557
              H      2.382446769582   -3.200123283626   -0.978036403974
              H     -0.622527591019   -4.679489443164   -0.748746084142
              H     -6.416622960632   -1.452447678029    1.235031421891
              H     -3.835874688483   -3.490410669351    1.630848586608
              H     -7.211681523839   -5.493325489083   -1.035843755310
              H     -6.997753348512   -2.975107784651   -3.254841282213
              H     -4.409989189702   -5.091052893801   -2.861677863968
              H     -6.421957624153    1.484034737008   -2.084398605568
              H     -3.510432811151    2.770644717177   -3.126640183865
              H     -2.639331189614    4.450196504079    1.210750349335
              H     -5.601167806804    5.594005322224    0.081572689447
              H     -5.518906422372    3.102125213160    2.341026285512
$End
$SCF_Energy
   &GeometryIndex 13
   &Method [&Type "String"] "SCF"
   &totalEnergy [&Type "ArrayOfDoubles", &Dim (1,1)] "Total energy of each state"
                                                         0

0                                     -1.0161652974429593e+03
   &Mult [&Type "ArrayOfIntegers", &Dim (1,1)] "Multiplicity of each state"
                                                         0

0                                                        1
$End
$DFT_Energy
   &GeometryIndex 13
   &nAlphaEl [&Type "Integer"] 60
   &nBetaEl [&Type "Integer"] 60
   &nTotalEl [&Type "Integer"] 119
   &finalEn [&Type "Double"]      -1.0161652974429593e+03  "No Van der Waals correction"
   &eExchange [&Type "Double"]       0.0000000000000000e+00
   &eCorr [&Type "Double"]       0.0000000000000000e+00
   &eXC [&Type "Double"]      -8.0306861756090655e+01
   &eCNL [&Type "Double"]       0.0000000000000000e+00
$End
$Solvation_Details
   &GeometryIndex 13
   &Solvent [&Type "String"] "WATER"
   &Epsilon [&Type "Double"]       8.0150999999999996e+01
   &Refrac [&Type "Double"]       1.3328000000000000e+00
   &RSolv [&Type "Double"]       1.3000000000000000e+00
   &SurfaceType [&Type "String"] "GAUSSIAN VDW"
   &CPCMDielEnergy [&Type "Double"]      -2.8615820000000000e-02
   &NPoints [&Type "Integer"] 2697
   &SurfaceArea [&Type "Double"]       9.9534511304900002e+02
$End
$SCF_Timings
   &GeometryIndex 13
   &TOTAL [&Type "Double"]       4.0229879999999994e+01
   &PREP [&Type "Double"]       2.3875999999999999e+00
   &FOCK [&Type "Double"]       3.3420579000000004e+01
   &DENS [&Type "Double"]       6.4166400000001289e-01
   &ETOT [&Type "Double"]       3.7971199999999694e-01
   &POP [&Type "Double"]       1.0000000045806701e-06
   &TRAFO [&Type "Double"]       1.4943899999999921e-01
   &DIIS [&Type "Double"]       5.2400600000000264e-01
   &SOSCF [&Type "Double"]       7.5561599999999629e-01
   &XC [&Type "Double"]       8.1005089999999988e+00
   &FOCKSTART [&Type "Double"]       2.4243300000000234e-01
   &SOLV [&Type "Double"]       6.0184980000000037e+00
   &SOLV_INIT [&Type "Double"]       7.1240299999999990e-01
   &INT_PREP [&Type "Double"]       2.9999999977547986e-06
   &INT_BF [&Type "Double"]       5.6050400000011180e-01
   &INT_DENS [&Type "Double"]       3.6610899999998203e-01
   &INT_DENSIO [&Type "Double"]       5.3765710965000078e+04
   &INT_FUNC [&Type "Double"]       1.4269099999996548e-01
   &INT_POT [&Type "Double"]       2.8336099999988651e-01
   &INT_POTIO [&Type "Double"]       6.1587900000014173e-01
   &INT_SUM [&Type "Double"]       2.0980000000019317e-03
   &SPLITRIJ [&Type "Double"]       1.9716010000000055e+00
   &COSX [&Type "Double"]       1.8730758999999999e+01
$End
$VdW_Correction
   &GeometryIndex 13
   &vdW [&Type "Double"]      -1.3125012593180375e-02
$End
$Single_Point_Data
   &GeometryIndex 13
   &FinalEnergy [&Type "Double"]      -1.0161784224555524e+03  "Final single point energy"
   &Converged [&Type "Boolean"] true
$End
$SCF_Nuc_Gradient
   &GeometryIndex 13
   &NAtoms [&Type "Integer"] 32
   &gradNorm [&Type "Double"]       1.5728753177605525e-03
   &grad [&Type "ArrayOfDoubles", &Dim (96,1)] 
                                                         0

0                                      1.4809196116509965e-04
1                                      6.4783407013736252e-05
2                                     -1.1100953352551190e-04
3                                      7.8897515694190137e-05
4                                     -1.1586029576528167e-04
5                                     -1.1551622151578275e-04
6                                     -3.9967327286411002e-04
7                                      2.3959587050609169e-04
8                                     -2.0472395159367693e-04
9                                     -1.1258481351282161e-04
10                                    -5.0889606001372197e-04
11                                     7.1609602718782160e-04
12                                     1.0426942585037334e-04
13                                     2.4249394306897801e-04
14                                    -2.8280768476682695e-04
15                                     2.7114501429668036e-04
16                                    -1.2812775204795691e-04
17                                    -2.6400081219948342e-04
18                                    -2.3418335397306430e-05
19                                     3.2706131001514091e-04
20                                     1.2143423244160092e-05
21                                    -7.9865970184757153e-05
22                                    -9.3080948026241233e-05
23                                     2.0831313256720036e-04
24                                    -8.3806510571395265e-05
25                                     1.3359176259408327e-04
26                                     3.6196897826510895e-05
27                                    -1.9100655535114706e-05
28                                    -1.5166197134829990e-04
29                                     3.4699452453186063e-05
30                                     3.2029548415575255e-04
31                                     3.3259340784132718e-04
32                                    -1.1754872748339532e-04
33                                    -1.4089698401783480e-04
34                                    -1.6443918700214340e-04
35                                     2.0160891299573461e-04
36                                     2.8565677173621737e-04
37                                    -3.8608373099016999e-04
38                                     2.3622788792770243e-04
39                                    -4.4062883997798837e-05
40                                     1.1959834927838213e-04
41                                    -1.8677634347340850e-04
42                                    -3.7303733637062997e-05
43                                    -3.4309064667087880e-05
44                                     4.1277401017884350e-05
45                                    -6.4443229255258325e-05
46                                    -7.7330724278375305e-05
47                                     5.9646324141636164e-05
48                                    -3.5395222236913834e-06
49                                    -1.1481231481094215e-05
50                                     2.1172887353920072e-06
51                                     3.4710700817377713e-05
52                                     6.4315041108508446e-06
53                                    -3.6093481232681805e-06
54                                    -1.0344181814669746e-05
55                                     4.4617022124783901e-05
56                                     1.0788558170569163e-04
57                                    -9.8541129781637657e-05
58                                     1.2386496589464015e-04
59                                     1.2458886521138649e-05
60                                     8.7503049449509516e-05
61                                    -8.4000821629521752e-05
62                                    -1.3118169672120554e-04
63                                     5.4208182261670634e-05
64                                    -2.6052767067301757e-05
65                                    -9.9119358238226082e-05
66                                    -5.8482217795243822e-05
67                                    -3.2137609326910035e-05
68                                    -6.0728293355597699e-05
69                                    -7.3704525537066946e-05
70                                    -1.9777022505766142e-05
71                                     4.5993112004517035e-05
72                                    -2.6393949311169356e-05
73                                    -1.3054701026116565e-05
74                                    -9.7137836217858076e-05
75                                     1.3207518195991946e-05
76                                     4.9871683688012587e-05
77                                    -3.4601557366395987e-05
78                                     1.0120530542480599e-05
79                                     7.5708126596061434e-06
80                                    -6.6931798100374254e-05
81                                    -1.8937049148806436e-05
82                                     6.0048337518083786e-05
83                                    -6.9298766957501089e-05
84                                    -1.0839681887496807e-04
85                                     6.5063379964563092e-05
86                                    -2.9804412999897805e-05
87                                     2.1630341817800228e-05
88                                     1.1797724824231392e-05
89                                     1.1257644442496211e-05
90                                    -1.2210695895898801e-05
91                                     3.2482229060008793e-05
92                                     1.1346867470406015e-04
93                                    -1.4030009429578523e-05
94                                    -1.5171773678239444e-05
95                                     3.5405642134168250e-05
   &Method [&Type "String"] "SCF"
   &Level [&Type "String"] "Relaxed density"
   &Mult [&Type "Integer"] 1
   &State [&Type "Integer"] 0
   &Irrep [&Type "Integer"] 0
$End
$Geometry
   &GeometryIndex 14
   &NAtoms [&Type "Integer"] 32
   &NCorelessECP [&Type "Integer"] 0
   &NGhostAtoms [&Type "Integer"] 0
   &CartesianCoordinates [&Type "Coordinates", &Dim(32,4), &Units "Bohr"] 
              C      7.837501445845    0.975487446591    3.969825629407
              C      7.351379188582    1.553458269148    1.218121469638
              O      4.725389206537    1.106620327147    0.697350692996
              P      3.558457206067    1.764044193143   -2.027261861606
              O      4.443526919374    4.173721564792   -3.142713507823
              F      4.672875097529   -0.550067390392   -3.685344329659
              N      0.555169670801    1.369822253637   -1.799740779549
              C     -0.721050712587   -0.596005477743   -0.972566386794
              C      0.488926112341   -3.057441108481   -0.197937947051
              N     -3.230016336188   -0.382420788421   -0.766126620149
              C     -4.862811185069   -2.392616625549    0.209063608413
              C     -5.944106803691   -4.070805861984   -1.863596723572
              C     -4.486806609874    1.981184026876   -1.465407953832
              C     -4.531470624212    3.883430365997    0.692626224570
              H      7.401547692130   -1.011383974709    4.397238070482
              H      6.670220127761    2.188161148811    5.189575800324
              H      9.836634059977    1.321109884450    4.419079145041
              H      8.502555683119    0.335363496798   -0.019312202530
              H      7.798455273437    3.535170441974    0.765839731049
              H      0.664939137978   -3.113084181842    1.874479410976
              H      2.379536233880   -3.220433910909   -1.016779585655
              H     -0.629611677422   -4.695515439138   -0.795737296087
              H     -6.400493609459   -1.461501363285    1.253517534569
              H     -3.823522903656   -3.512239465231    1.611213784310
              H     -7.224440980545   -5.484921724717   -1.039139340399
              H     -7.026093719813   -2.951432655711   -3.242309470828
              H     -4.438509051548   -5.076379260508   -2.886609519195
              H     -6.420060792333    1.495706426427   -2.053557122693
              H     -3.509098893589    2.772458691809   -3.114208416059
              H     -2.598594130636    4.427594690811    1.227122429680
              H     -5.557627087900    5.596471092903    0.115652564310
              H     -5.482797917940    3.096444907308    2.366901659645
$End
$SCF_Energy
   &GeometryIndex 14
   &Method [&Type "String"] "SCF"
   &totalEnergy [&Type "ArrayOfDoubles", &Dim (1,1)] "Total energy of each state"
                                                         0

0                                     -1.0161653145288859e+03
   &Mult [&Type "ArrayOfIntegers", &Dim (1,1)] "Multiplicity of each state"
                                                         0

0                                                        1
$End
$DFT_Energy
   &GeometryIndex 14
   &nAlphaEl [&Type "Integer"] 60
   &nBetaEl [&Type "Integer"] 60
   &nTotalEl [&Type "Integer"] 119
   &finalEn [&Type "Double"]      -1.0161653145288859e+03  "No Van der Waals correction"
   &eExchange [&Type "Double"]       0.0000000000000000e+00
   &eCorr [&Type "Double"]       0.0000000000000000e+00
   &eXC [&Type "Double"]      -8.0307107388152914e+01
   &eCNL [&Type "Double"]       0.0000000000000000e+00
$End
$Solvation_Details
   &GeometryIndex 14
   &Solvent [&Type "String"] "WATER"
   &Epsilon [&Type "Double"]       8.0150999999999996e+01
   &Refrac [&Type "Double"]       1.3328000000000000e+00
   &RSolv [&Type "Double"]       1.3000000000000000e+00
   &SurfaceType [&Type "String"] "GAUSSIAN VDW"
   &CPCMDielEnergy [&Type "Double"]      -2.8515735000000000e-02
   &NPoints [&Type "Integer"] 2693
   &SurfaceArea [&Type "Double"]       9.9504057448799995e+02
$End
$SCF_Timings
   &GeometryIndex 14
   &TOTAL [&Type "Double"]       4.4243659000000001e+01
   &PREP [&Type "Double"]       2.3765779999999999e+00
   &FOCK [&Type "Double"]       3.6807526000000003e+01
   &DENS [&Type "Double"]       7.1916100000000682e-01
   &ETOT [&Type "Double"]       4.0299299999999239e-01
   &TRAFO [&Type "Double"]       1.5430700000000108e-01
   &DIIS [&Type "Double"]       9.4093099999999641e-01
   &SOSCF [&Type "Double"]       5.9208499999999642e-01
   &XC [&Type "Double"]       8.9451009999999993e+00
   &FOCKSTART [&Type "Double"]       2.6325700000000074e-01
   &SOLV [&Type "Double"]       6.6962219999999926e+00
   &SOLV_INIT [&Type "Double"]       6.9532399999999983e-01
   &INT_PREP [&Type "Double"]       3.9999999996709334e-06
   &INT_BF [&Type "Double"]       6.0566400000008347e-01
   &INT_DENS [&Type "Double"]       3.9542999999996731e-01
   &INT_DENSIO [&Type "Double"]       6.0560418684000098e+04
   &INT_FUNC [&Type "Double"]       1.5648800000012564e-01
   &INT_POT [&Type "Double"]       3.1434400000004459e-01
   &INT_POTIO [&Type "Double"]       6.9523500000002514e-01
   &INT_SUM [&Type "Double"]       6.6489999999905791e-03
   &SPLITRIJ [&Type "Double"]      -2.7015500000000170e-01
   &COSX [&Type "Double"]       2.2953294000000007e+01
$End
$VdW_Correction
   &GeometryIndex 14
   &vdW [&Type "Double"]      -1.3119579826062319e-02
$End
$Single_Point_Data
   &GeometryIndex 14
   &FinalEnergy [&Type "Double"]      -1.0161784341087119e+03  "Final single point energy"
   &Converged [&Type "Boolean"] true
$End
$SCF_Nuc_Gradient
   &GeometryIndex 14
   &NAtoms [&Type "Integer"] 32
   &gradNorm [&Type "Double"]       6.3583169505119792e-04
   &grad [&Type "ArrayOfDoubles", &Dim (96,1)] 
                                                         0

0                                      9.4538316761683285e-06
1                                     -1.1967611805871571e-04
2                                      4.2280937716839455e-05
3                                      4.4646776201310155e-05
4                                      2.7138242659296245e-05
5                                     -5.7545583917689841e-05
6                                     -3.8518127490780248e-05
7                                      3.4235680756886355e-05
8                                      2.2990207303679673e-04
9                                      1.4037252619639856e-04
10                                    -1.5576972784730970e-05
11                                    -3.8758028217342314e-04
12                                    -5.4032137816991930e-05
13                                    -1.1929933085352909e-04
14                                     3.9260851194399389e-05
15                                     1.9493023603279417e-06
16                                     1.6448313936127560e-04
17                                     1.0186992386261175e-04
18                                    -3.6938915006628413e-05
19                                     1.8498741643833706e-05
20                                    -4.6325908914495223e-05
21                                     1.1445597659376551e-05
22                                    -2.4129002181772597e-05
23                                     9.2486449170127967e-05
24                                     1.2778723304808674e-04
25                                    -5.8424013566086007e-05
26                                    -4.6455082099567408e-05
27                                    -7.1892337730591142e-05
28                                     8.5150146396205850e-05
29                                     4.1501847159000591e-05
30                                    -1.7021841531246409e-05
31                                    -1.0627404359469066e-04
32                                    -6.0451512627074247e-06
33                                     2.0152794778552503e-05
34                                     2.6060613330727014e-05
35                                    -1.9203759189076167e-05
36                                    -3.5779385779845383e-05
37                                     8.7186165604781436e-05
38                                     3.8344359714079816e-05
39                                     6.5185150374547687e-05
40                                    -1.2145401332822776e-05
41                                    -2.2936155790532803e-05
42                                     6.2290151119662819e-06
43                                     1.5402539907672057e-05
44                                     2.7215687899918163e-05
45                                    -2.2544662288849969e-05
46                                     2.6296034929769479e-05
47                                    -5.9606246167459096e-05
48                                    -3.6307328010449670e-06
49                                     5.0272581768790720e-06
50                                    -1.0372530034481588e-05
51                                     1.4640904304821179e-06
52                                    -7.7157068186115066e-06
53                                     1.3181458814495858e-05
54                                    -1.3402001774737892e-05
55                                    -1.0101086414903781e-05
56                                     1.5795193681618372e-05
57                                    -3.0285159248234851e-05
58                                    -1.5727073480103492e-05
59                                    -6.8877133062255521e-06
60                                    -7.4402718917300660e-05
61                                    -1.3205128086528234e-05
62                                     4.8082616950217657e-05
63                                    -3.5302313472726613e-05
64                                     1.8579949164240717e-06
65                                    -9.6039448342813660e-06
66                                    -7.4754465440968708e-06
67                                     1.9878482313825775e-05
68                                    -8.5708430801484668e-06
69                                    -4.6854329019542740e-06
70                                     1.7393640099704321e-05
71                                    -1.6214080182814006e-05
72                                     1.8685503249354395e-05
73                                     3.2161069220826966e-06
74                                     7.4504582549496845e-06
75                                     3.1537374235063680e-06
76                                     2.1916617554907871e-05
77                                     2.1274714191329415e-05
78                                     1.3390159867990972e-05
79                                    -1.7026595856696702e-05
80                                     5.7784137293245878e-06
81                                     6.6532597269207487e-06
82                                     1.3412710347430738e-05
83                                     1.0153302633616947e-05
84                                     2.9015108610731891e-06
85                                    -1.5006248687885292e-05
86                                    -2.9133386732205837e-05
87                                    -6.7936920767781568e-06
88                                    -1.3480654717970665e-05
89                                     8.3416079802265140e-06
90                                    -9.1889399142158833e-06
91                                    -1.5958272932582112e-05
92                                     9.2229836349488295e-07
93                                    -1.1576609680348849e-05
94                                    -3.4084060590481567e-06
95                                    -1.7361574824085973e-05
   &Method [&Type "String"] "SCF"
   &Level [&Type "String"] "Relaxed density"
   &Mult [&Type "Integer"] 1
   &State [&Type "Integer"] 0
   &Irrep [&Type "Integer"] 0
$End
$Geometry
   &GeometryIndex 15
   &NAtoms [&Type "Integer"] 32
   &NCorelessECP [&Type "Integer"] 0
   &NGhostAtoms [&Type "Integer"] 0
   &CartesianCoordinates [&Type "Coordinates", &Dim(32,4), &Units "Bohr"] 
              C      7.845120715878    0.960567395510    3.965565085859
              C      7.353654449518    1.553084494194    1.217942725947
              O      4.727773774280    1.104416302630    0.698473397774
              P      3.557342829262    1.769610339941   -2.022826306493
              O      4.442222375602    4.181920872925   -3.132598488076
              F      4.668069661588   -0.541159163505   -3.687956218221
              N      0.554262919448    1.375008704192   -1.794443317445
              C     -0.721125098146   -0.591592946876   -0.968308127878
              C      0.491455958982   -3.050296842017   -0.189255357414
              N     -3.230639045881   -0.380880071033   -0.766055806655
              C     -4.862512687967   -2.391243857592    0.210655836260
              C     -5.942043853948   -4.072575853858   -1.860409313511
              C     -4.489546323614    1.979819556068   -1.471690649461
              C     -4.543079543121    3.885165793385    0.683467466235
              H      7.412656503921   -1.029359183606    4.382186085105
              H      6.678660990199    2.164709182190    5.194505994074
              H      9.844613824748    1.306181963061    4.413309001262
              H      8.505121941798    0.344052127733   -0.028095949345
              H      7.796560079704    3.538029896128    0.775793539222
              H      0.669011553978   -3.101762624676    1.883156765472
              H      2.382170108117   -3.212206143863   -1.008528992307
              H     -0.625250317784   -4.690928583397   -0.783197468229
              H     -6.400965856346   -1.459977427978    1.253806826475
              H     -3.822700054055   -3.508551738752    1.614339874970
              H     -7.221602338924   -5.486523470538   -1.034379304924
              H     -7.024489920089   -2.955936703660   -3.240957067285
              H     -4.435466368350   -5.078386114505   -2.881592217502
              H     -6.420419284806    1.490068083940   -2.064124840611
              H     -3.508522201494    2.770294038424   -3.118861800681
              H     -2.612493813358    4.433110816772    1.222350313630
              H     -5.569967088076    5.595810290396    0.100605827577
              H     -5.497873872166    3.099530868369    2.356381178104
$End
$SCF_Mulliken_Population_Analysis
   &GeometryIndex 15
   &NAtoms [&Type "Integer"] 32
   &ATNO [&Type "ArrayOfIntegers", &Dim (32,1)] 
                                                         0

0                                                        6
1                                                        6
2                                                        8
3                                                       15
4                                                        8
5                                                        9
6                                                        7
7                                                        6
8                                                        6
9                                                        7
10                                                       6
11                                                       6
12                                                       6
13                                                       6
14                                                       1
15                                                       1
16                                                       1
17                                                       1
18                                                       1
19                                                       1
20                                                       1
21                                                       1
22                                                       1
23                                                       1
24                                                       1
25                                                       1
26                                                       1
27                                                       1
28                                                       1
29                                                       1
30                                                       1
31                                                       1
   &AtomicCharges [&Type "ArrayOfDoubles", &Dim (32,1)] 
                                                         0

0                                     -8.7426849151335695e-02
1                                      1.3481150904144812e-01
2                                     -5.1527614521979181e-01
3                                      1.0390967665288144e+00
4                                     -5.6622897012726092e-01
5                                     -3.5826447560852692e-01
6                                     -4.5083342663536285e-01
7                                      7.5708800668756737e-02
8                                     -1.9401994627578745e-02
9                                     -2.9273446429227601e-01
10                                     2.4394108456929686e-02
11                                    -5.0579634887836455e-02
12                                     6.8998819491263852e-02
13                                    -6.3742955038692095e-02
14                                     5.2900905368798434e-02
15                                     5.2675241490681923e-02
16                                     5.7499682140834785e-02
17                                     5.3761172365597854e-02
18                                     4.9409497382945977e-02
19                                     1.0282908094677023e-01
20                                     6.3814993821781352e-02
21                                     7.7549079881318095e-02
22                                     6.7594858916066647e-02
23                                     7.0387084857784221e-02
24                                     5.8913875213779776e-02
25                                     4.9608421216598808e-02
26                                     5.0219610794819070e-02
27                                     6.0489642296107093e-02
28                                     5.1589043244233634e-02
29                                     4.2227028210027329e-02
30                                     5.4982774199368145e-02
31                                     4.5026919053936076e-02
   &Method [&Type "String"] "SCF"
   &Level [&Type "String"] "Relaxed density"
   &Mult [&Type "Integer"] 1
   &State [&Type "Integer"] -1
   &Irrep [&Type "Integer"] 0
$End
$SCF_Loewdin_Population_Analysis
   &GeometryIndex 15
   &NAtoms [&Type "Integer"] 32
   &ATNO [&Type "ArrayOfIntegers", &Dim (32,1)] 
                                                         0

0                                                        6
1                                                        6
2                                                        8
3                                                       15
4                                                        8
5                                                        9
6                                                        7
7                                                        6
8                                                        6
9                                                        7
10                                                       6
11                                                       6
12                                                       6
13                                                       6
14                                                       1
15                                                       1
16                                                       1
17                                                       1
18                                                       1
19                                                       1
20                                                       1
21                                                       1
22                                                       1
23                                                       1
24                                                       1
25                                                       1
26                                                       1
27                                                       1
28                                                       1
29                                                       1
30                                                       1
31                                                       1
   &AtomicCharges [&Type "ArrayOfDoubles", &Dim (32,1)] 
                                                         0

0                                     -7.5899757209729302e-02
1                                      7.7189854692863769e-02
2                                     -2.9274532887036564e-01
3                                      8.7856125146178066e-01
4                                     -5.5186943439606395e-01
5                                     -2.6405767654732060e-01
6                                     -4.0722668004941731e-01
7                                      1.1462096621741935e-01
8                                     -7.5093677055995123e-02
9                                      2.9874129545168771e-03
10                                     3.9548248447281331e-02
11                                    -6.9282888927514108e-02
12                                     4.0348287586624565e-02
13                                    -7.0136294220533912e-02
14                                     3.3979816384703043e-02
15                                     3.4140997567991493e-02
16                                     4.2656050029248771e-02
17                                     2.2601495459392051e-02
18                                     2.0567295759983617e-02
19                                     6.5480855425069651e-02
20                                     3.7700262697209275e-02
21                                     5.1165294313644250e-02
22                                     3.9886941396375830e-02
23                                     3.8424844807874226e-02
24                                     4.0541834873794591e-02
25                                     3.3450588054464658e-02
26                                     3.1376659657025185e-02
27                                     3.4121916160260501e-02
28                                     3.0532603414685111e-02
29                                     2.8014980701193126e-02
30                                     3.7988161837072654e-02
31                                     3.0425117376453370e-02
   &Method [&Type "String"] "SCF"
   &Level [&Type "String"] "Relaxed density"
   &Mult [&Type "Integer"] 1
   &State [&Type "Integer"] -1
   &Irrep [&Type "Integer"] 0
$End
$SCF_Mayer_Population_Analysis
   &GeometryIndex 15
   &NAtoms [&Type "Integer"] 32 "Total number of atoms"
   &NBondOrdersPrint [&Type "Integer"] 31 "The number of bond orders larger than threshold"
   &bondThresh [&Type "Double"]       1.0000000000000001e-01  "The threshold for printing"
   &components [&Type "ArrayOfIntegers", &Dim (31,4)] "The indices and atomic numbers of the bonding atoms"
                                                         0                           1                           2                           3

0                                                        0                           6                           1                           6
1                                                        0                           6                          14                           1
2                                                        0                           6                          15                           1
3                                                        0                           6                          16                           1
4                                                        1                           6                           2                           8
5                                                        1                           6                          17                           1
6                                                        1                           6                          18                           1
7                                                        2                           8                           3                          15
8                                                        3                          15                           4                           8
9                                                        3                          15                           5                           9
10                                                       3                          15                           6                           7
11                                                       6                           7                           7                           6
12                                                       7                           6                           8                           6
13                                                       7                           6                           9                           7
14                                                       8                           6                          19                           1
15                                                       8                           6                          20                           1
16                                                       8                           6                          21                           1
17                                                       9                           7                          10                           6
18                                                       9                           7                          12                           6
19                                                      10                           6                          11                           6
20                                                      10                           6                          22                           1
21                                                      10                           6                          23                           1
22                                                      11                           6                          24                           1
23                                                      11                           6                          25                           1
24                                                      11                           6                          26                           1
25                                                      12                           6                          13                           6
26                                                      12                           6                          27                           1
27                                                      12                           6                          28                           1
28                                                      13                           6                          29                           1
29                                                      13                           6                          30                           1
30                                                      13                           6                          31                           1
   &BondOrders [&Type "ArrayOfDoubles", &Dim (31,1)] "The bond orders"
                                                         0

0                                      1.0982341126711823e+00
1                                      9.7242219109831418e-01
2                                      9.7255863829360245e-01
3                                      9.6429665407364684e-01
4                                      8.6494418199484313e-01
5                                      9.5865915291764703e-01
6                                      9.5782098569616203e-01
7                                      1.0695190701092137e+00
8                                      1.8786829334574651e+00
9                                      9.0860130258662597e-01
10                                     1.2708640300979073e+00
11                                     1.5084935862582594e+00
12                                     1.0704206400744947e+00
13                                     1.3526114522003494e+00
14                                     9.3979062339351060e-01
15                                     9.3910733373059485e-01
16                                     9.3957573303319375e-01
17                                     9.2537296027480920e-01
18                                     9.2454180605126868e-01
19                                     1.0996261448845299e+00
20                                     9.4811514659028717e-01
21                                     9.4906387536193004e-01
22                                     9.6919856423392925e-01
23                                     9.6546900301036309e-01
24                                     9.6503972336413413e-01
25                                     1.1061432730451402e+00
26                                     9.5044680163030826e-01
27                                     9.4229546788557805e-01
28                                     9.6718736129896721e-01
29                                     9.7165463855506129e-01
30                                     9.6842116589330596e-01
   &ATNO [&Type "ArrayOfIntegers", &Dim (32,1)] "Atomic number of the elements"
                                                         0

0                                                        6
1                                                        6
2                                                        8
3                                                       15
4                                                        8
5                                                        9
6                                                        7
7                                                        6
8                                                        6
9                                                        7
10                                                       6
11                                                       6
12                                                       6
13                                                       6
14                                                       1
15                                                       1
16                                                       1
17                                                       1
18                                                       1
19                                                       1
20                                                       1
21                                                       1
22                                                       1
23                                                       1
24                                                       1
25                                                       1
26                                                       1
27                                                       1
28                                                       1
29                                                       1
30                                                       1
31                                                       1
   &NA [&Type "ArrayOfDoubles", &Dim (32,1)] "Mulliken gross atomic population"
                                                         0

0                                      6.0874268491513366e+00
1                                      5.8651884909585519e+00
2                                      8.5152761452197936e+00
3                                      1.3960903233471193e+01
4                                      8.5662289701272627e+00
5                                      9.3582644756085269e+00
6                                      7.4508334266353629e+00
7                                      5.9242911993312406e+00
8                                      6.0194019946275725e+00
9                                      7.2927344642922787e+00
10                                     5.9756058915430712e+00
11                                     6.0505796348878391e+00
12                                     5.9310011805087379e+00
13                                     6.0637429550386921e+00
14                                     9.4709909463120145e-01
15                                     9.4732475850931719e-01
16                                     9.4250031785916522e-01
17                                     9.4623882763440215e-01
18                                     9.5059050261705358e-01
19                                     8.9717091905322999e-01
20                                     9.3618500617821898e-01
21                                     9.2245092011868213e-01
22                                     9.3240514108393313e-01
23                                     9.2961291514221600e-01
24                                     9.4108612478622022e-01
25                                     9.5039157878340086e-01
26                                     9.4978038920518093e-01
27                                     9.3951035770389335e-01
28                                     9.4841095675576681e-01
29                                     9.5777297178997256e-01
30                                     9.4501722580063185e-01
31                                     9.5497308094606370e-01
   &ZA [&Type "ArrayOfDoubles", &Dim (32,1)] "Total nuclear charge"
                                                         0

0                                      6.0000000000000000e+00
1                                      6.0000000000000000e+00
2                                      8.0000000000000000e+00
3                                      1.5000000000000000e+01
4                                      8.0000000000000000e+00
5                                      9.0000000000000000e+00
6                                      7.0000000000000000e+00
7                                      6.0000000000000000e+00
8                                      6.0000000000000000e+00
9                                      7.0000000000000000e+00
10                                     6.0000000000000000e+00
11                                     6.0000000000000000e+00
12                                     6.0000000000000000e+00
13                                     6.0000000000000000e+00
14                                     1.0000000000000000e+00
15                                     1.0000000000000000e+00
16                                     1.0000000000000000e+00
17                                     1.0000000000000000e+00
18                                     1.0000000000000000e+00
19                                     1.0000000000000000e+00
20                                     1.0000000000000000e+00
21                                     1.0000000000000000e+00
22                                     1.0000000000000000e+00
23                                     1.0000000000000000e+00
24                                     1.0000000000000000e+00
25                                     1.0000000000000000e+00
26                                     1.0000000000000000e+00
27                                     1.0000000000000000e+00
28                                     1.0000000000000000e+00
29                                     1.0000000000000000e+00
30                                     1.0000000000000000e+00
31                                     1.0000000000000000e+00
   &QA [&Type "ArrayOfDoubles", &Dim (32,1)] "Mulliken gross atomic charge"
                                                         0

0                                     -8.7426849151336583e-02
1                                      1.3481150904144812e-01
2                                     -5.1527614521979359e-01
3                                      1.0390967665288073e+00
4                                     -5.6622897012726270e-01
5                                     -3.5826447560852692e-01
6                                     -4.5083342663536285e-01
7                                      7.5708800668759402e-02
8                                     -1.9401994627572527e-02
9                                     -2.9273446429227867e-01
10                                     2.4394108456928798e-02
11                                    -5.0579634887839120e-02
12                                     6.8998819491262076e-02
13                                    -6.3742955038692095e-02
14                                     5.2900905368798545e-02
15                                     5.2675241490682811e-02
16                                     5.7499682140834785e-02
17                                     5.3761172365597854e-02
18                                     4.9409497382946421e-02
19                                     1.0282908094677001e-01
20                                     6.3814993821781019e-02
21                                     7.7549079881317873e-02
22                                     6.7594858916066869e-02
23                                     7.0387084857783999e-02
24                                     5.8913875213779776e-02
25                                     4.9608421216599141e-02
26                                     5.0219610794819070e-02
27                                     6.0489642296106649e-02
28                                     5.1589043244233190e-02
29                                     4.2227028210027440e-02
30                                     5.4982774199368145e-02
31                                     4.5026919053936298e-02
   &VA [&Type "ArrayOfDoubles", &Dim (32,1)] "Mayer's total valence"
                                                         0

0                                      4.0067120841082087e+00
1                                      3.9521554709914133e+00
2                                      2.0191850545094994e+00
3                                      5.2835313827434884e+00
4                                      1.9962945232588702e+00
5                                      1.0180472763684141e+00
6                                      2.9683147166348531e+00
7                                      4.1159474422874531e+00
8                                      3.9494018884062108e+00
9                                      3.2708894762639034e+00
10                                     4.0309116529368003e+00
11                                     3.9905042850404415e+00
12                                     4.0071203724807996e+00
13                                     4.0110987917862895e+00
14                                     9.9121657759064286e-01
15                                     9.9182917708007967e-01
16                                     9.8949052088937484e-01
17                                     9.8361743485506581e-01
18                                     9.9704902473890133e-01
19                                     9.9188695251829961e-01
20                                     1.0340742365736586e+00
21                                     9.9870502252386562e-01
22                                     9.8515357718963115e-01
23                                     9.8882818882092249e-01
24                                     9.8904616160358516e-01
25                                     9.9599327051759023e-01
26                                     9.9707762196682204e-01
27                                     9.8457801144887880e-01
28                                     1.0091953725097178e+00
29                                     1.0047763294293424e+00
30                                     9.8901713162682192e-01
31                                     9.9452362376111680e-01
   &BVA [&Type "ArrayOfDoubles", &Dim (32,1)] "Mayer's bonded valence"
                                                         0

0                                      4.0067120841082255e+00
1                                      3.9521554709913742e+00
2                                      2.0191850545094834e+00
3                                      5.2835313827434582e+00
4                                      1.9962945232588449e+00
5                                      1.0180472763683976e+00
6                                      2.9683147166348531e+00
7                                      4.1159474422874727e+00
8                                      3.9494018884061894e+00
9                                      3.2708894762639154e+00
10                                     4.0309116529368190e+00
11                                     3.9905042850404571e+00
12                                     4.0071203724808138e+00
13                                     4.0110987917862797e+00
14                                     9.9121657759064319e-01
15                                     9.9182917708008556e-01
16                                     9.8949052088937506e-01
17                                     9.8361743485506636e-01
18                                     9.9704902473890145e-01
19                                     9.9188695251829817e-01
20                                     1.0340742365736479e+00
21                                     9.9870502252387183e-01
22                                     9.8515357718963192e-01
23                                     9.8882818882091827e-01
24                                     9.8904616160359227e-01
25                                     9.9599327051759035e-01
26                                     9.9707762196683170e-01
27                                     9.8457801144886847e-01
28                                     1.0091953725097242e+00
29                                     1.0047763294293424e+00
30                                     9.8901713162682570e-01
31                                     9.9452362376112202e-01
   &FA [&Type "ArrayOfDoubles", &Dim (32,1)] "Mayer's free valence"
                                                         0

0                                      0.0000000000000000e+00
1                                      0.0000000000000000e+00
2                                      0.0000000000000000e+00
3                                      0.0000000000000000e+00
4                                      0.0000000000000000e+00
5                                      0.0000000000000000e+00
6                                      0.0000000000000000e+00
7                                      0.0000000000000000e+00
8                                      0.0000000000000000e+00
9                                      0.0000000000000000e+00
10                                     0.0000000000000000e+00
11                                     0.0000000000000000e+00
12                                     0.0000000000000000e+00
13                                     0.0000000000000000e+00
14                                     0.0000000000000000e+00
15                                     0.0000000000000000e+00
16                                     0.0000000000000000e+00
17                                     0.0000000000000000e+00
18                                     0.0000000000000000e+00
19                                     0.0000000000000000e+00
20                                     0.0000000000000000e+00
21                                     0.0000000000000000e+00
22                                     0.0000000000000000e+00
23                                     0.0000000000000000e+00
24                                     0.0000000000000000e+00
25                                     0.0000000000000000e+00
26                                     0.0000000000000000e+00
27                                     0.0000000000000000e+00
28                                     0.0000000000000000e+00
29                                     0.0000000000000000e+00
30                                     0.0000000000000000e+00
31                                     0.0000000000000000e+00
   &Method [&Type "String"] "SCF"
   &Level [&Type "String"] "Relaxed density"
   &Mult [&Type "Integer"] 1
   &State [&Type "Integer"] -1
   &Irrep [&Type "Integer"] 0
$End
$SCF_Energy
   &GeometryIndex 15
   &Method [&Type "String"] "SCF"
   &totalEnergy [&Type "ArrayOfDoubles", &Dim (1,1)] "Total energy of each state"
                                                         0

0                                     -1.0161653136903758e+03
   &Mult [&Type "ArrayOfIntegers", &Dim (1,1)] "Multiplicity of each state"
                                                         0

0                                                        1
$End
$DFT_Energy
   &GeometryIndex 15
   &nAlphaEl [&Type "Integer"] 60
   &nBetaEl [&Type "Integer"] 60
   &nTotalEl [&Type "Integer"] 119
   &finalEn [&Type "Double"]      -1.0161653136903758e+03  "No Van der Waals correction"
   &eExchange [&Type "Double"]       0.0000000000000000e+00
   &eCorr [&Type "Double"]       0.0000000000000000e+00
   &eXC [&Type "Double"]      -8.0307150989121666e+01
   &eCNL [&Type "Double"]       0.0000000000000000e+00
$End
$Solvation_Details
   &GeometryIndex 15
   &Solvent [&Type "String"] "WATER"
   &Epsilon [&Type "Double"]       8.0150999999999996e+01
   &Refrac [&Type "Double"]       1.3328000000000000e+00
   &RSolv [&Type "Double"]       1.3000000000000000e+00
   &SurfaceType [&Type "String"] "GAUSSIAN VDW"
   &CPCMDielEnergy [&Type "Double"]      -2.8500087000000000e-02
   &NPoints [&Type "Integer"] 2697
   &SurfaceArea [&Type "Double"]       9.9490412741000000e+02
$End
$SCF_Timings
   &GeometryIndex 15
   &TOTAL [&Type "Double"]       3.3216898999999998e+01
   &PREP [&Type "Double"]       2.3755639999999998e+00
   &FOCK [&Type "Double"]       2.7144027999999995e+01
   &DENS [&Type "Double"]       3.4272700000000000e-01
   &ETOT [&Type "Double"]       2.2635000000000272e-01
   &POP [&Type "Double"]       3.0843600000000038e-01
   &TRAFO [&Type "Double"]       7.2113000000001648e-02
   &DIIS [&Type "Double"]       1.2378199999999939e-01
   &SOSCF [&Type "Double"]       6.0421899999999695e-01
   &XC [&Type "Double"]       5.3059429999999974e+00
   &FOCKSTART [&Type "Double"]       1.6247899999999671e-01
   &SOLV [&Type "Double"]       4.0808349999999978e+00
   &SOLV_INIT [&Type "Double"]       6.9056200000000001e-01
   &SOLV_FINAL [&Type "Double"]       1.0000000045806701e-06
   &INT_PREP [&Type "Double"]       1.0000000010279564e-06
   &INT_BF [&Type "Double"]       3.7799800000003714e-01
   &INT_DENS [&Type "Double"]       2.6381400000004973e-01
   &INT_DENSIO [&Type "Double"]       3.0427876875000082e+04
   &INT_FUNC [&Type "Double"]       9.5534000000018438e-02
   &INT_POT [&Type "Double"]       2.2695299999998575e-01
   &INT_POTIO [&Type "Double"]       3.8586800000006605e-01
   &INT_SUM [&Type "Double"]       3.5609999999985931e-03
   &SPLITRIJ [&Type "Double"]       1.3478990000000008e+00
   &COSX [&Type "Double"]       1.8716822000000001e+01
$End
$VdW_Correction
   &GeometryIndex 15
   &vdW [&Type "Double"]      -1.3119859372908303e-02
$End
$Single_Point_Data
   &GeometryIndex 15
   &FinalEnergy [&Type "Double"]      -1.0161784335497487e+03  "Final single point energy"
   &Converged [&Type "Boolean"] true
$End
$SCF_Dipole_Moment
   &GeometryIndex 15
   &dipoleMagnitude [&Type "Double", &Units "a.u."]       3.9457730807707070e+00
   &dipoleElecContrib [&Type "ArrayOfDoubles", &Dim (3,1)] "Electronic contribution"
                                                         0

0                                      1.4972329465571661e+01
1                                      5.0664084254274391e+00
2                                     -1.1675952057090246e+01
   &dipoleNucContrib [&Type "ArrayOfDoubles", &Dim (3,1)] "Nuclear contribution"
                                                         0

0                                     -1.7343855725781616e+01
1                                     -7.5500722736866361e+00
2                                      1.3619248815416071e+01
   &dipoleTotal [&Type "ArrayOfDoubles", &Dim (3,1)] "Total"
                                                         0

0                                     -2.3715262602099543e+00
1                                     -2.4836638482591971e+00
2                                      1.9432967583258254e+00
   &doAtomicDipole [&Type "Boolean"] false
   &Method [&Type "String"] "SCF"
   &Level [&Type "String"] "Relaxed density"
   &Mult [&Type "Integer"] 1
   &State [&Type "Integer"] -1
   &Irrep [&Type "Integer"] 0
$End
$THERMOCHEMISTRY_Energies
   &GeometryIndex 15
   &temperature [&Type "Double"]       2.9814999999999998e+02
   &pressure [&Type "Double"]       1.0000000000000000e+00
   &totalMass [&Type "Double"]       2.2421600000000004e+02
   &spinDegeneracy [&Type "Integer"] 1
   &elEnergy [&Type "Double"]      -1.0161784335497487e+03
   &transEnergy [&Type "Double"]       1.4162714244859817e-03
   &rotEnergy [&Type "Double"]       1.4162714244859817e-03
   &vibEnergy [&Type "Double"]       1.4735914433800991e-02
   &numOfFreqs [&Type "Integer"] 96
   &freqScalingFactor [&Type "Double"]       1.0000000000000000e+00
   &FREQ [&Type "ArrayOfDoubles", &Units "cm^-1", &Dim (96,1)] 
                                                         0

0                                      0.0000000000000000e+00
1                                      0.0000000000000000e+00
2                                      0.0000000000000000e+00
3                                      0.0000000000000000e+00
4                                      0.0000000000000000e+00
5                                      0.0000000000000000e+00
6                                      1.6200668347473115e+01
7                                      3.0281156287741513e+01
8                                      4.0300882716685415e+01
9                                      6.1156900251144563e+01
10                                     7.4180698266681404e+01
11                                     8.7323029691730738e+01
12                                     1.0813427301374600e+02
13                                     1.2919958657528412e+02
14                                     1.3901212645825294e+02
15                                     1.5324517590373080e+02
16                                     1.6972787768325844e+02
17                                     2.2376635792629202e+02
18                                     2.2521102871693910e+02
19                                     2.5471708419717638e+02
20                                     2.7291820855087866e+02
21                                     3.1072802914653249e+02
22                                     3.2326932540702262e+02
23                                     3.3525058135075977e+02
24                                     3.4417827222128153e+02
25                                     4.0510527497303690e+02
26                                     4.2057202750038766e+02
27                                     4.5898927566491756e+02
28                                     4.6843603699973835e+02
29                                     5.1097664048990526e+02
30                                     5.4779578035359725e+02
31                                     5.7818403437680638e+02
32                                     6.4036183993309817e+02
33                                     7.3493053057580892e+02
34                                     7.7777270399703696e+02
35                                     7.8874768001999041e+02
36                                     7.9582799744790395e+02
37                                     8.1591001685599497e+02
38                                     8.2127663515357096e+02
39                                     8.7473046147798311e+02
40                                     9.5652555644935353e+02
41                                     9.8620044635827458e+02
42                                     1.0092702127652768e+03
43                                     1.0438570415496458e+03
44                                     1.0641630053807255e+03
45                                     1.0946100595812104e+03
46                                     1.1046709086727283e+03
47                                     1.1075187156987188e+03
48                                     1.1097670230585079e+03
49                                     1.1204853391474542e+03
50                                     1.1287912142884929e+03
51                                     1.1729844367623261e+03
52                                     1.1981402713035197e+03
53                                     1.2678008132142820e+03
54                                     1.2925368717653182e+03
55                                     1.3024577743945231e+03
56                                     1.3229236360209084e+03
57                                     1.3444270462582190e+03
58                                     1.3725421037211070e+03
59                                     1.3781797378495219e+03
60                                     1.3838990974504372e+03
61                                     1.3875695395758141e+03
62                                     1.4086119474168161e+03
63                                     1.4120483011499769e+03
64                                     1.4235130954264087e+03
65                                     1.4256807059110690e+03
66                                     1.4477971629700185e+03
67                                     1.4500004471222223e+03
68                                     1.4541146692935513e+03
69                                     1.4552749278884933e+03
70                                     1.4577739422007683e+03
71                                     1.4679044784959415e+03
72                                     1.4727160911054320e+03
73                                     1.4739377873142387e+03
74                                     1.4883063003586676e+03
75                                     1.4989968442664958e+03
76                                     1.5863146584880099e+03
77                                     1.6439582568702424e+03
78                                     3.0646460194011634e+03
79                                     3.0656274722848093e+03
80                                     3.0689016809741061e+03
81                                     3.0735125116483568e+03
82                                     3.0918473325683244e+03
83                                     3.1061895098435361e+03
84                                     3.1110966627176849e+03
85                                     3.1367748314048144e+03
86                                     3.1609777683445404e+03
87                                     3.1628605822511590e+03
88                                     3.1731075853752241e+03
89                                     3.1744651723006559e+03
90                                     3.1746818546578124e+03
91                                     3.1785492277275325e+03
92                                     3.1792169613775336e+03
93                                     3.1830058366752246e+03
94                                     3.1943277691338135e+03
95                                     3.2371726268225025e+03
   &zpe [&Type "Double"]       2.7153855890424294e-01
   &innerEnergyU [&Type "Double"]      -1.0158893265335618e+03
   &enthalpyH [&Type "Double"]      -1.0158883823245195e+03
   &qEl [&Type "Double"]       0.0000000000000000e+00
   &qRot [&Type "Double"]       1.5445873143771494e-02
   &qVib [&Type "Double"]       2.6971820753346174e-02
   &qTrans [&Type "Double"]       2.0014795875191428e-02
   &entropyS [&Type "Double"]       6.2432489772309099e-02
   &freeEnergyG [&Type "Double"]      -1.0159508148142918e+03
   &isLinear [&Type "Boolean"] false
$End
$Hessian
   &GeometryIndex 15
   &HESSIAN [&Type "ArrayOfDoubles", &Dim (96,96)] "The Hessian"
                                                         0                           1                           2                           3                           4                           5                           6                           7

0                                      6.0118022582390807e-01         5.0048106918441490e-03        -1.4335753671306111e-02        -7.4027604460996321e-02         3.6196955881073259e-03        -4.7313093447316507e-03        -2.7314637505831085e-02         6.4810356598551406e-03
1                                      5.0048106918441490e-03         5.9316332904202196e-01         1.4171671865043971e-02         7.3877760440361536e-03        -9.4077379321114110e-02         3.6864550805144364e-02        -4.8487461497192779e-03         4.5972374964650276e-03
2                                     -1.4335753671306111e-02         1.4171671865043971e-02         5.2394647343008249e-01        -1.9134332680796555e-02         3.3970793136876197e-02        -2.3533249593500963e-01        -9.7544043198382266e-03         7.9238582840977789e-04
3                                     -7.4027604460996321e-02         7.3877760440361536e-03        -1.9134332680796555e-02         4.6702103125837868e-01        -2.2498363148489436e-02        -5.0699823766466492e-02        -1.9419115558301542e-01        -2.7510645357164191e-02
4                                      3.6196955881073259e-03        -9.4077379321114110e-02         3.3970793136876197e-02        -2.2498363148489436e-02         6.2264167537313231e-01         1.9166967764949788e-03        -3.0034666960190581e-02        -7.1542745131306928e-02
5                                     -4.7313093447316507e-03         3.6864550805144364e-02        -2.3533249593500963e-01        -5.0699823766466492e-02         1.9166967764949788e-03         5.6378972306822106e-01        -2.5861106501206821e-03         2.1579013563775124e-03
6                                     -2.7314637505831085e-02        -4.8487461497192779e-03        -9.7544043198382266e-03        -1.9419115558301542e-01        -3.0034666960190581e-02        -2.5861106501206821e-03         3.8567278400268057e-01         3.0036106317464978e-02
7                                      6.4810356598551406e-03         4.5972374964650276e-03         7.9238582840977789e-04        -2.7510645357164191e-02        -7.1542745131306928e-02         2.1579013563775124e-03         3.0036106317464978e-02         1.1406612446022035e-01
8                                     -4.9128679523744494e-02        -8.0114664108609773e-03        -7.3572245750983221e-03        -1.0032864395328092e-02        -8.4619613988956219e-05        -6.7544926063784053e-02         1.3867315590756196e-01        -5.4300042194826578e-02
9                                     -1.2194210419620537e-03        -6.2562717321735595e-05        -2.7520970890489854e-04        -3.5470875899400220e-02         2.9781704711672108e-03        -3.3177337209003004e-02        -7.9500899578184223e-02         8.3388775042780531e-03
10                                    -1.8407163720375590e-03        -1.5448323957772409e-03        -2.0968004681626295e-04         8.1163888137384330e-03        -8.6027394185245881e-05         2.1955190345981316e-05         1.4883272573438938e-02        -6.0238375856633851e-02
11                                     4.1444519141933351e-03         1.4408732533593767e-03        -9.2554929960484041e-04        -4.6940671727616137e-02        -4.4984479587553260e-03        -2.5669254686650454e-02        -7.1334724576630509e-02         4.8382903848446727e-02
12                                     5.5502153271851475e-04         8.1918729049613450e-04         1.2078583073238939e-04         1.6090949575443816e-03        -1.3357429295554962e-03         4.5229966181240455e-04         7.4092909272416643e-03         5.4114112311094992e-03
13                                     1.2111793945509121e-03         5.3447495688221003e-04        -2.2633187936508680e-05        -8.2507618395512433e-03        -1.3009337414743231e-03        -3.3420921887784083e-03        -1.4903099772819069e-03        -6.6009372772549719e-03
14                                    -1.2742231285377344e-03         8.0438650992293768e-05         2.1583130153061427e-04         1.0839586289333123e-02         1.1940635300488611e-03         2.6871122097806214e-03        -3.9017386273248762e-03         2.8801938917399579e-02
15                                     2.7225360333026050e-04        -1.0187787094926578e-04        -8.3489432111455558e-05         1.0385917997543972e-03         7.7966674961737147e-04         1.0417609349121729e-03         5.9173215244427528e-03        -2.6742863949214815e-03
16                                    -7.9963069899303041e-04        -1.2255328557140465e-04        -1.2559533772904009e-05         4.4623039519473915e-03         5.9081971102858477e-04         9.4312422476435041e-04         8.5662225618594184e-04         2.1986438353058316e-03
17                                    -1.7262718887484513e-03        -4.1635753711518069e-04         7.7607204791981053e-05         1.0681473488043547e-02         8.0347110483893359e-04         1.3483883710506054e-03        -1.2788968648471261e-03        -2.1182923458122900e-02
18                                    -2.9368481248311920e-03        -6.2117211057654176e-04         2.2293496379918737e-04         1.3378628145601928e-02         3.6895253915482417e-03         6.6456453647993369e-04        -4.1423368299670575e-02        -1.9082189499912486e-03
19                                    -7.4373777705625578e-04        -3.7074976218473102e-06         1.3430530994106750e-04         2.9802000399687810e-03         3.5816738028131697e-03         1.1969585809157681e-03        -9.1747339635800847e-03         6.6974809932378726e-03
20                                    -9.4248415215095389e-04        -2.4814086803880749e-04         9.4570700649387613e-05         2.5065232420641900e-03         1.5423654563192976e-03         1.1109309456695670e-04        -2.3774714030864428e-02        -4.0071415040271860e-03
21                                     1.4854569094893571e-03         3.2611490950882146e-04        -2.3199917013800203e-04        -6.7804766361277569e-03        -1.3899414823456625e-03        -9.4228334365860356e-04         1.9552291523006467e-02         1.6743170798506702e-03
22                                     1.2717376769017079e-03         2.9109826747244344e-04        -1.5847516225882036e-04        -4.6258138056637704e-03        -1.7294108064063616e-03        -4.1246619713203894e-05         1.7406369101712765e-02        -8.1095711581869161e-05
23                                    -7.3017323653080967e-04        -1.6191992097670726e-04         9.8199811317145640e-05         2.6812215732216183e-03         1.4033309717930128e-03         1.0179850680659347e-04        -1.1493744248715581e-02         5.9451889258993495e-04
24                                    -4.2317623696427778e-07         1.4649359432621411e-05         8.0253040559592894e-06        -1.7025065919647935e-05         1.5506078048897509e-04        -4.8369244511658056e-05        -5.3630635143296179e-04        -5.3394380641833071e-04
25                                    -1.4873063053701674e-04        -2.0804489271230802e-05         2.6621385796848110e-05         8.9771598763337883e-04        -2.6712650101805055e-05         3.0772393257632631e-05        -2.4126182924308131e-03        -1.8645993825010781e-03
26                                    -5.4641000186238497e-05        -9.3339481923228559e-06        -8.6990097022176933e-06         1.4828186749400393e-04        -2.3400052220464199e-05        -5.2050489833559000e-05        -8.6330831150097011e-04        -1.3138270008589211e-03
27                                    -9.6764245323982588e-04        -2.0888224028550311e-04         1.1641509004094440e-04         4.0714221939617086e-03         1.4150914191438638e-03         4.8275406597101951e-04        -1.2658704698597614e-02        -3.6680161357578050e-04
28                                    -8.3297452356952229e-05        -1.8027921483020150e-05         1.0440576529248206e-05         3.2191199157985959e-04         1.0933297520160472e-04        -6.6002536695416647e-05        -7.6147775273361609e-04         3.6128715522123833e-04
29                                     2.1388436044992570e-04         4.3542087047949324e-05        -2.4461732193594406e-05        -7.1329085783068192e-04        -3.5005783804825603e-04        -2.3460912065425500e-06         2.9978277275760443e-03         5.1982270398219709e-05
30                                     7.5180934307682567e-05         1.4214422467574534e-05        -1.1658853492924277e-05        -3.5327914692786085e-04        -9.1043826449138389e-05        -7.1690640856848288e-05         1.0336269693337844e-03         4.7320284715314477e-05
31                                     1.9986817937432333e-04         4.3254939613748410e-05        -2.4805289700637161e-05        -8.1218938797730691e-04        -2.8248420530281137e-04        -6.6405477430438525e-05         2.5986126031270771e-03         5.9783241116702308e-05
32                                    -5.0684873326289288e-05        -1.1508683767103829e-05         1.1663933811609706e-05         3.4421489790051985e-04         3.7924746743920501e-05         1.0507989470559627e-04        -5.8919120626269733e-04         2.8582114091204093e-05
33                                    -2.1322682074754943e-05        -5.0450546402019479e-06         4.0191595590233662e-06         1.1779225567795751e-04         2.0785855791173005e-05         2.1748726470109620e-05        -2.6003937613677325e-04        -3.3370496651200648e-06
34                                    -2.5397618481665483e-05        -5.5196451495670401e-06         3.8137944638200742e-06         1.2947994182628742e-04         2.9654988548265515e-05         2.5904541871901727e-05        -3.2162096437033364e-04        -2.3934884472421389e-06
35                                     5.0822556326923970e-05         1.0986348779558697e-05        -7.6560192626179790e-06        -2.4239090840013228e-04        -6.4438689575681260e-05        -3.8433110226768335e-05         6.3464276389493487e-04         3.8422978039371109e-06
36                                     7.6808767705795189e-05         1.4109230826821432e-05        -1.2009894132054966e-05        -3.3314867481491078e-04        -1.3405156584469607e-04        -6.3478465803988715e-05         9.8836204310324299e-04        -9.9349650619870818e-05
37                                    -2.1688126173709365e-04        -4.5161316835723764e-05         2.6058796110009283e-05         8.5652310025815712e-04         3.2944390564228237e-04         8.4045048233505486e-05        -2.8980169154219264e-03        -1.2387924876285444e-04
38                                     7.7044440875144351e-05         1.4173999818599919e-05        -7.5020606971936467e-06        -2.7276174914575059e-04        -1.3209061296456918e-04        -3.4038433937696758e-05         9.5524761889966784e-04        -5.2370165363765915e-06
39                                    -2.8935369474976289e-05        -4.8059716658475448e-06         4.7255458098387908e-06         1.2377088034639725e-04         2.4386954293939470e-05         1.0170507414695192e-05        -3.3425055209637352e-04        -3.7804023526877501e-05
40                                     3.4495396426534571e-05         7.0568290791842526e-06        -3.1319704782246286e-06        -1.3420544122925605e-04        -5.5671531677298734e-05        -1.8278248869200896e-05         4.4469922634497310e-04         1.1105059224578642e-05
41                                    -5.0903025085394181e-05        -1.0049674263602205e-05         6.2844111515721452e-06         1.9268598006801801e-04         5.9076239643403755e-05         7.7824700090236690e-06        -6.7011177607757160e-04        -3.8312388910239823e-05
42                                    -5.9301701052443027e-02        -5.6401862161363447e-02         1.2607402605982922e-02        -9.4385108701599673e-04         6.0300238598389472e-03        -2.1998941238976838e-03         1.7482171000388206e-03         5.8736329232208422e-04
43                                    -5.6178884681330331e-02        -3.0654572077102116e-01         5.0435365473920954e-02        -1.8015660284672096e-03        -4.6362526716651441e-03        -2.8994699268197754e-04         7.5169785846718792e-04         5.9838656913086940e-04
44                                     1.0726072448569671e-02         4.7351968234852895e-02        -5.7008385591192992e-02         8.1813381325876646e-03         3.4024860792672418e-02        -6.5742814620636247e-03         1.0957690884577493e-03        -1.3210411455887448e-03
45                                    -1.3637962400301806e-01         9.2753986938843319e-02         9.3595672442899375e-02         1.8039174586185393e-03        -4.4686755370445773e-03        -5.7782189712424908e-03         2.2022892837752278e-03        -4.2584805479585128e-04
46                                     9.3668144631237557e-02        -1.4555440544133502e-01        -9.5689009433492594e-02        -5.9280665047374316e-03         5.1913151903895151e-03         5.9692492964488284e-03        -2.6813898426618311e-04        -1.6188677992637194e-04
47                                     9.0738587211341273e-02        -9.3848038732798122e-02        -1.4049423227631042e-01         1.9965168425813987e-02        -1.9887582714316367e-02        -1.9589434363549124e-02         3.5460397844106189e-04         3.1395680277726892e-04
48                                    -3.0918960494239267e-01        -4.6036673236028836e-02        -5.8225440619601346e-02        -3.6754322141701518e-03        -8.5722880123887627e-04         2.7589662004964648e-03        -6.6308597796611857e-06         3.8258487577938992e-04
49                                    -4.6817281158804389e-02        -5.3470712658629044e-02        -9.5753433286176384e-03         6.8874432928096984e-03        -1.1507519713424277e-03        -8.7265041087873120e-05         1.1614176932146021e-03         7.0182265583073602e-04
50                                    -5.4763666297007040e-02        -8.8474292174857312e-03        -6.0098803871968108e-02        -2.7582055970759415e-02        -6.9930670728015881e-03         1.1302660207249474e-04        -5.3729360694651680e-03         1.7156837774648295e-03
51                                     5.5928749788315968e-03        -4.5835093076192664e-03        -4.1443861318385192e-03        -1.1823887732653585e-01         8.1050901801478309e-02         8.2791819939665653e-02        -3.9225609330669195e-02         1.6628620316136166e-02
52                                    -4.8089429114958563e-03         5.4423976271085941e-03         6.2747112229496749e-03         8.6548093386919600e-02        -1.5362020679050770e-01        -9.7586359969891651e-02        -6.1765112577309156e-03         8.8715070720122770e-03
53                                     1.6202511148023679e-02        -1.9563387121705765e-02        -1.7696269374065706e-02         8.6888309894988497e-02        -9.6318807677543000e-02        -1.4967710730832723e-01        -8.3299567777217545e-03         5.6633198725252144e-03
54                                     2.2051241888656238e-03         6.5152331609657048e-03        -5.3377802692729324e-04        -5.5760018530780435e-02        -3.8859833204420692e-02         1.1828399298764645e-02        -2.7388326388230529e-02        -3.4889681691752258e-02
55                                     2.4183458869609341e-04        -2.6652972715833978e-03        -1.0987043413652683e-04        -4.6500269147344522e-02        -3.0404277347574116e-01         5.2685663716842225e-02        -8.2811369342883009e-03         1.6619971044989391e-03
56                                     5.5502304485096953e-03         3.1084987118307705e-02        -5.4944735873682406e-03         1.3659704153526957e-02         5.3350779036018127e-02        -6.3745720266357844e-02        -5.8409215819994770e-03        -6.8561780590853608e-03
57                                     1.9000509105816065e-05        -5.1257078748324584e-06         1.1357485853706869e-05        -1.2653835192824586e-04         2.9593918976642826e-05        -8.8275575446442752e-05         1.3101149458691686e-04         1.8234964650533977e-04
58                                    -4.7778794302221587e-06         6.5518083721442463e-07         8.8863432269304105e-06        -9.4600787012219726e-06        -1.6275844733789892e-05        -5.7218886359430141e-05        -2.5535653140025820e-04         6.8113137399454922e-05
59                                    -4.0862345852327642e-06         1.1999994417460267e-05         4.9548245529848017e-06         1.3682572412909537e-04        -3.9133686496240272e-05         5.8220363958768405e-05        -2.4978880589999683e-04        -2.9458055670064892e-04
60                                     1.4251693456812002e-05         3.6639355187524465e-07         4.0046316067697584e-07         4.4705640884245656e-05        -1.7764525914204236e-04         2.4330173068457087e-05        -5.4154463289390539e-04        -4.9423431075144939e-04
61                                     8.3355330392722814e-05         1.9959502781519394e-05        -1.2658568452118588e-05        -7.2113167708341957e-04        -5.3510298140493909e-05        -2.1805127282877553e-04        -1.6474153687170685e-04         5.2858809032283816e-04
62                                     3.6651634770804149e-05        -1.6718781803555832e-05         4.0722648923688474e-06        -2.5344681412863777e-04         9.2706878167291587e-05        -1.0745637082815629e-04         4.5756062425228645e-04         8.1345913487666007e-04
63                                    -7.3356188562959198e-06         1.9922137608036074e-06         6.6291428375964349e-06         2.9384740387208087e-04        -1.0062211980744318e-04         1.5824807986607634e-04        -2.5508281303907124e-04        -7.0620434259519721e-04
64                                    -4.7368898801089353e-05        -1.0919612920535721e-05         7.5834727900947958e-06         1.1579408320384638e-04         1.0112604720079402e-04        -5.3871070533906474e-05        -4.1080070028442882e-04         1.7223520197345334e-04
65                                     2.2466303168242353e-05         8.0041898380811645e-06         8.7032120683549086e-07        -1.0337948247426281e-04        -1.7552275508999797e-05        -3.4050575063886065e-06         1.1610287126613494e-04         4.3528085078142963e-05
66                                    -4.3033228335837603e-05        -8.7081580522380304e-06         5.6533834108576926e-06         1.8586804014196425e-04         5.6877845019228464e-05         2.0422034150791680e-05        -5.4381708466898335e-04        -3.7982797070184171e-05
67                                    -4.2910324909735348e-05        -9.3667401014925083e-06         4.0720605470313450e-06         1.4386548129238552e-04         6.4347091983892724e-05        -2.5811474901952147e-06        -5.5702198405711703e-04         7.5530187244228305e-06
68                                     2.7721756423938847e-05         5.8124537187509623e-06        -3.0543424334146165e-06        -9.5155066062007081e-05        -4.2789482592010231e-05        -1.2747968976827349e-06         3.5831780904601500e-04        -1.5652552014971845e-05
69                                    -1.1364411269772580e-05        -4.0636568612935899e-06         1.6994864952541033e-06         2.6184399787612078e-05         2.0346866956365440e-05        -6.1433542722464303e-06        -1.7552534311635957e-04         3.5578372876536319e-05
70                                    -2.4472885483447717e-05        -6.4980524475470593e-06         3.9060560218646387e-06         9.2488734389337767e-05         3.7841617332326526e-05         2.8789472290052997e-06        -3.3351474374686220e-04         1.9208779799272717e-05
71                                     8.7090434061455525e-06         2.2412194192522516e-06        -7.6275436747969581e-07        -1.6879124423441675e-05        -2.2522174602117960e-05         3.0077494347981799e-06         1.2624798454953834e-04        -4.6713425210961478e-05
72                                    -1.8551622353863363e-05        -3.8349324591973210e-06         2.6128158574208568e-06         8.6821968031702054e-05         2.2195714460014852e-05         1.3609944744669744e-05        -2.3944026186186639e-04        -1.2803852592679785e-05
73                                    -2.4551635858203140e-05        -5.3650966076312011e-06         3.4509815627609375e-06         1.1259953837129664e-04         3.0241043342591666e-05         1.6502534257680853e-05        -3.1298236117209327e-04        -5.7033156113599950e-06
74                                    -1.8037616675447866e-05        -3.8669811983441683e-06         2.3031249972520304e-06         8.3903358929937800e-05         2.1062859547393117e-05         1.2757873550648616e-05        -2.2775060248338364e-04        -3.3651125885131123e-06
75                                    -7.7941785197382760e-07        -5.6060518227913180e-10         2.6779177459396599e-07         7.4261140089038357e-06        -7.6330458138941530e-07         2.3383197044677494e-06        -1.1045606546459543e-05        -1.0522386658821594e-05
76                                     5.4739431414756775e-06         1.1067908455071812e-06        -7.3522230918889481e-07        -2.4951568891111359e-05        -6.7221926735774001e-06        -4.0696243242382455e-06         7.1757191427428607e-05         1.9981883675165042e-06
77                                    -5.5926647680194419e-06        -1.0944811934354634e-06         7.4273056855920991e-07         2.4666079615632281e-05         6.9472931492157613e-06         2.4508772200221275e-06        -6.9886989516519817e-05        -5.1502228774626402e-06
78                                     7.3419290540655973e-06         1.6641519131946613e-06        -1.2579382228287923e-06        -3.6508937103174745e-05        -8.1960243475901358e-06        -5.0377049043120716e-06         8.8901412967455379e-05         9.1639603696867027e-06
79                                     1.7061119735038296e-06         4.3689452932763738e-07        -1.9484597704686003e-07        -1.3896221858485797e-05         1.1426017314815665e-06        -4.0862797414119624e-06         2.2659032972435913e-05         1.7023240918590205e-05
80                                    -2.3193060579821896e-06        -6.3746022615009950e-07         1.6698742551472230e-07         1.7063795864654774e-06         6.3956551402921873e-06        -2.4592512683054961e-06        -3.3957995623880100e-05         1.9794346848174572e-05
81                                    -4.6341809410669818e-05        -9.9803737980624350e-06         5.2694156583439993e-06         1.9485446073066613e-04         4.1701258352289553e-05         1.2467484190631140e-05        -6.0975033735501745e-04        -4.9860774640921463e-05
82                                     1.4493423032017737e-05         2.8515008821898490e-06        -2.8351038543202047e-06        -8.0505985832223827e-05        -3.3446461263687942e-05        -2.6108873483381685e-05         1.9320231869364608e-04         5.5913484297912664e-06
83                                     1.3318741135604529e-05         2.8151993830935376e-06        -6.0176050256398670e-07        -3.0233272138873997e-05         4.9207081276405540e-06         2.0907597375719585e-05         1.8195863317130011e-04         3.6754759416226288e-05
84                                     3.7889761038530164e-05         8.2243702327948252e-06        -6.8203153545843640e-07        -9.1186000299710713e-05        -4.0417010136210633e-05         3.2634435155056777e-05         5.1775507904173199e-04         4.0314500976841399e-05
85                                     2.5035305560173253e-06         5.0520518942076269e-08        -1.7476792367061225e-06        -2.8779708063246832e-05        -2.2612519160381714e-05        -2.1597039230426840e-05         2.1254037715696380e-05        -2.9025826394821532e-05
86                                     1.8230480626124508e-05         5.0231585688111180e-06        -9.1154902950887151e-07        -7.6493096112792761e-05         3.7571313952291339e-05         2.2626958052766965e-05         2.1229586080427144e-04         7.5011535580740704e-05
87                                     6.4677165405459045e-06         9.4390978707773688e-07        -7.7547022376108082e-07        -1.9790117556978219e-05        -8.9835873380011260e-06        -3.3854831758664068e-06         1.1275898275605982e-04        -5.9724234624382002e-06
88                                    -1.4351257432523549e-05        -3.3358309563122925e-06         1.4156132771423738e-06         7.1342594861034843e-05         6.7609501278944704e-06         1.0059619844232785e-05        -1.8726362858022394e-04        -1.5364809529704976e-05
89                                    -1.3170439092633307e-05        -3.4653429313563100e-06         1.5096373582169735e-06         6.3837519276428381e-05         9.3854222173612600e-07         1.8132389991121289e-06        -1.4137979595017363e-04        -2.9923701146231513e-05
90                                    -8.9776471715214652e-06        -2.0678242266743614e-06         1.0590318851273538e-06         4.1934779093349265e-05         5.5200958467652895e-06         4.4750756407383504e-06        -1.1392253042766290e-04        -1.3861785909281374e-05
91                                     3.0823213442771486e-05         6.2284122626213107e-06        -4.0422240681676249e-06        -1.3016979809970416e-04        -3.7647822974838688e-05        -1.3991999130181400e-05         3.9830276161434072e-04         1.6217467679477181e-05
92                                     2.1439205803478401e-05         4.4115447123120186e-06        -2.5327659892916503e-06        -8.7934886214119113e-05        -2.5418629318253934e-05        -8.9464817525824458e-06         2.7283920941026754e-04         1.2424540649251488e-05
93                                    -3.7497806020705848e-06        -1.0704526633148107e-06         8.1475945816632118e-07         1.9876276158130418e-05         2.9172003132223838e-06         2.1611405865664592e-06        -4.4553209420966915e-05         2.9571534283180366e-07
94                                    -2.5085157432128037e-06        -5.3061287425267497e-07         3.4523408947954938e-07         1.0561705850097558e-05         6.1895312974678469e-06         3.0432314196317067e-06        -3.0292825723928917e-05         4.1027120718266406e-06
95                                     9.2879387085437383e-06         1.8099187034956104e-06        -1.6341795408511464e-06        -3.9545889684873856e-05        -4.1095582006423284e-06        -2.1587066051956336e-06         1.1941177093890099e-04         1.3095308373466488e-05
                                                         8                           9                          10                          11                          12                          13                          14                          15

0                                     -4.9128679523744494e-02        -1.2194210419620537e-03        -1.8407163720375590e-03         4.1444519141933351e-03         5.5502153271851475e-04         1.2111793945509121e-03        -1.2742231285377344e-03         2.7225360333026050e-04
1                                     -8.0114664108609773e-03        -6.2562717321735595e-05        -1.5448323957772409e-03         1.4408732533593767e-03         8.1918729049613450e-04         5.3447495688221003e-04         8.0438650992293768e-05        -1.0187787094926578e-04
2                                     -7.3572245750983221e-03        -2.7520970890489854e-04        -2.0968004681626295e-04        -9.2554929960484041e-04         1.2078583073238939e-04        -2.2633187936508680e-05         2.1583130153061427e-04        -8.3489432111455558e-05
3                                     -1.0032864395328092e-02        -3.5470875899400220e-02         8.1163888137384330e-03        -4.6940671727616137e-02         1.6090949575443816e-03        -8.2507618395512433e-03         1.0839586289333123e-02         1.0385917997543972e-03
4                                     -8.4619613988956219e-05         2.9781704711672108e-03        -8.6027394185245881e-05        -4.4984479587553260e-03        -1.3357429295554962e-03        -1.3009337414743231e-03         1.1940635300488611e-03         7.7966674961737147e-04
5                                     -6.7544926063784053e-02        -3.3177337209003004e-02         2.1955190345981316e-05        -2.5669254686650454e-02         4.5229966181240455e-04        -3.3420921887784083e-03         2.6871122097806214e-03         1.0417609349121729e-03
6                                      1.3867315590756196e-01        -7.9500899578184223e-02         1.4883272573438938e-02        -7.1334724576630509e-02         7.4092909272416643e-03        -1.4903099772819069e-03        -3.9017386273248762e-03         5.9173215244427528e-03
7                                     -5.4300042194826578e-02         8.3388775042780531e-03        -6.0238375856633851e-02         4.8382903848446727e-02         5.4114112311094992e-03        -6.6009372772549719e-03         2.8801938917399579e-02        -2.6742863949214815e-03
8                                      3.4358415881478338e-01        -5.5626196503029274e-02         5.3195955924726375e-02        -2.1355433735723539e-01        -8.7013361493993198e-03         1.3851369341262604e-02        -2.0016023586683959e-02        -6.6471925423139955e-03
9                                     -5.5626196503029274e-02         6.0139356081141471e-01         1.5102193581509391e-01        -4.5333102546727913e-02        -1.0336121410883818e-01        -1.4289582468031256e-01         6.5073695333403972e-02        -6.5381394438001963e-02
10                                     5.3195955924726375e-02         1.5102193581509391e-01         7.7042430611418378e-01        -1.7268585736402225e-01        -1.5024110532478660e-01        -4.6196696607929649e-01         1.8912182702907149e-01         5.6885141292572688e-02
11                                    -2.1355433735723539e-01        -4.5333102546727913e-02        -1.7268585736402225e-01         5.2683696179525841e-01         6.7580942525251111e-02         1.8772170368796989e-01        -1.4280107398476938e-01         3.9810324467154379e-02
12                                    -8.7013361493993198e-03        -1.0336121410883818e-01        -1.5024110532478660e-01         6.7580942525251111e-02         1.1122646620642082e-01         1.6468633106975328e-01        -7.6155654857918767e-02         8.5285004385194062e-03
13                                     1.3851369341262604e-02        -1.4289582468031256e-01        -4.6196696607929649e-01         1.8772170368796989e-01         1.6468633106975328e-01         5.0719144449352438e-01        -2.0952455907417339e-01        -4.6586242596990853e-03
14                                    -2.0016023586683959e-02         6.5073695333403972e-02         1.8912182702907149e-01        -1.4280107398476938e-01        -7.6155654857918767e-02        -2.0952455907417339e-01         1.4562697771555910e-01         1.4744348224666644e-03
15                                    -6.6471925423139955e-03        -6.5381394438001963e-02         5.6885141292572688e-02         3.9810324467154379e-02         8.5285004385194062e-03        -4.6586242596990853e-03         1.4744348224666644e-03         7.1407106623457242e-02
16                                    -1.0029070448106567e-02         4.7411457105937138e-02        -1.6341741729426257e-01        -7.6496003196037721e-02         9.3376434298562093e-03        -3.4512617305793677e-02        -1.5482528585062612e-02        -6.7882726894509915e-02
17                                    -3.4022728741353571e-02         3.8711448063068921e-02        -8.3725547886687277e-02        -9.7834657286288693e-02         2.0254663400674378e-03         3.2211630378530323e-03         7.6849333949541368e-03        -5.5822322313344677e-02
18                                    -1.6571444743585378e-02        -2.6990495632881550e-01        -4.2064121367018051e-02         2.0104327258058170e-02        -2.9130161114267597e-02        -1.3027950588942183e-02         6.9668892461853191e-03        -2.4782790858442275e-02
19                                    -5.4630922066229272e-03        -4.0417790895138514e-02        -6.2997091259731935e-02         8.6956278287766958e-03        -3.3084235433334885e-02        -1.0225617698519502e-02         7.4173191910278831e-03         9.5204718614645342e-03
20                                    -2.3923016063645171e-03         1.8085952233086358e-02         8.8173346763425284e-03        -4.6436436310965723e-02         1.5406981086650085e-02         8.1702258480700930e-03         4.7986378318902682e-03         2.0411863407451707e-02
21                                     9.0820579671882715e-03        -9.7900838571966214e-02        -3.5765397436720407e-02         1.5089266019020222e-02         9.7983832394780927e-03         7.0896504659623038e-03        -2.8379978147626463e-03         1.2811199603005956e-02
22                                     8.1083373983226424e-03        -4.1160237991204718e-02        -1.3175663854221368e-02         2.0050055235463276e-03         7.1865306882150553e-03         7.9055136042146621e-03        -1.3414108651719420e-03         1.3780592850811884e-02
23                                    -5.0710900669100143e-03         2.3933509017427201e-02         3.7709677649005085e-03        -1.1151409254432580e-02        -3.3126172838828802e-03        -2.0517062000694865e-03         4.0758640927604645e-03        -4.2162994297050239e-03
24                                     1.6982401170305569e-04         2.9637358422463368e-03        -3.7641702417310434e-03         2.8851062102186746e-04        -8.3752207801371490e-04        -8.6669739822630885e-05        -2.4978265414957635e-05         1.5810045024139613e-04
25                                    -5.1646846262347465e-04         4.8227826468598411e-03         1.4014850802597282e-03        -4.0566827806920664e-04        -9.2158823290172610e-04        -6.7562531709247349e-04         1.2568333992155013e-04        -9.9766490820198854e-04
26                                    -2.1030942771579724e-05        -5.0320791873898173e-03         1.2309630598875253e-03        -2.9137186661976917e-03         7.5083508838346530e-04         2.1179836836137224e-04        -3.6209888213088661e-04         2.0578047989137146e-03
27                                    -6.3341980616891261e-03         4.7388799589631068e-02         6.2177600804841290e-03        -2.3731250202404111e-03        -7.1457667424584164e-03        -5.3844988052946813e-03         1.8319813963471156e-03        -8.6509653283841532e-03
28                                    -7.7220055499844175e-04        -1.1894800491026036e-04        -1.8865929922176864e-03         2.9298461908118119e-03        -1.4091898750411757e-03        -1.1419943136528783e-03         2.4489978290625136e-04        -2.0154059006206402e-03
29                                     1.1769292947751532e-03        -3.8243768491369491e-03         1.4232021735641402e-03         3.4465193007747492e-03         1.0782079012411378e-03         7.0015366424229194e-04        -5.3933329065883578e-04         3.4941398182017439e-04
30                                     5.1634015855831037e-04        -5.0223862155481707e-03        -7.5271141288355762e-04         3.3462726200101723e-04         6.5933183909281398e-04         4.3856494617736395e-04        -1.7313565332149233e-04         7.4504744844887947e-04
31                                     1.3014004119350003e-03        -7.7173577549082464e-03        -3.3513754285607433e-04         1.2481797642522304e-03         1.5327261388845056e-03         1.0067799543066465e-03        -5.7447563607329708e-04         1.3636332459373752e-03
32                                    -5.3354026114304967e-04         5.7107923219266417e-03         1.1596312048758320e-03         2.1419265919833791e-03        -9.7883464883434480e-04        -8.3689974191474979e-04        -1.8478258676628585e-04        -1.5726242344664284e-03
33                                    -1.7537056132932530e-04         1.5588549389703981e-03         2.7473768184124817e-04         3.3821269139602074e-04        -2.7368130315489866e-04        -2.1937392633315328e-04        -3.1031289492617102e-09        -4.0302817430677576e-04
34                                    -2.0391650490282734e-04         1.6930683183563992e-03         2.7762695836549883e-04         2.6234205473408124e-04        -2.8913114541608822e-04        -2.2505060909651771e-04         1.7764998387553194e-05        -4.0845425617908726e-04
35                                     3.6241983838770486e-04        -2.9463819719235274e-03        -3.6954514028077293e-04        -1.7998714414445109e-04         5.0618171037164711e-04         3.9337606271882609e-04        -7.7348305054023036e-05         6.1996690984551263e-04
36                                     5.7976591213399322e-04        -4.7668793731293147e-03         2.0664529248530636e-04        -1.7291174044477731e-04         8.8092404339904992e-04         5.7119076628738973e-04        -2.2574425625124090e-04         9.9387054202560755e-04
37                                    -1.3394786557404488e-03         9.0237996068579709e-03         9.9253650720392082e-04        -1.0234865217557390e-03        -1.4487064401836958e-03        -1.1252162549229756e-03         4.4017113686582417e-04        -1.3923656485656116e-03
38                                     3.9355635271559033e-04        -3.4217725035554491e-03        -3.2230956752238283e-04        -3.6240521913046068e-04         5.3604285049683521e-04         5.0552215676297348e-04         1.1280916336289175e-04         3.8688920087272716e-04
39                                    -1.9775364379852556e-04         1.2182980620255516e-03         2.1716221515406884e-04        -7.5271321332703574e-05        -2.4101904183148332e-04        -1.6248193782313484e-04         5.4189111367603513e-05        -1.9933250164775210e-04
40                                     2.0180162718763780e-04        -1.7704879552782830e-03        -1.1906842763846918e-04         7.3227778151790219e-05         2.7182886251644840e-04         1.9385128824783048e-04        -3.3047924306099132e-05         2.1593941911199550e-04
41                                    -2.9849503629537629e-04         1.9451443265194250e-03         2.4977186612392847e-04        -2.1318853537956377e-04        -3.6069154637522014e-04        -2.5698101797722175e-04         5.5926204441206009e-05        -1.9407640161448627e-04
42                                     1.1941408430827523e-03        -2.4194792197636267e-04         2.1564678008175486e-04        -7.2113494796426558e-04        -6.7587013924743440e-05        -1.3077587908517284e-04         1.1199832529428465e-04        -5.6732914226842671e-06
43                                    -8.0935666803286493e-05        -1.9523083133022581e-04         1.2592091886085794e-04        -3.9348852161454545e-04         3.8905980654947459e-05         9.8988425978744406e-06         1.2119052432043025e-05         1.0198907090159712e-05
44                                     2.4383043197790132e-03         6.2037316382217741e-04         1.8137936044531071e-04         1.9999107205631610e-04        -3.9923688647790700e-04        -9.6524588562636954e-05        -1.9191935321223968e-04        -1.6069656722579026e-05
45                                     1.1191753838531208e-03        -2.3867412288513810e-04         1.6682795072891967e-04        -8.7107573090115960e-04         7.7682488062166615e-06        -1.1875080657496815e-04         1.6363096777135289e-04        -6.6000642849015521e-05
46                                    -6.9853186512894988e-04        -2.4732587871213263e-04        -3.8413223692408251e-06        -8.3695460032156023e-05         1.6722907511011279e-05        -4.0220806303200251e-05         1.4366928438234962e-05         5.7450259189589273e-05
47                                     3.0908698074895661e-03         5.2205478792543051e-04         8.1073324074509661e-05         2.3191906764569953e-04        -1.2574706350229002e-04         3.6335388481299183e-06        -5.1547973421879059e-05        -1.0593332297452891e-04
48                                    -2.1302895565869819e-03         7.6873691042483058e-04        -2.6658641672519886e-04         1.0499488012059796e-03        -6.6028035109027107e-05         1.6795732795462702e-04        -2.2831017079433718e-04        -2.5205038651843919e-05
49                                     2.2522874703486697e-03        -3.9431838724297678e-05         5.3590784539663721e-04        -3.5648052470723350e-04        -3.8743463624886839e-05        -7.7500830234977054e-05        -4.8110590657303529e-06         3.8639886336101140e-06
50                                    -9.3512910270314425e-03         5.0190396408215595e-04        -7.1002334275925192e-04         2.5579059153481615e-03         3.4823025060174559e-05         4.6756463495932531e-04        -5.8087639791206259e-04         4.0388338334373640e-05
51                                     7.8927838013981427e-03         1.5641891261689821e-03         1.8765522271145670e-04         1.0690241457574015e-02         1.6982293632711938e-04         6.6912840130488706e-04        -1.3238882171032066e-03         9.0954638878591352e-04
52                                     6.0685993217680550e-03         5.7503068803463862e-04         4.3976348107493913e-04        -2.6984838206870100e-04        -1.4937199371399404e-04         8.1270342815481338e-05         7.0711621642691094e-05        -1.9202316720163626e-04
53                                     7.4124011493608283e-03        -1.2950934067041549e-03         1.1974367580700270e-03         1.2002212835422964e-03         2.5756691413261843e-04        -1.6639961251944252e-04        -1.7488823392190767e-05         2.9218322792291264e-04
54                                    -2.9376298257061963e-03         1.8974878298918425e-03        -5.3003448445214062e-03         8.4742860483519762e-03         8.4861998027337831e-04         1.8217860646656033e-03        -4.5237802450124492e-04         7.4463687773885975e-05
55                                    -3.0545531335811425e-03         7.9261873950510161e-04        -1.3710355761061398e-03         3.8957594799368203e-03         1.1652052343179952e-03         7.5191043508742589e-04        -3.6985478851064672e-04         1.5353242806789499e-05
56                                     1.2649769826610629e-03        -1.2373355932265987e-03        -2.7908481749237815e-03         2.0310297204803943e-03         5.6587361318686255e-04         7.1147788966480089e-04        -1.9923575086229430e-05         6.9302510312174118e-05
57                                    -5.7893447518542063e-05        -2.5186445494456078e-04         4.8527612418812970e-04         6.1535804831294488e-04         5.1392887823429478e-05         3.4025422200944785e-05        -1.1464637988744947e-04        -1.2897282520940492e-04
58                                    -3.6017342318338214e-04         2.3739520057028279e-03         5.8066602562632151e-06         7.7604956230065039e-04        -3.8057450473913461e-04        -1.2541520317555887e-04         8.9523350369478185e-05        -5.1731785623689713e-04
59                                     2.9410438208850027e-04        -1.0341856582914315e-04        -1.7440749270128202e-04        -6.8301050875499273e-04         4.9858428960597087e-05        -6.8511311933003565e-06         4.0775485564463910e-05         8.9504079935596623e-05
60                                    -6.1679961734331743e-05         9.5109040716260152e-04        -7.7914277529641130e-04        -1.6744354714035188e-04        -3.9655699952347912e-05         1.4513279038520246e-04         5.7830892651950113e-05        -2.0468403677996643e-03
61                                     3.9360660513285660e-04         1.3022833974021960e-03        -7.2717087941606105e-03        -6.0972586443212493e-04        -9.8725391989386833e-05         7.2348142849175954e-04         8.8001752238872633e-06        -1.1612580499530739e-03
62                                    -4.5890986094652232e-04        -6.6659673011089772e-04         1.8094962174672526e-03         3.3403965922036861e-03        -3.9504168013798288e-05        -4.1134067861547908e-04        -3.1486570836655948e-04         1.7289089789590344e-03
63                                    -1.5777680038588234e-05        -1.1834083213914390e-03         1.4329487044114769e-03        -3.7621177601639382e-04         2.0111697795562733e-04        -1.1375920233233996e-04         8.9662704490850770e-05        -8.1387861833061173e-05
64                                    -2.3527539132478032e-04         2.5708113088616842e-03         1.9656337928683140e-05        -1.2211087998210905e-04        -5.0163529903871030e-04        -2.1581513458262765e-04         4.4142382969504794e-05        -1.9692625953617721e-04
65                                     2.6217630373431453e-04        -3.4611530140104787e-04        -6.3293607628485437e-04         6.9624896709248206e-05         1.1854546343114549e-04         1.2393793383464309e-04        -3.1000221879787893e-05         6.1530528996246454e-05
66                                    -2.6977437173034580e-04         1.5857481274726499e-03         1.4111970680485151e-04        -2.7328419778993227e-04        -3.1829338701514583e-04        -2.2338709446332209e-04         1.1625028933055658e-04        -2.9320266779858585e-04
67                                    -2.4942732523141985e-04         1.2901112951840329e-03        -7.5819868454459171e-05        -4.0719040218093334e-04        -2.6707653478555394e-04        -1.6771765705300153e-04         1.2569087208540760e-04        -1.6811369003233046e-04
68                                     1.6293709247550242e-04        -1.1133239094731143e-03         3.9501680320221802e-05         2.1449676348156990e-04         1.9345353981974238e-04         1.2041047322157498e-04        -7.6428816601041718e-05         1.4546130950240618e-04
69                                    -9.3111517651532855e-05         7.1893895048485675e-04        -3.8262303553777662e-05        -1.2263132531214614e-04        -8.7843974799748834e-05        -3.8130340076899464e-05         3.7529237188998259e-05        -3.4991018853903550e-05
70                                    -1.7865356791919526e-04         1.3115107385605002e-03         6.1356651209599686e-05        -1.3169681880535473e-04        -2.0636873357151258e-04        -1.2617852392955519e-04         5.8922874807823555e-05        -1.9610528264461509e-04
71                                     6.3551172724777232e-05        -6.6173596375098819e-04         1.4345568904052642e-04         3.8206807721075307e-05         9.2711617536898029e-05         4.2967493153785044e-05        -2.3969113226018324e-05         6.5941986878613481e-05
72                                    -1.2580657918416231e-04         9.6530612275738095e-04         1.3976608292401226e-04        -4.3501644952374360e-06        -1.6332692430128575e-04        -1.2207080678397855e-04         3.4212379325383499e-05        -1.8375881493928284e-04
73                                    -1.7093737412630835e-04         1.3343192814375246e-03         1.6899450682543980e-04         2.9727265785507611e-05        -2.2787741622291635e-04        -1.6860586741193568e-04         4.5644398820801496e-05        -2.6277987620843836e-04
74                                    -1.2997041917424629e-04         9.8329316002739075e-04         1.2795446372528669e-04         6.3466562766484501e-05        -1.7593199476118498e-04        -1.3337766531035600e-04         2.7509883073151635e-05        -2.1505938528363638e-04
75                                    -6.9691468584663131e-07         1.9377280988129087e-07         2.8201694801270734e-05        -1.6396430114764684e-05        -3.0130033009626795e-06        -7.3024894261141440e-06         4.8023611624619560e-06         1.7155171891328083e-07
76                                     3.8186808084229824e-05        -3.1791133614401696e-04        -4.1138335996435208e-05        -1.0763604706912648e-06         5.2132432528781503e-05         3.9414741757840411e-05        -1.0873285868885369e-05         5.9527249247780917e-05
77                                    -3.2515775012728360e-05         2.1871229302004053e-04         3.0465194701834530e-05        -2.6574209782454022e-05        -4.2511477409565534e-05        -3.3198268567442336e-05         1.3367018615624947e-05        -3.8409979500415433e-05
78                                     4.4691816247009324e-05        -3.4573814873588873e-04        -6.4476072696607276e-05         1.3586780233953057e-05         6.1910149914314505e-05         5.0577736980089274e-05        -1.4970141366068700e-05         6.9567799424438600e-05
79                                     1.0648480095206751e-05        -4.6635766199065792e-05        -5.6291183904778945e-05        -6.4704709306590936e-06         1.3734593517994417e-05         1.4705628910706881e-05        -2.3990650642687804e-07         1.9464587673891757e-05
80                                    -2.0985682216635997e-05         1.3005048872381819e-04        -6.2596166466447311e-05        -1.8919912988274601e-05        -2.5436977357575681e-05        -9.1895321682228151e-06         1.1664288439491125e-05        -1.4243682633331296e-05
81                                    -2.9478835579176723e-04         1.9181468879680664e-03         4.0831785092760079e-04        -2.2601129082771754e-04        -3.2963410075048443e-04        -2.2953621267488028e-04         8.4971031003206238e-05        -3.2321671003760654e-04
82                                     1.0284844437539586e-04        -8.4226313813517886e-04        -2.3199054528003511e-05        -2.4092316901457731e-05         1.5016256824171992e-04         1.2119614348095168e-04        -4.5617958973704794e-05         1.4533414797859254e-04
83                                     6.9712573338617020e-05        -1.3989176618239588e-04        -2.5297912487198945e-04         1.8644624179943101e-04         1.6478128346118293e-05         2.2669307074045725e-06        -4.7056493519942433e-07         4.8441404425607077e-06
84                                     1.6049932461740379e-04        -5.6026382842695396e-04        -1.0250544468022656e-04         2.3628941335406402e-04         1.1124892104753624e-04         3.8275849884333017e-05         7.3049948710989933e-05        -1.6701901699266543e-04
85                                     2.6593105574617158e-05        -6.6144043882428801e-04         1.5214198648206683e-04        -1.3587164265262174e-04         1.2829286333705217e-04         5.7151834126768954e-05        -3.5481744364543997e-05         8.0244509642296043e-05
86                                     1.4504355214813535e-04        -4.0287438163648197e-04        -4.7585015116787129e-04         1.2516234119252622e-04         1.0395738683484270e-04         5.0368711769984602e-05        -3.5259668929297475e-05         2.0666541870183804e-04
87                                     1.9580415753446290e-05        -2.2155491858764459e-04         2.2058804245630417e-05         6.1193401300908894e-05         5.4121438420413437e-05         5.3091096177334011e-06        -4.2301569339024087e-06         4.6580678449387549e-06
88                                    -8.5768334579928036e-05         7.3103181806078495e-04         1.9658269124816992e-04        -6.5512932773792660e-05        -1.2415722628825103e-04        -9.1407781537864482e-05         3.6326537140908267e-05        -2.0120460171788322e-04
89                                    -1.1518346595641458e-04         7.3625090997430135e-04         1.6574838616817563e-04        -2.4975087103231160e-05        -1.2917335045475729e-04        -4.7853851310913464e-05         2.9741116614966854e-05        -1.9728408653734634e-04
90                                    -6.1284262979357032e-05         4.0791932055558584e-04         9.0288092337896254e-05        -4.1921819501160543e-05        -7.2988969300742630e-05        -5.1004110028655513e-05         2.1317351569176043e-05        -9.0281236904979302e-05
91                                     1.9644845899087702e-04        -1.4596334210717156e-03        -1.7971054905766584e-04         9.1922635793610690e-05         2.4622171101846115e-04         1.7524469586228667e-04        -5.5286560535619560e-05         2.2982606954090876e-04
92                                     1.3715649503221096e-04        -9.9108108278498437e-04        -1.1470937264289604e-04         5.9358331767234423e-05         1.7091847939262460e-04         1.2121421842661823e-04        -3.5982939805343067e-05         1.5396510944211167e-04
93                                    -3.0705561699469745e-05         2.7131057280922472e-04         6.1420385719987625e-05        -9.0682739078706944e-06        -3.5279227964021729e-05        -2.5804909987764245e-05         1.0698488612907016e-05        -6.6338734698370203e-05
94                                    -1.4467613866341557e-05         1.5829075487451295e-04        -1.2167957897085915e-05         4.4994920765776412e-06        -2.4898795995051378e-05        -1.8517988974282749e-05         4.2940747678216437e-06        -1.9746331716501554e-05
95                                     6.2256336483526543e-05        -3.5148715370373376e-04        -8.1774526453570414e-05         5.1864178697257502e-05         6.9915433710492227e-05         4.3991290563179589e-05        -2.0755913755727564e-05         6.6126054896307508e-05
                                                        16                          17                          18                          19                          20                          21                          22                          23

0                                     -7.9963069899303041e-04        -1.7262718887484513e-03        -2.9368481248311920e-03        -7.4373777705625578e-04        -9.4248415215095389e-04         1.4854569094893571e-03         1.2717376769017079e-03        -7.3017323653080967e-04
1                                     -1.2255328557140465e-04        -4.1635753711518069e-04        -6.2117211057654176e-04        -3.7074976218473102e-06        -2.4814086803880749e-04         3.2611490950882146e-04         2.9109826747244344e-04        -1.6191992097670726e-04
2                                     -1.2559533772904009e-05         7.7607204791981053e-05         2.2293496379918737e-04         1.3430530994106750e-04         9.4570700649387613e-05        -2.3199917013800203e-04        -1.5847516225882036e-04         9.8199811317145640e-05
3                                      4.4623039519473915e-03         1.0681473488043547e-02         1.3378628145601928e-02         2.9802000399687810e-03         2.5065232420641900e-03        -6.7804766361277569e-03        -4.6258138056637704e-03         2.6812215732216183e-03
4                                      5.9081971102858477e-04         8.0347110483893359e-04         3.6895253915482417e-03         3.5816738028131697e-03         1.5423654563192976e-03        -1.3899414823456625e-03        -1.7294108064063616e-03         1.4033309717930128e-03
5                                      9.4312422476435041e-04         1.3483883710506054e-03         6.6456453647993369e-04         1.1969585809157681e-03         1.1109309456695670e-04        -9.4228334365860356e-04        -4.1246619713203894e-05         1.0179850680659347e-04
6                                      8.5662225618594184e-04        -1.2788968648471261e-03        -4.1423368299670575e-02        -9.1747339635800847e-03        -2.3774714030864428e-02         1.9552291523006467e-02         1.7406369101712765e-02        -1.1493744248715581e-02
7                                      2.1986438353058316e-03        -2.1182923458122900e-02        -1.9082189499912486e-03         6.6974809932378726e-03        -4.0071415040271860e-03         1.6743170798506702e-03        -8.1095711581869161e-05         5.9451889258993495e-04
8                                     -1.0029070448106567e-02        -3.4022728741353571e-02        -1.6571444743585378e-02        -5.4630922066229272e-03        -2.3923016063645171e-03         9.0820579671882715e-03         8.1083373983226424e-03        -5.0710900669100143e-03
9                                      4.7411457105937138e-02         3.8711448063068921e-02        -2.6990495632881550e-01        -4.0417790895138514e-02         1.8085952233086358e-02        -9.7900838571966214e-02        -4.1160237991204718e-02         2.3933509017427201e-02
10                                    -1.6341741729426257e-01        -8.3725547886687277e-02        -4.2064121367018051e-02        -6.2997091259731935e-02         8.8173346763425284e-03        -3.5765397436720407e-02        -1.3175663854221368e-02         3.7709677649005085e-03
11                                    -7.6496003196037721e-02        -9.7834657286288693e-02         2.0104327258058170e-02         8.6956278287766958e-03        -4.6436436310965723e-02         1.5089266019020222e-02         2.0050055235463276e-03        -1.1151409254432580e-02
12                                     9.3376434298562093e-03         2.0254663400674378e-03        -2.9130161114267597e-02        -3.3084235433334885e-02         1.5406981086650085e-02         9.7983832394780927e-03         7.1865306882150553e-03        -3.3126172838828802e-03
13                                    -3.4512617305793677e-02         3.2211630378530323e-03        -1.3027950588942183e-02        -1.0225617698519502e-02         8.1702258480700930e-03         7.0896504659623038e-03         7.9055136042146621e-03        -2.0517062000694865e-03
14                                    -1.5482528585062612e-02         7.6849333949541368e-03         6.9668892461853191e-03         7.4173191910278831e-03         4.7986378318902682e-03        -2.8379978147626463e-03        -1.3414108651719420e-03         4.0758640927604645e-03
15                                    -6.7882726894509915e-02        -5.5822322313344677e-02        -2.4782790858442275e-02         9.5204718614645342e-03         2.0411863407451707e-02         1.2811199603005956e-02         1.3780592850811884e-02        -4.2162994297050239e-03
16                                     1.9297580271389334e-01         1.0726269076301156e-01         9.7592183594006204e-03         7.9383554975552620e-03        -7.4605703783131123e-03        -4.0750328845779570e-03        -8.2798648322738502e-03         1.6485934639057370e-03
17                                     1.0726269076301156e-01         1.2483534778815793e-01         9.7894020047388716e-03        -5.3532101524653673e-03        -6.0032987239822845e-04        -5.3675601404315158e-03        -4.3073256614996813e-03         1.9376642368634856e-03
18                                     9.7592183594006204e-03         9.7894020047388716e-03         5.9793556370746415e-01         2.5359621795037074e-01        -1.1512179697983191e-01        -1.4812220287925421e-01        -1.5810782768844078e-01         6.3667614976591430e-02
19                                     7.9383554975552620e-03        -5.3532101524653673e-03         2.5359621795037074e-01         4.1977584223139947e-01        -1.4393619426911775e-01        -1.1408749093612786e-01        -3.2832074944541167e-01         1.0518052199187780e-01
20                                    -7.4605703783131123e-03        -6.0032987239822845e-04        -1.1512179697983191e-01        -1.4393619426911775e-01         1.2828431604652168e-01         4.7659134345591783e-02         1.0954812709938844e-01        -1.0166434147666584e-01
21                                    -4.0750328845779570e-03        -5.3675601404315158e-03        -1.4812220287925421e-01        -1.1408749093612786e-01         4.7659134345591783e-02         7.6721012862741655e-01         3.9753893427342778e-02        -6.9344913608781145e-02
22                                    -8.2798648322738502e-03        -4.3073256614996813e-03        -1.5810782768844078e-01        -3.2832074944541167e-01         1.0954812709938844e-01         3.9753893427342778e-02         6.8706203817518219e-01        -1.7239462868066890e-01
23                                     1.6485934639057370e-03         1.9376642368634856e-03         6.3667614976591430e-02         1.0518052199187780e-01        -1.0166434147666584e-01        -6.9344913608781145e-02        -1.7239462868066890e-01         2.8517964719035682e-01
24                                     1.1176489854930298e-03         1.1196228945932105e-04         1.0624734780779646e-02        -1.6220364929761154e-02         9.8806156733431474e-03        -1.2103824949536864e-01         4.8996334562502464e-02        -1.5203823651909504e-02
25                                    -1.1059317008001791e-03         1.1964249931966382e-03         2.7045722825423807e-03        -3.0134882504508350e-02         1.7920053512994721e-02         4.9000635931048510e-02        -1.8606191162587993e-01         3.0902227925146970e-02
26                                     1.1842478987050202e-04        -3.0807558899093230e-04         4.4714290604487787e-03         2.0106792382311518e-02         1.3728446675175398e-02        -1.3359559859974149e-02         2.4050278446744656e-02        -9.5569722464221130e-02
27                                     4.1508848213756919e-03         3.1607217194000456e-03        -9.4449301863187882e-02        -5.9285598068104323e-02         3.2483361521591092e-02        -3.9294543482598693e-01         5.8881180537592274e-02         1.4381440173556498e-02
28                                     1.5500071427624351e-03         6.4759824636945217e-04        -4.8450046892364665e-02        -4.3973985810715974e-04         9.5788799112217909e-03         3.9320393814172377e-02        -1.3743239926673423e-01         2.3747849079489243e-02
29                                    -5.8294741490525794e-04        -4.2050309694943640e-04         2.7926347121863929e-02         1.1031646390239402e-02         6.1589037949022138e-03         2.4555824869672990e-02         2.1131251149378333e-02        -7.2322110913164150e-02
30                                    -3.1670367108172100e-04        -2.6719091933312779e-04         2.4823675556486392e-03         4.3218634838167796e-03        -1.6547293214221890e-03        -2.8052920637050317e-02        -2.5140764596716044e-02         1.4302552093500277e-02
31                                    -6.7578327825312833e-04        -6.4384650896192339e-04         1.2749597101175937e-02         7.7358346596043334e-03        -1.7249482644057955e-03        -1.9020361535867589e-02         4.8389277463191495e-03        -2.2183476550151869e-03
32                                     8.4930200806896598e-04         4.2749006019745920e-04        -7.0779874621184720e-03        -2.8783173051413432e-03         6.6796203403962483e-03         1.2781744918341366e-02        -2.2361905195751104e-04        -7.3244110828231471e-03
33                                     2.1081963086424149e-04         1.3355361477647735e-04        -2.2259558147104718e-03        -1.1017720211497942e-03         1.4095406836556578e-03         3.3659224643915629e-03        -1.6151497989832350e-03        -2.2560903766802309e-03
34                                     2.0293608610401758e-04         1.3392118708604309e-04        -2.3362066554340911e-03        -1.1146483044797361e-03         1.2447475477914871e-03         4.7974476827660380e-03        -8.1286509847656400e-04        -1.5013104585773381e-03
35                                    -3.0883169821665683e-04        -2.1776435880844014e-04         3.8315902578723946e-03         2.4677446475326967e-03        -1.9287728800144841e-03        -4.5863790232689361e-03         5.4700555079600379e-04         1.5975794991421272e-03
36                                    -5.8238304781218293e-04        -3.4260350612997184e-04         1.6470305181705289e-03         7.0380449365032849e-03        -4.6486056106988752e-03        -2.9665932822009730e-02         3.0961788239499653e-02        -8.8514206709281729e-03
37                                     6.9074629823721628e-04         5.4414841131932002e-04        -1.3168664266436248e-02        -8.9824565872571368e-03         3.5249298178585517e-03         2.8077682354235713e-02         5.1492549190065001e-03        -3.5231535118525770e-03
38                                    -2.4952798731953720e-04        -5.7889240481481721e-06         2.3748119587005661e-03         3.7721194619769697e-03        -7.3984378795943131e-03        -1.1466953881095322e-02        -5.8003562097031849e-03         5.1114965155655105e-03
39                                     6.2640704504019707e-05         1.0853109141776678e-04        -6.2609310086107436e-04        -9.8165037971002550e-04         9.8818057664260646e-04         3.2899785659514652e-03         2.8542446461503387e-03         1.6056114493074453e-04
40                                    -1.1718435155834975e-04        -7.3886957120181576e-05         2.0927840901352234e-03         1.0038932028867311e-03        -2.5201428721901308e-03        -5.4993451464197601e-03        -1.6654937811306965e-03         1.7597854411882186e-04
41                                     1.0425140979526207e-04         9.5491005332518726e-05        -2.3984199107695246e-03        -2.7492451669560874e-03         9.4349505768510943e-04         4.2177958549915054e-03         2.8861831608672176e-03        -9.0487258367463741e-04
42                                     5.3679149594242083e-05         1.3788342195242417e-04         2.0177106521544026e-04         3.3087599002125418e-05         6.2072988070924082e-05        -1.1431620988074299e-04        -8.1080182354556913e-05         5.6857735735058151e-05
43                                     2.5920916244694450e-05         6.2367797606433098e-05         1.4141701783257704e-04         4.2156410214195519e-05         3.8948314540257251e-05        -8.1879909087799376e-05        -7.3676004990001499e-05         3.3701892658540762e-05
44                                    -4.1555134285364178e-05        -2.0888521300147561e-05        -1.1851859290267767e-04        -5.4659179606299891e-05         1.3001260065368227e-05         7.0488319460510122e-05         5.0990399753102322e-05        -2.2082152163681987e-05
45                                     7.1090652095071651e-05         1.5189735919223047e-04         2.4905842235009253e-04         8.9479802689622617e-05         7.5833860517981853e-05        -1.4145294496371890e-04        -1.1363736316469193e-04         6.9499918254470311e-05
46                                     1.7123795881716751e-05         4.9893638956617940e-05         1.4146351914030262e-05         1.7906771279753702e-05        -6.4356000386650244e-06        -1.0657372732991020e-05        -6.1784693938193803e-06         6.6357825682967380e-06
47                                     5.4444005653002110e-05         1.1838185246539537e-04        -8.4753014520312219e-05        -4.3775070644117448e-05        -1.0977003821225075e-05         5.2183316933989779e-05         3.7273451823895267e-05        -1.8487209390017560e-05
48                                    -1.1174874458581845e-04        -2.5187656250245374e-04        -2.5324948609116378e-04        -8.8394126123932744e-05        -2.8603875577982636e-05         1.6857548106494235e-04         1.2638199566891858e-04        -6.6290996872919313e-05
49                                     6.2520668931688962e-05         2.1929450858203278e-04         2.3696273092217788e-04         1.7017394159620419e-06         7.9843780271274324e-05        -1.2865248166484000e-04        -1.0509497981476102e-04         5.4807115948734411e-05
50                                    -2.7958761502304983e-04        -5.9204246550006502e-04        -1.1567146173834004e-03        -3.2050043383604363e-04        -3.6095389804348827e-04         6.2068128572737046e-04         5.1268325131257155e-04        -2.9124421033535099e-04
51                                    -1.1854101515309597e-03        -1.3568601578086673e-03        -1.8913384584166516e-03        -1.1393612646760575e-03        -8.8512184574995683e-04         1.1835571993901531e-03         8.9657260869778564e-04        -5.7346399896916246e-04
52                                    -7.6742850821268234e-05         3.5824811186601952e-04         3.2260117300279291e-05        -1.0447132848935616e-04        -2.8889824383932958e-05        -4.8976312500100043e-05        -2.2062956525786793e-05        -6.5537901909133972e-06
53                                    -1.5275333744106429e-04         3.5669936848892192e-04         1.3110531996556106e-04        -2.3239922526213389e-04        -2.0656781576430328e-04        -4.8579727347712059e-05        -5.2126034981663422e-05        -2.8550663496083355e-05
54                                    -1.3429416668444129e-05        -1.2171164248088312e-03        -1.2047765703815793e-03         3.6578210825705267e-04        -6.1660140131105106e-04         9.2988548129342317e-04         4.1743645961544160e-04        -2.3346167167881643e-04
55                                    -5.1282735140651846e-05        -3.8555126735327475e-04        -6.1025750678901289e-04        -4.3089760935263808e-05        -3.2188429163547882e-04         3.5840495440331738e-04         2.0578498011570266e-04        -1.4353471480507289e-04
56                                     3.0328374767236624e-04        -1.9536820837268487e-04         2.4159751442777438e-04         5.0378026188661071e-04        -2.3531445880749940e-04         5.2835169342554239e-05        -3.8196273136605162e-05         1.4775215776141346e-05
57                                    -7.9576665837834972e-04         4.4461950610323348e-05         1.9145211384270083e-04        -2.3612762610221124e-05         4.1777258854033112e-04        -2.8300428503548764e-03        -2.1354753068679568e-03        -1.4473474314780899e-02
58                                     3.0985401795359112e-04         8.8124150802252628e-05        -9.0246176103887397e-04        -4.1551665132685206e-03        -3.0568791412041657e-03         1.4305771749342443e-03         1.5515643816681607e-03         3.0556776132758423e-02
59                                     2.6188471726959115e-04         5.8903823351448125e-06        -1.1104463426436298e-03         2.3716766942253904e-04         7.6561743704541951e-04        -5.9742684258354359e-04         1.2661844556625043e-03        -6.4310512784255683e-03
60                                    -1.6669012322566999e-03         1.8938898707786429e-03         1.2271511362442178e-03        -1.9934162887083971e-03        -5.2135819008825458e-04        -1.1710204292937976e-02        -1.9265308146315125e-03         4.5619812732380404e-03
61                                     1.2535244903706039e-03         1.0082751452092065e-03        -1.8664595177003062e-03         2.2241980126602411e-03         4.3612663789906734e-04         2.7741008669846953e-02        -6.0823327444613218e-04        -1.4085132663947744e-02
62                                    -3.0016159540472809e-04        -2.3012524065301010e-03         4.6970490432884102e-05        -9.2777389503620857e-04        -2.7073571558670255e-04        -1.2447471372629871e-02         1.4395767741889965e-03         2.4328841582906767e-03
63                                    -6.0306476346185640e-04         2.5289369527639545e-04         3.6300867016423677e-04         1.8004060034295575e-03        -2.5901695357222880e-03         1.0166645480779578e-02         1.0996632257929389e-02         8.0683184194562853e-03
64                                     2.7765512350745196e-04         5.5169659751144653e-05         1.7659266816157952e-03        -4.3763713394856223e-03         2.8648146396941542e-03        -1.8122436651501796e-02        -1.6994594063044495e-02        -8.9784954008169590e-03
65                                     2.3267604436699472e-04        -1.6531808935680041e-04        -1.5048374616286047e-03         2.5968899499423702e-03        -1.3946689417093326e-03         7.3463208733013236e-03         1.0206073871239807e-02         1.5943426859079115e-03
66                                     1.0905958610220601e-04         1.4757901269513819e-04        -2.4289392876245736e-03        -1.5309331186502137e-03         4.9344733765289961e-04         2.7582339873170273e-03        -1.0640934481754099e-03         2.2379173937415965e-03
67                                     1.3854972959849514e-04         8.9528503332509529e-05        -2.7566099171499672e-03        -1.6194784082964491e-03         2.5114954732053226e-04         2.0182004150760004e-03        -2.0958895738945015e-03         2.5733041609711368e-03
68                                    -1.2136358768348489e-04        -5.5914587704023109e-05         1.8701308247505892e-03         1.1848463597785189e-03        -3.8672783522004402e-04        -2.8078991154720494e-03         7.5325853752398119e-04        -1.2535633121217842e-03
69                                     5.7410796091481102e-05         2.6599256422328284e-06        -7.5021946885527003e-04        -6.2621685722630705e-04         1.8944211565331950e-04         2.5243971177078845e-03        -8.7890529434868315e-05         1.4217290847171499e-04
70                                     1.3563965353127603e-04         6.9010296174953708e-05        -1.5574279643429780e-03        -9.7228977974277717e-04         4.0373374256977924e-04         4.1565764270778335e-03         1.5888028946386490e-04        -5.0784576961643681e-04
71                                    -1.3227473019129779e-04         4.1110312666684011e-06         1.0023724065334582e-03         4.0409739499674459e-04        -2.6982210307201974e-04        -2.9731632239746193e-03         7.7115851687148494e-04         8.4872419800980660e-04
72                                     7.5958444796776051e-05         7.1844410286578256e-05        -1.1320961340697518e-03        -8.0712021391011828e-04         5.4885716666458148e-04         1.8691698779969871e-03         2.8278077465823865e-04        -4.5402316226016381e-04
73                                     1.2675354242903505e-04         9.8226213876855304e-05        -1.7270515873798022e-03        -1.0923662949307317e-03         6.9817918909497215e-04         2.6310709437411062e-03        -2.1962261906511606e-04        -7.4217021777163330e-04
74                                     1.0809065478367376e-04         7.9029356521066093e-05        -1.3652840138377992e-03        -8.1282250451454661e-04         6.1152493471727299e-04         1.8278813501979732e-03        -4.0048510750746128e-04        -5.1250594620975737e-04
75                                    -1.2150929124807810e-05         5.8249281853467355e-06         6.4970503557381634e-05        -5.4178318007648015e-05         9.6510898320924818e-06        -3.2606740339743523e-04         1.7160477039316637e-04         3.2917388926097799e-05
76                                    -3.1183185094859493e-05        -2.1154307484251820e-05         3.9181466338150184e-04         2.3714416485306941e-04        -1.6397578192923644e-04        -7.1849805663148480e-04         7.9726150132723895e-06         2.5930776342165729e-04
77                                     1.0158764955738882e-05         1.9247841514236949e-05        -2.7331688395693701e-04        -2.5058169814867081e-04         1.1550534694007044e-04         2.3267455052116619e-04         6.9558491802152090e-05        -3.4708739350977950e-05
78                                    -2.0438788784417702e-05        -3.0292330089772262e-05         3.6493130966043041e-04         3.3383089333228929e-04        -2.1835446109431551e-04        -4.1139550981865929e-04        -7.6517548718410783e-05         3.2849881718612463e-04
79                                     1.1306478297514567e-05        -1.0280255016186116e-05        -6.2734341239970606e-05         3.3489387670312292e-05        -8.7991687112146089e-05        -1.1476359632324093e-04        -4.6987054081886067e-04        -2.4772294355823678e-05
80                                     3.4278665484588476e-05         5.7130018411967280e-08        -3.7616575254471722e-04        -1.0035864280354058e-04        -6.1231344512972834e-05         5.1232260085404377e-04        -5.6884857072612245e-04         2.5590872039789011e-04
81                                     1.4369198505882798e-04         1.7034242177765233e-04        -2.2791088749738735e-03        -1.2730661718774621e-04         2.7131141243207503e-04         1.4961921137152962e-03         1.6564119302620809e-03        -2.2244349322680448e-03
82                                    -5.5364950661483461e-05        -3.2876625179366882e-05        -4.1894061476792192e-06         1.8235071100990343e-03        -4.3786004639890451e-04        -1.6549049507061362e-03        -5.4273681129561099e-03         3.5332294169924958e-03
83                                     8.6384828372000936e-08        -5.3466531900886189e-05         1.3875890877639860e-03        -1.7217852714328163e-03         6.4714024705813940e-04         2.4993089954607889e-03         2.4050612827725376e-03        -1.6486718885317230e-03
84                                     1.8845516799577592e-05         4.5862502475932433e-05        -4.3677717341347178e-03         1.3709780280762819e-04        -1.1222284938561559e-03         1.7132896293516236e-03         1.5123415374825571e-03        -1.3869331339329569e-03
85                                    -4.0751968636564299e-05         1.0257245464182895e-06         6.7037326210754990e-04         1.7486166538147397e-03        -1.0810232886528201e-03        -5.1513138525493812e-03        -1.3549936278966493e-03         1.3316023006577312e-03
86                                    -5.9603235756119140e-05        -2.0402999331441192e-04         1.1642839444906228e-03        -2.3526198356463839e-03         9.6347516587818064e-04         3.8335982809703396e-03         2.1088525335866311e-03        -6.0187060715800726e-05
87                                    -1.6839488755144923e-05        -2.2614981057151516e-05        -2.8440422991498899e-04         6.9627044428134059e-04         6.5261390340189520e-04        -3.2547544771321046e-04        -2.5485490121694119e-04         1.1721972414357486e-04
88                                     7.6728957139731704e-05         1.2688483784901850e-04         1.1574596898945508e-05         6.6559522744268941e-04         4.1209524990229966e-04        -3.2666234650055657e-04        -1.1383619105320851e-03        -2.3237518208695798e-05
89                                     8.8457382399604397e-05         1.2032819341228717e-04         7.2552999685749579e-05         1.1723301997130504e-03         1.2991701208361559e-04        -1.1104814174869144e-03        -1.1948264113656086e-03         5.8857973615454367e-04
90                                     3.5016335738533605e-05         5.5359055763502685e-05        -3.2182550987210968e-04         1.8531852167271684e-04         3.4759970879482337e-04         3.7368601961630936e-04        -3.6712401757275979e-04        -1.2971295152434796e-04
91                                    -1.0879082606548822e-04        -9.6856866717707785e-05         1.5189415767550706e-03         1.2969475402732193e-03        -6.6669751780657990e-04        -3.1965608623560978e-03        -1.3816883231867986e-03         5.4296617636327119e-04
92                                    -7.0980584513583979e-05        -6.7396422174327875e-05         1.0171445477903946e-03         9.2005741363451483e-04        -5.5942330640271600e-04        -2.0813970287773247e-03        -1.2190936062403226e-03         3.9270414836161283e-04
93                                     2.8408526255491499e-05         2.6273182939646881e-05        -2.1525979032412887e-04         4.4028964501457643e-04         2.3530335863521134e-04        -3.3198279414241717e-04        -1.8103592093899446e-04         1.3016563309801933e-04
94                                     1.2579906160992301e-05         6.3726418693684737e-07        -2.5437877445615891e-04        -2.4221682443398672e-04         2.4966807995912410e-04         8.0210141329513612e-04         2.8605390022545872e-04         5.6933348314292887e-05
95                                    -2.5714077489341818e-05        -4.5142122379303525e-05         1.9473685323936695e-04         1.4268210727639392e-04         1.3177750336804497e-04        -1.5162366925197159e-04        -1.6666556825331168e-04         7.8841586921591866e-05
                                                        24                          25                          26                          27                          28                          29                          30                          31

0                                     -4.2317623696427778e-07        -1.4873063053701674e-04        -5.4641000186238497e-05        -9.6764245323982588e-04        -8.3297452356952229e-05         2.1388436044992570e-04         7.5180934307682567e-05         1.9986817937432333e-04
1                                      1.4649359432621411e-05        -2.0804489271230802e-05        -9.3339481923228559e-06        -2.0888224028550311e-04        -1.8027921483020150e-05         4.3542087047949324e-05         1.4214422467574534e-05         4.3254939613748410e-05
2                                      8.0253040559592894e-06         2.6621385796848110e-05        -8.6990097022176933e-06         1.1641509004094440e-04         1.0440576529248206e-05        -2.4461732193594406e-05        -1.1658853492924277e-05        -2.4805289700637161e-05
3                                     -1.7025065919647935e-05         8.9771598763337883e-04         1.4828186749400393e-04         4.0714221939617086e-03         3.2191199157985959e-04        -7.1329085783068192e-04        -3.5327914692786085e-04        -8.1218938797730691e-04
4                                      1.5506078048897509e-04        -2.6712650101805055e-05        -2.3400052220464199e-05         1.4150914191438638e-03         1.0933297520160472e-04        -3.5005783804825603e-04        -9.1043826449138389e-05        -2.8248420530281137e-04
5                                     -4.8369244511658056e-05         3.0772393257632631e-05        -5.2050489833559000e-05         4.8275406597101951e-04        -6.6002536695416647e-05        -2.3460912065425500e-06        -7.1690640856848288e-05        -6.6405477430438525e-05
6                                     -5.3630635143296179e-04        -2.4126182924308131e-03        -8.6330831150097011e-04        -1.2658704698597614e-02        -7.6147775273361609e-04         2.9978277275760443e-03         1.0336269693337844e-03         2.5986126031270771e-03
7                                     -5.3394380641833071e-04        -1.8645993825010781e-03        -1.3138270008589211e-03        -3.6680161357578050e-04         3.6128715522123833e-04         5.1982270398219709e-05         4.7320284715314477e-05         5.9783241116702308e-05
8                                      1.6982401170305569e-04        -5.1646846262347465e-04        -2.1030942771579724e-05        -6.3341980616891261e-03        -7.7220055499844175e-04         1.1769292947751532e-03         5.1634015855831037e-04         1.3014004119350003e-03
9                                      2.9637358422463368e-03         4.8227826468598411e-03        -5.0320791873898173e-03         4.7388799589631068e-02        -1.1894800491026036e-04        -3.8243768491369491e-03        -5.0223862155481707e-03        -7.7173577549082464e-03
10                                    -3.7641702417310434e-03         1.4014850802597282e-03         1.2309630598875253e-03         6.2177600804841290e-03        -1.8865929922176864e-03         1.4232021735641402e-03        -7.5271141288355762e-04        -3.3513754285607433e-04
11                                     2.8851062102186746e-04        -4.0566827806920664e-04        -2.9137186661976917e-03        -2.3731250202404111e-03         2.9298461908118119e-03         3.4465193007747492e-03         3.3462726200101723e-04         1.2481797642522304e-03
12                                    -8.3752207801371490e-04        -9.2158823290172610e-04         7.5083508838346530e-04        -7.1457667424584164e-03        -1.4091898750411757e-03         1.0782079012411378e-03         6.5933183909281398e-04         1.5327261388845056e-03
13                                    -8.6669739822630885e-05        -6.7562531709247349e-04         2.1179836836137224e-04        -5.3844988052946813e-03        -1.1419943136528783e-03         7.0015366424229194e-04         4.3856494617736395e-04         1.0067799543066465e-03
14                                    -2.4978265414957635e-05         1.2568333992155013e-04        -3.6209888213088661e-04         1.8319813963471156e-03         2.4489978290625136e-04        -5.3933329065883578e-04        -1.7313565332149233e-04        -5.7447563607329708e-04
15                                     1.5810045024139613e-04        -9.9766490820198854e-04         2.0578047989137146e-03        -8.6509653283841532e-03        -2.0154059006206402e-03         3.4941398182017439e-04         7.4504744844887947e-04         1.3636332459373752e-03
16                                     1.1176489854930298e-03        -1.1059317008001791e-03         1.1842478987050202e-04         4.1508848213756919e-03         1.5500071427624351e-03        -5.8294741490525794e-04        -3.1670367108172100e-04        -6.7578327825312833e-04
17                                     1.1196228945932105e-04         1.1964249931966382e-03        -3.0807558899093230e-04         3.1607217194000456e-03         6.4759824636945217e-04        -4.2050309694943640e-04        -2.6719091933312779e-04        -6.4384650896192339e-04
18                                     1.0624734780779646e-02         2.7045722825423807e-03         4.4714290604487787e-03        -9.4449301863187882e-02        -4.8450046892364665e-02         2.7926347121863929e-02         2.4823675556486392e-03         1.2749597101175937e-02
19                                    -1.6220364929761154e-02        -3.0134882504508350e-02         2.0106792382311518e-02        -5.9285598068104323e-02        -4.3973985810715974e-04         1.1031646390239402e-02         4.3218634838167796e-03         7.7358346596043334e-03
20                                     9.8806156733431474e-03         1.7920053512994721e-02         1.3728446675175398e-02         3.2483361521591092e-02         9.5788799112217909e-03         6.1589037949022138e-03        -1.6547293214221890e-03        -1.7249482644057955e-03
21                                    -1.2103824949536864e-01         4.9000635931048510e-02        -1.3359559859974149e-02        -3.9294543482598693e-01         3.9320393814172377e-02         2.4555824869672990e-02        -2.8052920637050317e-02        -1.9020361535867589e-02
22                                     4.8996334562502464e-02        -1.8606191162587993e-01         2.4050278446744656e-02         5.8881180537592274e-02        -1.3743239926673423e-01         2.1131251149378333e-02        -2.5140764596716044e-02         4.8389277463191495e-03
23                                    -1.5203823651909504e-02         3.0902227925146970e-02        -9.5569722464221130e-02         1.4381440173556498e-02         2.3747849079489243e-02        -7.2322110913164150e-02         1.4302552093500277e-02        -2.2183476550151869e-03
24                                     6.1399349648287516e-01         3.9254614794641665e-02        -2.8821539158838193e-02        -2.1381732901000414e-02         3.4039589450934264e-02        -1.0180998235793827e-02        -3.0278340230383742e-03         2.7668528840794036e-03
25                                     3.9254614794641665e-02         5.3793722897157836e-01         2.2229725376301895e-02         1.1504959982015520e-02        -1.2358414136532728e-03         2.9488378448165220e-03        -6.5515329873334742e-04        -4.5127287587691132e-04
26                                    -2.8821539158838193e-02         2.2229725376301895e-02         5.5563066530971084e-01        -2.6859160515120099e-03         5.5666895954758263e-04         1.0255428171480462e-02         1.7502630224173782e-03        -4.8115986404969019e-04
27                                    -2.1381732901000414e-02         1.1504959982015520e-02        -2.6859160515120099e-03         8.0103294423481908e-01        -1.2927669923126996e-02        -7.1069825809352838e-02        -1.4252419077955114e-01        -4.0285118459214245e-02
28                                     3.4039589450934264e-02        -1.2358414136532728e-03         5.5666895954758263e-04        -1.2927669923126996e-02         5.8450247547211664e-01        -1.5135685076691829e-01        -4.6435072921136994e-02        -1.6709663131334854e-01
29                                    -1.0180998235793827e-02         2.9488378448165220e-03         1.0255428171480462e-02        -7.1069825809352838e-02        -1.5135685076691829e-01         2.1095813447538708e-01         2.9632165955826639e-02         4.5755487415896717e-02
30                                    -3.0278340230383742e-03        -6.5515329873334742e-04         1.7502630224173782e-03        -1.4252419077955114e-01        -4.6435072921136994e-02         2.9632165955826639e-02         5.8723119782429911e-01        -9.0947561768057933e-02
31                                     2.7668528840794036e-03        -4.5127287587691132e-04        -4.8115986404969019e-04        -4.0285118459214245e-02        -1.6709663131334854e-01         4.5755487415896717e-02        -9.0947561768057933e-02         5.4903385951766903e-01
32                                     7.9313809286370683e-04        -1.8128759830843744e-03        -4.0817005182984213e-03         2.4788422278929738e-02         4.9201253382451238e-02        -8.4353199258874745e-02         6.2760394716545771e-03        -2.3005465250093168e-02
33                                    -6.1293675100659861e-05         2.4618908125210786e-05        -2.1864375501862740e-04        -1.6885881958206811e-02        -2.2378501448625465e-02        -1.1639324356686753e-02        -9.5683205953696310e-02        -2.0283962212682825e-02
34                                    -3.1238140130498949e-04         2.4739819110634756e-05        -1.0102285618049057e-03        -2.1615811813862768e-02        -2.3783671455350951e-02        -1.2956076750432366e-02        -2.1036450216318090e-02        -1.2176539217081367e-01
35                                    -1.8963931113218091e-05         3.5013477432880007e-04        -4.3597725107090337e-04         8.9845138131980848e-03         8.7189868367813957e-03         1.5389073906458344e-02        -4.0054687281582714e-02        -6.2205952278316823e-02
36                                    -3.0640113822057499e-03        -1.2630758499962303e-03         3.0794477404960056e-03        -1.2728106293814470e-01         4.3034908940782629e-02        -1.0478436496006986e-02         1.4231687467180511e-02        -1.1383347547136598e-02
37                                    -3.4540991692530304e-03         1.6863784388124496e-03         1.8874699763689060e-03         3.7541381751836467e-02        -1.8196101820349225e-01         3.9261250781425464e-02         3.8034605409868472e-03        -2.3969196631345176e-02
38                                     1.4493111450245208e-03         1.6990541823247278e-03         7.2687983739524930e-03        -3.8743124789649662e-03         3.6776922484534479e-02        -8.1941427188970767e-02        -4.0099155571028024e-03         1.3745433820565011e-02
39                                    -2.7217106515139939e-04        -1.4409940444636156e-04        -1.1710367520732408e-03        -4.2164271535320742e-03         1.8994021699975216e-02         1.3165136734711336e-02        -1.4762310440737218e-03        -4.1040946445897294e-04
40                                     4.2883607214487253e-04         2.8026434536743139e-04         1.5611615473806054e-03         1.2573187858541238e-02        -3.6118578666364143e-02        -1.9488565075672513e-02         1.6203602694071272e-03         5.8507443971724145e-04
41                                    -3.2142021500373036e-04        -1.9738149892104949e-04        -8.4878662856377311e-04        -8.3479846031250284e-04         6.3247028283367375e-03         1.3059442702985920e-02        -1.3143632186777138e-03         1.1253961257881584e-05
42                                    -5.4446094449302559e-06         9.5604951753299661e-06         4.5629290177436556e-06         7.0539974863483243e-05         4.3877846899930593e-06        -1.2106095606903656e-05        -5.9835080773152953e-06        -1.3915471216320000e-05
43                                    -5.6244404395579251e-06        -6.6631583528630966e-08         2.0479793614343599e-06         4.5920101987356197e-05         5.7301501800370305e-06        -8.9917232301516490e-06        -2.9752750013556263e-06        -1.0289367773979725e-05
44                                    -7.7675893731917186e-06        -1.6566878185858970e-05         1.0331896522054490e-05        -3.7899965038365758e-05        -5.2416732681917684e-06         6.8143529427092250e-06         3.4574261768502638e-06         7.6244292624531422e-06
45                                     2.2815130790112272e-06         1.6986850683035417e-05         4.8397412664516244e-06         9.3549665537991371e-05         6.9371234306057002e-06        -1.7163239190172648e-05        -8.0862927311238819e-06        -1.8759755629562435e-05
46                                     4.0699474644522970e-06         4.0983188280006204e-06         3.8784181557733393e-07         9.4569761241325857e-06        -1.6346838362830657e-07        -1.1427036495381318e-06        -1.4600366823536433e-06        -1.7182664073718703e-06
47                                     2.7366621817104746e-06        -3.9240023594768446e-06         1.7037028492636466e-07        -2.9147191550727818e-05        -1.1940267663571826e-06         5.9121275013054361e-06         2.4990883047663067e-06         5.2587703670254907e-06
48                                    -4.0036584012265733e-07        -1.8002918303334072e-05         2.4595087110245291e-07        -1.0134198114381289e-04        -1.1011885203285110e-05         1.6752067358979815e-05         8.9570278754951818e-06         2.1715548177776275e-05
49                                    -1.3204182521482526e-06         1.9236475361206473e-05         2.2770162549481529e-06         7.1656151684723287e-05         6.3925596479380342e-06        -1.4644472965938945e-05        -5.3896975146996860e-06        -1.4561277200658340e-05
50                                     5.2690824113467625e-07        -6.3402141548352697e-05        -2.1619894886844204e-05        -3.9720115268362585e-04        -3.2731054599928720e-05         8.1997012170062858e-05         3.1452976181269712e-05         8.1675041326908726e-05
51                                    -1.3632234705697878e-06        -8.4690162367735634e-05        -2.4629455609818791e-05        -7.6456963562079178e-04        -3.5913257690452628e-05         1.5180584130700361e-04         6.5562840254666511e-05         1.4992452605230619e-04
52                                     2.8878709902591522e-06         2.1342715692046161e-05         1.5986578174656341e-05         1.2192047129181167e-05         2.2142870568423359e-06         8.2736571093669536e-06        -2.2377390912102694e-06        -2.6099365441017039e-06
53                                    -5.7038726702988399e-06         1.8045834850972662e-05         2.6508158765711608e-06         9.1213076031705314e-06         1.2564378565529161e-05         9.2146647522222251e-06        -6.1868047222800178e-07        -8.8798987672444264e-07
54                                     5.0438955316999302e-05        -1.6882580581626798e-04        -6.3980395947260446e-05        -4.0070346863520332e-04         3.6187047301145847e-07         6.2515909468749571e-05         4.0921975112004106e-05         8.3840921370130470e-05
55                                     2.3468073210992403e-05        -1.8656434094139702e-05        -6.5781792554297851e-06        -1.8606504861955428e-04        -5.4510620574201827e-06         3.8889001811501808e-05         1.6836588166970958e-05         3.9864390979649782e-05
56                                     2.3172080237463254e-05        -1.2930169059743310e-05        -8.9191130991237389e-06         3.7237717175230684e-05         2.1370403505254173e-05        -1.2146746758908313e-05        -2.5284575690331166e-06        -1.0139972683492520e-05
57                                    -4.3908388331236239e-02         2.3619615597133868e-03        -2.4272503695309325e-02        -1.0688862722328303e-03         1.5477330290640473e-03         7.2265029132692529e-04         4.6134810299794491e-04         4.4971073877654604e-04
58                                     2.3738544017476403e-03        -4.2310551753711761e-02         7.5520517210244820e-03        -1.5399559222226589e-04        -9.1710588444211035e-04        -9.3114322913192041e-04         3.3845611462778014e-04        -4.1216118329750790e-05
59                                    -2.2658844511931557e-02         4.3838003184759888e-03        -3.2525561980896334e-01         1.4695410121246732e-03         8.3871830441424079e-04         1.1392933576564622e-04         4.2012310363481568e-05        -4.4923788196305642e-04
60                                    -2.9450619748912793e-01         2.1067744431047294e-02         1.0920579657003421e-01         7.5747530092883791e-06         2.4867343819716323e-03        -2.5427194778579985e-04         1.6395613598899701e-04         1.4359367653905649e-04
61                                     1.4400656908480315e-02        -5.0012446922873675e-02        -7.0567702991778062e-03         1.9406951630295162e-03        -5.1988276815755959e-03         2.5056720044381781e-03        -1.0489224022942421e-03        -9.6239056275489383e-04
62                                     1.1168586239265721e-01        -1.0365316092905842e-02        -9.2049381552911896e-02        -4.6196367353351284e-04         2.6410897830744973e-03        -3.7574579580549792e-04         8.9414566974375118e-06         9.2707104473865653e-05
63                                    -1.3501622848623546e-01        -1.2548465461490754e-01        -4.6872505823198629e-02        -7.1668672244904006e-04        -2.6907008653151497e-04        -5.7487890492405064e-04        -1.9946393955728213e-03         1.3854240790501702e-03
64                                    -1.2227175445072672e-01        -2.2688343942789779e-01        -6.7607811419031716e-02        -2.2574174294477840e-04         1.1353559687675985e-03         1.0157363216893051e-03        -2.0070236299228952e-04        -4.0744681076485716e-04
65                                    -4.5473043123412701e-02        -6.8317229009485669e-02        -6.6420264523013223e-02         6.5003686907307966e-04        -6.5099915239065498e-04         2.4602319564268906e-04         2.8031697740437073e-05        -3.5711714182497868e-04
66                                    -4.9497351163725839e-04         7.0580549492318771e-06         1.8422189868395552e-04        -2.1708050700775403e-02         4.6232311252340647e-03         9.8107273060257308e-03        -1.9825111403738233e-01         9.2612101728473964e-02
67                                     4.6567768068107233e-04        -2.7720330283065254e-04        -1.5759048293646904e-04        -2.8424757462075553e-02         7.5409976958469987e-03         1.5389847560275898e-02         1.0166592873835917e-01        -1.0906714416851970e-01
68                                    -7.3327624364791255e-04         1.7424929831684856e-04         1.8274962560492063e-04         1.3870891366335007e-02        -1.1448189174605508e-03        -5.9025194220701724e-03         9.6550374970381686e-02        -5.9966872209641420e-02
69                                    -2.6111943407974869e-03         9.0194038262803402e-04         2.2867689233326848e-03         9.2990781033456035e-03        -1.6987507789802896e-02         1.6102032589614717e-02        -1.2678456619245179e-01         8.3095118121592398e-02
70                                     1.1527369811252959e-03         1.4445898356194996e-04        -6.7618019880626937e-04         9.5565853522623680e-03        -1.9085029161271631e-02         1.5206193517607616e-02         7.4316901003836838e-02        -1.2852436758259125e-01
71                                    -9.0311811318644292e-04        -5.7035797567739376e-05         8.4202304112168571e-04        -1.8870922382815264e-03         8.5147199304975371e-03        -6.4443385580188247e-03        -9.4454578322734184e-02         1.0045540443013164e-01
72                                    -2.9635690946506454e-05        -4.4280144040104066e-06         1.9289492963349657e-05        -1.6029301070158300e-03        -2.1269758841592629e-03        -2.0692899938290991e-03        -6.6778538707529134e-03        -4.6184386650742135e-03
73                                    -1.0245911135944559e-06         5.7459899359927914e-06        -1.0769922389621693e-04        -4.3210125709607361e-03        -2.4626782332965134e-03        -3.0197817372552486e-03        -7.8163238325470175e-03        -1.0101061809169904e-02
74                                    -2.6467456241378813e-05        -4.1945898687912701e-05        -1.2591741915518245e-04        -4.3601357186136749e-03        -4.1092140187983387e-03        -2.7804073173384120e-03        -1.4033493460344918e-02        -1.5167338224657018e-02
75                                     3.8266205914106854e-06         1.5730269850091342e-05        -8.8112781335222053e-05         6.1603880497345526e-04         1.2069262974146438e-03         3.4997140415587145e-04        -6.6642033517424256e-03         5.8814314935626295e-03
76                                     1.5731087240606824e-05        -8.6885772718837422e-05         7.8809671649711106e-05         1.3560426549323098e-03         1.6040531005605486e-03         8.5539941052428271e-04        -1.2135248985556350e-02         1.1723017711861513e-02
77                                     4.9737514924917594e-05        -6.7501135214696674e-05         2.0037104567196412e-04         8.5461939055993426e-04         4.3494740945560634e-04         1.2825294788946597e-03        -1.1108904232768490e-02         1.4445019055586789e-02
78                                    -7.6673323104855433e-04        -3.7555498401222397e-04        -9.2507211478834569e-04         1.8572812301070789e-03         1.1585782468779358e-03         3.8764335599837327e-04         1.0836925827466096e-02        -8.5564527418134986e-03
79                                    -2.0171242330305596e-05        -5.4771272102195235e-05         9.7200840060051230e-06         1.1213395988759795e-03         1.4331798945440401e-03         6.7893289455558210e-04         1.3376593001780450e-02        -9.6673777793551876e-03
80                                    -1.1204998938123571e-04        -1.3328640471581060e-04        -6.1737783643347907e-05        -5.2429291003413484e-04         1.4308833776584548e-03         1.2603632284049254e-03         1.9040127232492175e-02        -1.0165159030056355e-02
81                                    -5.6227678056191156e-04        -9.6203791231318637e-05         2.5076000016634479e-04        -1.7051004529608123e-02         3.3348300050729807e-04        -2.5924152186626581e-03        -4.7655397296387137e-04        -2.0944415064778768e-03
82                                     1.2061926005187860e-03        -8.7038588768252443e-05        -1.0203515090770770e-03         3.6642246582197842e-02         3.4256332661214937e-04         9.3599795618155603e-03         1.7433776313773336e-03         4.9923169899108132e-05
83                                    -3.1937636758356646e-04         9.6870480995008226e-05         4.3924810350587715e-04        -1.1152001250137773e-02         1.5145354086812356e-03        -2.9056738281818609e-03        -8.7511482813053547e-04         2.2242992724722443e-04
84                                     2.7577895528593268e-04         2.3649065843679208e-04         6.6101226621880557e-04         6.4772913411927273e-03         8.2233488359883464e-03        -1.4230966916463989e-02        -1.2483898330085948e-03         9.8644562685246129e-04
85                                     3.6873569155587444e-05        -2.1879344266107566e-04        -1.7892170819145940e-04        -1.0890282201129135e-02        -1.9753454865302333e-02         2.3585958071144147e-02         4.0869674128581699e-03        -1.9536382142715672e-03
86                                    -1.6444334277845982e-04        -1.7527685166507801e-04        -1.1534029366801942e-04         2.2965635957209471e-04         6.9916857355719012e-03        -4.6991981457843428e-03        -1.5198832186600038e-03        -4.1106143511212851e-04
87                                     4.4407738239171207e-05        -3.9019717285493913e-05        -4.6238427608634265e-05         7.1113241424811992e-04        -6.4869671657896959e-04        -3.1355724786076984e-04         4.3331212105511075e-05         6.5746509201916001e-05
88                                     1.9098621230889185e-05        -2.5277799201123800e-05        -2.0400415579921650e-04        -5.0968147824378323e-04         1.8527499949892480e-03         1.0870871443661172e-03        -2.3620484682699980e-04        -8.7973379158601982e-05
89                                     1.1732586671966161e-04         7.5928471285572344e-06        -2.4508718986444508e-04         1.1542237851385618e-03         1.3391352580446880e-03         1.2080520361752466e-03         1.3069308295658163e-04         1.0755907899766162e-04
90                                     1.5423222474705207e-05        -8.7150688395133121e-06        -1.4509524586735992e-04         9.4228701282548773e-04        -1.8423689727060412e-04         1.5515368889325114e-04        -3.3652493851220513e-05         3.7115280779121172e-05
91                                     1.9960819661932080e-04         3.1799811937121539e-05         3.4574948559313408e-04         2.6309487910331003e-03        -4.2809099015410426e-03        -4.2593916782729616e-03         7.7471009836586565e-04         5.5250390649960951e-04
92                                     2.0680573568158917e-04         5.8472996752295670e-05         3.6303769159638707e-04         1.9956306556343194e-03        -5.4326569908126534e-03        -3.5056609132774652e-03         5.8216656908442353e-04         2.5102210759488385e-05
93                                     7.1807126857120497e-06         8.2116563818589064e-06        -4.3220009710536523e-05        -4.6654258743945246e-05        -5.7854097513223689e-04         3.1459292309070060e-04         2.0564758830806748e-04         1.1157804982127878e-04
94                                    -1.5477594345643516e-05        -4.0656423166928004e-06        -7.2226734972767918e-05        -7.6659678039553035e-04         2.3717759387670628e-03         8.2016279233410017e-04         1.8665217062658148e-04        -2.5113038694858701e-04
95                                     4.9151689836954369e-05        -1.5988846895478046e-05        -1.8173099517135421e-05        -5.0041040157639688e-04         1.1643191000623842e-03         1.5698052202401558e-03         2.6678713860682767e-04        -1.3391477740052444e-04
                                                        32                          33                          34                          35                          36                          37                          38                          39

0                                     -5.0684873326289288e-05        -2.1322682074754943e-05        -2.5397618481665483e-05         5.0822556326923970e-05         7.6808767705795189e-05        -2.1688126173709365e-04         7.7044440875144351e-05        -2.8935369474976289e-05
1                                     -1.1508683767103829e-05        -5.0450546402019479e-06        -5.5196451495670401e-06         1.0986348779558697e-05         1.4109230826821432e-05        -4.5161316835723764e-05         1.4173999818599919e-05        -4.8059716658475448e-06
2                                      1.1663933811609706e-05         4.0191595590233662e-06         3.8137944638200742e-06        -7.6560192626179790e-06        -1.2009894132054966e-05         2.6058796110009283e-05        -7.5020606971936467e-06         4.7255458098387908e-06
3                                      3.4421489790051985e-04         1.1779225567795751e-04         1.2947994182628742e-04        -2.4239090840013228e-04        -3.3314867481491078e-04         8.5652310025815712e-04        -2.7276174914575059e-04         1.2377088034639725e-04
4                                      3.7924746743920501e-05         2.0785855791173005e-05         2.9654988548265515e-05        -6.4438689575681260e-05        -1.3405156584469607e-04         3.2944390564228237e-04        -1.3209061296456918e-04         2.4386954293939470e-05
5                                      1.0507989470559627e-04         2.1748726470109620e-05         2.5904541871901727e-05        -3.8433110226768335e-05        -6.3478465803988715e-05         8.4045048233505486e-05        -3.4038433937696758e-05         1.0170507414695192e-05
6                                     -5.8919120626269733e-04        -2.6003937613677325e-04        -3.2162096437033364e-04         6.3464276389493487e-04         9.8836204310324299e-04        -2.8980169154219264e-03         9.5524761889966784e-04        -3.3425055209637352e-04
7                                      2.8582114091204093e-05        -3.3370496651200648e-06        -2.3934884472421389e-06         3.8422978039371109e-06        -9.9349650619870818e-05        -1.2387924876285444e-04        -5.2370165363765915e-06        -3.7804023526877501e-05
8                                     -5.3354026114304967e-04        -1.7537056132932530e-04        -2.0391650490282734e-04         3.6241983838770486e-04         5.7976591213399322e-04        -1.3394786557404488e-03         3.9355635271559033e-04        -1.9775364379852556e-04
9                                      5.7107923219266417e-03         1.5588549389703981e-03         1.6930683183563992e-03        -2.9463819719235274e-03        -4.7668793731293147e-03         9.0237996068579709e-03        -3.4217725035554491e-03         1.2182980620255516e-03
10                                     1.1596312048758320e-03         2.7473768184124817e-04         2.7762695836549883e-04        -3.6954514028077293e-04         2.0664529248530636e-04         9.9253650720392082e-04        -3.2230956752238283e-04         2.1716221515406884e-04
11                                     2.1419265919833791e-03         3.3821269139602074e-04         2.6234205473408124e-04        -1.7998714414445109e-04        -1.7291174044477731e-04        -1.0234865217557390e-03        -3.6240521913046068e-04        -7.5271321332703574e-05
12                                    -9.7883464883434480e-04        -2.7368130315489866e-04        -2.8913114541608822e-04         5.0618171037164711e-04         8.8092404339904992e-04        -1.4487064401836958e-03         5.3604285049683521e-04        -2.4101904183148332e-04
13                                    -8.3689974191474979e-04        -2.1937392633315328e-04        -2.2505060909651771e-04         3.9337606271882609e-04         5.7119076628738973e-04        -1.1252162549229756e-03         5.0552215676297348e-04        -1.6248193782313484e-04
14                                    -1.8478258676628585e-04        -3.1031289492617102e-09         1.7764998387553194e-05        -7.7348305054023036e-05        -2.2574425625124090e-04         4.4017113686582417e-04         1.1280916336289175e-04         5.4189111367603513e-05
15                                    -1.5726242344664284e-03        -4.0302817430677576e-04        -4.0845425617908726e-04         6.1996690984551263e-04         9.9387054202560755e-04        -1.3923656485656116e-03         3.8688920087272716e-04        -1.9933250164775210e-04
16                                     8.4930200806896598e-04         2.1081963086424149e-04         2.0293608610401758e-04        -3.0883169821665683e-04        -5.8238304781218293e-04         6.9074629823721628e-04        -2.4952798731953720e-04         6.2640704504019707e-05
17                                     4.2749006019745920e-04         1.3355361477647735e-04         1.3392118708604309e-04        -2.1776435880844014e-04        -3.4260350612997184e-04         5.4414841131932002e-04        -5.7889240481481721e-06         1.0853109141776678e-04
18                                    -7.0779874621184720e-03        -2.2259558147104718e-03        -2.3362066554340911e-03         3.8315902578723946e-03         1.6470305181705289e-03        -1.3168664266436248e-02         2.3748119587005661e-03        -6.2609310086107436e-04
19                                    -2.8783173051413432e-03        -1.1017720211497942e-03        -1.1146483044797361e-03         2.4677446475326967e-03         7.0380449365032849e-03        -8.9824565872571368e-03         3.7721194619769697e-03        -9.8165037971002550e-04
20                                     6.6796203403962483e-03         1.4095406836556578e-03         1.2447475477914871e-03        -1.9287728800144841e-03        -4.6486056106988752e-03         3.5249298178585517e-03        -7.3984378795943131e-03         9.8818057664260646e-04
21                                     1.2781744918341366e-02         3.3659224643915629e-03         4.7974476827660380e-03        -4.5863790232689361e-03        -2.9665932822009730e-02         2.8077682354235713e-02        -1.1466953881095322e-02         3.2899785659514652e-03
22                                    -2.2361905195751104e-04        -1.6151497989832350e-03        -8.1286509847656400e-04         5.4700555079600379e-04         3.0961788239499653e-02         5.1492549190065001e-03        -5.8003562097031849e-03         2.8542446461503387e-03
23                                    -7.3244110828231471e-03        -2.2560903766802309e-03        -1.5013104585773381e-03         1.5975794991421272e-03        -8.8514206709281729e-03        -3.5231535118525770e-03         5.1114965155655105e-03         1.6056114493074453e-04
24                                     7.9313809286370683e-04        -6.1293675100659861e-05        -3.1238140130498949e-04        -1.8963931113218091e-05        -3.0640113822057499e-03        -3.4540991692530304e-03         1.4493111450245208e-03        -2.7217106515139939e-04
25                                    -1.8128759830843744e-03         2.4618908125210786e-05         2.4739819110634756e-05         3.5013477432880007e-04        -1.2630758499962303e-03         1.6863784388124496e-03         1.6990541823247278e-03        -1.4409940444636156e-04
26                                    -4.0817005182984213e-03        -2.1864375501862740e-04        -1.0102285618049057e-03        -4.3597725107090337e-04         3.0794477404960056e-03         1.8874699763689060e-03         7.2687983739524930e-03        -1.1710367520732408e-03
27                                     2.4788422278929738e-02        -1.6885881958206811e-02        -2.1615811813862768e-02         8.9845138131980848e-03        -1.2728106293814470e-01         3.7541381751836467e-02        -3.8743124789649662e-03        -4.2164271535320742e-03
28                                     4.9201253382451238e-02        -2.2378501448625465e-02        -2.3783671455350951e-02         8.7189868367813957e-03         4.3034908940782629e-02        -1.8196101820349225e-01         3.6776922484534479e-02         1.8994021699975216e-02
29                                    -8.4353199258874745e-02        -1.1639324356686753e-02        -1.2956076750432366e-02         1.5389073906458344e-02        -1.0478436496006986e-02         3.9261250781425464e-02        -8.1941427188970767e-02         1.3165136734711336e-02
30                                     6.2760394716545771e-03        -9.5683205953696310e-02        -2.1036450216318090e-02        -4.0054687281582714e-02         1.4231687467180511e-02         3.8034605409868472e-03        -4.0099155571028024e-03        -1.4762310440737218e-03
31                                    -2.3005465250093168e-02        -2.0283962212682825e-02        -1.2176539217081367e-01        -6.2205952278316823e-02        -1.1383347547136598e-02        -2.3969196631345176e-02         1.3745433820565011e-02        -4.1040946445897294e-04
32                                     5.6478141148678684e-01        -3.6565662350242806e-02        -5.8049008491216900e-02        -1.6612866161932810e-01         3.6715029679751914e-03         1.0903292093465435e-02        -8.3165331738080175e-03         4.6361661442192585e-04
33                                    -3.6565662350242806e-02         5.7947878851988310e-01        -1.9244323942499954e-02        -2.9198254403380287e-02        -1.1434134589763580e-03         9.6171818144692896e-04        -6.0285822703314007e-04         3.6647212786772838e-05
34                                    -5.8049008491216900e-02        -1.9244323942499954e-02         5.6092230371981189e-01        -4.0684281709094966e-02        -1.0770619190430700e-03         6.0669322014944311e-04        -1.2621691749914862e-03         8.7498507609685711e-05
35                                    -1.6612866161932810e-01        -2.9198254403380287e-02        -4.0684281709094966e-02         5.4901793833338086e-01         1.5062228328090389e-03        -6.0775329066888430e-04         2.3016567200826073e-05        -2.6657200484982429e-04
36                                     3.6715029679751914e-03        -1.1434134589763580e-03        -1.0770619190430700e-03         1.5062228328090389e-03         6.3233726707358451e-01         6.2471136630067550e-02        -2.2284501571100374e-02        -8.1831093937903721e-02
37                                     1.0903292093465435e-02         9.6171818144692896e-04         6.0669322014944311e-04        -6.0775329066888430e-04         6.2471136630067550e-02         5.0090510622127038e-01        -3.1500103861457303e-02        -6.3607348158997365e-03
38                                    -8.3165331738080175e-03        -6.0285822703314007e-04        -1.2621691749914862e-03         2.3016567200826073e-05        -2.2284501571100374e-02        -3.1500103861457303e-02         5.6723472680669651e-01        -2.4217496278740105e-03
39                                     4.6361661442192585e-04         3.6647212786772838e-05         8.7498507609685711e-05        -2.6657200484982429e-04        -8.1831093937903721e-02        -6.3607348158997365e-03        -2.4217496278740105e-03         5.9571983107093718e-01
40                                    -1.6646689605456519e-03        -1.8213826913549870e-04        -1.9341862321789623e-04         6.8712346845031607e-05        -4.8350159715273011e-03        -1.2963846210379051e-01        -6.7241401065721740e-02        -1.5435677191661459e-03
41                                     1.7640018841847847e-04         1.5421154713639974e-04         2.3912283466120759e-05        -2.7890519504669546e-04         6.3638717266347247e-04        -7.1650401566747762e-02        -1.7059810322239968e-01         4.0750282231982460e-03
42                                     4.5380124584615606e-06         1.8321318659827523e-06         2.0683349244896598e-06        -3.7218040014046205e-06        -5.1451047169238146e-06         1.5051971871839064e-05        -4.9479137368374415e-06         2.6732663465952299e-06
43                                     4.4855613908783391e-06         1.5576687622435087e-06         1.3988822123286680e-06        -2.7793755121295504e-06        -3.6653817367227575e-06         9.5697834544337873e-06        -3.2746546779493503e-06         9.0944318683757316e-07
44                                    -4.2757576529331600e-06        -1.3833489356984576e-06        -1.2941875439513540e-06         2.3824350536173611e-06         3.4761213114985106e-06        -8.4825452954963886e-06         1.9077581931160029e-06        -7.8490531676786767e-07
45                                     6.3548263472654259e-06         2.3062309566229327e-06         2.6466230500746369e-06        -5.0301317696693566e-06        -7.5117821915166063e-06         2.0587823451794996e-05        -6.4472305792487151e-06         3.6798181009078871e-06
46                                     8.5579865932678767e-07         5.3169788074185461e-07         3.9571105802137103e-07        -4.0589389727147236e-07        -1.3746395817710158e-06         2.2123412493970247e-06        -1.0904801497269523e-06        -3.6384765267893785e-07
47                                    -3.0809515668585099e-06        -7.4115916818617435e-07        -9.1854776014370783e-07         1.7739016825402859e-06         3.0768767978665974e-06        -6.6656021102198724e-06         2.3943502626793184e-06        -9.9350334817527797e-07
48                                    -8.2915638686100265e-06        -2.8256187535831477e-06        -3.1579553470410328e-06         6.2814025846876304e-06         9.1439031370650120e-06        -2.2535160875338686e-05         7.4843984879632492e-06        -3.0416594829863587e-06
49                                     4.9036879541453639e-06         2.0321503185726288e-06         2.1431102199185613e-06        -3.9099795742825343e-06        -4.7269918517032762e-06         1.5666100370340981e-05        -4.4492462935528785e-06         1.7308232933808253e-06
50                                    -2.3381586955712734e-05        -9.3136576021467582e-06        -1.0936062958737843e-05         2.1197969716039374e-05         3.1676270830961092e-05        -8.8779752661806576e-05         3.0659892051018975e-05        -1.1781648253489179e-05
51                                    -5.1979870767010673e-05        -1.7947913244123329e-05        -2.1964337018070781e-05         4.1708963973418451e-05         6.9281565032427411e-05        -1.6739895279927668e-04         5.9019783916633022e-05        -1.8035657180969307e-05
52                                     3.0488492720206476e-06         9.1923957353000959e-07         6.1800347633603677e-07        -1.8433582118946778e-06         4.2353930862680705e-07         1.6148313452817205e-06         2.5198002077250208e-06        -5.8811588433482191e-07
53                                     7.9722655259456683e-06         1.8501879116270081e-06         1.3865660008703635e-06        -2.4162550840694772e-06         1.7372662312776924e-07        -6.7497658199958608e-07         6.1772733571280764e-07         5.5825727828564285e-07
54                                    -3.1171271907778354e-05        -1.1420521766458221e-05        -1.2979780072872825e-05         2.5017864424843782e-05         2.4938055249282130e-05        -8.8013643266164930e-05         2.0770624508916212e-05        -1.6115830531294587e-05
55                                    -1.0022450819631253e-05        -4.2071165864840435e-06        -4.7872835330536640e-06         1.0152582432906904e-05         1.2988262330625303e-05        -4.2283801612212408e-05         1.1065080520954430e-05        -6.1192959088589304e-06
56                                     5.1874650968361099e-06         1.5374907759735947e-06         1.2231632745292812e-06        -2.2170238160993774e-06        -8.5465011728780435e-06         8.5386898658273378e-06        -4.3867087006361231e-06         1.1090041447266860e-06
57                                    -9.5907624768973841e-04         1.2767884074960868e-04        -3.5077155714396729e-04        -1.3063344625707695e-04         2.5609107714292731e-04         3.4174626816510414e-04         1.2039700342513222e-03        -2.2637108397057567e-04
58                                     3.5372363702221228e-04         8.4649913322150258e-06         6.6812067682809440e-05        -4.5391413788547336e-04        -3.2179026004081052e-04        -3.8215190649549039e-04        -1.3863457763613400e-03         2.7429607423032929e-04
59                                     7.1830312255274638e-05         8.3291037987671832e-05         3.9316985423654596e-05         6.8923288584938366e-06        -9.8804242910258881e-05         8.4720864503679542e-05         3.1482661635912963e-05        -4.0909858095339628e-05
60                                     1.8498293312746894e-04         1.2691732285411567e-05         5.0467111346822668e-05         7.3868177100798346e-05        -2.5877233518478422e-04        -4.5111136271772697e-04         1.4394734043421840e-04        -2.8042728165377428e-05
61                                     7.7082970719603416e-04         5.9627939338902313e-05         8.7217872790652185e-05         6.1173276015534950e-05         1.0283370235016978e-03         9.1190057304471237e-04         3.5655481787413986e-04         3.5949842732507500e-06
62                                    -1.3559125176364889e-04         2.1270474497333929e-05         2.6551505245446572e-05         4.4560073078832096e-05        -4.7502751586701142e-04        -1.1252462986566496e-04         1.9423915726473779e-04        -3.6488848883270860e-05
63                                     1.8959023245877307e-03        -1.0971322139034911e-03         4.8574243669769228e-04         2.7101187577268911e-04         1.7746894417403053e-04        -4.2341407029769197e-05        -3.4052006583891621e-04        -1.9543105580083737e-05
64                                     5.3078877416447897e-05        -1.3972087306333460e-04         1.7767164122000828e-04        -5.4894278636643049e-05         6.6855385381805294e-05         2.8171729353733345e-06         4.6575768087780907e-04        -5.5045329790949966e-05
65                                     7.4159958812295020e-04        -4.1560710096373121e-04         4.2371405489962955e-04         4.1853841580890227e-04         2.6845462156185857e-05        -6.3624649698238161e-05        -3.0954185070771053e-04         4.1988909119432925e-05
66                                     9.9607502548638413e-02         1.1189589628616601e-02        -7.3002354260284751e-03        -7.7768672693520474e-03        -2.1271999142013207e-04         2.1752102858823255e-03        -1.5646877210108699e-03         2.0988091830322756e-04
67                                    -6.4295646273896695e-02         1.3571939199698497e-02        -8.5016810861449389e-03        -8.2738849103190064e-03        -1.4582991488455933e-03         4.8976532853377145e-05         1.5123581794378531e-03        -7.0722980535974512e-04
68                                    -1.1309219136349541e-01         1.7089598903184545e-02        -1.2688681183124152e-02        -1.1911559609622469e-02         9.2439922727772551e-04        -6.0449265955652429e-04         5.4486702697171012e-04        -2.2041599290343597e-04
69                                    -1.0128086656304533e-01        -5.1982428900970903e-03         5.8892955958488313e-03        -6.1901814690957305e-03        -2.1660204716357945e-03        -6.8111354392470205e-04         1.5814060941448257e-03         7.3733838381280286e-05
70                                     1.0055968216159150e-01        -1.1627746549454537e-02         1.2167978273110976e-02        -1.4515130347260333e-02        -3.6459162371363916e-03        -5.9034438804041016e-04         3.1841715647612503e-03         8.6989172393759956e-05
71                                    -1.7332809071371949e-01        -1.2936189460277758e-02         1.1899203414455752e-02        -1.4572552008847921e-02         1.4371555126238768e-03        -7.9031052692253492e-04        -7.9773695877003239e-04        -8.5051647391905922e-07
72                                     6.4374257242694830e-03        -1.5280440286708202e-01        -1.1763979722627052e-01         7.0020010309844338e-02        -3.7431787034368920e-04         2.4671973874455165e-04        -2.0280023693224319e-04         1.1639691914123304e-04
73                                     1.0160506385052321e-02        -1.1734103877008750e-01        -1.7552930365184227e-01         7.6198814345694102e-02        -4.6214873938194012e-04         7.0374348588777538e-04        -1.0364509701136785e-04         1.7430864716155258e-05
74                                     1.1343839709140869e-02         7.1955569371088907e-02         7.8681044187662058e-02        -9.4132890452001433e-02        -5.1970972475935727e-04         2.1638279474400717e-04        -1.4881945535674576e-04         7.0102110628491665e-05
75                                    -6.9427408157867829e-03        -1.2188971887114802e-01         8.0221732084079025e-02        -9.4598340547333237e-02        -1.5529791247219347e-04        -2.7490477804368213e-04        -5.7255588503306017e-05         1.4089984847448535e-04
76                                    -1.5298463887287461e-02         8.0380474317012424e-02        -1.3169457374934801e-01         1.0174030782039045e-01        -5.4535211218029352e-04        -3.3643436456876638e-04        -5.9156574102702409e-04         3.5814885284520936e-05
77                                    -1.6120034611931535e-02        -9.4690787838635132e-02         9.9684205943484566e-02        -1.6618238809325128e-01        -5.5769252562017676e-04        -5.2548877496042977e-06         6.2386870768566351e-05         2.1631380283723657e-04
78                                    -7.9321162381993035e-03        -1.9869594128720033e-01         9.8509971994718754e-02         9.9347409658405772e-02         5.0485750340592450e-05        -7.8779829080785049e-05         3.6428855849409081e-05         1.8082154471187053e-05
79                                    -8.5755003409281085e-03         9.8108353686544122e-02        -1.1055966628610145e-01        -6.3292522148030245e-02         2.0929067824335677e-04        -1.4414351234087958e-04        -1.1457187325689746e-05        -8.6526067549055777e-05
80                                    -1.2194505161429177e-02         9.7532691856063725e-02        -6.4143994664961707e-02        -1.1117848020170581e-01        -1.6956547132969629e-04         2.1425420209936750e-04         1.8942259821727341e-05         5.0416270518451823e-05
81                                     1.6733809707961344e-03         5.5158134908930216e-04         8.6479423510405547e-05        -5.9956148060453661e-05        -2.8686137700866698e-01        -6.1116442172815685e-02        -6.9905170622239068e-02         3.6682286668802940e-03
82                                     6.6831322229950110e-04         5.0058633068953892e-04        -5.0084107559812078e-04         7.7397756411146600e-05        -7.1380473614570214e-02        -6.6486034284391426e-02        -1.8460609866256226e-02        -2.0194978366993938e-02
83                                     2.4811999406602588e-04         2.5064607562292154e-04         2.7564822280454118e-05         2.1140776438534101e-04        -6.6557228707800759e-02        -1.6716116176896688e-02        -6.9416742976181153e-02        -2.3626110877525724e-02
84                                    -4.7852233369766444e-04         8.2620629428541994e-05         6.6887714450384879e-05         1.8139430026190402e-04        -1.1485953157445902e-01        -5.4759612564974774e-02         1.1268805011780939e-01         6.9810072308347602e-04
85                                     2.7803662637517065e-03        -2.5300242031581861e-06         1.4014613123539675e-04         1.9843132348349902e-04        -4.8182045986185279e-02        -8.6849843226125892e-02         8.1480801184800999e-02         1.1486704593383596e-02
86                                    -7.4580343485033907e-04        -6.3389374743678213e-07        -4.3154119096539922e-05         6.0251448735361657e-05         1.0511562318299048e-01         8.4260037590479397e-02        -2.2362742126224600e-01         1.1843967903423262e-02
87                                    -6.1043072867679059e-05         2.2336284817295675e-05         2.1557662821118694e-08         1.2737616361918695e-05         2.7533514898890957e-03         1.6485367311246720e-03         9.9833371907142449e-04        -2.9338898797876900e-01
88                                     4.5198706234416064e-05         6.7364824460761639e-05         3.2644995027190113e-05        -4.8552178610061520e-05        -2.0750898420380724e-02        -6.7165615641939652e-03        -5.9319844214510862e-03        -6.6570277634175418e-02
89                                     2.1128759741155077e-05        -3.0984586931051937e-05         8.5207322208912220e-05        -4.9474290744532407e-05        -2.5061289220022147e-02        -5.5049244571261551e-03        -7.4052536650087326e-03        -6.3558094224650669e-02
90                                     1.1750952286078509e-04         8.0469498596422780e-05         5.7136363953442663e-05        -4.3134900873280336e-05        -1.2570874410974802e-03        -1.8980399691549965e-03        -2.6569537077790646e-04        -1.1566622403258635e-01
91                                    -3.2959943851690440e-04        -6.2290493356189413e-05        -5.1149890907662836e-05         8.4399641608938399e-05         8.6150420770094386e-03        -1.3188797376160039e-02         9.5217858358135725e-03         1.1397097726173447e-01
92                                    -2.8042676798317793e-04        -8.0577566601377861e-05        -6.1198482513646422e-05         9.8414993247732146e-05         1.2668341445881335e-02        -1.8669799458297744e-02         8.8989916956786104e-03        -4.1658401992239080e-02
93                                    -1.2231494049340174e-04         4.6342861443371712e-05        -8.6428269033055971e-06        -2.0631723724565967e-05        -2.5338716076166168e-04         1.3318863960472549e-03        -1.7522304801118761e-03        -1.0672828610239082e-01
94                                    -4.9078308316474989e-04        -5.8949402320671645e-05         3.9809383843716168e-06        -4.5443256626321097e-05         1.1904536602846259e-02         8.5253244388727792e-03        -2.0050823802199115e-02        -5.0801916054178345e-02
95                                     8.6939512141501153e-05        -1.4657012182654300e-04         3.7961585337396267e-05         7.0036342893498444e-05         1.0779304310666510e-02         1.0770929046338671e-02        -1.9556754199920538e-02         1.0194331890704264e-01
                                                        40                          41                          42                          43                          44                          45                          46                          47

0                                      3.4495396426534571e-05        -5.0903025085394181e-05        -5.9301701052443027e-02        -5.6178884681330331e-02         1.0726072448569671e-02        -1.3637962400301806e-01         9.3668144631237557e-02         9.0738587211341273e-02
1                                      7.0568290791842526e-06        -1.0049674263602205e-05        -5.6401862161363447e-02        -3.0654572077102116e-01         4.7351968234852895e-02         9.2753986938843319e-02        -1.4555440544133502e-01        -9.3848038732798122e-02
2                                     -3.1319704782246286e-06         6.2844111515721452e-06         1.2607402605982922e-02         5.0435365473920954e-02        -5.7008385591192992e-02         9.3595672442899375e-02        -9.5689009433492594e-02        -1.4049423227631042e-01
3                                     -1.3420544122925605e-04         1.9268598006801801e-04        -9.4385108701599673e-04        -1.8015660284672096e-03         8.1813381325876646e-03         1.8039174586185393e-03        -5.9280665047374316e-03         1.9965168425813987e-02
4                                     -5.5671531677298734e-05         5.9076239643403755e-05         6.0300238598389472e-03        -4.6362526716651441e-03         3.4024860792672418e-02        -4.4686755370445773e-03         5.1913151903895151e-03        -1.9887582714316367e-02
5                                     -1.8278248869200896e-05         7.7824700090236690e-06        -2.1998941238976838e-03        -2.8994699268197754e-04        -6.5742814620636247e-03        -5.7782189712424908e-03         5.9692492964488284e-03        -1.9589434363549124e-02
6                                      4.4469922634497310e-04        -6.7011177607757160e-04         1.7482171000388206e-03         7.5169785846718792e-04         1.0957690884577493e-03         2.2022892837752278e-03        -2.6813898426618311e-04         3.5460397844106189e-04
7                                      1.1105059224578642e-05        -3.8312388910239823e-05         5.8736329232208422e-04         5.9838656913086940e-04        -1.3210411455887448e-03        -4.2584805479585128e-04        -1.6188677992637194e-04         3.1395680277726892e-04
8                                      2.0180162718763780e-04        -2.9849503629537629e-04         1.1941408430827523e-03        -8.0935666803286493e-05         2.4383043197790132e-03         1.1191753838531208e-03        -6.9853186512894988e-04         3.0908698074895661e-03
9                                     -1.7704879552782830e-03         1.9451443265194250e-03        -2.4194792197636267e-04        -1.9523083133022581e-04         6.2037316382217741e-04        -2.3867412288513810e-04        -2.4732587871213263e-04         5.2205478792543051e-04
10                                    -1.1906842763846918e-04         2.4977186612392847e-04         2.1564678008175486e-04         1.2592091886085794e-04         1.8137936044531071e-04         1.6682795072891967e-04        -3.8413223692408251e-06         8.1073324074509661e-05
11                                     7.3227778151790219e-05        -2.1318853537956377e-04        -7.2113494796426558e-04        -3.9348852161454545e-04         1.9999107205631610e-04        -8.7107573090115960e-04        -8.3695460032156023e-05         2.3191906764569953e-04
12                                     2.7182886251644840e-04        -3.6069154637522014e-04        -6.7587013924743440e-05         3.8905980654947459e-05        -3.9923688647790700e-04         7.7682488062166615e-06         1.6722907511011279e-05        -1.2574706350229002e-04
13                                     1.9385128824783048e-04        -2.5698101797722175e-04        -1.3077587908517284e-04         9.8988425978744406e-06        -9.6524588562636954e-05        -1.1875080657496815e-04        -4.0220806303200251e-05         3.6335388481299183e-06
14                                    -3.3047924306099132e-05         5.5926204441206009e-05         1.1199832529428465e-04         1.2119052432043025e-05        -1.9191935321223968e-04         1.6363096777135289e-04         1.4366928438234962e-05        -5.1547973421879059e-05
15                                     2.1593941911199550e-04        -1.9407640161448627e-04        -5.6732914226842671e-06         1.0198907090159712e-05        -1.6069656722579026e-05        -6.6000642849015521e-05         5.7450259189589273e-05        -1.0593332297452891e-04
16                                    -1.1718435155834975e-04         1.0425140979526207e-04         5.3679149594242083e-05         2.5920916244694450e-05        -4.1555134285364178e-05         7.1090652095071651e-05         1.7123795881716751e-05         5.4444005653002110e-05
17                                    -7.3886957120181576e-05         9.5491005332518726e-05         1.3788342195242417e-04         6.2367797606433098e-05        -2.0888521300147561e-05         1.5189735919223047e-04         4.9893638956617940e-05         1.1838185246539537e-04
18                                     2.0927840901352234e-03        -2.3984199107695246e-03         2.0177106521544026e-04         1.4141701783257704e-04        -1.1851859290267767e-04         2.4905842235009253e-04         1.4146351914030262e-05        -8.4753014520312219e-05
19                                     1.0038932028867311e-03        -2.7492451669560874e-03         3.3087599002125418e-05         4.2156410214195519e-05        -5.4659179606299891e-05         8.9479802689622617e-05         1.7906771279753702e-05        -4.3775070644117448e-05
20                                    -2.5201428721901308e-03         9.4349505768510943e-04         6.2072988070924082e-05         3.8948314540257251e-05         1.3001260065368227e-05         7.5833860517981853e-05        -6.4356000386650244e-06        -1.0977003821225075e-05
21                                    -5.4993451464197601e-03         4.2177958549915054e-03        -1.1431620988074299e-04        -8.1879909087799376e-05         7.0488319460510122e-05        -1.4145294496371890e-04        -1.0657372732991020e-05         5.2183316933989779e-05
22                                    -1.6654937811306965e-03         2.8861831608672176e-03        -8.1080182354556913e-05        -7.3676004990001499e-05         5.0990399753102322e-05        -1.1363736316469193e-04        -6.1784693938193803e-06         3.7273451823895267e-05
23                                     1.7597854411882186e-04        -9.0487258367463741e-04         5.6857735735058151e-05         3.3701892658540762e-05        -2.2082152163681987e-05         6.9499918254470311e-05         6.6357825682967380e-06        -1.8487209390017560e-05
24                                     4.2883607214487253e-04        -3.2142021500373036e-04        -5.4446094449302559e-06        -5.6244404395579251e-06        -7.7675893731917186e-06         2.2815130790112272e-06         4.0699474644522970e-06         2.7366621817104746e-06
25                                     2.8026434536743139e-04        -1.9738149892104949e-04         9.5604951753299661e-06        -6.6631583528630966e-08        -1.6566878185858970e-05         1.6986850683035417e-05         4.0983188280006204e-06        -3.9240023594768446e-06
26                                     1.5611615473806054e-03        -8.4878662856377311e-04         4.5629290177436556e-06         2.0479793614343599e-06         1.0331896522054490e-05         4.8397412664516244e-06         3.8784181557733393e-07         1.7037028492636466e-07
27                                     1.2573187858541238e-02        -8.3479846031250284e-04         7.0539974863483243e-05         4.5920101987356197e-05        -3.7899965038365758e-05         9.3549665537991371e-05         9.4569761241325857e-06        -2.9147191550727818e-05
28                                    -3.6118578666364143e-02         6.3247028283367375e-03         4.3877846899930593e-06         5.7301501800370305e-06        -5.2416732681917684e-06         6.9371234306057002e-06        -1.6346838362830657e-07        -1.1940267663571826e-06
29                                    -1.9488565075672513e-02         1.3059442702985920e-02        -1.2106095606903656e-05        -8.9917232301516490e-06         6.8143529427092250e-06        -1.7163239190172648e-05        -1.1427036495381318e-06         5.9121275013054361e-06
30                                     1.6203602694071272e-03        -1.3143632186777138e-03        -5.9835080773152953e-06        -2.9752750013556263e-06         3.4574261768502638e-06        -8.0862927311238819e-06        -1.4600366823536433e-06         2.4990883047663067e-06
31                                     5.8507443971724145e-04         1.1253961257881584e-05        -1.3915471216320000e-05        -1.0289367773979725e-05         7.6244292624531422e-06        -1.8759755629562435e-05        -1.7182664073718703e-06         5.2587703670254907e-06
32                                    -1.6646689605456519e-03         1.7640018841847847e-04         4.5380124584615606e-06         4.4855613908783391e-06        -4.2757576529331600e-06         6.3548263472654259e-06         8.5579865932678767e-07        -3.0809515668585099e-06
33                                    -1.8213826913549870e-04         1.5421154713639974e-04         1.8321318659827523e-06         1.5576687622435087e-06        -1.3833489356984576e-06         2.3062309566229327e-06         5.3169788074185461e-07        -7.4115916818617435e-07
34                                    -1.9341862321789623e-04         2.3912283466120759e-05         2.0683349244896598e-06         1.3988822123286680e-06        -1.2941875439513540e-06         2.6466230500746369e-06         3.9571105802137103e-07        -9.1854776014370783e-07
35                                     6.8712346845031607e-05        -2.7890519504669546e-04        -3.7218040014046205e-06        -2.7793755121295504e-06         2.3824350536173611e-06        -5.0301317696693566e-06        -4.0589389727147236e-07         1.7739016825402859e-06
36                                    -4.8350159715273011e-03         6.3638717266347247e-04        -5.1451047169238146e-06        -3.6653817367227575e-06         3.4761213114985106e-06        -7.5117821915166063e-06        -1.3746395817710158e-06         3.0768767978665974e-06
37                                    -1.2963846210379051e-01        -7.1650401566747762e-02         1.5051971871839064e-05         9.5697834544337873e-06        -8.4825452954963886e-06         2.0587823451794996e-05         2.2123412493970247e-06        -6.6656021102198724e-06
38                                    -6.7241401065721740e-02        -1.7059810322239968e-01        -4.9479137368374415e-06        -3.2746546779493503e-06         1.9077581931160029e-06        -6.4472305792487151e-06        -1.0904801497269523e-06         2.3943502626793184e-06
39                                    -1.5435677191661459e-03         4.0750282231982460e-03         2.6732663465952299e-06         9.0944318683757316e-07        -7.8490531676786767e-07         3.6798181009078871e-06        -3.6384765267893785e-07        -9.9350334817527797e-07
40                                     5.5152094843229404e-01        -4.8833223166347882e-02        -2.6579085522226156e-06        -1.3702618302560429e-06         1.2077616005381668e-06        -3.2349018881814465e-06        -9.2912333439983457e-07         5.0345556948386715e-07
41                                    -4.8833223166347882e-02         5.4160541182641109e-01         3.7791605480570542e-06         2.3059296373172867e-06        -1.6961539168099241e-06         5.1966705005675865e-06        -1.7067030548507637e-07        -2.1316033065486063e-06
42                                    -2.6579085522226156e-06         3.7791605480570542e-06         5.6681304039081927e-02         6.0755590651847088e-02        -1.2155786600861017e-02         4.2969383996392602e-03         1.7020324302130851e-02        -4.7720756299432700e-03
43                                    -1.3702618302560429e-06         2.3059296373172867e-06         6.0755590651847088e-02         3.2373966352108624e-01        -5.6235221337719785e-02        -4.9315433095348873e-03        -1.3413271739488962e-02         4.4183185167539080e-03
44                                     1.2077616005381668e-06        -1.6961539168099241e-06        -1.2155786600861017e-02        -5.6235221337719785e-02         6.1490763820189857e-02        -5.4713242571269461e-03        -1.6978263042085606e-02         3.6148190914165649e-03
45                                    -3.2349018881814465e-06         5.1966705005675865e-06         4.2969383996392602e-03        -4.9315433095348873e-03        -5.4713242571269461e-03         1.3998379475278575e-01        -1.0033576086269155e-01        -9.9654636228805410e-02
46                                    -9.2912333439983457e-07        -1.7067030548507637e-07         1.7020324302130851e-02        -1.3413271739488962e-02        -1.6978263042085606e-02        -1.0033576086269155e-01         1.4877867511917289e-01         1.0131720915844551e-01
47                                     5.0345556948386715e-07        -2.1316033065486063e-06        -4.7720756299432700e-03         4.4183185167539080e-03         3.6148190914165649e-03        -9.9654636228805410e-02         1.0131720915844551e-01         1.5288228784295038e-01
48                                     3.5436789489832129e-06        -5.4031193852626373e-06        -3.0493920752068999e-03         1.1708356279850896e-03        -8.1277800711709522e-04        -1.2550078184066830e-02        -4.0322555971182596e-03        -4.8209313432726712e-03
49                                    -2.4322516073510785e-06         3.5713432088331849e-06        -2.7765995202416210e-02        -1.9208137808555854e-03        -7.4079739317719001e-03         1.7236057960882477e-02         3.4136675482823635e-03         5.7655501204003350e-03
50                                     1.4179689019091532e-05        -2.0786081693739830e-05         6.6311479626794132e-03         4.3279397918236963e-04         3.3079979668414151e-04         1.7448456938064807e-02         4.7851257623135407e-03         4.4824024445333666e-03
51                                     2.7733711110873670e-05        -3.5599358265396932e-05        -7.9259161083197380e-05         2.6867588854450524e-04         2.8081061569222229e-04         6.5990153365047067e-04         7.7378532094617234e-04        -1.9371261545064475e-03
52                                     2.8905856154314234e-07         2.5287530366945718e-07        -5.0741489998414578e-04         9.5650886622307765e-04        -3.3812232709632686e-04         1.1041209619657398e-04         9.3433937336042012e-04         1.7284126319037250e-03
53                                     2.0968746934785785e-08        -5.2837423543090061e-08         2.0693418730860936e-04         2.3499772919093574e-04         1.6279002696758804e-03        -1.3107756177984462e-03         1.7163319861875428e-03        -5.8160438215598062e-03
54                                     1.3041434735105170e-05        -2.1443803323255187e-05         8.2177702806948954e-04        -2.5005656279098484e-05        -1.9469520043878016e-03         7.0755347479380050e-05        -7.2074080952666748e-04        -7.5989521528855956e-05
55                                     5.9736742918364900e-06        -1.0693131985286487e-05         2.1051747896185858e-04         1.0772413663226055e-03         8.7168828142009970e-04        -8.0368111754949845e-05         8.2699435117120513e-04         4.6354123215915088e-05
56                                    -1.3075907706699727e-06         1.6464260578742354e-06        -1.1376082387700814e-03         1.3471902511990094e-03        -5.8974307202601661e-03         4.4193865269871908e-04        -3.9534695447775419e-04         1.5513409164779821e-03
57                                     2.2065880503903366e-04        -2.1211430296034372e-04        -1.4588792959442659e-05         1.4562772264584879e-05        -2.4229773753672694e-06        -2.3986724909249570e-06        -1.8820876312426045e-06         3.8939171892657478e-06
58                                    -2.4163841298642112e-04         2.4936109433611062e-04        -9.3835846467252023e-06         1.3347155640506613e-06         3.8118839802726292e-08         1.0854727443819427e-06        -4.3873611906361139e-06         1.0111736425927471e-06
59                                     2.5869747590435797e-05        -5.2183524278586878e-05         7.5296334522085222e-06        -1.1829656005717126e-06        -4.5612888069678555e-06         4.3493372166065488e-06         1.1027312728122872e-06        -1.1894934969825552e-06
60                                     3.8591312950594296e-05        -4.1885160711119878e-05        -1.9131866962937872e-06         6.2604922469051407e-06        -6.5227612564428819e-06         3.1067519236615664e-06         3.8215439288455844e-06         1.9359890409990574e-06
61                                     5.5265227911376153e-05         6.8458671065216851e-05        -1.2131501984978632e-05        -3.7273860360402449e-08         8.3460349803445328e-07        -9.2336521712243321e-06         5.7442462793381955e-07         7.9796411829106183e-06
62                                     2.4688268009130210e-05        -3.4314072323711497e-05        -1.3531032540124400e-05         1.3762467068149370e-05        -1.2806013653211505e-05        -2.3483631719674393e-06         3.9062662323037059e-06         2.2143025172162092e-06
63                                    -6.3396866517067153e-05        -2.4601503403369998e-05         5.6685040766983448e-06        -8.8236141956473649e-07        -1.9867911384856176e-06         3.7630152634331712e-06         1.2083646844143087e-06        -1.4406576587613115e-06
64                                     1.4002131718255132e-04         3.5115002757285453e-07         2.0058276149985332e-06         3.8590016317935415e-06        -1.8927122362085366e-06         3.5973697932657783e-06        -4.6439028167657938e-07        -5.0094073394345409e-07
65                                    -6.7362585455690326e-05         3.3004315328795326e-05        -2.4601872507392708e-06        -1.3530289026500881e-06        -5.1328956793425678e-07        -1.8307431210063851e-06         4.7482535218379995e-07         5.0437093674456082e-07
66                                    -4.7159822809393582e-04         7.3487197843322409e-05         3.3622304838817269e-06         1.8158305723302751e-06        -1.5751633953633908e-06         4.2218354606880028e-06         3.1575661993062820e-07        -1.2361529764753759e-06
67                                    -1.0498000646437457e-04         2.7063317201688104e-04         2.6304802112340911e-06         2.0705189031076151e-06        -1.3947369749273114e-06         3.7356649814787299e-06         2.7327810840073149e-07        -9.8530782852373374e-07
68                                     3.0859597329756390e-04         2.6397792166837349e-04        -1.7107494269432711e-06        -1.2141114377504820e-06         9.2009752042094254e-07        -2.5266330816222521e-06        -9.7253725359840415e-08         7.6449212062631506e-07
69                                    -6.8485837785631334e-05        -1.0549243734884914e-04        -7.7237591218701077e-07         1.4868921915291646e-06        -8.5049832395046552e-07         1.1171156310479255e-06         1.3639615460526126e-07        -1.2477578394987459e-07
70                                     1.1679789459151152e-04         2.5827796232880237e-04         6.9197854592768223e-07         2.0936037902249526e-06        -1.1880348790661748e-06         2.3583072056783833e-06         1.4584802292061583e-08        -6.4615450445420700e-07
71                                     2.1789011254808857e-05         5.9336469853239922e-05        -3.4060141086783480e-07        -6.2245712903423304e-07         4.8728277238009688e-07        -5.7811856727860495e-07        -1.0651868274258146e-07         3.0599097786891509e-07
72                                    -1.2274298453523712e-04         6.2673554480190388e-05         1.4325870777240523e-06         8.3097472715752576e-07        -8.5474818708315750e-07         1.9014494693944064e-06         2.1996931477860865e-07        -6.0340987517733095e-07
73                                    -1.5644351212901170e-05         5.4898324601527828e-05         1.9148253761395771e-06         1.3356482521306452e-06        -1.0668121964512901e-06         2.4267964160818225e-06         3.4007747996835398e-07        -8.0848977449734930e-07
74                                    -6.2816966274678669e-05         6.9250348072542078e-05         1.3686479532639707e-06         8.9873377221848333e-07        -7.8425257062196015e-07         1.7531732956979058e-06         1.9764560607617459e-07        -5.8580353020088854e-07
75                                    -1.9997993900879518e-05        -3.2228924067490675e-06         1.4493916258896282e-07        -1.1753160250772024e-07        -6.1714310784905839e-09         1.2590325016473993e-07         1.3123655551156073e-07        -1.5226907592771194e-08
76                                    -1.5358516259395298e-05        -6.1290198558399843e-05        -3.8671267292235139e-07        -1.4859448057435868e-07         2.1773449663987435e-07        -5.3798242217852548e-07        -1.3027615845860265e-07         1.5316890983906094e-07
77                                    -1.6775766415442030e-05         2.0036607915064611e-05         4.5002752896307037e-07         1.1302135499748609e-07        -2.1756102531843167e-07         5.7619421267674571e-07         1.2210837359325155e-07        -1.2612432094901113e-07
78                                     6.6641981860415280e-07        -1.6403843596717288e-05        -5.4882888901142967e-07        -3.5014298956016938e-07         4.3233349383092103e-07        -6.2938199758586991e-07        -1.2125989071752244e-07         1.9665818673698801e-07
79                                     5.3434222831858478e-05        -3.8061324818976011e-06        -2.6834152574239495e-07        -2.2340346633731978e-07         1.4113463345567743e-07        -2.2071763084875927e-07        -6.7300684381410168e-09         1.0205033552123294e-07
80                                     7.8398942781699989e-05        -3.2322222518010372e-05         4.7782158016478670e-08         1.3981400614984193e-07        -7.7830160456922236e-08         3.1530930387086226e-08         4.3945892141078149e-08         1.0325676270733010e-08
81                                     7.4729777657034369e-04         1.4930619002929378e-03         3.6270567640690440e-06         2.0849400304999763e-06        -1.6756202345009980e-06         4.3540042615301878e-06         4.0299779287650782e-07        -1.1683330668700229e-06
82                                    -5.2119782344758770e-03        -4.9249735602140115e-03        -1.2592034814705776e-06        -7.2016679752584573e-07         8.2749302236983577e-07        -1.6665516110167011e-06        -2.5475712200777553e-07         8.5046861077610241e-07
83                                    -7.7228423745223469e-03        -7.0638586819384494e-03        -8.0756016867236802e-07        -5.7629012962657904e-07         3.1853817091247278e-07        -8.9379868492230253e-07         2.8607576462084494e-07         2.4261086552028230e-07
84                                     1.5964936845273316e-04        -1.4879384999218585e-03        -1.9049835067840320e-06        -1.5733458073253882e-06         8.2155470957882148e-07        -2.7309115925877664e-06         2.9458374586618046e-08         6.6242732494851958e-07
85                                     9.0144867214358472e-03        -1.9138087022285699e-02        -2.0970387277104091e-07         1.2871155301718716e-07         3.9684401599381894e-07        -4.4245831583059975e-07        -2.2595767670604286e-07         2.9524599675774353e-07
86                                     8.2172252604311644e-03        -1.8628302585298472e-02        -1.8178723611525295e-06        -1.2924356113362960e-06         5.4353294699852377e-07        -1.5251649841086602e-06         2.4998705049130576e-07         2.2059920856638609e-07
87                                    -6.8000405328132424e-02        -6.6417063339747368e-02        -2.5868028007976022e-07        -4.6348793561942487e-07         3.6923183419975055e-07         7.3148236800089965e-07        -3.9328909532460510e-07         1.1994826106783018e-06
88                                    -6.5279038394550529e-02        -1.6176483062868299e-02         1.2791556046342353e-06         5.8968310898568183e-07        -7.1607901103238038e-07         8.7631776944056551e-07         3.7450212708845074e-07        -3.8925681567031855e-07
89                                    -1.7176708287563951e-02        -6.4143190537279238e-02         1.1076573821884523e-06         8.2812003285094750e-07        -5.7547539346916375e-07         2.0209717981406119e-06        -2.4748997613667620e-07         6.9559543858880852e-09
90                                     1.1505566888961183e-01        -4.0559150336414954e-02         7.7285642892922284e-07         3.2804268698035182e-07        -3.7500270421131976e-07         9.7011016866508675e-07         1.5685984051060347e-07        -1.5777276162334613e-07
91                                    -2.3487104738634684e-01         6.5463596662835827e-02        -2.3098533152425435e-06        -1.3326363859305927e-06         1.1997938382452794e-06        -3.0012946423682198e-06        -2.3418694471139109e-07         1.1365849856829079e-06
92                                     6.8250354738218999e-02        -7.0765514355897854e-02        -1.5171631325405681e-06        -1.0630182086410496e-06         7.9900351234249981e-07        -1.9106877592050323e-06        -1.0198430955785482e-07         8.1162803970676911e-07
93                                    -5.1281506635697825e-02         1.0230495256587013e-01         2.2670432174004992e-07         3.6583306201789847e-07        -2.7840017604905799e-07         6.5459621046361254e-07        -1.8985047443053265e-07        -1.1727438573052554e-08
94                                    -8.9336167289177926e-02         8.7996273832833705e-02         1.4409750016509420e-07         1.1519486870685216e-07        -9.6936157147965276e-08         2.6365204003950074e-07         1.3688565696114011e-08         2.8118007105952373e-09
95                                     8.5924409643187621e-02        -2.2251078209809613e-01        -7.1988716616759385e-07        -5.1575473538145538e-07         4.1089543887441363e-07        -9.0968453899323293e-07         1.1537168824769995e-07         4.8357526673483727e-07
                                                        48                          49                          50                          51                          52                          53                          54                          55

0                                     -3.0918960494239267e-01        -4.6817281158804389e-02        -5.4763666297007040e-02         5.5928749788315968e-03        -4.8089429114958563e-03         1.6202511148023679e-02         2.2051241888656238e-03         2.4183458869609341e-04
1                                     -4.6036673236028836e-02        -5.3470712658629044e-02        -8.8474292174857312e-03        -4.5835093076192664e-03         5.4423976271085941e-03        -1.9563387121705765e-02         6.5152331609657048e-03        -2.6652972715833978e-03
2                                     -5.8225440619601346e-02        -9.5753433286176384e-03        -6.0098803871968108e-02        -4.1443861318385192e-03         6.2747112229496749e-03        -1.7696269374065706e-02        -5.3377802692729324e-04        -1.0987043413652683e-04
3                                     -3.6754322141701518e-03         6.8874432928096984e-03        -2.7582055970759415e-02        -1.1823887732653585e-01         8.6548093386919600e-02         8.6888309894988497e-02        -5.5760018530780435e-02        -4.6500269147344522e-02
4                                     -8.5722880123887627e-04        -1.1507519713424277e-03        -6.9930670728015881e-03         8.1050901801478309e-02        -1.5362020679050770e-01        -9.6318807677543000e-02        -3.8859833204420692e-02        -3.0404277347574116e-01
5                                      2.7589662004964648e-03        -8.7265041087873120e-05         1.1302660207249474e-04         8.2791819939665653e-02        -9.7586359969891651e-02        -1.4967710730832723e-01         1.1828399298764645e-02         5.2685663716842225e-02
6                                     -6.6308597796611857e-06         1.1614176932146021e-03        -5.3729360694651680e-03        -3.9225609330669195e-02        -6.1765112577309156e-03        -8.3299567777217545e-03        -2.7388326388230529e-02        -8.2811369342883009e-03
7                                      3.8258487577938992e-04         7.0182265583073602e-04         1.7156837774648295e-03         1.6628620316136166e-02         8.8715070720122770e-03         5.6633198725252144e-03        -3.4889681691752258e-02         1.6619971044989391e-03
8                                     -2.1302895565869819e-03         2.2522874703486697e-03        -9.3512910270314425e-03         7.8927838013981427e-03         6.0685993217680550e-03         7.4124011493608283e-03        -2.9376298257061963e-03        -3.0545531335811425e-03
9                                      7.6873691042483058e-04        -3.9431838724297678e-05         5.0190396408215595e-04         1.5641891261689821e-03         5.7503068803463862e-04        -1.2950934067041549e-03         1.8974878298918425e-03         7.9261873950510161e-04
10                                    -2.6658641672519886e-04         5.3590784539663721e-04        -7.1002334275925192e-04         1.8765522271145670e-04         4.3976348107493913e-04         1.1974367580700270e-03        -5.3003448445214062e-03        -1.3710355761061398e-03
11                                     1.0499488012059796e-03        -3.5648052470723350e-04         2.5579059153481615e-03         1.0690241457574015e-02        -2.6984838206870100e-04         1.2002212835422964e-03         8.4742860483519762e-03         3.8957594799368203e-03
12                                    -6.6028035109027107e-05        -3.8743463624886839e-05         3.4823025060174559e-05         1.6982293632711938e-04        -1.4937199371399404e-04         2.5756691413261843e-04         8.4861998027337831e-04         1.1652052343179952e-03
13                                     1.6795732795462702e-04        -7.7500830234977054e-05         4.6756463495932531e-04         6.6912840130488706e-04         8.1270342815481338e-05        -1.6639961251944252e-04         1.8217860646656033e-03         7.5191043508742589e-04
14                                    -2.2831017079433718e-04        -4.8110590657303529e-06        -5.8087639791206259e-04        -1.3238882171032066e-03         7.0711621642691094e-05        -1.7488823392190767e-05        -4.5237802450124492e-04        -3.6985478851064672e-04
15                                    -2.5205038651843919e-05         3.8639886336101140e-06         4.0388338334373640e-05         9.0954638878591352e-04        -1.9202316720163626e-04         2.9218322792291264e-04         7.4463687773885975e-05         1.5353242806789499e-05
16                                    -1.1174874458581845e-04         6.2520668931688962e-05        -2.7958761502304983e-04        -1.1854101515309597e-03        -7.6742850821268234e-05        -1.5275333744106429e-04        -1.3429416668444129e-05        -5.1282735140651846e-05
17                                    -2.5187656250245374e-04         2.1929450858203278e-04        -5.9204246550006502e-04        -1.3568601578086673e-03         3.5824811186601952e-04         3.5669936848892192e-04        -1.2171164248088312e-03        -3.8555126735327475e-04
18                                    -2.5324948609116378e-04         2.3696273092217788e-04        -1.1567146173834004e-03        -1.8913384584166516e-03         3.2260117300279291e-05         1.3110531996556106e-04        -1.2047765703815793e-03        -6.1025750678901289e-04
19                                    -8.8394126123932744e-05         1.7017394159620419e-06        -3.2050043383604363e-04        -1.1393612646760575e-03        -1.0447132848935616e-04        -2.3239922526213389e-04         3.6578210825705267e-04        -4.3089760935263808e-05
20                                    -2.8603875577982636e-05         7.9843780271274324e-05        -3.6095389804348827e-04        -8.8512184574995683e-04        -2.8889824383932958e-05        -2.0656781576430328e-04        -6.1660140131105106e-04        -3.2188429163547882e-04
21                                     1.6857548106494235e-04        -1.2865248166484000e-04         6.2068128572737046e-04         1.1835571993901531e-03        -4.8976312500100043e-05        -4.8579727347712059e-05         9.2988548129342317e-04         3.5840495440331738e-04
22                                     1.2638199566891858e-04        -1.0509497981476102e-04         5.1268325131257155e-04         8.9657260869778564e-04        -2.2062956525786793e-05        -5.2126034981663422e-05         4.1743645961544160e-04         2.0578498011570266e-04
23                                    -6.6290996872919313e-05         5.4807115948734411e-05        -2.9124421033535099e-04        -5.7346399896916246e-04        -6.5537901909133972e-06        -2.8550663496083355e-05        -2.3346167167881643e-04        -1.4353471480507289e-04
24                                    -4.0036584012265733e-07        -1.3204182521482526e-06         5.2690824113467625e-07        -1.3632234705697878e-06         2.8878709902591522e-06        -5.7038726702988399e-06         5.0438955316999302e-05         2.3468073210992403e-05
25                                    -1.8002918303334072e-05         1.9236475361206473e-05        -6.3402141548352697e-05        -8.4690162367735634e-05         2.1342715692046161e-05         1.8045834850972662e-05        -1.6882580581626798e-04        -1.8656434094139702e-05
26                                     2.4595087110245291e-07         2.2770162549481529e-06        -2.1619894886844204e-05        -2.4629455609818791e-05         1.5986578174656341e-05         2.6508158765711608e-06        -6.3980395947260446e-05        -6.5781792554297851e-06
27                                    -1.0134198114381289e-04         7.1656151684723287e-05        -3.9720115268362585e-04        -7.6456963562079178e-04         1.2192047129181167e-05         9.1213076031705314e-06        -4.0070346863520332e-04        -1.8606504861955428e-04
28                                    -1.1011885203285110e-05         6.3925596479380342e-06        -3.2731054599928720e-05        -3.5913257690452628e-05         2.2142870568423359e-06         1.2564378565529161e-05         3.6187047301145847e-07        -5.4510620574201827e-06
29                                     1.6752067358979815e-05        -1.4644472965938945e-05         8.1997012170062858e-05         1.5180584130700361e-04         8.2736571093669536e-06         9.2146647522222251e-06         6.2515909468749571e-05         3.8889001811501808e-05
30                                     8.9570278754951818e-06        -5.3896975146996860e-06         3.1452976181269712e-05         6.5562840254666511e-05        -2.2377390912102694e-06        -6.1868047222800178e-07         4.0921975112004106e-05         1.6836588166970958e-05
31                                     2.1715548177776275e-05        -1.4561277200658340e-05         8.1675041326908726e-05         1.4992452605230619e-04        -2.6099365441017039e-06        -8.8798987672444264e-07         8.3840921370130470e-05         3.9864390979649782e-05
32                                    -8.2915638686100265e-06         4.9036879541453639e-06        -2.3381586955712734e-05        -5.1979870767010673e-05         3.0488492720206476e-06         7.9722655259456683e-06        -3.1171271907778354e-05        -1.0022450819631253e-05
33                                    -2.8256187535831477e-06         2.0321503185726288e-06        -9.3136576021467582e-06        -1.7947913244123329e-05         9.1923957353000959e-07         1.8501879116270081e-06        -1.1420521766458221e-05        -4.2071165864840435e-06
34                                    -3.1579553470410328e-06         2.1431102199185613e-06        -1.0936062958737843e-05        -2.1964337018070781e-05         6.1800347633603677e-07         1.3865660008703635e-06        -1.2979780072872825e-05        -4.7872835330536640e-06
35                                     6.2814025846876304e-06        -3.9099795742825343e-06         2.1197969716039374e-05         4.1708963973418451e-05        -1.8433582118946778e-06        -2.4162550840694772e-06         2.5017864424843782e-05         1.0152582432906904e-05
36                                     9.1439031370650120e-06        -4.7269918517032762e-06         3.1676270830961092e-05         6.9281565032427411e-05         4.2353930862680705e-07         1.7372662312776924e-07         2.4938055249282130e-05         1.2988262330625303e-05
37                                    -2.2535160875338686e-05         1.5666100370340981e-05        -8.8779752661806576e-05        -1.6739895279927668e-04         1.6148313452817205e-06        -6.7497658199958608e-07        -8.8013643266164930e-05        -4.2283801612212408e-05
38                                     7.4843984879632492e-06        -4.4492462935528785e-06         3.0659892051018975e-05         5.9019783916633022e-05         2.5198002077250208e-06         6.1772733571280764e-07         2.0770624508916212e-05         1.1065080520954430e-05
39                                    -3.0416594829863587e-06         1.7308232933808253e-06        -1.1781648253489179e-05        -1.8035657180969307e-05        -5.8811588433482191e-07         5.5825727828564285e-07        -1.6115830531294587e-05        -6.1192959088589304e-06
40                                     3.5436789489832129e-06        -2.4322516073510785e-06         1.4179689019091532e-05         2.7733711110873670e-05         2.8905856154314234e-07         2.0968746934785785e-08         1.3041434735105170e-05         5.9736742918364900e-06
41                                    -5.4031193852626373e-06         3.5713432088331849e-06        -2.0786081693739830e-05        -3.5599358265396932e-05         2.5287530366945718e-07        -5.2837423543090061e-08        -2.1443803323255187e-05        -1.0693131985286487e-05
42                                    -3.0493920752068999e-03        -2.7765995202416210e-02         6.6311479626794132e-03        -7.9259161083197380e-05        -5.0741489998414578e-04         2.0693418730860936e-04         8.2177702806948954e-04         2.1051747896185858e-04
43                                     1.1708356279850896e-03        -1.9208137808555854e-03         4.3279397918236963e-04         2.6867588854450524e-04         9.5650886622307765e-04         2.3499772919093574e-04        -2.5005656279098484e-05         1.0772413663226055e-03
44                                    -8.1277800711709522e-04        -7.4079739317719001e-03         3.3079979668414151e-04         2.8081061569222229e-04        -3.3812232709632686e-04         1.6279002696758804e-03        -1.9469520043878016e-03         8.7168828142009970e-04
45                                    -1.2550078184066830e-02         1.7236057960882477e-02         1.7448456938064807e-02         6.5990153365047067e-04         1.1041209619657398e-04        -1.3107756177984462e-03         7.0755347479380050e-05        -8.0368111754949845e-05
46                                    -4.0322555971182596e-03         3.4136675482823635e-03         4.7851257623135407e-03         7.7378532094617234e-04         9.3433937336042012e-04         1.7163319861875428e-03        -7.2074080952666748e-04         8.2699435117120513e-04
47                                    -4.8209313432726712e-03         5.7655501204003350e-03         4.4824024445333666e-03        -1.9371261545064475e-03         1.7284126319037250e-03        -5.8160438215598062e-03        -7.5989521528855956e-05         4.6354123215915088e-05
48                                     3.2738277351963768e-01         4.9347394564693003e-02         6.3170450408503415e-02         2.8511717247948175e-04         3.0860973645980205e-05        -3.0157981053083619e-04         3.0877872027994664e-04         1.4031310799134892e-04
49                                     4.9347394564693003e-02         5.1624550278036731e-02         9.5726293582545016e-03        -3.5409495415303696e-05         2.4452859431608586e-04         3.0391095162481032e-06        -7.3479851735863092e-05         1.1536915415186948e-04
50                                     6.3170450408503415e-02         9.5726293582545016e-03         6.1836363846241194e-02         5.5257924218668020e-04        -6.2718287842373122e-04         8.3429607084423889e-04         2.6375427319566709e-04         3.8705484534593167e-04
51                                     2.8511717247948175e-04        -3.5409495415303696e-05         5.5257924218668020e-04         1.4412816609707310e-01        -9.0422493901490292e-02        -8.9017849892627177e-02         5.6766510713321030e-03        -3.0637271955082472e-03
52                                     3.0860973645980205e-05         2.4452859431608586e-04        -6.2718287842373122e-04        -9.0422493901490292e-02         1.5136086349674413e-01         1.0262287363869479e-01         1.5027291531134537e-02        -1.4519437298005323e-02
53                                    -3.0157981053083619e-04         3.0391095162481032e-06         8.3429607084423889e-04        -8.9017849892627177e-02         1.0262287363869479e-01         1.5683433055187096e-01        -3.6543290529063633e-03         4.9935956810421012e-03
54                                     3.0877872027994664e-04        -7.3479851735863092e-05         2.6375427319566709e-04         5.6766510713321030e-03         1.5027291531134537e-02        -3.6543290529063633e-03         7.1978538100132439e-02         5.5775104893201033e-02
55                                     1.4031310799134892e-04         1.1536915415186948e-04         3.8705484534593167e-04        -3.0637271955082472e-03        -1.4519437298005323e-02         4.9935956810421012e-03         5.5775104893201033e-02         3.1803958088197037e-01
56                                    -1.3224815138389518e-04        -4.8453853582508793e-04         1.0145197269525097e-03        -3.2373990166331842e-03        -1.8248477612787237e-02         5.1553233372413979e-03        -9.0090302567808755e-03        -5.8534427532411476e-02
57                                     3.7893339327429861e-06         1.8110010247401353e-06         8.2895950924886760e-07         3.2805200709057293e-05        -1.4782929137985106e-06         1.0071568096845024e-06         4.4780796631506511e-05         1.3062506899671087e-05
58                                     3.6248242323534535e-07        -7.5062425155796034e-08        -5.7240303211591363e-06         1.5624794819891017e-05         5.7059751442198734e-06         1.9854706327011892e-06         1.4412593815860892e-05         8.4855402552246589e-06
59                                    -3.4924195782059869e-06         2.0776147814261935e-06        -6.0322231030234205e-06        -2.1091990800658835e-05         4.0327697779419147e-06        -1.6201533776921402e-06        -4.9150769493027818e-05        -1.0181074086352317e-05
60                                     1.8704268042625262e-06        -2.2302444487344383e-07         9.9497896763945423e-07        -5.4719301211802973e-06        -4.9529708853285294e-06         1.7294168025655077e-05        -5.2241813844700944e-05        -4.1070262353685256e-06
61                                     1.6708563880016068e-05        -9.8864984165065819e-06         3.7184936708548633e-05         8.2223604584209033e-05        -1.4347688522444527e-05        -3.4963302346232588e-06         1.2648941889058869e-04         4.0164595075174538e-05
62                                     5.3749940463282354e-06        -1.8289580959179422e-06         1.2495713004637531e-05         6.0093757247088435e-05        -2.3776775737660479e-05         1.0023986560801811e-05         1.0961900090936092e-04         1.1927606542996665e-05
63                                    -4.9746919262446025e-06         1.9237094570186472e-06        -8.4843121804379405e-06        -2.7122299755245787e-05         1.0806420414477724e-05         5.3517455020927332e-06        -9.3349292525948021e-05        -1.4860428912129016e-05
64                                    -4.4212876324027628e-06         3.7957933296407279e-06        -1.8673879832406586e-05        -2.4319246672895315e-05        -3.8479640379804992e-06         5.1453027690178435e-07         1.1102291625209437e-05        -3.6558837018670586e-07
65                                     2.0945218607518037e-06        -1.2890216428825886e-06         8.6715498211130756e-06         1.1036210709621755e-05        -2.4713715659901415e-06        -3.2198661403682025e-06         1.3173560236828080e-05         6.5511462949513309e-06
66                                    -4.6669560434797741e-06         3.0553858315412875e-06        -1.7663724755098973e-05        -3.2454460142207992e-05         6.9004244573382602e-07        -8.9899375544462336e-09        -2.0906057157530376e-05        -9.2320497617811713e-06
67                                    -4.1334172159265807e-06         2.9825959744268119e-06        -1.7027430939756818e-05        -2.9281748874136930e-05        -2.8124414729703085e-07        -5.2234966586543147e-07        -1.3601687144528253e-05        -7.6922968140890677e-06
68                                     2.5968798827410557e-06        -1.8815969417718238e-06         1.0977903866976994e-05         1.9680790225581197e-05         1.5045938161014453e-07         5.7039721727815296e-07         7.9533720618920292e-06         4.7590470762185368e-06
69                                    -7.9859373369224477e-07         8.3703526624270757e-07        -5.0696710372238901e-06        -7.5863999903330289e-06        -1.0058649863663551e-06        -8.2283512314310751e-07        -2.3049647872364131e-07        -1.7140540127567281e-06
70                                    -2.3360222005981164e-06         1.8692836559260541e-06        -1.0378379390071755e-05        -1.8098043995869605e-05         4.0290657702907485e-07         1.3459086850142388e-07        -7.1506772839268631e-06        -3.7037366937857830e-06
71                                     4.1750596644581680e-07        -6.6320106557147175e-07         3.2436136329661402e-06         7.2574560752512566e-06         6.7013595559071721e-07         4.1417903649363128e-07        -2.5621718497837423e-06         2.1965446295148309e-07
72                                    -2.2378715640625347e-06         1.3575724784136196e-06        -7.7512528505509768e-06        -1.4912720585827843e-05         5.2214263127531345e-07         4.3750929870756654e-07        -9.8442833322299779e-06        -3.7088271415096115e-06
73                                    -2.9457442032895082e-06         1.8710591695975413e-06        -1.0253564015399033e-05        -1.9545249018750278e-05         4.3636653697732474e-07         7.7182631418626119e-07        -1.1823831353061884e-05        -4.8861547570573077e-06
74                                    -2.1523159899373978e-06         1.3949457934897066e-06        -7.5337957957414349e-06        -1.4497688439140117e-05         4.9687867201183219e-07         8.6176467758510964e-07        -8.8266005340528006e-06        -3.8414210583808287e-06
75                                    -1.5359385647925743e-07         2.5480206386231347e-08        -3.9070081187306651e-07        -6.4748674107250540e-07         1.0400118725480736e-07         4.5124353483897572e-08        -1.7868705079189940e-06        -3.7950651204614661e-07
76                                     5.9611028565638958e-07        -3.9438215919900124e-07         2.2519512523753266e-06         4.3687202211372521e-06        -7.6949873773895914e-08         2.7140332949980806e-08         2.6173032600162163e-06         1.0458409047431337e-06
77                                    -6.1469149614855421e-07         3.8570522679629872e-07        -2.2393430458222738e-06        -4.0140739781399481e-06         1.8541000379038500e-07        -3.6016905138138339e-08        -2.7902953006422429e-06        -1.1053170372305921e-06
78                                     9.2357747047896468e-07        -6.2271580423500604e-07         3.0807780701432355e-06         5.7614045868637685e-06        -1.9452053218089823e-07        -2.4145015857281871e-07         4.4699405360996092e-06         1.3873732327026434e-06
79                                     3.5779362206951699e-07        -2.6868841178398750e-07         7.5458531220870598e-07         1.4501707369376170e-06        -9.7556313529750447e-08        -3.4283117819164347e-07         2.8567395104920047e-06         7.0826821501127407e-07
80                                    -7.6963665309931131e-08         1.7837381277542323e-07        -8.8056306057597343e-07        -1.5331155284321750e-06        -3.9172697103192266e-07        -1.4148714953656161e-07         1.3664439408683383e-06         3.3724043046749383e-07
81                                    -4.8903503173247252e-06         3.7780382925241758e-06        -1.8801710863013837e-05        -3.1133531365487887e-05         1.2243939294340900e-06         1.7348136212144561e-06        -2.3746391233013941e-05        -1.0290099192711131e-05
82                                     1.8010420628749203e-06        -9.3950818334346614e-07         6.5197098243040489e-06         1.6455766201687377e-05        -1.2708089199871733e-07         2.3306313403036426e-07         8.1602127817146857e-06         3.3530851985427025e-06
83                                     1.0901161453610812e-06        -1.4079362030993907e-06         4.9111757812780375e-06         2.1894724384611977e-06        -6.0822598258207169e-07        -1.0837708238497361e-06         5.9172172628450077e-06         3.2624939972079473e-06
84                                     2.9283708668559630e-06        -2.7985040574791947e-06         1.4360210698335452e-05         1.7068767398381972e-05         5.0527460187667797e-07         1.9056081841750623e-08         9.0086645974726927e-06         6.0444610988171060e-06
85                                     5.8843197156542264e-07         2.1150096048117284e-07         1.5154490278502762e-06         8.3591581315247735e-06         5.0449201133811853e-07         1.1273000284303680e-06        -1.6931475242774608e-08        -5.2709397137568775e-09
86                                     2.4850770241176620e-06        -2.3914117919220951e-06         7.0283773673094365e-06         1.6675450158311274e-06        -2.5231979458010089e-06        -4.3398053256138737e-06         1.7170142730755451e-05         6.0185122813955356e-06
87                                     7.7912797659675475e-07        -2.3957170596288711e-07         2.5537293475212146e-06         4.9936874218327860e-06         8.6887427993725703e-07         9.3185893331028884e-07         3.7178618801758290e-06         1.6128196434884410e-06
88                                    -2.0541657969936583e-06         1.2398418466970073e-06        -5.8253129420317880e-06        -1.0283985505431398e-05         1.6601133335841363e-07         9.8555851631989153e-07        -9.7165116413336059e-06        -3.9672506707038235e-06
89                                    -1.6260910334830599e-06         1.1787854244655819e-06        -5.4677964003916266e-06        -6.6993514163830687e-06         8.4770727573470428e-07         2.0940625332617725e-06        -8.5386426214114388e-06        -2.6482929025502694e-06
90                                    -1.0478972208317409e-06         8.3690637164444205e-07        -3.6755926609620834e-06        -6.1809397539245467e-06         2.1368689417342688e-07         3.8717500131153589e-07        -5.1853990628666703e-06        -2.3244232663553486e-06
91                                     3.4448496013232704e-06        -2.2016909185616378e-06         1.2662454928219168e-05         2.3079919324184707e-05        -2.3018740582613398e-07        -2.6442207468005627e-07         1.4322481333079161e-05         6.3851050464914849e-06
92                                     2.2793282141385691e-06        -1.5412153865334989e-06         8.8367438607309919e-06         1.5773791893769322e-05        -1.1349173644657561e-07        -4.0085830418194881e-07         1.0126634489788059e-05         4.4618410460906582e-06
93                                    -3.7315659960941722e-07         4.4865299114514405e-07        -1.6790666488020977e-06        -2.7894947654551291e-06         2.2026073253065989e-07         1.4033304861648898e-07        -1.7057702466411409e-06        -6.9738369552297606e-07
94                                    -2.8021844777437614e-07         1.5677530111052595e-07        -9.9756865306249546e-07        -2.4882697590123189e-06         6.6330696412378066e-08        -3.7326445737913662e-08        -4.8331161343048139e-07        -1.4377623060820752e-07
95                                     1.0638018908809470e-06        -7.5916278220457980e-07         3.8188017841405722e-06         5.5686522861883789e-06        -1.5150494947186957e-07        -2.5303740105745296e-07         5.4428802018682364e-06         2.0830265031596660e-06
                                                        56                          57                          58                          59                          60                          61                          62                          63

0                                      5.5502304485096953e-03         1.9000509105816065e-05        -4.7778794302221587e-06        -4.0862345852327642e-06         1.4251693456812002e-05         8.3355330392722814e-05         3.6651634770804149e-05        -7.3356188562959198e-06
1                                      3.1084987118307705e-02        -5.1257078748324584e-06         6.5518083721442463e-07         1.1999994417460267e-05         3.6639355187524465e-07         1.9959502781519394e-05        -1.6718781803555832e-05         1.9922137608036074e-06
2                                     -5.4944735873682406e-03         1.1357485853706869e-05         8.8863432269304105e-06         4.9548245529848017e-06         4.0046316067697584e-07        -1.2658568452118588e-05         4.0722648923688474e-06         6.6291428375964349e-06
3                                      1.3659704153526957e-02        -1.2653835192824586e-04        -9.4600787012219726e-06         1.3682572412909537e-04         4.4705640884245656e-05        -7.2113167708341957e-04        -2.5344681412863777e-04         2.9384740387208087e-04
4                                      5.3350779036018127e-02         2.9593918976642826e-05        -1.6275844733789892e-05        -3.9133686496240272e-05        -1.7764525914204236e-04        -5.3510298140493909e-05         9.2706878167291587e-05        -1.0062211980744318e-04
5                                     -6.3745720266357844e-02        -8.8275575446442752e-05        -5.7218886359430141e-05         5.8220363958768405e-05         2.4330173068457087e-05        -2.1805127282877553e-04        -1.0745637082815629e-04         1.5824807986607634e-04
6                                     -5.8409215819994770e-03         1.3101149458691686e-04        -2.5535653140025820e-04        -2.4978880589999683e-04        -5.4154463289390539e-04        -1.6474153687170685e-04         4.5756062425228645e-04        -2.5508281303907124e-04
7                                     -6.8561780590853608e-03         1.8234964650533977e-04         6.8113137399454922e-05        -2.9458055670064892e-04        -4.9423431075144939e-04         5.2858809032283816e-04         8.1345913487666007e-04        -7.0620434259519721e-04
8                                      1.2649769826610629e-03        -5.7893447518542063e-05        -3.6017342318338214e-04         2.9410438208850027e-04        -6.1679961734331743e-05         3.9360660513285660e-04        -4.5890986094652232e-04        -1.5777680038588234e-05
9                                     -1.2373355932265987e-03        -2.5186445494456078e-04         2.3739520057028279e-03        -1.0341856582914315e-04         9.5109040716260152e-04         1.3022833974021960e-03        -6.6659673011089772e-04        -1.1834083213914390e-03
10                                    -2.7908481749237815e-03         4.8527612418812970e-04         5.8066602562632151e-06        -1.7440749270128202e-04        -7.7914277529641130e-04        -7.2717087941606105e-03         1.8094962174672526e-03         1.4329487044114769e-03
11                                     2.0310297204803943e-03         6.1535804831294488e-04         7.7604956230065039e-04        -6.8301050875499273e-04        -1.6744354714035188e-04        -6.0972586443212493e-04         3.3403965922036861e-03        -3.7621177601639382e-04
12                                     5.6587361318686255e-04         5.1392887823429478e-05        -3.8057450473913461e-04         4.9858428960597087e-05        -3.9655699952347912e-05        -9.8725391989386833e-05        -3.9504168013798288e-05         2.0111697795562733e-04
13                                     7.1147788966480089e-04         3.4025422200944785e-05        -1.2541520317555887e-04        -6.8511311933003565e-06         1.4513279038520246e-04         7.2348142849175954e-04        -4.1134067861547908e-04        -1.1375920233233996e-04
14                                    -1.9923575086229430e-05        -1.1464637988744947e-04         8.9523350369478185e-05         4.0775485564463910e-05         5.7830892651950113e-05         8.8001752238872633e-06        -3.1486570836655948e-04         8.9662704490850770e-05
15                                     6.9302510312174118e-05        -1.2897282520940492e-04        -5.1731785623689713e-04         8.9504079935596623e-05        -2.0468403677996643e-03        -1.1612580499530739e-03         1.7289089789590344e-03        -8.1387861833061173e-05
16                                     3.0328374767236624e-04        -7.9576665837834972e-04         3.0985401795359112e-04         2.6188471726959115e-04        -1.6669012322566999e-03         1.2535244903706039e-03        -3.0016159540472809e-04        -6.0306476346185640e-04
17                                    -1.9536820837268487e-04         4.4461950610323348e-05         8.8124150802252628e-05         5.8903823351448125e-06         1.8938898707786429e-03         1.0082751452092065e-03        -2.3012524065301010e-03         2.5289369527639545e-04
18                                     2.4159751442777438e-04         1.9145211384270083e-04        -9.0246176103887397e-04        -1.1104463426436298e-03         1.2271511362442178e-03        -1.8664595177003062e-03         4.6970490432884102e-05         3.6300867016423677e-04
19                                     5.0378026188661071e-04        -2.3612762610221124e-05        -4.1551665132685206e-03         2.3716766942253904e-04        -1.9934162887083971e-03         2.2241980126602411e-03        -9.2777389503620857e-04         1.8004060034295575e-03
20                                    -2.3531445880749940e-04         4.1777258854033112e-04        -3.0568791412041657e-03         7.6561743704541951e-04        -5.2135819008825458e-04         4.3612663789906734e-04        -2.7073571558670255e-04        -2.5901695357222880e-03
21                                     5.2835169342554239e-05        -2.8300428503548764e-03         1.4305771749342443e-03        -5.9742684258354359e-04        -1.1710204292937976e-02         2.7741008669846953e-02        -1.2447471372629871e-02         1.0166645480779578e-02
22                                    -3.8196273136605162e-05        -2.1354753068679568e-03         1.5515643816681607e-03         1.2661844556625043e-03        -1.9265308146315125e-03        -6.0823327444613218e-04         1.4395767741889965e-03         1.0996632257929389e-02
23                                     1.4775215776141346e-05        -1.4473474314780899e-02         3.0556776132758423e-02        -6.4310512784255683e-03         4.5619812732380404e-03        -1.4085132663947744e-02         2.4328841582906767e-03         8.0683184194562853e-03
24                                     2.3172080237463254e-05        -4.3908388331236239e-02         2.3738544017476403e-03        -2.2658844511931557e-02        -2.9450619748912793e-01         1.4400656908480315e-02         1.1168586239265721e-01        -1.3501622848623546e-01
25                                    -1.2930169059743310e-05         2.3619615597133868e-03        -4.2310551753711761e-02         4.3838003184759888e-03         2.1067744431047294e-02        -5.0012446922873675e-02        -1.0365316092905842e-02        -1.2548465461490754e-01
26                                    -8.9191130991237389e-06        -2.4272503695309325e-02         7.5520517210244820e-03        -3.2525561980896334e-01         1.0920579657003421e-01        -7.0567702991778062e-03        -9.2049381552911896e-02        -4.6872505823198629e-02
27                                     3.7237717175230684e-05        -1.0688862722328303e-03        -1.5399559222226589e-04         1.4695410121246732e-03         7.5747530092883791e-06         1.9406951630295162e-03        -4.6196367353351284e-04        -7.1668672244904006e-04
28                                     2.1370403505254173e-05         1.5477330290640473e-03        -9.1710588444211035e-04         8.3871830441424079e-04         2.4867343819716323e-03        -5.1988276815755959e-03         2.6410897830744973e-03        -2.6907008653151497e-04
29                                    -1.2146746758908313e-05         7.2265029132692529e-04        -9.3114322913192041e-04         1.1392933576564622e-04        -2.5427194778579985e-04         2.5056720044381781e-03        -3.7574579580549792e-04        -5.7487890492405064e-04
30                                    -2.5284575690331166e-06         4.6134810299794491e-04         3.3845611462778014e-04         4.2012310363481568e-05         1.6395613598899701e-04        -1.0489224022942421e-03         8.9414566974375118e-06        -1.9946393955728213e-03
31                                    -1.0139972683492520e-05         4.4971073877654604e-04        -4.1216118329750790e-05        -4.4923788196305642e-04         1.4359367653905649e-04        -9.6239056275489383e-04         9.2707104473865653e-05         1.3854240790501702e-03
32                                     5.1874650968361099e-06        -9.5907624768973841e-04         3.5372363702221228e-04         7.1830312255274638e-05         1.8498293312746894e-04         7.7082970719603416e-04        -1.3559125176364889e-04         1.8959023245877307e-03
33                                     1.5374907759735947e-06         1.2767884074960868e-04         8.4649913322150258e-06         8.3291037987671832e-05         1.2691732285411567e-05         5.9627939338902313e-05         2.1270474497333929e-05        -1.0971322139034911e-03
34                                     1.2231632745292812e-06        -3.5077155714396729e-04         6.6812067682809440e-05         3.9316985423654596e-05         5.0467111346822668e-05         8.7217872790652185e-05         2.6551505245446572e-05         4.8574243669769228e-04
35                                    -2.2170238160993774e-06        -1.3063344625707695e-04        -4.5391413788547336e-04         6.8923288584938366e-06         7.3868177100798346e-05         6.1173276015534950e-05         4.4560073078832096e-05         2.7101187577268911e-04
36                                    -8.5465011728780435e-06         2.5609107714292731e-04        -3.2179026004081052e-04        -9.8804242910258881e-05        -2.5877233518478422e-04         1.0283370235016978e-03        -4.7502751586701142e-04         1.7746894417403053e-04
37                                     8.5386898658273378e-06         3.4174626816510414e-04        -3.8215190649549039e-04         8.4720864503679542e-05        -4.5111136271772697e-04         9.1190057304471237e-04        -1.1252462986566496e-04        -4.2341407029769197e-05
38                                    -4.3867087006361231e-06         1.2039700342513222e-03        -1.3863457763613400e-03         3.1482661635912963e-05         1.4394734043421840e-04         3.5655481787413986e-04         1.9423915726473779e-04        -3.4052006583891621e-04
39                                     1.1090041447266860e-06        -2.2637108397057567e-04         2.7429607423032929e-04        -4.0909858095339628e-05        -2.8042728165377428e-05         3.5949842732507500e-06        -3.6488848883270860e-05        -1.9543105580083737e-05
40                                    -1.3075907706699727e-06         2.2065880503903366e-04        -2.4163841298642112e-04         2.5869747590435797e-05         3.8591312950594296e-05         5.5265227911376153e-05         2.4688268009130210e-05        -6.3396866517067153e-05
41                                     1.6464260578742354e-06        -2.1211430296034372e-04         2.4936109433611062e-04        -5.2183524278586878e-05        -4.1885160711119878e-05         6.8458671065216851e-05        -3.4314072323711497e-05        -2.4601503403369998e-05
42                                    -1.1376082387700814e-03        -1.4588792959442659e-05        -9.3835846467252023e-06         7.5296334522085222e-06        -1.9131866962937872e-06        -1.2131501984978632e-05        -1.3531032540124400e-05         5.6685040766983448e-06
43                                     1.3471902511990094e-03         1.4562772264584879e-05         1.3347155640506613e-06        -1.1829656005717126e-06         6.2604922469051407e-06        -3.7273860360402449e-08         1.3762467068149370e-05        -8.8236141956473649e-07
44                                    -5.8974307202601661e-03        -2.4229773753672694e-06         3.8118839802726292e-08        -4.5612888069678555e-06        -6.5227612564428819e-06         8.3460349803445328e-07        -1.2806013653211505e-05        -1.9867911384856176e-06
45                                     4.4193865269871908e-04        -2.3986724909249570e-06         1.0854727443819427e-06         4.3493372166065488e-06         3.1067519236615664e-06        -9.2336521712243321e-06        -2.3483631719674393e-06         3.7630152634331712e-06
46                                    -3.9534695447775419e-04        -1.8820876312426045e-06        -4.3873611906361139e-06         1.1027312728122872e-06         3.8215439288455844e-06         5.7442462793381955e-07         3.9062662323037059e-06         1.2083646844143087e-06
47                                     1.5513409164779821e-03         3.8939171892657478e-06         1.0111736425927471e-06        -1.1894934969825552e-06         1.9359890409990574e-06         7.9796411829106183e-06         2.2143025172162092e-06        -1.4406576587613115e-06
48                                    -1.3224815138389518e-04         3.7893339327429861e-06         3.6248242323534535e-07        -3.4924195782059869e-06         1.8704268042625262e-06         1.6708563880016068e-05         5.3749940463282354e-06        -4.9746919262446025e-06
49                                    -4.8453853582508793e-04         1.8110010247401353e-06        -7.5062425155796034e-08         2.0776147814261935e-06        -2.2302444487344383e-07        -9.8864984165065819e-06        -1.8289580959179422e-06         1.9237094570186472e-06
50                                     1.0145197269525097e-03         8.2895950924886760e-07        -5.7240303211591363e-06        -6.0322231030234205e-06         9.9497896763945423e-07         3.7184936708548633e-05         1.2495713004637531e-05        -8.4843121804379405e-06
51                                    -3.2373990166331842e-03         3.2805200709057293e-05         1.5624794819891017e-05        -2.1091990800658835e-05        -5.4719301211802973e-06         8.2223604584209033e-05         6.0093757247088435e-05        -2.7122299755245787e-05
52                                    -1.8248477612787237e-02        -1.4782929137985106e-06         5.7059751442198734e-06         4.0327697779419147e-06        -4.9529708853285294e-06        -1.4347688522444527e-05        -2.3776775737660479e-05         1.0806420414477724e-05
53                                     5.1553233372413979e-03         1.0071568096845024e-06         1.9854706327011892e-06        -1.6201533776921402e-06         1.7294168025655077e-05        -3.4963302346232588e-06         1.0023986560801811e-05         5.3517455020927332e-06
54                                    -9.0090302567808755e-03         4.4780796631506511e-05         1.4412593815860892e-05        -4.9150769493027818e-05        -5.2241813844700944e-05         1.2648941889058869e-04         1.0961900090936092e-04        -9.3349292525948021e-05
55                                    -5.8534427532411476e-02         1.3062506899671087e-05         8.4855402552246589e-06        -1.0181074086352317e-05        -4.1070262353685256e-06         4.0164595075174538e-05         1.1927606542996665e-05        -1.4860428912129016e-05
56                                     6.4572508545204188e-02         2.2629489787478543e-06         2.4832892782144059e-06        -7.8039173661795477e-06        -5.3158253219297684e-06         1.3163160320381964e-05         1.2355896181869399e-05        -1.7791713447824879e-05
57                                     2.2629489787478543e-06         4.4092275093669149e-02        -3.2374321534347911e-03         2.5617739712131049e-02         5.4068120321804887e-03        -1.0272467837067654e-03         2.7568255229713623e-02        -1.3471142322926074e-03
58                                     2.4832892782144059e-06        -3.2374321534347911e-03         4.4393024532728434e-02        -7.7033558097173074e-03        -4.9002459269020522e-04        -9.0641546170452687e-04        -1.9413183312768957e-03        -6.0020750307272688e-04
59                                    -7.8039173661795477e-06         2.5617739712131049e-02        -7.7033558097173074e-03         3.4482476892390135e-01        -3.1993369998369534e-03         6.0483209329211581e-05        -8.4787093133377178e-03         9.6770336106319181e-04
60                                    -5.3158253219297684e-06         5.4068120321804887e-03        -4.9002459269020522e-04        -3.1993369998369534e-03         3.1227662590279726e-01        -1.9608703985124119e-02        -1.1737642601367218e-01        -1.0581528726768581e-02
61                                     1.3163160320381964e-05        -1.0272467837067654e-03        -9.0641546170452687e-04         6.0483209329211581e-05        -1.9608703985124119e-02         5.5372724006174823e-02         5.4124234568123011e-03        -2.0777496138572629e-02
62                                     1.2355896181869399e-05         2.7568255229713623e-02        -1.9413183312768957e-03        -8.4787093133377178e-03        -1.1737642601367218e-01         5.4124234568123011e-03         9.4078792768473002e-02        -9.9215833283180215e-03
63                                    -1.7791713447824879e-05        -1.3471142322926074e-03        -6.0020750307272688e-04         9.6770336106319181e-04        -1.0581528726768581e-02        -2.0777496138572629e-02        -9.9215833283180215e-03         1.4283722802181745e-01
64                                     8.1336422337274824e-06         2.1320484908640734e-03         2.3482394008568974e-03         1.7092428596518910e-03         3.1834837101513240e-03         3.7057711600575797e-03         1.6658258681139472e-03         1.3248669566779259e-01
65                                     1.0752454813003316e-06        -1.6342421626226386e-02        -2.4075060631119694e-02        -5.6742062888180582e-03         5.8104069635232600e-03         1.1331308796980849e-02         4.1304489172223503e-03         4.9444794396618891e-02
66                                     1.6959632078234198e-06         2.5840612466519297e-05         9.8793442059742152e-05         1.6181402603947828e-04        -6.2832894396794119e-05        -8.2998542812868093e-05         1.1156790762838862e-05         2.9246955391392651e-05
67                                     2.1144479487953007e-06        -8.5531124651985299e-05        -2.2298677192340190e-06        -1.3205804685386552e-04         4.4378126088635044e-05         2.4185207037044789e-04        -1.3036933834583244e-05        -1.2952205464352156e-04
68                                    -1.7536957998612779e-06         6.1028391807482860e-05         4.3243970379218073e-05         1.8068349902554024e-04        -8.3954579734821309e-05        -2.1855045722525481e-04         4.9826472543562054e-05        -4.6330553938701033e-05
69                                     9.6726593424503427e-07        -7.9577620052293180e-04         1.2175116030769914e-04        -4.6304556996008784e-04        -2.5752763846740722e-04        -4.4721012778895804e-04        -8.6309644403207054e-05        -2.0509785157411141e-03
70                                     1.2120515268830576e-06        -1.8317392444489351e-04         1.1436456112507372e-04        -1.2445584708743545e-04         1.3137452367168351e-04         2.7709252051994019e-04        -1.1027370324696460e-04         1.0193261184165256e-03
71                                    -1.1888432471509093e-06         1.1941056335975871e-04         1.2789448815412114e-04         9.4141054016722795e-05        -2.5718271589585064e-04        -4.9128438943732162e-04         1.0464792013961232e-04         6.6739960011865773e-04
72                                     4.8612950586396437e-07         9.2859826021243952e-06         3.3207686736004599e-05        -1.5099766211059307e-05        -4.6524456196129623e-05        -3.8478397574762046e-05        -3.3184112700067024e-05         1.5677511158568739e-04
73                                     1.0042969716247300e-06        -3.7595266800135351e-05         6.5178361677287652e-05         2.0019705440343943e-05        -8.9734343353457352e-06         3.5488931293345490e-05         1.1518792164619949e-05        -2.5900655241310028e-05
74                                     9.8723258233764203e-07        -3.1419750393615652e-05         6.6202205091965086e-05         8.2685347471337766e-06        -8.9543066239246110e-06         3.0689131630386302e-05         3.5463699321570605e-06        -1.8211133062502171e-05
75                                    -3.8165480439018069e-07        -3.3027719282637928e-05        -7.6844438481056434e-05         1.7719801311821175e-05        -2.1555426065545346e-05        -3.5494600798940907e-05        -1.7873985982897822e-05         3.7966181190809999e-04
76                                    -2.1769252785940571e-07         6.7944655992357858e-05         3.7489710180538685e-06         2.1684456468663979e-05         2.7358029014573490e-06        -1.3595500476499776e-05         2.0446602199219676e-05        -9.7637118574887133e-05
77                                     1.3585565391066779e-07         1.2594610024182408e-04         4.2301988009994985e-05         2.7724487527205232e-05        -2.5737687774062625e-05        -3.2468912730880366e-05         1.6967800927541762e-05        -5.2008739034266896e-05
78                                     1.1578044556823620e-07        -1.0544254706939984e-04        -6.9938639206501593e-05         2.3526916459470654e-06         7.6562577449783102e-05         1.0917507556125865e-04         6.7510781870507746e-05        -4.7951420631948396e-05
79                                     4.4898156435401901e-07         5.4804581936983911e-05         8.1988817615374196e-05         4.8382078634985539e-05         6.4010289309188455e-05         6.4204978772894667e-05         6.2999443341282086e-05        -5.2532962280775366e-04
80                                     3.6306141128255395e-07         5.5268350570527401e-05         9.6787087967791099e-05         3.9037852879446740e-05         7.9294838799285553e-05         1.2093195745628148e-04         6.8050380097590949e-05        -9.3202884821607474e-04
81                                     9.1936074751573131e-07         9.3800689933328109e-07         1.0863654433680588e-05        -2.7326076120570610e-05        -3.6374293736796430e-05         2.2156812254124311e-04        -7.1809135109181916e-05        -9.3783609246754181e-06
82                                    -8.0428183409587569e-07        -8.1204039234760410e-05         1.0133943621068911e-04        -1.2321144371152822e-05         1.6207671143991353e-04        -4.1223193689418191e-04         1.0244476051345654e-04         3.5181241195710012e-06
83                                    -8.8531368787935404e-08         8.5200119495743999e-06        -4.6207179674629328e-05         1.3965393146539893e-05        -4.4038258723092152e-05         1.4174307318630869e-04        -8.1374807565152185e-06        -3.5800864660860736e-05
84                                    -6.6324840573245649e-07        -1.7552497953895115e-06        -9.4726402787731012e-05         3.3765969600690101e-05        -2.6075218173688937e-06         1.2713685815649786e-05         2.4456034416578797e-05        -7.4475645969335267e-05
85                                    -1.4883453167726629e-06        -3.6369544322717261e-05         1.5562465921209076e-05        -1.9618746774146509e-05         2.8574302304596301e-05        -2.8920513359909677e-05        -3.5449828432102912e-05         1.2083139315023750e-05
86                                     1.2652662369023928e-06        -7.1289923289201598e-06         8.1838259695009852e-06         1.0906454430461611e-05        -1.6482441808231556e-05         3.6343263103724897e-05         1.0432063892838148e-05         2.9782697564088422e-05
87                                    -1.0632032197112800e-06         8.0195856012163043e-06        -1.8117828127223686e-05        -1.1319119641055314e-05         1.3885337488015663e-06        -2.2948656143738339e-05         7.8746801825977855e-06         1.8028027987214960e-06
88                                    -2.2895829905203183e-07        -1.9182274654489453e-05         6.1042532609633130e-05        -2.5969329802372676e-05         1.1544751581061211e-05        -1.6471544078716557e-06         9.4312814519353509e-06        -1.5406851193268330e-06
89                                     7.3117644573176434e-08        -1.3954589012476890e-05         5.9738581676047270e-05        -1.6452033114514180e-05         2.8553921734341368e-05        -3.1082036462973793e-05         9.3088233947480543e-06        -3.8708395578146285e-07
90                                     6.8272068438806847e-08        -1.8228733372665373e-05         3.6282509714271912e-05        -7.6598739034368276e-06         5.8258873662940031e-06         7.4473272934368730e-07         1.2361809283474520e-05        -2.8843888882113756e-06
91                                    -1.0928531958461807e-06         9.5285545330139207e-05        -1.1013483799407528e-04         4.6171756258211913e-06         3.3152135292110452e-05        -4.3537282451157420e-05         2.0966825919902730e-05         3.5730690989516187e-06
92                                    -7.9052532985968695e-07         9.2444540257086827e-05        -1.0693057745704142e-04         1.4135174950075951e-05         2.8767902703368412e-05        -3.1077480644745088e-05         1.9527325608360486e-05        -3.5326238536714632e-06
93                                    -3.7415251852336437e-09        -3.1253532787467814e-06         1.3540579549540387e-05        -2.3349650840043517e-06         6.2218228707049318e-06        -1.0936408003882356e-06        -1.1458847827671497e-06        -5.0315855023975553e-06
94                                    -6.4756528767127311e-08        -1.3843115193520747e-05         9.9434716533878879e-06        -4.7419483126138746e-06        -2.9834263850585219e-06        -4.2710412209883980e-06        -4.3347869473307077e-07        -4.4019482117050370e-06
95                                    -3.8089401311467240e-08         1.3364892918806211e-05        -2.3305034292897069e-05         5.1109431585477183e-06         8.1554348663477442e-06        -2.8259347601608580e-05         3.1145565836023653e-06         7.2088175685530080e-06
                                                        64                          65                          66                          67                          68                          69                          70                          71

0                                     -4.7368898801089353e-05         2.2466303168242353e-05        -4.3033228335837603e-05        -4.2910324909735348e-05         2.7721756423938847e-05        -1.1364411269772580e-05        -2.4472885483447717e-05         8.7090434061455525e-06
1                                     -1.0919612920535721e-05         8.0041898380811645e-06        -8.7081580522380304e-06        -9.3667401014925083e-06         5.8124537187509623e-06        -4.0636568612935899e-06        -6.4980524475470593e-06         2.2412194192522516e-06
2                                      7.5834727900947958e-06         8.7032120683549086e-07         5.6533834108576926e-06         4.0720605470313450e-06        -3.0543424334146165e-06         1.6994864952541033e-06         3.9060560218646387e-06        -7.6275436747969581e-07
3                                      1.1579408320384638e-04        -1.0337948247426281e-04         1.8586804014196425e-04         1.4386548129238552e-04        -9.5155066062007081e-05         2.6184399787612078e-05         9.2488734389337767e-05        -1.6879124423441675e-05
4                                      1.0112604720079402e-04        -1.7552275508999797e-05         5.6877845019228464e-05         6.4347091983892724e-05        -4.2789482592010231e-05         2.0346866956365440e-05         3.7841617332326526e-05        -2.2522174602117960e-05
5                                     -5.3871070533906474e-05        -3.4050575063886065e-06         2.0422034150791680e-05        -2.5811474901952147e-06        -1.2747968976827349e-06        -6.1433542722464303e-06         2.8789472290052997e-06         3.0077494347981799e-06
6                                     -4.1080070028442882e-04         1.1610287126613494e-04        -5.4381708466898335e-04        -5.5702198405711703e-04         3.5831780904601500e-04        -1.7552534311635957e-04        -3.3351474374686220e-04         1.2624798454953834e-04
7                                      1.7223520197345334e-04         4.3528085078142963e-05        -3.7982797070184171e-05         7.5530187244228305e-06        -1.5652552014971845e-05         3.5578372876536319e-05         1.9208779799272717e-05        -4.6713425210961478e-05
8                                     -2.3527539132478032e-04         2.6217630373431453e-04        -2.6977437173034580e-04        -2.4942732523141985e-04         1.6293709247550242e-04        -9.3111517651532855e-05        -1.7865356791919526e-04         6.3551172724777232e-05
9                                      2.5708113088616842e-03        -3.4611530140104787e-04         1.5857481274726499e-03         1.2901112951840329e-03        -1.1133239094731143e-03         7.1893895048485675e-04         1.3115107385605002e-03        -6.6173596375098819e-04
10                                     1.9656337928683140e-05        -6.3293607628485437e-04         1.4111970680485151e-04        -7.5819868454459171e-05         3.9501680320221802e-05        -3.8262303553777662e-05         6.1356651209599686e-05         1.4345568904052642e-04
11                                    -1.2211087998210905e-04         6.9624896709248206e-05        -2.7328419778993227e-04        -4.0719040218093334e-04         2.1449676348156990e-04        -1.2263132531214614e-04        -1.3169681880535473e-04         3.8206807721075307e-05
12                                    -5.0163529903871030e-04         1.1854546343114549e-04        -3.1829338701514583e-04        -2.6707653478555394e-04         1.9345353981974238e-04        -8.7843974799748834e-05        -2.0636873357151258e-04         9.2711617536898029e-05
13                                    -2.1581513458262765e-04         1.2393793383464309e-04        -2.2338709446332209e-04        -1.6771765705300153e-04         1.2041047322157498e-04        -3.8130340076899464e-05        -1.2617852392955519e-04         4.2967493153785044e-05
14                                     4.4142382969504794e-05        -3.1000221879787893e-05         1.1625028933055658e-04         1.2569087208540760e-04        -7.6428816601041718e-05         3.7529237188998259e-05         5.8922874807823555e-05        -2.3969113226018324e-05
15                                    -1.9692625953617721e-04         6.1530528996246454e-05        -2.9320266779858585e-04        -1.6811369003233046e-04         1.4546130950240618e-04        -3.4991018853903550e-05        -1.9610528264461509e-04         6.5941986878613481e-05
16                                     2.7765512350745196e-04         2.3267604436699472e-04         1.0905958610220601e-04         1.3854972959849514e-04        -1.2136358768348489e-04         5.7410796091481102e-05         1.3563965353127603e-04        -1.3227473019129779e-04
17                                     5.5169659751144653e-05        -1.6531808935680041e-04         1.4757901269513819e-04         8.9528503332509529e-05        -5.5914587704023109e-05         2.6599256422328284e-06         6.9010296174953708e-05         4.1110312666684011e-06
18                                     1.7659266816157952e-03        -1.5048374616286047e-03        -2.4289392876245736e-03        -2.7566099171499672e-03         1.8701308247505892e-03        -7.5021946885527003e-04        -1.5574279643429780e-03         1.0023724065334582e-03
19                                    -4.3763713394856223e-03         2.5968899499423702e-03        -1.5309331186502137e-03        -1.6194784082964491e-03         1.1848463597785189e-03        -6.2621685722630705e-04        -9.7228977974277717e-04         4.0409739499674459e-04
20                                     2.8648146396941542e-03        -1.3946689417093326e-03         4.9344733765289961e-04         2.5114954732053226e-04        -3.8672783522004402e-04         1.8944211565331950e-04         4.0373374256977924e-04        -2.6982210307201974e-04
21                                    -1.8122436651501796e-02         7.3463208733013236e-03         2.7582339873170273e-03         2.0182004150760004e-03        -2.8078991154720494e-03         2.5243971177078845e-03         4.1565764270778335e-03        -2.9731632239746193e-03
22                                    -1.6994594063044495e-02         1.0206073871239807e-02        -1.0640934481754099e-03        -2.0958895738945015e-03         7.5325853752398119e-04        -8.7890529434868315e-05         1.5888028946386490e-04         7.7115851687148494e-04
23                                    -8.9784954008169590e-03         1.5943426859079115e-03         2.2379173937415965e-03         2.5733041609711368e-03        -1.2535633121217842e-03         1.4217290847171499e-04        -5.0784576961643681e-04         8.4872419800980660e-04
24                                    -1.2227175445072672e-01        -4.5473043123412701e-02        -4.9497351163725839e-04         4.6567768068107233e-04        -7.3327624364791255e-04        -2.6111943407974869e-03         1.1527369811252959e-03        -9.0311811318644292e-04
25                                    -2.2688343942789779e-01        -6.8317229009485669e-02         7.0580549492318771e-06        -2.7720330283065254e-04         1.7424929831684856e-04         9.0194038262803402e-04         1.4445898356194996e-04        -5.7035797567739376e-05
26                                    -6.7607811419031716e-02        -6.6420264523013223e-02         1.8422189868395552e-04        -1.5759048293646904e-04         1.8274962560492063e-04         2.2867689233326848e-03        -6.7618019880626937e-04         8.4202304112168571e-04
27                                    -2.2574174294477840e-04         6.5003686907307966e-04        -2.1708050700775403e-02        -2.8424757462075553e-02         1.3870891366335007e-02         9.2990781033456035e-03         9.5565853522623680e-03        -1.8870922382815264e-03
28                                     1.1353559687675985e-03        -6.5099915239065498e-04         4.6232311252340647e-03         7.5409976958469987e-03        -1.1448189174605508e-03        -1.6987507789802896e-02        -1.9085029161271631e-02         8.5147199304975371e-03
29                                     1.0157363216893051e-03         2.4602319564268906e-04         9.8107273060257308e-03         1.5389847560275898e-02        -5.9025194220701724e-03         1.6102032589614717e-02         1.5206193517607616e-02        -6.4443385580188247e-03
30                                    -2.0070236299228952e-04         2.8031697740437073e-05        -1.9825111403738233e-01         1.0166592873835917e-01         9.6550374970381686e-02        -1.2678456619245179e-01         7.4316901003836838e-02        -9.4454578322734184e-02
31                                    -4.0744681076485716e-04        -3.5711714182497868e-04         9.2612101728473964e-02        -1.0906714416851970e-01        -5.9966872209641420e-02         8.3095118121592398e-02        -1.2852436758259125e-01         1.0045540443013164e-01
32                                     5.3078877416447897e-05         7.4159958812295020e-04         9.9607502548638413e-02        -6.4295646273896695e-02        -1.1309219136349541e-01        -1.0128086656304533e-01         1.0055968216159150e-01        -1.7332809071371949e-01
33                                    -1.3972087306333460e-04        -4.1560710096373121e-04         1.1189589628616601e-02         1.3571939199698497e-02         1.7089598903184545e-02        -5.1982428900970903e-03        -1.1627746549454537e-02        -1.2936189460277758e-02
34                                     1.7767164122000828e-04         4.2371405489962955e-04        -7.3002354260284751e-03        -8.5016810861449389e-03        -1.2688681183124152e-02         5.8892955958488313e-03         1.2167978273110976e-02         1.1899203414455752e-02
35                                    -5.4894278636643049e-05         4.1853841580890227e-04        -7.7768672693520474e-03        -8.2738849103190064e-03        -1.1911559609622469e-02        -6.1901814690957305e-03        -1.4515130347260333e-02        -1.4572552008847921e-02
36                                     6.6855385381805294e-05         2.6845462156185857e-05        -2.1271999142013207e-04        -1.4582991488455933e-03         9.2439922727772551e-04        -2.1660204716357945e-03        -3.6459162371363916e-03         1.4371555126238768e-03
37                                     2.8171729353733345e-06        -6.3624649698238161e-05         2.1752102858823255e-03         4.8976532853377145e-05        -6.0449265955652429e-04        -6.8111354392470205e-04        -5.9034438804041016e-04        -7.9031052692253492e-04
38                                     4.6575768087780907e-04        -3.0954185070771053e-04        -1.5646877210108699e-03         1.5123581794378531e-03         5.4486702697171012e-04         1.5814060941448257e-03         3.1841715647612503e-03        -7.9773695877003239e-04
39                                    -5.5045329790949966e-05         4.1988909119432925e-05         2.0988091830322756e-04        -7.0722980535974512e-04        -2.2041599290343597e-04         7.3733838381280286e-05         8.6989172393759956e-05        -8.5051647391905922e-07
40                                     1.4002131718255132e-04        -6.7362585455690326e-05        -4.7159822809393582e-04        -1.0498000646437457e-04         3.0859597329756390e-04        -6.8485837785631334e-05         1.1679789459151152e-04         2.1789011254808857e-05
41                                     3.5115002757285453e-07         3.3004315328795326e-05         7.3487197843322409e-05         2.7063317201688104e-04         2.6397792166837349e-04        -1.0549243734884914e-04         2.5827796232880237e-04         5.9336469853239922e-05
42                                     2.0058276149985332e-06        -2.4601872507392708e-06         3.3622304838817269e-06         2.6304802112340911e-06        -1.7107494269432711e-06        -7.7237591218701077e-07         6.9197854592768223e-07        -3.4060141086783480e-07
43                                     3.8590016317935415e-06        -1.3530289026500881e-06         1.8158305723302751e-06         2.0705189031076151e-06        -1.2141114377504820e-06         1.4868921915291646e-06         2.0936037902249526e-06        -6.2245712903423304e-07
44                                    -1.8927122362085366e-06        -5.1328956793425678e-07        -1.5751633953633908e-06        -1.3947369749273114e-06         9.2009752042094254e-07        -8.5049832395046552e-07        -1.1880348790661748e-06         4.8728277238009688e-07
45                                     3.5973697932657783e-06        -1.8307431210063851e-06         4.2218354606880028e-06         3.7356649814787299e-06        -2.5266330816222521e-06         1.1171156310479255e-06         2.3583072056783833e-06        -5.7811856727860495e-07
46                                    -4.6439028167657938e-07         4.7482535218379995e-07         3.1575661993062820e-07         2.7327810840073149e-07        -9.7253725359840415e-08         1.3639615460526126e-07         1.4584802292061583e-08        -1.0651868274258146e-07
47                                    -5.0094073394345409e-07         5.0437093674456082e-07        -1.2361529764753759e-06        -9.8530782852373374e-07         7.6449212062631506e-07        -1.2477578394987459e-07        -6.4615450445420700e-07         3.0599097786891509e-07
48                                    -4.4212876324027628e-06         2.0945218607518037e-06        -4.6669560434797741e-06        -4.1334172159265807e-06         2.5968798827410557e-06        -7.9859373369224477e-07        -2.3360222005981164e-06         4.1750596644581680e-07
49                                     3.7957933296407279e-06        -1.2890216428825886e-06         3.0553858315412875e-06         2.9825959744268119e-06        -1.8815969417718238e-06         8.3703526624270757e-07         1.8692836559260541e-06        -6.6320106557147175e-07
50                                    -1.8673879832406586e-05         8.6715498211130756e-06        -1.7663724755098973e-05        -1.7027430939756818e-05         1.0977903866976994e-05        -5.0696710372238901e-06        -1.0378379390071755e-05         3.2436136329661402e-06
51                                    -2.4319246672895315e-05         1.1036210709621755e-05        -3.2454460142207992e-05        -2.9281748874136930e-05         1.9680790225581197e-05        -7.5863999903330289e-06        -1.8098043995869605e-05         7.2574560752512566e-06
52                                    -3.8479640379804992e-06        -2.4713715659901415e-06         6.9004244573382602e-07        -2.8124414729703085e-07         1.5045938161014453e-07        -1.0058649863663551e-06         4.0290657702907485e-07         6.7013595559071721e-07
53                                     5.1453027690178435e-07        -3.2198661403682025e-06        -8.9899375544462336e-09        -5.2234966586543147e-07         5.7039721727815296e-07        -8.2283512314310751e-07         1.3459086850142388e-07         4.1417903649363128e-07
54                                     1.1102291625209437e-05         1.3173560236828080e-05        -2.0906057157530376e-05        -1.3601687144528253e-05         7.9533720618920292e-06        -2.3049647872364131e-07        -7.1506772839268631e-06        -2.5621718497837423e-06
55                                    -3.6558837018670586e-07         6.5511462949513309e-06        -9.2320497617811713e-06        -7.6922968140890677e-06         4.7590470762185368e-06        -1.7140540127567281e-06        -3.7037366937857830e-06         2.1965446295148309e-07
56                                     8.1336422337274824e-06         1.0752454813003316e-06         1.6959632078234198e-06         2.1144479487953007e-06        -1.7536957998612779e-06         9.6726593424503427e-07         1.2120515268830576e-06        -1.1888432471509093e-06
57                                     2.1320484908640734e-03        -1.6342421626226386e-02         2.5840612466519297e-05        -8.5531124651985299e-05         6.1028391807482860e-05        -7.9577620052293180e-04        -1.8317392444489351e-04         1.1941056335975871e-04
58                                     2.3482394008568974e-03        -2.4075060631119694e-02         9.8793442059742152e-05        -2.2298677192340190e-06         4.3243970379218073e-05         1.2175116030769914e-04         1.1436456112507372e-04         1.2789448815412114e-04
59                                     1.7092428596518910e-03        -5.6742062888180582e-03         1.6181402603947828e-04        -1.3205804685386552e-04         1.8068349902554024e-04        -4.6304556996008784e-04        -1.2445584708743545e-04         9.4141054016722795e-05
60                                     3.1834837101513240e-03         5.8104069635232600e-03        -6.2832894396794119e-05         4.4378126088635044e-05        -8.3954579734821309e-05        -2.5752763846740722e-04         1.3137452367168351e-04        -2.5718271589585064e-04
61                                     3.7057711600575797e-03         1.1331308796980849e-02        -8.2998542812868093e-05         2.4185207037044789e-04        -2.1855045722525481e-04        -4.4721012778895804e-04         2.7709252051994019e-04        -4.9128438943732162e-04
62                                     1.6658258681139472e-03         4.1304489172223503e-03         1.1156790762838862e-05        -1.3036933834583244e-05         4.9826472543562054e-05        -8.6309644403207054e-05        -1.1027370324696460e-04         1.0464792013961232e-04
63                                     1.3248669566779259e-01         4.9444794396618891e-02         2.9246955391392651e-05        -1.2952205464352156e-04        -4.6330553938701033e-05        -2.0509785157411141e-03         1.0193261184165256e-03         6.6739960011865773e-04
64                                     2.3972592131099163e-01         6.9821653226250377e-02        -1.6873373244310968e-04         2.3042748369912435e-04        -1.9750740512878385e-04        -4.0614004640324706e-05         5.5719155179739799e-04        -4.6195650472706843e-04
65                                     6.9821653226250377e-02         6.7836652780926626e-02        -1.4539934791306231e-04         8.1520304367445451e-05        -1.5516058642071366e-04         5.8783261547587604e-04        -3.5339629973721179e-04        -5.4038101571202005e-04
66                                    -1.6873373244310968e-04        -1.4539934791306231e-04         2.1645496549145452e-01        -9.3494900702620676e-02        -1.0862655237353194e-01        -9.6745447333101871e-03         5.7147239731221728e-03         7.6254878111370258e-03
67                                     2.3042748369912435e-04         8.1520304367445451e-05        -9.3494900702620676e-02         1.2020286423831564e-01         6.4986728201013477e-02         1.1016641060427617e-02        -6.2131470638925896e-03        -8.9801443102026264e-03
68                                    -1.9750740512878385e-04        -1.5516058642071366e-04        -1.0862655237353194e-01         6.4986728201013477e-02         1.2101359590152902e-01        -1.5453320872463984e-02         8.6066818417265701e-03         1.1639821224241221e-02
69                                    -4.0614004640324706e-05         5.8783261547587604e-04        -9.6745447333101871e-03         1.1016641060427617e-02        -1.5453320872463984e-02         1.3658688173849359e-01        -7.9071512418640383e-02         1.0396545816987844e-01
70                                     5.5719155179739799e-04        -3.5339629973721179e-04         5.7147239731221728e-03        -6.2131470638925896e-03         8.6066818417265701e-03        -7.9071512418640383e-02         1.4377945487957985e-01        -1.0931759440572120e-01
71                                    -4.6195650472706843e-04        -5.4038101571202005e-04         7.6254878111370258e-03        -8.9801443102026264e-03         1.1639821224241221e-02         1.0396545816987844e-01        -1.0931759440572120e-01         1.8312348739794132e-01
72                                    -8.5972091819151155e-05         7.9514984121483549e-05         5.0724042583915989e-04        -1.3467556694550346e-05        -9.5006692431570325e-05         1.4717692299736317e-04         3.0696294967786177e-04         2.2014210604531532e-04
73                                     2.2100057888180139e-05        -4.4840908918484704e-05         4.4820399923631402e-04         2.7829254009522578e-04         4.2040792020529242e-04        -8.6163075597687610e-05         5.9168020436797743e-04         1.0136098271961748e-05
74                                     3.0216145787962116e-05        -4.1349323843002456e-05         5.9953535409992017e-04         2.9499486024762631e-04         9.6813448876757161e-04         4.0329438763415330e-05         7.7482581472014089e-04         8.1639573518888257e-04
75                                    -8.8972679574167381e-05         1.0337955059489060e-04         5.7620211150768682e-04        -4.7440826145199151e-04         5.4820294511249545e-04         1.2541810322804414e-04        -1.6031746640730079e-03        -1.7425480116321510e-03
76                                     1.2862204681960278e-05        -7.9974138361430796e-05         3.9548186864944138e-04         8.4841557743690421e-04         7.9347773533440264e-04        -1.7087870651154085e-03        -2.0409114749054954e-03        -3.0759317831185085e-03
77                                    -9.3625013070086638e-06        -1.1756567958756571e-04         3.7864812916173565e-04         4.0355485807357355e-04         7.4591707495437823e-04        -1.7465456505439680e-03        -3.6326530402062893e-03        -2.4329418033629899e-03
78                                     6.4173150979930215e-05        -1.5629589605275818e-04        -2.3304842836868842e-04        -1.7875578168094482e-03        -2.1965028167491712e-03         5.6094250259865674e-04         5.3134879752116441e-04         6.6838220617344716e-04
79                                     2.3402074027685480e-04        -3.3874345997559669e-04        -1.8078761324414785e-03        -1.3740443312839166e-03        -2.8525542557962134e-03        -4.1637510444173442e-04         6.9684471513767332e-04         6.5278867498686551e-04
80                                     1.4170617655577547e-04        -4.9360848779438321e-04        -2.5290781643367739e-03        -3.1329616494101681e-03        -2.6289653819783669e-03         4.2919847384219334e-04         5.3149109055953680e-04         7.4974854073832364e-04
81                                     3.8850288566599593e-05        -7.3217946014727614e-06         6.9020945549899248e-04        -1.4672633818961365e-04        -1.2216834271256641e-04         1.8629698719706110e-04        -1.5358311066685464e-04        -1.1191210861935481e-04
82                                    -4.0191577690803379e-05        -9.0508655138714323e-07         5.9588691161587340e-06        -9.1340840902174122e-05         4.5151537394187908e-04        -9.5539470714594860e-05         1.3623374815014940e-04        -9.2879443804060372e-05
83                                     5.5247395863290466e-05         8.6865626749235318e-06         8.7293371049926467e-06         4.0007619931802755e-04        -4.4303009405326379e-04         1.0881960328354613e-04        -1.5439344501005597e-04         1.9857928795106888e-05
84                                     5.4577107444902126e-05        -5.9909281077407956e-06         1.0821865109080349e-04         2.2838366937792448e-05        -1.5083844422577862e-04         4.2036922038546018e-04         3.1245904253440044e-04        -2.6445742864195310e-04
85                                     4.3185255905046340e-05         1.1700138666413834e-05         1.2781068260549360e-04         8.0232794191591628e-05        -1.4693708061221027e-04        -7.4411994084539108e-04        -1.4135988947348462e-03         3.6536096775979039e-04
86                                    -7.4858934892438550e-05         2.0675926817095294e-05         6.8000700474460011e-05        -1.6673256812065583e-04         4.1911622915761858e-05         3.2954331183879742e-04         2.4318994691430835e-04        -5.6185338176283246e-05
87                                    -6.3720576200795918e-06         7.1220083160752630e-06         1.8318538449715936e-05         5.3558992209564731e-05        -2.4618786727428443e-05        -1.1625466076581163e-06        -2.8784064068234890e-05         1.6160614843379857e-06
88                                     1.9887740778233711e-05         2.1906083844022752e-06         7.9463579363548125e-05         1.1970863366799602e-04        -7.2983951450097706e-05         2.5929914934481654e-05        -1.2041168511586116e-05        -1.9514425882523857e-06
89                                     1.6990022988699674e-05        -9.7190394155974877e-06        -9.1486329072300982e-06         6.4585480319431885e-06        -2.6138449182284303e-05         4.9840609120157116e-06        -2.7988096121712956e-05         2.9354935175138748e-06
90                                     8.9855210315725311e-06         4.0759114125664936e-06         4.6804098070738658e-05         1.2785056685176110e-04         3.5869517044609416e-05        -4.1665122737480256e-06         2.9150908102829442e-05         2.7340727668161911e-06
91                                     7.0405780878271334e-06        -1.3821261750502819e-05        -3.8740914648009890e-05         2.2026004053954287e-04         5.7255037480509561e-05        -1.9344682896347147e-05        -8.4939117486354407e-05         9.1245842587004235e-06
92                                     9.1005528112502446e-06        -1.3030723650917952e-05        -1.3700389750380995e-04        -4.8173487173873604e-05        -2.0444567928822171e-05        -4.3521256186024291e-05        -9.2392859760202653e-05         2.1915990943617523e-05
93                                     5.2423953354493557e-06        -1.2516300844516942e-06        -7.1353681488411241e-05         9.0784247691818773e-05         6.2053741380021024e-05        -5.7022875323248783e-05         3.8851710255314535e-05         4.8345709433567975e-05
94                                    -7.3851816215297168e-06         1.1512163476498473e-06        -3.1854215700566932e-04        -4.1978738379072741e-04         6.7519865070775093e-05        -1.0408732387489196e-04         7.3644242143527548e-05         6.2254372589358919e-05
95                                    -2.0751579234939505e-05         5.7908782004906646e-08        -1.9413067867446432e-04        -4.5469163532545665e-04        -6.3424743375087528e-05        -5.9408474168441380e-05        -8.0940456626083293e-05         3.1606388446156963e-05
                                                        72                          73                          74                          75                          76                          77                          78                          79

0                                     -1.8551622353863363e-05        -2.4551635858203140e-05        -1.8037616675447866e-05        -7.7941785197382760e-07         5.4739431414756775e-06        -5.5926647680194419e-06         7.3419290540655973e-06         1.7061119735038296e-06
1                                     -3.8349324591973210e-06        -5.3650966076312011e-06        -3.8669811983441683e-06        -5.6060518227913180e-10         1.1067908455071812e-06        -1.0944811934354634e-06         1.6641519131946613e-06         4.3689452932763738e-07
2                                      2.6128158574208568e-06         3.4509815627609375e-06         2.3031249972520304e-06         2.6779177459396599e-07        -7.3522230918889481e-07         7.4273056855920991e-07        -1.2579382228287923e-06        -1.9484597704686003e-07
3                                      8.6821968031702054e-05         1.1259953837129664e-04         8.3903358929937800e-05         7.4261140089038357e-06        -2.4951568891111359e-05         2.4666079615632281e-05        -3.6508937103174745e-05        -1.3896221858485797e-05
4                                      2.2195714460014852e-05         3.0241043342591666e-05         2.1062859547393117e-05        -7.6330458138941530e-07        -6.7221926735774001e-06         6.9472931492157613e-06        -8.1960243475901358e-06         1.1426017314815665e-06
5                                      1.3609944744669744e-05         1.6502534257680853e-05         1.2757873550648616e-05         2.3383197044677494e-06        -4.0696243242382455e-06         2.4508772200221275e-06        -5.0377049043120716e-06        -4.0862797414119624e-06
6                                     -2.3944026186186639e-04        -3.1298236117209327e-04        -2.2775060248338364e-04        -1.1045606546459543e-05         7.1757191427428607e-05        -6.9886989516519817e-05         8.8901412967455379e-05         2.2659032972435913e-05
7                                     -1.2803852592679785e-05        -5.7033156113599950e-06        -3.3651125885131123e-06        -1.0522386658821594e-05         1.9981883675165042e-06        -5.1502228774626402e-06         9.1639603696867027e-06         1.7023240918590205e-05
8                                     -1.2580657918416231e-04        -1.7093737412630835e-04        -1.2997041917424629e-04        -6.9691468584663131e-07         3.8186808084229824e-05        -3.2515775012728360e-05         4.4691816247009324e-05         1.0648480095206751e-05
9                                      9.6530612275738095e-04         1.3343192814375246e-03         9.8329316002739075e-04         1.9377280988129087e-07        -3.1791133614401696e-04         2.1871229302004053e-04        -3.4573814873588873e-04        -4.6635766199065792e-05
10                                     1.3976608292401226e-04         1.6899450682543980e-04         1.2795446372528669e-04         2.8201694801270734e-05        -4.1138335996435208e-05         3.0465194701834530e-05        -6.4476072696607276e-05        -5.6291183904778945e-05
11                                    -4.3501644952374360e-06         2.9727265785507611e-05         6.3466562766484501e-05        -1.6396430114764684e-05        -1.0763604706912648e-06        -2.6574209782454022e-05         1.3586780233953057e-05        -6.4704709306590936e-06
12                                    -1.6332692430128575e-04        -2.2787741622291635e-04        -1.7593199476118498e-04        -3.0130033009626795e-06         5.2132432528781503e-05        -4.2511477409565534e-05         6.1910149914314505e-05         1.3734593517994417e-05
13                                    -1.2207080678397855e-04        -1.6860586741193568e-04        -1.3337766531035600e-04        -7.3024894261141440e-06         3.9414741757840411e-05        -3.3198268567442336e-05         5.0577736980089274e-05         1.4705628910706881e-05
14                                     3.4212379325383499e-05         4.5644398820801496e-05         2.7509883073151635e-05         4.8023611624619560e-06        -1.0873285868885369e-05         1.3367018615624947e-05        -1.4970141366068700e-05        -2.3990650642687804e-07
15                                    -1.8375881493928284e-04        -2.6277987620843836e-04        -2.1505938528363638e-04         1.7155171891328083e-07         5.9527249247780917e-05        -3.8409979500415433e-05         6.9567799424438600e-05         1.9464587673891757e-05
16                                     7.5958444796776051e-05         1.2675354242903505e-04         1.0809065478367376e-04        -1.2150929124807810e-05        -3.1183185094859493e-05         1.0158764955738882e-05        -2.0438788784417702e-05         1.1306478297514567e-05
17                                     7.1844410286578256e-05         9.8226213876855304e-05         7.9029356521066093e-05         5.8249281853467355e-06        -2.1154307484251820e-05         1.9247841514236949e-05        -3.0292330089772262e-05        -1.0280255016186116e-05
18                                    -1.1320961340697518e-03        -1.7270515873798022e-03        -1.3652840138377992e-03         6.4970503557381634e-05         3.9181466338150184e-04        -2.7331688395693701e-04         3.6493130966043041e-04        -6.2734341239970606e-05
19                                    -8.0712021391011828e-04        -1.0923662949307317e-03        -8.1282250451454661e-04        -5.4178318007648015e-05         2.3714416485306941e-04        -2.5058169814867081e-04         3.3383089333228929e-04         3.3489387670312292e-05
20                                     5.4885716666458148e-04         6.9817918909497215e-04         6.1152493471727299e-04         9.6510898320924818e-06        -1.6397578192923644e-04         1.1550534694007044e-04        -2.1835446109431551e-04        -8.7991687112146089e-05
21                                     1.8691698779969871e-03         2.6310709437411062e-03         1.8278813501979732e-03        -3.2606740339743523e-04        -7.1849805663148480e-04         2.3267455052116619e-04        -4.1139550981865929e-04        -1.1476359632324093e-04
22                                     2.8278077465823865e-04        -2.1962261906511606e-04        -4.0048510750746128e-04         1.7160477039316637e-04         7.9726150132723895e-06         6.9558491802152090e-05        -7.6517548718410783e-05        -4.6987054081886067e-04
23                                    -4.5402316226016381e-04        -7.4217021777163330e-04        -5.1250594620975737e-04         3.2917388926097799e-05         2.5930776342165729e-04        -3.4708739350977950e-05         3.2849881718612463e-04        -2.4772294355823678e-05
24                                    -2.9635690946506454e-05        -1.0245911135944559e-06        -2.6467456241378813e-05         3.8266205914106854e-06         1.5731087240606824e-05         4.9737514924917594e-05        -7.6673323104855433e-04        -2.0171242330305596e-05
25                                    -4.4280144040104066e-06         5.7459899359927914e-06        -4.1945898687912701e-05         1.5730269850091342e-05        -8.6885772718837422e-05        -6.7501135214696674e-05        -3.7555498401222397e-04        -5.4771272102195235e-05
26                                     1.9289492963349657e-05        -1.0769922389621693e-04        -1.2591741915518245e-04        -8.8112781335222053e-05         7.8809671649711106e-05         2.0037104567196412e-04        -9.2507211478834569e-04         9.7200840060051230e-06
27                                    -1.6029301070158300e-03        -4.3210125709607361e-03        -4.3601357186136749e-03         6.1603880497345526e-04         1.3560426549323098e-03         8.5461939055993426e-04         1.8572812301070789e-03         1.1213395988759795e-03
28                                    -2.1269758841592629e-03        -2.4626782332965134e-03        -4.1092140187983387e-03         1.2069262974146438e-03         1.6040531005605486e-03         4.3494740945560634e-04         1.1585782468779358e-03         1.4331798945440401e-03
29                                    -2.0692899938290991e-03        -3.0197817372552486e-03        -2.7804073173384120e-03         3.4997140415587145e-04         8.5539941052428271e-04         1.2825294788946597e-03         3.8764335599837327e-04         6.7893289455558210e-04
30                                    -6.6778538707529134e-03        -7.8163238325470175e-03        -1.4033493460344918e-02        -6.6642033517424256e-03        -1.2135248985556350e-02        -1.1108904232768490e-02         1.0836925827466096e-02         1.3376593001780450e-02
31                                    -4.6184386650742135e-03        -1.0101061809169904e-02        -1.5167338224657018e-02         5.8814314935626295e-03         1.1723017711861513e-02         1.4445019055586789e-02        -8.5564527418134986e-03        -9.6673777793551876e-03
32                                     6.4374257242694830e-03         1.0160506385052321e-02         1.1343839709140869e-02        -6.9427408157867829e-03        -1.5298463887287461e-02        -1.6120034611931535e-02        -7.9321162381993035e-03        -8.5755003409281085e-03
33                                    -1.5280440286708202e-01        -1.1734103877008750e-01         7.1955569371088907e-02        -1.2188971887114802e-01         8.0380474317012424e-02        -9.4690787838635132e-02        -1.9869594128720033e-01         9.8108353686544122e-02
34                                    -1.1763979722627052e-01        -1.7552930365184227e-01         7.8681044187662058e-02         8.0221732084079025e-02        -1.3169457374934801e-01         9.9684205943484566e-02         9.8509971994718754e-02        -1.1055966628610145e-01
35                                     7.0020010309844338e-02         7.6198814345694102e-02        -9.4132890452001433e-02        -9.4598340547333237e-02         1.0174030782039045e-01        -1.6618238809325128e-01         9.9347409658405772e-02        -6.3292522148030245e-02
36                                    -3.7431787034368920e-04        -4.6214873938194012e-04        -5.1970972475935727e-04        -1.5529791247219347e-04        -5.4535211218029352e-04        -5.5769252562017676e-04         5.0485750340592450e-05         2.0929067824335677e-04
37                                     2.4671973874455165e-04         7.0374348588777538e-04         2.1638279474400717e-04        -2.7490477804368213e-04        -3.3643436456876638e-04        -5.2548877496042977e-06        -7.8779829080785049e-05        -1.4414351234087958e-04
38                                    -2.0280023693224319e-04        -1.0364509701136785e-04        -1.4881945535674576e-04        -5.7255588503306017e-05        -5.9156574102702409e-04         6.2386870768566351e-05         3.6428855849409081e-05        -1.1457187325689746e-05
39                                     1.1639691914123304e-04         1.7430864716155258e-05         7.0102110628491665e-05         1.4089984847448535e-04         3.5814885284520936e-05         2.1631380283723657e-04         1.8082154471187053e-05        -8.6526067549055777e-05
40                                    -1.2274298453523712e-04        -1.5644351212901170e-05        -6.2816966274678669e-05        -1.9997993900879518e-05        -1.5358516259395298e-05        -1.6775766415442030e-05         6.6641981860415280e-07         5.3434222831858478e-05
41                                     6.2673554480190388e-05         5.4898324601527828e-05         6.9250348072542078e-05        -3.2228924067490675e-06        -6.1290198558399843e-05         2.0036607915064611e-05        -1.6403843596717288e-05        -3.8061324818976011e-06
42                                     1.4325870777240523e-06         1.9148253761395771e-06         1.3686479532639707e-06         1.4493916258896282e-07        -3.8671267292235139e-07         4.5002752896307037e-07        -5.4882888901142967e-07        -2.6834152574239495e-07
43                                     8.3097472715752576e-07         1.3356482521306452e-06         8.9873377221848333e-07        -1.1753160250772024e-07        -1.4859448057435868e-07         1.1302135499748609e-07        -3.5014298956016938e-07        -2.2340346633731978e-07
44                                    -8.5474818708315750e-07        -1.0668121964512901e-06        -7.8425257062196015e-07        -6.1714310784905839e-09         2.1773449663987435e-07        -2.1756102531843167e-07         4.3233349383092103e-07         1.4113463345567743e-07
45                                     1.9014494693944064e-06         2.4267964160818225e-06         1.7531732956979058e-06         1.2590325016473993e-07        -5.3798242217852548e-07         5.7619421267674571e-07        -6.2938199758586991e-07        -2.2071763084875927e-07
46                                     2.1996931477860865e-07         3.4007747996835398e-07         1.9764560607617459e-07         1.3123655551156073e-07        -1.3027615845860265e-07         1.2210837359325155e-07        -1.2125989071752244e-07        -6.7300684381410168e-09
47                                    -6.0340987517733095e-07        -8.0848977449734930e-07        -5.8580353020088854e-07        -1.5226907592771194e-08         1.5316890983906094e-07        -1.2612432094901113e-07         1.9665818673698801e-07         1.0205033552123294e-07
48                                    -2.2378715640625347e-06        -2.9457442032895082e-06        -2.1523159899373978e-06        -1.5359385647925743e-07         5.9611028565638958e-07        -6.1469149614855421e-07         9.2357747047896468e-07         3.5779362206951699e-07
49                                     1.3575724784136196e-06         1.8710591695975413e-06         1.3949457934897066e-06         2.5480206386231347e-08        -3.9438215919900124e-07         3.8570522679629872e-07        -6.2271580423500604e-07        -2.6868841178398750e-07
50                                    -7.7512528505509768e-06        -1.0253564015399033e-05        -7.5337957957414349e-06        -3.9070081187306651e-07         2.2519512523753266e-06        -2.2393430458222738e-06         3.0807780701432355e-06         7.5458531220870598e-07
51                                    -1.4912720585827843e-05        -1.9545249018750278e-05        -1.4497688439140117e-05        -6.4748674107250540e-07         4.3687202211372521e-06        -4.0140739781399481e-06         5.7614045868637685e-06         1.4501707369376170e-06
52                                     5.2214263127531345e-07         4.3636653697732474e-07         4.9687867201183219e-07         1.0400118725480736e-07        -7.6949873773895914e-08         1.8541000379038500e-07        -1.9452053218089823e-07        -9.7556313529750447e-08
53                                     4.3750929870756654e-07         7.7182631418626119e-07         8.6176467758510964e-07         4.5124353483897572e-08         2.7140332949980806e-08        -3.6016905138138339e-08        -2.4145015857281871e-07        -3.4283117819164347e-07
54                                    -9.8442833322299779e-06        -1.1823831353061884e-05        -8.8266005340528006e-06        -1.7868705079189940e-06         2.6173032600162163e-06        -2.7902953006422429e-06         4.4699405360996092e-06         2.8567395104920047e-06
55                                    -3.7088271415096115e-06        -4.8861547570573077e-06        -3.8414210583808287e-06        -3.7950651204614661e-07         1.0458409047431337e-06        -1.1053170372305921e-06         1.3873732327026434e-06         7.0826821501127407e-07
56                                     4.8612950586396437e-07         1.0042969716247300e-06         9.8723258233764203e-07        -3.8165480439018069e-07        -2.1769252785940571e-07         1.3585565391066779e-07         1.1578044556823620e-07         4.4898156435401901e-07
57                                     9.2859826021243952e-06        -3.7595266800135351e-05        -3.1419750393615652e-05        -3.3027719282637928e-05         6.7944655992357858e-05         1.2594610024182408e-04        -1.0544254706939984e-04         5.4804581936983911e-05
58                                     3.3207686736004599e-05         6.5178361677287652e-05         6.6202205091965086e-05        -7.6844438481056434e-05         3.7489710180538685e-06         4.2301988009994985e-05        -6.9938639206501593e-05         8.1988817615374196e-05
59                                    -1.5099766211059307e-05         2.0019705440343943e-05         8.2685347471337766e-06         1.7719801311821175e-05         2.1684456468663979e-05         2.7724487527205232e-05         2.3526916459470654e-06         4.8382078634985539e-05
60                                    -4.6524456196129623e-05        -8.9734343353457352e-06        -8.9543066239246110e-06        -2.1555426065545346e-05         2.7358029014573490e-06        -2.5737687774062625e-05         7.6562577449783102e-05         6.4010289309188455e-05
61                                    -3.8478397574762046e-05         3.5488931293345490e-05         3.0689131630386302e-05        -3.5494600798940907e-05        -1.3595500476499776e-05        -3.2468912730880366e-05         1.0917507556125865e-04         6.4204978772894667e-05
62                                    -3.3184112700067024e-05         1.1518792164619949e-05         3.5463699321570605e-06        -1.7873985982897822e-05         2.0446602199219676e-05         1.6967800927541762e-05         6.7510781870507746e-05         6.2999443341282086e-05
63                                     1.5677511158568739e-04        -2.5900655241310028e-05        -1.8211133062502171e-05         3.7966181190809999e-04        -9.7637118574887133e-05        -5.2008739034266896e-05        -4.7951420631948396e-05        -5.2532962280775366e-04
64                                    -8.5972091819151155e-05         2.2100057888180139e-05         3.0216145787962116e-05        -8.8972679574167381e-05         1.2862204681960278e-05        -9.3625013070086638e-06         6.4173150979930215e-05         2.3402074027685480e-04
65                                     7.9514984121483549e-05        -4.4840908918484704e-05        -4.1349323843002456e-05         1.0337955059489060e-04        -7.9974138361430796e-05        -1.1756567958756571e-04        -1.5629589605275818e-04        -3.3874345997559669e-04
66                                     5.0724042583915989e-04         4.4820399923631402e-04         5.9953535409992017e-04         5.7620211150768682e-04         3.9548186864944138e-04         3.7864812916173565e-04        -2.3304842836868842e-04        -1.8078761324414785e-03
67                                    -1.3467556694550346e-05         2.7829254009522578e-04         2.9499486024762631e-04        -4.7440826145199151e-04         8.4841557743690421e-04         4.0355485807357355e-04        -1.7875578168094482e-03        -1.3740443312839166e-03
68                                    -9.5006692431570325e-05         4.2040792020529242e-04         9.6813448876757161e-04         5.4820294511249545e-04         7.9347773533440264e-04         7.4591707495437823e-04        -2.1965028167491712e-03        -2.8525542557962134e-03
69                                     1.4717692299736317e-04        -8.6163075597687610e-05         4.0329438763415330e-05         1.2541810322804414e-04        -1.7087870651154085e-03        -1.7465456505439680e-03         5.6094250259865674e-04        -4.1637510444173442e-04
70                                     3.0696294967786177e-04         5.9168020436797743e-04         7.7482581472014089e-04        -1.6031746640730079e-03        -2.0409114749054954e-03        -3.6326530402062893e-03         5.3134879752116441e-04         6.9684471513767332e-04
71                                     2.2014210604531532e-04         1.0136098271961748e-05         8.1639573518888257e-04        -1.7425480116321510e-03        -3.0759317831185085e-03        -2.4329418033629899e-03         6.6838220617344716e-04         6.5278867498686551e-04
72                                     1.5924362711488260e-01         1.2837246997976173e-01        -7.4487153465091258e-02         1.1517805928198495e-02         1.2149921126289249e-02        -6.6380868452887622e-03        -1.1394496154365696e-02        -1.5811342358299483e-02
73                                     1.2837246997976173e-01         1.8522277868501316e-01        -8.1042535309090391e-02        -1.0370908208505001e-02        -9.7313831154654008e-03         4.0684510391529576e-03         1.0014122208714640e-02         1.1942731374412692e-02
74                                    -7.4487153465091258e-02        -8.1042535309090391e-02         9.6388528407289051e-02         1.3330648469075711e-02         1.1397894702634435e-02        -6.9357611505979503e-03         6.5060158282509474e-03         1.0182971859619718e-02
75                                     1.1517805928198495e-02        -1.0370908208505001e-02         1.3330648469075711e-02         1.2549489819697590e-01        -8.4731763721711206e-02         1.0475976314959820e-01        -9.9324731329520112e-03         1.0505766474616660e-02
76                                     1.2149921126289249e-02        -9.7313831154654008e-03         1.1397894702634435e-02        -8.4731763721711206e-02         1.3705311140475315e-01        -1.0533056746750563e-01         4.9065979121637225e-03        -7.2209779593143970e-03
77                                    -6.6380868452887622e-03         4.0684510391529576e-03        -6.9357611505979503e-03         1.0475976314959820e-01        -1.0533056746750563e-01         1.7799468451242401e-01         8.1736456050215296e-03        -9.3007916630512243e-03
78                                    -1.1394496154365696e-02         1.0014122208714640e-02         6.5060158282509474e-03        -9.9324731329520112e-03         4.9065979121637225e-03         8.1736456050215296e-03         2.0798506890587426e-01        -1.0454826250178008e-01
79                                    -1.5811342358299483e-02         1.1942731374412692e-02         1.0182971859619718e-02         1.0505766474616660e-02        -7.2209779593143970e-03        -9.3007916630512243e-03        -1.0454826250178008e-01         1.1486395359188929e-01
80                                     6.6378355355924817e-03        -6.5852204415073178e-03        -5.5139006809044287e-03        -1.5697052427888436e-02         9.3897353880594472e-03         1.1295760031326357e-02        -1.0408659976963175e-01         7.2875195375002227e-02
81                                     8.8314954026766883e-05         4.8979607206373906e-05         1.2396286949809123e-04         1.4503364433604955e-04         2.4000787206449698e-04         1.7916932302553272e-04         5.7456505162755377e-06        -6.9970473957093118e-05
82                                    -8.5103478532112199e-05         2.3556585690153744e-04        -5.5778746470414243e-05        -2.9333875556942731e-04        -3.9867959592477067e-04        -4.8132273240634430e-04        -6.1068905674887644e-05         1.4880696219856363e-04
83                                    -3.7154977142315023e-05         4.2845052880074167e-05        -3.8508403660987399e-05        -5.2085570871872723e-05        -6.9084174808175210e-05         5.5798495394875299e-06        -2.1775153211210646e-06        -6.6323813207166938e-05
84                                    -1.3316580967737520e-05        -1.5767192494325479e-05         1.5770533744046654e-05        -1.2631079172694722e-05         1.6747853745644869e-04         6.3546770927157227e-05         6.0812931238561456e-06        -1.6655716499974703e-05
85                                    -5.6587372589252012e-05        -6.0714630834118153e-05        -7.3932429481711787e-05        -3.4546430257594192e-05         5.1259577325132123e-05        -8.0789871464175672e-05         2.0535223855490777e-05        -2.0177744906704974e-05
86                                    -2.6456954122065920e-07         1.1173265017116226e-06         5.0936164085083020e-06        -1.3286585611192345e-05         6.3500077565422725e-05         4.0690295437094458e-05         8.0106754066114165e-06         2.2945899827211676e-06
87                                    -9.4370317138911411e-06        -1.1077862755373364e-05        -9.7545676973695704e-06         3.0652812815219987e-06         6.5252259975138711e-06         5.1620617784606048e-06        -4.7673286321318328e-06        -1.1953613360006095e-05
88                                     2.4548434279436125e-05        -3.2551499973751589e-06         1.5746263293223064e-05         3.8093587387219284e-05         1.3095822246000582e-05         5.7971496444672864e-05        -1.4482242315722922e-06        -4.1656977687134169e-05
89                                     2.2882753991063922e-05        -3.4052254345444268e-06         1.7972302362043667e-05         4.3445705481915265e-05         2.4778424007134178e-05         4.7775446517202671e-05         3.9011127307272346e-06        -1.3358183451303563e-05
90                                     8.1797587875066237e-06         2.1578094915409939e-05         1.6121353770496449e-05        -1.2779784998683306e-05        -1.1935044050256817e-05        -1.1420932970634948e-05        -1.4356964052189881e-05        -1.1505340610862092e-05
91                                    -4.8087486796856299e-05        -3.8736020297990024e-05        -4.2097330202737386e-05        -4.4912424537311318e-06         1.6605395615069785e-05        -1.4545395164914846e-05         5.1559968753290842e-06        -2.4083885271695109e-06
92                                    -4.0919912301227136e-05        -3.6195433918532414e-05        -4.0303952929446652e-05         1.2043414201795400e-06         1.3932682216770016e-05        -1.0038680443556333e-05         1.8190375082113291e-05         1.0199003811140958e-05
93                                    -2.3518610015762202e-06         7.4651414423283533e-06         1.7703990477138638e-06        -1.0702475946487469e-05        -1.1971701938645593e-05        -1.4371722122871470e-05        -1.0952114696680267e-05        -9.4690334027816125e-06
94                                     1.8409178058806566e-05         6.0485789913299173e-06         9.7161813310406436e-06         1.6451257695746390e-05         3.7418581781349360e-06         7.4735848015712459e-06         4.6004244018574514e-06         1.4004556650587197e-05
95                                     5.3294537908382287e-06        -2.1024474554785700e-05        -1.0231871726392816e-05         1.9286173127465006e-05         1.0170124495972436e-05         3.2746162022846692e-06         2.4445201284073977e-05         4.0666430623401188e-05
                                                        80                          81                          82                          83                          84                          85                          86                          87

0                                     -2.3193060579821896e-06        -4.6341809410669818e-05         1.4493423032017737e-05         1.3318741135604529e-05         3.7889761038530164e-05         2.5035305560173253e-06         1.8230480626124508e-05         6.4677165405459045e-06
1                                     -6.3746022615009950e-07        -9.9803737980624350e-06         2.8515008821898490e-06         2.8151993830935376e-06         8.2243702327948252e-06         5.0520518942076269e-08         5.0231585688111180e-06         9.4390978707773688e-07
2                                      1.6698742551472230e-07         5.2694156583439993e-06        -2.8351038543202047e-06        -6.0176050256398670e-07        -6.8203153545843640e-07        -1.7476792367061225e-06        -9.1154902950887151e-07        -7.7547022376108082e-07
3                                      1.7063795864654774e-06         1.9485446073066613e-04        -8.0505985832223827e-05        -3.0233272138873997e-05        -9.1186000299710713e-05        -2.8779708063246832e-05        -7.6493096112792761e-05        -1.9790117556978219e-05
4                                      6.3956551402921873e-06         4.1701258352289553e-05        -3.3446461263687942e-05         4.9207081276405540e-06        -4.0417010136210633e-05        -2.2612519160381714e-05         3.7571313952291339e-05        -8.9835873380011260e-06
5                                     -2.4592512683054961e-06         1.2467484190631140e-05        -2.6108873483381685e-05         2.0907597375719585e-05         3.2634435155056777e-05        -2.1597039230426840e-05         2.2626958052766965e-05        -3.3854831758664068e-06
6                                     -3.3957995623880100e-05        -6.0975033735501745e-04         1.9320231869364608e-04         1.8195863317130011e-04         5.1775507904173199e-04         2.1254037715696380e-05         2.1229586080427144e-04         1.1275898275605982e-04
7                                      1.9794346848174572e-05        -4.9860774640921463e-05         5.5913484297912664e-06         3.6754759416226288e-05         4.0314500976841399e-05        -2.9025826394821532e-05         7.5011535580740704e-05        -5.9724234624382002e-06
8                                     -2.0985682216635997e-05        -2.9478835579176723e-04         1.0284844437539586e-04         6.9712573338617020e-05         1.6049932461740379e-04         2.6593105574617158e-05         1.4504355214813535e-04         1.9580415753446290e-05
9                                      1.3005048872381819e-04         1.9181468879680664e-03        -8.4226313813517886e-04        -1.3989176618239588e-04        -5.6026382842695396e-04        -6.6144043882428801e-04        -4.0287438163648197e-04        -2.2155491858764459e-04
10                                    -6.2596166466447311e-05         4.0831785092760079e-04        -2.3199054528003511e-05        -2.5297912487198945e-04        -1.0250544468022656e-04         1.5214198648206683e-04        -4.7585015116787129e-04         2.2058804245630417e-05
11                                    -1.8919912988274601e-05        -2.2601129082771754e-04        -2.4092316901457731e-05         1.8644624179943101e-04         2.3628941335406402e-04        -1.3587164265262174e-04         1.2516234119252622e-04         6.1193401300908894e-05
12                                    -2.5436977357575681e-05        -3.2963410075048443e-04         1.5016256824171992e-04         1.6478128346118293e-05         1.1124892104753624e-04         1.2829286333705217e-04         1.0395738683484270e-04         5.4121438420413437e-05
13                                    -9.1895321682228151e-06        -2.2953621267488028e-04         1.2119614348095168e-04         2.2669307074045725e-06         3.8275849884333017e-05         5.7151834126768954e-05         5.0368711769984602e-05         5.3091096177334011e-06
14                                     1.1664288439491125e-05         8.4971031003206238e-05        -4.5617958973704794e-05        -4.7056493519942433e-07         7.3049948710989933e-05        -3.5481744364543997e-05        -3.5259668929297475e-05        -4.2301569339024087e-06
15                                    -1.4243682633331296e-05        -3.2321671003760654e-04         1.4533414797859254e-04         4.8441404425607077e-06        -1.6701901699266543e-04         8.0244509642296043e-05         2.0666541870183804e-04         4.6580678449387549e-06
16                                     3.4278665484588476e-05         1.4369198505882798e-04        -5.5364950661483461e-05         8.6384828372000936e-08         1.8845516799577592e-05        -4.0751968636564299e-05        -5.9603235756119140e-05        -1.6839488755144923e-05
17                                     5.7130018411967280e-08         1.7034242177765233e-04        -3.2876625179366882e-05        -5.3466531900886189e-05         4.5862502475932433e-05         1.0257245464182895e-06        -2.0402999331441192e-04        -2.2614981057151516e-05
18                                    -3.7616575254471722e-04        -2.2791088749738735e-03        -4.1894061476792192e-06         1.3875890877639860e-03        -4.3677717341347178e-03         6.7037326210754990e-04         1.1642839444906228e-03        -2.8440422991498899e-04
19                                    -1.0035864280354058e-04        -1.2730661718774621e-04         1.8235071100990343e-03        -1.7217852714328163e-03         1.3709780280762819e-04         1.7486166538147397e-03        -2.3526198356463839e-03         6.9627044428134059e-04
20                                    -6.1231344512972834e-05         2.7131141243207503e-04        -4.3786004639890451e-04         6.4714024705813940e-04        -1.1222284938561559e-03        -1.0810232886528201e-03         9.6347516587818064e-04         6.5261390340189520e-04
21                                     5.1232260085404377e-04         1.4961921137152962e-03        -1.6549049507061362e-03         2.4993089954607889e-03         1.7132896293516236e-03        -5.1513138525493812e-03         3.8335982809703396e-03        -3.2547544771321046e-04
22                                    -5.6884857072612245e-04         1.6564119302620809e-03        -5.4273681129561099e-03         2.4050612827725376e-03         1.5123415374825571e-03        -1.3549936278966493e-03         2.1088525335866311e-03        -2.5485490121694119e-04
23                                     2.5590872039789011e-04        -2.2244349322680448e-03         3.5332294169924958e-03        -1.6486718885317230e-03        -1.3869331339329569e-03         1.3316023006577312e-03        -6.0187060715800726e-05         1.1721972414357486e-04
24                                    -1.1204998938123571e-04        -5.6227678056191156e-04         1.2061926005187860e-03        -3.1937636758356646e-04         2.7577895528593268e-04         3.6873569155587444e-05        -1.6444334277845982e-04         4.4407738239171207e-05
25                                    -1.3328640471581060e-04        -9.6203791231318637e-05        -8.7038588768252443e-05         9.6870480995008226e-05         2.3649065843679208e-04        -2.1879344266107566e-04        -1.7527685166507801e-04        -3.9019717285493913e-05
26                                    -6.1737783643347907e-05         2.5076000016634479e-04        -1.0203515090770770e-03         4.3924810350587715e-04         6.6101226621880557e-04        -1.7892170819145940e-04        -1.1534029366801942e-04        -4.6238427608634265e-05
27                                    -5.2429291003413484e-04        -1.7051004529608123e-02         3.6642246582197842e-02        -1.1152001250137773e-02         6.4772913411927273e-03        -1.0890282201129135e-02         2.2965635957209471e-04         7.1113241424811992e-04
28                                     1.4308833776584548e-03         3.3348300050729807e-04         3.4256332661214937e-04         1.5145354086812356e-03         8.2233488359883464e-03        -1.9753454865302333e-02         6.9916857355719012e-03        -6.4869671657896959e-04
29                                     1.2603632284049254e-03        -2.5924152186626581e-03         9.3599795618155603e-03        -2.9056738281818609e-03        -1.4230966916463989e-02         2.3585958071144147e-02        -4.6991981457843428e-03        -3.1355724786076984e-04
30                                     1.9040127232492175e-02        -4.7655397296387137e-04         1.7433776313773336e-03        -8.7511482813053547e-04        -1.2483898330085948e-03         4.0869674128581699e-03        -1.5198832186600038e-03         4.3331212105511075e-05
31                                    -1.0165159030056355e-02        -2.0944415064778768e-03         4.9923169899108132e-05         2.2242992724722443e-04         9.8644562685246129e-04        -1.9536382142715672e-03        -4.1106143511212851e-04         6.5746509201916001e-05
32                                    -1.2194505161429177e-02         1.6733809707961344e-03         6.6831322229950110e-04         2.4811999406602588e-04        -4.7852233369766444e-04         2.7803662637517065e-03        -7.4580343485033907e-04        -6.1043072867679059e-05
33                                     9.7532691856063725e-02         5.5158134908930216e-04         5.0058633068953892e-04         2.5064607562292154e-04         8.2620629428541994e-05        -2.5300242031581861e-06        -6.3389374743678213e-07         2.2336284817295675e-05
34                                    -6.4143994664961707e-02         8.6479423510405547e-05        -5.0084107559812078e-04         2.7564822280454118e-05         6.6887714450384879e-05         1.4014613123539675e-04        -4.3154119096539922e-05         2.1557662821118694e-08
35                                    -1.1117848020170581e-01        -5.9956148060453661e-05         7.7397756411146600e-05         2.1140776438534101e-04         1.8139430026190402e-04         1.9843132348349902e-04         6.0251448735361657e-05         1.2737616361918695e-05
36                                    -1.6956547132969629e-04        -2.8686137700866698e-01        -7.1380473614570214e-02        -6.6557228707800759e-02        -1.1485953157445902e-01        -4.8182045986185279e-02         1.0511562318299048e-01         2.7533514898890957e-03
37                                     2.1425420209936750e-04        -6.1116442172815685e-02        -6.6486034284391426e-02        -1.6716116176896688e-02        -5.4759612564974774e-02        -8.6849843226125892e-02         8.4260037590479397e-02         1.6485367311246720e-03
38                                     1.8942259821727341e-05        -6.9905170622239068e-02        -1.8460609866256226e-02        -6.9416742976181153e-02         1.1268805011780939e-01         8.1480801184800999e-02        -2.2362742126224600e-01         9.9833371907142449e-04
39                                     5.0416270518451823e-05         3.6682286668802940e-03        -2.0194978366993938e-02        -2.3626110877525724e-02         6.9810072308347602e-04         1.1486704593383596e-02         1.1843967903423262e-02        -2.9338898797876900e-01
40                                     7.8398942781699989e-05         7.4729777657034369e-04        -5.2119782344758770e-03        -7.7228423745223469e-03         1.5964936845273316e-04         9.0144867214358472e-03         8.2172252604311644e-03        -6.8000405328132424e-02
41                                    -3.2322222518010372e-05         1.4930619002929378e-03        -4.9249735602140115e-03        -7.0638586819384494e-03        -1.4879384999218585e-03        -1.9138087022285699e-02        -1.8628302585298472e-02        -6.6417063339747368e-02
42                                     4.7782158016478670e-08         3.6270567640690440e-06        -1.2592034814705776e-06        -8.0756016867236802e-07        -1.9049835067840320e-06        -2.0970387277104091e-07        -1.8178723611525295e-06        -2.5868028007976022e-07
43                                     1.3981400614984193e-07         2.0849400304999763e-06        -7.2016679752584573e-07        -5.7629012962657904e-07        -1.5733458073253882e-06         1.2871155301718716e-07        -1.2924356113362960e-06        -4.6348793561942487e-07
44                                    -7.7830160456922236e-08        -1.6756202345009980e-06         8.2749302236983577e-07         3.1853817091247278e-07         8.2155470957882148e-07         3.9684401599381894e-07         5.4353294699852377e-07         3.6923183419975055e-07
45                                     3.1530930387086226e-08         4.3540042615301878e-06        -1.6665516110167011e-06        -8.9379868492230253e-07        -2.7309115925877664e-06        -4.4245831583059975e-07        -1.5251649841086602e-06         7.3148236800089965e-07
46                                     4.3945892141078149e-08         4.0299779287650782e-07        -2.5475712200777553e-07         2.8607576462084494e-07         2.9458374586618046e-08        -2.2595767670604286e-07         2.4998705049130576e-07        -3.9328909532460510e-07
47                                     1.0325676270733010e-08        -1.1683330668700229e-06         8.5046861077610241e-07         2.4261086552028230e-07         6.6242732494851958e-07         2.9524599675774353e-07         2.2059920856638609e-07         1.1994826106783018e-06
48                                    -7.6963665309931131e-08        -4.8903503173247252e-06         1.8010420628749203e-06         1.0901161453610812e-06         2.9283708668559630e-06         5.8843197156542264e-07         2.4850770241176620e-06         7.7912797659675475e-07
49                                     1.7837381277542323e-07         3.7780382925241758e-06        -9.3950818334346614e-07        -1.4079362030993907e-06        -2.7985040574791947e-06         2.1150096048117284e-07        -2.3914117919220951e-06        -2.3957170596288711e-07
50                                    -8.8056306057597343e-07        -1.8801710863013837e-05         6.5197098243040489e-06         4.9111757812780375e-06         1.4360210698335452e-05         1.5154490278502762e-06         7.0283773673094365e-06         2.5537293475212146e-06
51                                    -1.5331155284321750e-06        -3.1133531365487887e-05         1.6455766201687377e-05         2.1894724384611977e-06         1.7068767398381972e-05         8.3591581315247735e-06         1.6675450158311274e-06         4.9936874218327860e-06
52                                    -3.9172697103192266e-07         1.2243939294340900e-06        -1.2708089199871733e-07        -6.0822598258207169e-07         5.0527460187667797e-07         5.0449201133811853e-07        -2.5231979458010089e-06         8.6887427993725703e-07
53                                    -1.4148714953656161e-07         1.7348136212144561e-06         2.3306313403036426e-07        -1.0837708238497361e-06         1.9056081841750623e-08         1.1273000284303680e-06        -4.3398053256138737e-06         9.3185893331028884e-07
54                                     1.3664439408683383e-06        -2.3746391233013941e-05         8.1602127817146857e-06         5.9172172628450077e-06         9.0086645974726927e-06        -1.6931475242774608e-08         1.7170142730755451e-05         3.7178618801758290e-06
55                                     3.3724043046749383e-07        -1.0290099192711131e-05         3.3530851985427025e-06         3.2624939972079473e-06         6.0444610988171060e-06        -5.2709397137568775e-09         6.0185122813955356e-06         1.6128196434884410e-06
56                                     3.6306141128255395e-07         9.1936074751573131e-07        -8.0428183409587569e-07        -8.8531368787935404e-08        -6.6324840573245649e-07        -1.4883453167726629e-06         1.2652662369023928e-06        -1.0632032197112800e-06
57                                     5.5268350570527401e-05         9.3800689933328109e-07        -8.1204039234760410e-05         8.5200119495743999e-06        -1.7552497953895115e-06        -3.6369544322717261e-05        -7.1289923289201598e-06         8.0195856012163043e-06
58                                     9.6787087967791099e-05         1.0863654433680588e-05         1.0133943621068911e-04        -4.6207179674629328e-05        -9.4726402787731012e-05         1.5562465921209076e-05         8.1838259695009852e-06        -1.8117828127223686e-05
59                                     3.9037852879446740e-05        -2.7326076120570610e-05        -1.2321144371152822e-05         1.3965393146539893e-05         3.3765969600690101e-05        -1.9618746774146509e-05         1.0906454430461611e-05        -1.1319119641055314e-05
60                                     7.9294838799285553e-05        -3.6374293736796430e-05         1.6207671143991353e-04        -4.4038258723092152e-05        -2.6075218173688937e-06         2.8574302304596301e-05        -1.6482441808231556e-05         1.3885337488015663e-06
61                                     1.2093195745628148e-04         2.2156812254124311e-04        -4.1223193689418191e-04         1.4174307318630869e-04         1.2713685815649786e-05        -2.8920513359909677e-05         3.6343263103724897e-05        -2.2948656143738339e-05
62                                     6.8050380097590949e-05        -7.1809135109181916e-05         1.0244476051345654e-04        -8.1374807565152185e-06         2.4456034416578797e-05        -3.5449828432102912e-05         1.0432063892838148e-05         7.8746801825977855e-06
63                                    -9.3202884821607474e-04        -9.3783609246754181e-06         3.5181241195710012e-06        -3.5800864660860736e-05        -7.4475645969335267e-05         1.2083139315023750e-05         2.9782697564088422e-05         1.8028027987214960e-06
64                                     1.4170617655577547e-04         3.8850288566599593e-05        -4.0191577690803379e-05         5.5247395863290466e-05         5.4577107444902126e-05         4.3185255905046340e-05        -7.4858934892438550e-05        -6.3720576200795918e-06
65                                    -4.9360848779438321e-04        -7.3217946014727614e-06        -9.0508655138714323e-07         8.6865626749235318e-06        -5.9909281077407956e-06         1.1700138666413834e-05         2.0675926817095294e-05         7.1220083160752630e-06
66                                    -2.5290781643367739e-03         6.9020945549899248e-04         5.9588691161587340e-06         8.7293371049926467e-06         1.0821865109080349e-04         1.2781068260549360e-04         6.8000700474460011e-05         1.8318538449715936e-05
67                                    -3.1329616494101681e-03        -1.4672633818961365e-04        -9.1340840902174122e-05         4.0007619931802755e-04         2.2838366937792448e-05         8.0232794191591628e-05        -1.6673256812065583e-04         5.3558992209564731e-05
68                                    -2.6289653819783669e-03        -1.2216834271256641e-04         4.5151537394187908e-04        -4.4303009405326379e-04        -1.5083844422577862e-04        -1.4693708061221027e-04         4.1911622915761858e-05        -2.4618786727428443e-05
69                                     4.2919847384219334e-04         1.8629698719706110e-04        -9.5539470714594860e-05         1.0881960328354613e-04         4.2036922038546018e-04        -7.4411994084539108e-04         3.2954331183879742e-04        -1.1625466076581163e-06
70                                     5.3149109055953680e-04        -1.5358311066685464e-04         1.3623374815014940e-04        -1.5439344501005597e-04         3.1245904253440044e-04        -1.4135988947348462e-03         2.4318994691430835e-04        -2.8784064068234890e-05
71                                     7.4974854073832364e-04        -1.1191210861935481e-04        -9.2879443804060372e-05         1.9857928795106888e-05        -2.6445742864195310e-04         3.6536096775979039e-04        -5.6185338176283246e-05         1.6160614843379857e-06
72                                     6.6378355355924817e-03         8.8314954026766883e-05        -8.5103478532112199e-05        -3.7154977142315023e-05        -1.3316580967737520e-05        -5.6587372589252012e-05        -2.6456954122065920e-07        -9.4370317138911411e-06
73                                    -6.5852204415073178e-03         4.8979607206373906e-05         2.3556585690153744e-04         4.2845052880074167e-05        -1.5767192494325479e-05        -6.0714630834118153e-05         1.1173265017116226e-06        -1.1077862755373364e-05
74                                    -5.5139006809044287e-03         1.2396286949809123e-04        -5.5778746470414243e-05        -3.8508403660987399e-05         1.5770533744046654e-05        -7.3932429481711787e-05         5.0936164085083020e-06        -9.7545676973695704e-06
75                                    -1.5697052427888436e-02         1.4503364433604955e-04        -2.9333875556942731e-04        -5.2085570871872723e-05        -1.2631079172694722e-05        -3.4546430257594192e-05        -1.3286585611192345e-05         3.0652812815219987e-06
76                                     9.3897353880594472e-03         2.4000787206449698e-04        -3.9867959592477067e-04        -6.9084174808175210e-05         1.6747853745644869e-04         5.1259577325132123e-05         6.3500077565422725e-05         6.5252259975138711e-06
77                                     1.1295760031326357e-02         1.7916932302553272e-04        -4.8132273240634430e-04         5.5798495394875299e-06         6.3546770927157227e-05        -8.0789871464175672e-05         4.0690295437094458e-05         5.1620617784606048e-06
78                                    -1.0408659976963175e-01         5.7456505162755377e-06        -6.1068905674887644e-05        -2.1775153211210646e-06         6.0812931238561456e-06         2.0535223855490777e-05         8.0106754066114165e-06        -4.7673286321318328e-06
79                                     7.2875195375002227e-02        -6.9970473957093118e-05         1.4880696219856363e-04        -6.6323813207166938e-05        -1.6655716499974703e-05        -2.0177744906704974e-05         2.2945899827211676e-06        -1.1953613360006095e-05
80                                     1.1847481643474791e-01         2.3570387986824627e-05         4.7784630661427841e-06        -2.4704289413700727e-05        -9.1100026239005670e-06        -4.0325525562469491e-05         5.4133643672106899e-06        -3.3852914240989595e-06
81                                     2.3570387986824627e-05         3.0767542682696136e-01         6.2501154183353905e-02         7.6274718574632000e-02        -9.9161199974123430e-03        -2.2766376228132625e-03        -4.8336966851435167e-03         1.1068226992773235e-03
82                                     4.7784630661427841e-06         6.2501154183353905e-02         7.8945633700102658e-02         1.9399180744862660e-02        -9.5076810274440076e-03        -2.1153216590058337e-03        -4.8207216137613734e-03         2.1860461917482671e-04
83                                    -2.4704289413700727e-05         7.6274718574632000e-02         1.9399180744862660e-02         7.1567426158420960e-02         2.1370118795902761e-02         4.4753582808350787e-03         9.4533440115955776e-03         4.9307652823999022e-04
84                                    -9.1100026239005670e-06        -9.9161199974123430e-03        -9.5076810274440076e-03         2.1370118795902761e-02         1.1942927256589443e-01         5.1803355173635116e-02        -1.1600004857884771e-01         3.2976736313362594e-04
85                                    -4.0325525562469491e-05        -2.2766376228132625e-03        -2.1153216590058337e-03         4.4753582808350787e-03         5.1803355173635116e-02         1.0387955196537527e-01        -9.0668214908432909e-02        -2.0693908613453359e-04
86                                     5.4133643672106899e-06        -4.8336966851435167e-03        -4.8207216137613734e-03         9.4533440115955776e-03        -1.1600004857884771e-01        -9.0668214908432909e-02         2.3822811521159881e-01        -2.1132743556113998e-04
87                                    -3.3852914240989595e-06         1.1068226992773235e-03         2.1860461917482671e-04         4.9307652823999022e-04         3.2976736313362594e-04        -2.0693908613453359e-04        -2.1132743556113998e-04         3.0927155542261586e-01
88                                    -6.4534118306608524e-06         3.9574883492967273e-04        -2.2768755848486680e-03        -3.5612940454385318e-03         5.1394736450719337e-04         7.3725370346501725e-04         7.0022567772203091e-04         7.3311727196261278e-02
89                                     1.3748166862936410e-05         5.8166035215618129e-04        -4.0122456731062472e-03        -3.1554189187233809e-03        -3.3414421132390020e-04         6.6549177145127010e-04         8.8919018850348863e-04         7.1235042464182455e-02
90                                    -1.0617177772587751e-05         3.4132194684690482e-04         9.3097175597446895e-05         3.9727112039640144e-04         1.2596910638272433e-04         1.7359543921123305e-05        -6.3215121247762844e-06        -1.0512011574697670e-02
91                                    -3.8473213420080351e-06        -3.3800176634470394e-04         4.3293844499413823e-04         5.0483130947996148e-04         1.8386965160760481e-04         6.4832644594858910e-04         5.7848105460903132e-05        -5.1272887021574474e-03
92                                     1.0257765571020854e-05        -3.5857862452694472e-04         4.4976200394044956e-04         9.7592740801678650e-04         2.8920663622442392e-04         7.9983094961662282e-04         8.6520847593016411e-04        -2.0550143020964307e-03
93                                    -1.5631417417133878e-05         4.8381233834896183e-04         6.2632307359901797e-04        -2.1063610258614167e-04         9.5704491521219595e-04        -2.2429880969478041e-04         3.0780629858001042e-05        -9.7356778769412157e-03
94                                     2.1130534487375023e-05        -1.1163378386837169e-04         8.1244963774479971e-04         9.5655557336845796e-04         6.7797928319504250e-07        -2.7067323983633049e-03        -3.5982746835345569e-03        -1.5963376015344991e-03
95                                     2.8611742557645744e-05        -2.3110818077757937e-04         3.1535005401618198e-04         8.8721556243607103e-04        -3.7848787372847959e-04        -4.0785398306245543e-03        -2.7196193363257341e-03        -4.4229212112180255e-03
                                                        88                          89                          90                          91                          92                          93                          94                          95

0                                     -1.4351257432523549e-05        -1.3170439092633307e-05        -8.9776471715214652e-06         3.0823213442771486e-05         2.1439205803478401e-05        -3.7497806020705848e-06        -2.5085157432128037e-06         9.2879387085437383e-06
1                                     -3.3358309563122925e-06        -3.4653429313563100e-06        -2.0678242266743614e-06         6.2284122626213107e-06         4.4115447123120186e-06        -1.0704526633148107e-06        -5.3061287425267497e-07         1.8099187034956104e-06
2                                      1.4156132771423738e-06         1.5096373582169735e-06         1.0590318851273538e-06        -4.0422240681676249e-06        -2.5327659892916503e-06         8.1475945816632118e-07         3.4523408947954938e-07        -1.6341795408511464e-06
3                                      7.1342594861034843e-05         6.3837519276428381e-05         4.1934779093349265e-05        -1.3016979809970416e-04        -8.7934886214119113e-05         1.9876276158130418e-05         1.0561705850097558e-05        -3.9545889684873856e-05
4                                      6.7609501278944704e-06         9.3854222173612600e-07         5.5200958467652895e-06        -3.7647822974838688e-05        -2.5418629318253934e-05         2.9172003132223838e-06         6.1895312974678469e-06        -4.1095582006423284e-06
5                                      1.0059619844232785e-05         1.8132389991121289e-06         4.4750756407383504e-06        -1.3991999130181400e-05        -8.9464817525824458e-06         2.1611405865664592e-06         3.0432314196317067e-06        -2.1587066051956336e-06
6                                     -1.8726362858022394e-04        -1.4137979595017363e-04        -1.1392253042766290e-04         3.9830276161434072e-04         2.7283920941026754e-04        -4.4553209420966915e-05        -3.0292825723928917e-05         1.1941177093890099e-04
7                                     -1.5364809529704976e-05        -2.9923701146231513e-05        -1.3861785909281374e-05         1.6217467679477181e-05         1.2424540649251488e-05         2.9571534283180366e-07         4.1027120718266406e-06         1.3095308373466488e-05
8                                     -8.5768334579928036e-05        -1.1518346595641458e-04        -6.1284262979357032e-05         1.9644845899087702e-04         1.3715649503221096e-04        -3.0705561699469745e-05        -1.4467613866341557e-05         6.2256336483526543e-05
9                                      7.3103181806078495e-04         7.3625090997430135e-04         4.0791932055558584e-04        -1.4596334210717156e-03        -9.9108108278498437e-04         2.7131057280922472e-04         1.5829075487451295e-04        -3.5148715370373376e-04
10                                     1.9658269124816992e-04         1.6574838616817563e-04         9.0288092337896254e-05        -1.7971054905766584e-04        -1.1470937264289604e-04         6.1420385719987625e-05        -1.2167957897085915e-05        -8.1774526453570414e-05
11                                    -6.5512932773792660e-05        -2.4975087103231160e-05        -4.1921819501160543e-05         9.1922635793610690e-05         5.9358331767234423e-05        -9.0682739078706944e-06         4.4994920765776412e-06         5.1864178697257502e-05
12                                    -1.2415722628825103e-04        -1.2917335045475729e-04        -7.2988969300742630e-05         2.4622171101846115e-04         1.7091847939262460e-04        -3.5279227964021729e-05        -2.4898795995051378e-05         6.9915433710492227e-05
13                                    -9.1407781537864482e-05        -4.7853851310913464e-05        -5.1004110028655513e-05         1.7524469586228667e-04         1.2121421842661823e-04        -2.5804909987764245e-05        -1.8517988974282749e-05         4.3991290563179589e-05
14                                     3.6326537140908267e-05         2.9741116614966854e-05         2.1317351569176043e-05        -5.5286560535619560e-05        -3.5982939805343067e-05         1.0698488612907016e-05         4.2940747678216437e-06        -2.0755913755727564e-05
15                                    -2.0120460171788322e-04        -1.9728408653734634e-04        -9.0281236904979302e-05         2.2982606954090876e-04         1.5396510944211167e-04        -6.6338734698370203e-05        -1.9746331716501554e-05         6.6126054896307508e-05
16                                     7.6728957139731704e-05         8.8457382399604397e-05         3.5016335738533605e-05        -1.0879082606548822e-04        -7.0980584513583979e-05         2.8408526255491499e-05         1.2579906160992301e-05        -2.5714077489341818e-05
17                                     1.2688483784901850e-04         1.2032819341228717e-04         5.5359055763502685e-05        -9.6856866717707785e-05        -6.7396422174327875e-05         2.6273182939646881e-05         6.3726418693684737e-07        -4.5142122379303525e-05
18                                     1.1574596898945508e-05         7.2552999685749579e-05        -3.2182550987210968e-04         1.5189415767550706e-03         1.0171445477903946e-03        -2.1525979032412887e-04        -2.5437877445615891e-04         1.9473685323936695e-04
19                                     6.6559522744268941e-04         1.1723301997130504e-03         1.8531852167271684e-04         1.2969475402732193e-03         9.2005741363451483e-04         4.4028964501457643e-04        -2.4221682443398672e-04         1.4268210727639392e-04
20                                     4.1209524990229966e-04         1.2991701208361559e-04         3.4759970879482337e-04        -6.6669751780657990e-04        -5.5942330640271600e-04         2.3530335863521134e-04         2.4966807995912410e-04         1.3177750336804497e-04
21                                    -3.2666234650055657e-04        -1.1104814174869144e-03         3.7368601961630936e-04        -3.1965608623560978e-03        -2.0813970287773247e-03        -3.3198279414241717e-04         8.0210141329513612e-04        -1.5162366925197159e-04
22                                    -1.1383619105320851e-03        -1.1948264113656086e-03        -3.6712401757275979e-04        -1.3816883231867986e-03        -1.2190936062403226e-03        -1.8103592093899446e-04         2.8605390022545872e-04        -1.6666556825331168e-04
23                                    -2.3237518208695798e-05         5.8857973615454367e-04        -1.2971295152434796e-04         5.4296617636327119e-04         3.9270414836161283e-04         1.3016563309801933e-04         5.6933348314292887e-05         7.8841586921591866e-05
24                                     1.9098621230889185e-05         1.1732586671966161e-04         1.5423222474705207e-05         1.9960819661932080e-04         2.0680573568158917e-04         7.1807126857120497e-06        -1.5477594345643516e-05         4.9151689836954369e-05
25                                    -2.5277799201123800e-05         7.5928471285572344e-06        -8.7150688395133121e-06         3.1799811937121539e-05         5.8472996752295670e-05         8.2116563818589064e-06        -4.0656423166928004e-06        -1.5988846895478046e-05
26                                    -2.0400415579921650e-04        -2.4508718986444508e-04        -1.4509524586735992e-04         3.4574948559313408e-04         3.6303769159638707e-04        -4.3220009710536523e-05        -7.2226734972767918e-05        -1.8173099517135421e-05
27                                    -5.0968147824378323e-04         1.1542237851385618e-03         9.4228701282548773e-04         2.6309487910331003e-03         1.9956306556343194e-03        -4.6654258743945246e-05        -7.6659678039553035e-04        -5.0041040157639688e-04
28                                     1.8527499949892480e-03         1.3391352580446880e-03        -1.8423689727060412e-04        -4.2809099015410426e-03        -5.4326569908126534e-03        -5.7854097513223689e-04         2.3717759387670628e-03         1.1643191000623842e-03
29                                     1.0870871443661172e-03         1.2080520361752466e-03         1.5515368889325114e-04        -4.2593916782729616e-03        -3.5056609132774652e-03         3.1459292309070060e-04         8.2016279233410017e-04         1.5698052202401558e-03
30                                    -2.3620484682699980e-04         1.3069308295658163e-04        -3.3652493851220513e-05         7.7471009836586565e-04         5.8216656908442353e-04         2.0564758830806748e-04         1.8665217062658148e-04         2.6678713860682767e-04
31                                    -8.7973379158601982e-05         1.0755907899766162e-04         3.7115280779121172e-05         5.5250390649960951e-04         2.5102210759488385e-05         1.1157804982127878e-04        -2.5113038694858701e-04        -1.3391477740052444e-04
32                                     4.5198706234416064e-05         2.1128759741155077e-05         1.1750952286078509e-04        -3.2959943851690440e-04        -2.8042676798317793e-04        -1.2231494049340174e-04        -4.9078308316474989e-04         8.6939512141501153e-05
33                                     6.7364824460761639e-05        -3.0984586931051937e-05         8.0469498596422780e-05        -6.2290493356189413e-05        -8.0577566601377861e-05         4.6342861443371712e-05        -5.8949402320671645e-05        -1.4657012182654300e-04
34                                     3.2644995027190113e-05         8.5207322208912220e-05         5.7136363953442663e-05        -5.1149890907662836e-05        -6.1198482513646422e-05        -8.6428269033055971e-06         3.9809383843716168e-06         3.7961585337396267e-05
35                                    -4.8552178610061520e-05        -4.9474290744532407e-05        -4.3134900873280336e-05         8.4399641608938399e-05         9.8414993247732146e-05        -2.0631723724565967e-05        -4.5443256626321097e-05         7.0036342893498444e-05
36                                    -2.0750898420380724e-02        -2.5061289220022147e-02        -1.2570874410974802e-03         8.6150420770094386e-03         1.2668341445881335e-02        -2.5338716076166168e-04         1.1904536602846259e-02         1.0779304310666510e-02
37                                    -6.7165615641939652e-03        -5.5049244571261551e-03        -1.8980399691549965e-03        -1.3188797376160039e-02        -1.8669799458297744e-02         1.3318863960472549e-03         8.5253244388727792e-03         1.0770929046338671e-02
38                                    -5.9319844214510862e-03        -7.4052536650087326e-03        -2.6569537077790646e-04         9.5217858358135725e-03         8.8989916956786104e-03        -1.7522304801118761e-03        -2.0050823802199115e-02        -1.9556754199920538e-02
39                                    -6.6570277634175418e-02        -6.3558094224650669e-02        -1.1566622403258635e-01         1.1397097726173447e-01        -4.1658401992239080e-02        -1.0672828610239082e-01        -5.0801916054178345e-02         1.0194331890704264e-01
40                                    -6.5279038394550529e-02        -1.7176708287563951e-02         1.1505566888961183e-01        -2.3487104738634684e-01         6.8250354738218999e-02        -5.1281506635697825e-02        -8.9336167289177926e-02         8.5924409643187621e-02
41                                    -1.6176483062868299e-02        -6.4143190537279238e-02        -4.0559150336414954e-02         6.5463596662835827e-02        -7.0765514355897854e-02         1.0230495256587013e-01         8.7996273832833705e-02        -2.2251078209809613e-01
42                                     1.2791556046342353e-06         1.1076573821884523e-06         7.7285642892922284e-07        -2.3098533152425435e-06        -1.5171631325405681e-06         2.2670432174004992e-07         1.4409750016509420e-07        -7.1988716616759385e-07
43                                     5.8968310898568183e-07         8.2812003285094750e-07         3.2804268698035182e-07        -1.3326363859305927e-06        -1.0630182086410496e-06         3.6583306201789847e-07         1.1519486870685216e-07        -5.1575473538145538e-07
44                                    -7.1607901103238038e-07        -5.7547539346916375e-07        -3.7500270421131976e-07         1.1997938382452794e-06         7.9900351234249981e-07        -2.7840017604905799e-07        -9.6936157147965276e-08         4.1089543887441363e-07
45                                     8.7631776944056551e-07         2.0209717981406119e-06         9.7011016866508675e-07        -3.0012946423682198e-06        -1.9106877592050323e-06         6.5459621046361254e-07         2.6365204003950074e-07        -9.0968453899323293e-07
46                                     3.7450212708845074e-07        -2.4748997613667620e-07         1.5685984051060347e-07        -2.3418694471139109e-07        -1.0198430955785482e-07        -1.8985047443053265e-07         1.3688565696114011e-08         1.1537168824769995e-07
47                                    -3.8925681567031855e-07         6.9559543858880852e-09        -1.5777276162334613e-07         1.1365849856829079e-06         8.1162803970676911e-07        -1.1727438573052554e-08         2.8118007105952373e-09         4.8357526673483727e-07
48                                    -2.0541657969936583e-06        -1.6260910334830599e-06        -1.0478972208317409e-06         3.4448496013232704e-06         2.2793282141385691e-06        -3.7315659960941722e-07        -2.8021844777437614e-07         1.0638018908809470e-06
49                                     1.2398418466970073e-06         1.1787854244655819e-06         8.3690637164444205e-07        -2.2016909185616378e-06        -1.5412153865334989e-06         4.4865299114514405e-07         1.5677530111052595e-07        -7.5916278220457980e-07
50                                    -5.8253129420317880e-06        -5.4677964003916266e-06        -3.6755926609620834e-06         1.2662454928219168e-05         8.8367438607309919e-06        -1.6790666488020977e-06        -9.9756865306249546e-07         3.8188017841405722e-06
51                                    -1.0283985505431398e-05        -6.6993514163830687e-06        -6.1809397539245467e-06         2.3079919324184707e-05         1.5773791893769322e-05        -2.7894947654551291e-06        -2.4882697590123189e-06         5.5686522861883789e-06
52                                     1.6601133335841363e-07         8.4770727573470428e-07         2.1368689417342688e-07        -2.3018740582613398e-07        -1.1349173644657561e-07         2.2026073253065989e-07         6.6330696412378066e-08        -1.5150494947186957e-07
53                                     9.8555851631989153e-07         2.0940625332617725e-06         3.8717500131153589e-07        -2.6442207468005627e-07        -4.0085830418194881e-07         1.4033304861648898e-07        -3.7326445737913662e-08        -2.5303740105745296e-07
54                                    -9.7165116413336059e-06        -8.5386426214114388e-06        -5.1853990628666703e-06         1.4322481333079161e-05         1.0126634489788059e-05        -1.7057702466411409e-06        -4.8331161343048139e-07         5.4428802018682364e-06
55                                    -3.9672506707038235e-06        -2.6482929025502694e-06        -2.3244232663553486e-06         6.3851050464914849e-06         4.4618410460906582e-06        -6.9738369552297606e-07        -1.4377623060820752e-07         2.0830265031596660e-06
56                                    -2.2895829905203183e-07         7.3117644573176434e-08         6.8272068438806847e-08        -1.0928531958461807e-06        -7.9052532985968695e-07        -3.7415251852336437e-09        -6.4756528767127311e-08        -3.8089401311467240e-08
57                                    -1.9182274654489453e-05        -1.3954589012476890e-05        -1.8228733372665373e-05         9.5285545330139207e-05         9.2444540257086827e-05        -3.1253532787467814e-06        -1.3843115193520747e-05         1.3364892918806211e-05
58                                     6.1042532609633130e-05         5.9738581676047270e-05         3.6282509714271912e-05        -1.1013483799407528e-04        -1.0693057745704142e-04         1.3540579549540387e-05         9.9434716533878879e-06        -2.3305034292897069e-05
59                                    -2.5969329802372676e-05        -1.6452033114514180e-05        -7.6598739034368276e-06         4.6171756258211913e-06         1.4135174950075951e-05        -2.3349650840043517e-06        -4.7419483126138746e-06         5.1109431585477183e-06
60                                     1.1544751581061211e-05         2.8553921734341368e-05         5.8258873662940031e-06         3.3152135292110452e-05         2.8767902703368412e-05         6.2218228707049318e-06        -2.9834263850585219e-06         8.1554348663477442e-06
61                                    -1.6471544078716557e-06        -3.1082036462973793e-05         7.4473272934368730e-07        -4.3537282451157420e-05        -3.1077480644745088e-05        -1.0936408003882356e-06        -4.2710412209883980e-06        -2.8259347601608580e-05
62                                     9.4312814519353509e-06         9.3088233947480543e-06         1.2361809283474520e-05         2.0966825919902730e-05         1.9527325608360486e-05        -1.1458847827671497e-06        -4.3347869473307077e-07         3.1145565836023653e-06
63                                    -1.5406851193268330e-06        -3.8708395578146285e-07        -2.8843888882113756e-06         3.5730690989516187e-06        -3.5326238536714632e-06        -5.0315855023975553e-06        -4.4019482117050370e-06         7.2088175685530080e-06
64                                     1.9887740778233711e-05         1.6990022988699674e-05         8.9855210315725311e-06         7.0405780878271334e-06         9.1005528112502446e-06         5.2423953354493557e-06        -7.3851816215297168e-06        -2.0751579234939505e-05
65                                     2.1906083844022752e-06        -9.7190394155974877e-06         4.0759114125664936e-06        -1.3821261750502819e-05        -1.3030723650917952e-05        -1.2516300844516942e-06         1.1512163476498473e-06         5.7908782004906646e-08
66                                     7.9463579363548125e-05        -9.1486329072300982e-06         4.6804098070738658e-05        -3.8740914648009890e-05        -1.3700389750380995e-04        -7.1353681488411241e-05        -3.1854215700566932e-04        -1.9413067867446432e-04
67                                     1.1970863366799602e-04         6.4585480319431885e-06         1.2785056685176110e-04         2.2026004053954287e-04        -4.8173487173873604e-05         9.0784247691818773e-05        -4.1978738379072741e-04        -4.5469163532545665e-04
68                                    -7.2983951450097706e-05        -2.6138449182284303e-05         3.5869517044609416e-05         5.7255037480509561e-05        -2.0444567928822171e-05         6.2053741380021024e-05         6.7519865070775093e-05        -6.3424743375087528e-05
69                                     2.5929914934481654e-05         4.9840609120157116e-06        -4.1665122737480256e-06        -1.9344682896347147e-05        -4.3521256186024291e-05        -5.7022875323248783e-05        -1.0408732387489196e-04        -5.9408474168441380e-05
70                                    -1.2041168511586116e-05        -2.7988096121712956e-05         2.9150908102829442e-05        -8.4939117486354407e-05        -9.2392859760202653e-05         3.8851710255314535e-05         7.3644242143527548e-05        -8.0940456626083293e-05
71                                    -1.9514425882523857e-06         2.9354935175138748e-06         2.7340727668161911e-06         9.1245842587004235e-06         2.1915990943617523e-05         4.8345709433567975e-05         6.2254372589358919e-05         3.1606388446156963e-05
72                                     2.4548434279436125e-05         2.2882753991063922e-05         8.1797587875066237e-06        -4.8087486796856299e-05        -4.0919912301227136e-05        -2.3518610015762202e-06         1.8409178058806566e-05         5.3294537908382287e-06
73                                    -3.2551499973751589e-06        -3.4052254345444268e-06         2.1578094915409939e-05        -3.8736020297990024e-05        -3.6195433918532414e-05         7.4651414423283533e-06         6.0485789913299173e-06        -2.1024474554785700e-05
74                                     1.5746263293223064e-05         1.7972302362043667e-05         1.6121353770496449e-05        -4.2097330202737386e-05        -4.0303952929446652e-05         1.7703990477138638e-06         9.7161813310406436e-06        -1.0231871726392816e-05
75                                     3.8093587387219284e-05         4.3445705481915265e-05        -1.2779784998683306e-05        -4.4912424537311318e-06         1.2043414201795400e-06        -1.0702475946487469e-05         1.6451257695746390e-05         1.9286173127465006e-05
76                                     1.3095822246000582e-05         2.4778424007134178e-05        -1.1935044050256817e-05         1.6605395615069785e-05         1.3932682216770016e-05        -1.1971701938645593e-05         3.7418581781349360e-06         1.0170124495972436e-05
77                                     5.7971496444672864e-05         4.7775446517202671e-05        -1.1420932970634948e-05        -1.4545395164914846e-05        -1.0038680443556333e-05        -1.4371722122871470e-05         7.4735848015712459e-06         3.2746162022846692e-06
78                                    -1.4482242315722922e-06         3.9011127307272346e-06        -1.4356964052189881e-05         5.1559968753290842e-06         1.8190375082113291e-05        -1.0952114696680267e-05         4.6004244018574514e-06         2.4445201284073977e-05
79                                    -4.1656977687134169e-05        -1.3358183451303563e-05        -1.1505340610862092e-05        -2.4083885271695109e-06         1.0199003811140958e-05        -9.4690334027816125e-06         1.4004556650587197e-05         4.0666430623401188e-05
80                                    -6.4534118306608524e-06         1.3748166862936410e-05        -1.0617177772587751e-05        -3.8473213420080351e-06         1.0257765571020854e-05        -1.5631417417133878e-05         2.1130534487375023e-05         2.8611742557645744e-05
81                                     3.9574883492967273e-04         5.8166035215618129e-04         3.4132194684690482e-04        -3.3800176634470394e-04        -3.5857862452694472e-04         4.8381233834896183e-04        -1.1163378386837169e-04        -2.3110818077757937e-04
82                                    -2.2768755848486680e-03        -4.0122456731062472e-03         9.3097175597446895e-05         4.3293844499413823e-04         4.4976200394044956e-04         6.2632307359901797e-04         8.1244963774479971e-04         3.1535005401618198e-04
83                                    -3.5612940454385318e-03        -3.1554189187233809e-03         3.9727112039640144e-04         5.0483130947996148e-04         9.7592740801678650e-04        -2.1063610258614167e-04         9.5655557336845796e-04         8.8721556243607103e-04
84                                     5.1394736450719337e-04        -3.3414421132390020e-04         1.2596910638272433e-04         1.8386965160760481e-04         2.8920663622442392e-04         9.5704491521219595e-04         6.7797928319504250e-07        -3.7848787372847959e-04
85                                     7.3725370346501725e-04         6.6549177145127010e-04         1.7359543921123305e-05         6.4832644594858910e-04         7.9983094961662282e-04        -2.2429880969478041e-04        -2.7067323983633049e-03        -4.0785398306245543e-03
86                                     7.0022567772203091e-04         8.8919018850348863e-04        -6.3215121247762844e-06         5.7848105460903132e-05         8.6520847593016411e-04         3.0780629858001042e-05        -3.5982746835345569e-03        -2.7196193363257341e-03
87                                     7.3311727196261278e-02         7.1235042464182455e-02        -1.0512011574697670e-02        -5.1272887021574474e-03        -2.0550143020964307e-03        -9.7356778769412157e-03        -1.5963376015344991e-03        -4.4229212112180255e-03
88                                     6.6794176376085576e-02         2.2291497587055634e-02         2.3896809455740815e-02         8.6441027834458367e-03         5.7723596075500185e-03        -1.0261550570856041e-02        -3.5259356909058273e-03        -4.3642745487305536e-03
89                                     2.2291497587055634e-02         6.7157372476279287e-02        -6.9469080710902300e-03        -3.2807299142285379e-03        -2.9238940228002988e-03         2.3356465840483866e-02         5.3007815504690203e-03         7.8792832068779375e-03
90                                     2.3896809455740815e-02        -6.9469080710902300e-03         1.1789886415640848e-01        -1.2385776569970772e-01         4.3510575838052679e-02         7.8513742819107547e-03        -1.3370852539062157e-02         3.5976801268376279e-03
91                                     8.6441027834458367e-03        -3.2807299142285379e-03        -1.2385776569970772e-01         2.5013635486519692e-01        -6.9051864055009002e-02         5.3903759476112683e-03        -7.8074590687366111e-03         8.8692052530939085e-04
92                                     5.7723596075500185e-03        -2.9238940228002988e-03         4.3510575838052679e-02        -6.9051864055009002e-02         7.1751776467542577e-02        -1.3562917130596331e-02         1.8542323967527634e-02        -5.3840720549893474e-03
93                                    -1.0261550570856041e-02         2.3356465840483866e-02         7.8513742819107547e-03         5.3903759476112683e-03        -1.3562917130596331e-02         1.0777688463455953e-01         5.4412628414188917e-02        -1.1072217411676832e-01
94                                    -3.5259356909058273e-03         5.3007815504690203e-03        -1.3370852539062157e-02        -7.8074590687366111e-03         1.8542323967527634e-02         5.4412628414188917e-02         9.2206319542918760e-02        -8.9839749333473773e-02
95                                    -4.3642745487305536e-03         7.8792832068779375e-03         3.5976801268376279e-03         8.8692052530939085e-04        -5.3840720549893474e-03        -1.1072217411676832e-01        -8.9839749333473773e-02         2.3943853057475423e-01
                              

0                             
1                             
2                             
3                             
4                             
5                             
6                             
7                             
8                             
9                             
10                            
11                            
12                            
13                            
14                            
15                            
16                            
17                            
18                            
19                            
20                            
21                            
22                            
23                            
24                            
25                            
26                            
27                            
28                            
29                            
30                            
31                            
32                            
33                            
34                            
35                            
36                            
37                            
38                            
39                            
40                            
41                            
42                            
43                            
44                            
45                            
46                            
47                            
48                            
49                            
50                            
51                            
52                            
53                            
54                            
55                            
56                            
57                            
58                            
59                            
60                            
61                            
62                            
63                            
64                            
65                            
66                            
67                            
68                            
69                            
70                            
71                            
72                            
73                            
74                            
75                            
76                            
77                            
78                            
79                            
80                            
81                            
82                            
83                            
84                            
85                            
86                            
87                            
88                            
89                            
90                            
91                            
92                            
93                            
94                            
95                            
   &MODES [&Type "ArrayOfDoubles", &Dim (96,96)] "The modes of vibrations"
                                                         0                           1                           2                           3                           4                           5                           6                           7

0                                      0.0000000000000000e+00         0.0000000000000000e+00         0.0000000000000000e+00         0.0000000000000000e+00         0.0000000000000000e+00         0.0000000000000000e+00         4.0019333544898686e-02         4.7972870520743158e-02
1                                      0.0000000000000000e+00         0.0000000000000000e+00         0.0000000000000000e+00         0.0000000000000000e+00         0.0000000000000000e+00         0.0000000000000000e+00        -1.6692559917576921e-01         2.2206203254130686e-02
2                                      0.0000000000000000e+00         0.0000000000000000e+00         0.0000000000000000e+00         0.0000000000000000e+00         0.0000000000000000e+00         0.0000000000000000e+00        -4.6752290534708293e-02        -1.6026662452722589e-02
3                                      0.0000000000000000e+00         0.0000000000000000e+00         0.0000000000000000e+00         0.0000000000000000e+00         0.0000000000000000e+00         0.0000000000000000e+00        -9.2614554189643511e-03         4.8372930320903750e-02
4                                      0.0000000000000000e+00         0.0000000000000000e+00         0.0000000000000000e+00         0.0000000000000000e+00         0.0000000000000000e+00         0.0000000000000000e+00         4.5021990758546938e-02        -1.0403530406343056e-01
5                                      0.0000000000000000e+00         0.0000000000000000e+00         0.0000000000000000e+00         0.0000000000000000e+00         0.0000000000000000e+00         0.0000000000000000e+00         7.8132626987650437e-03        -4.3275707822226193e-02
6                                      0.0000000000000000e+00         0.0000000000000000e+00         0.0000000000000000e+00         0.0000000000000000e+00         0.0000000000000000e+00         0.0000000000000000e+00        -8.4910383296970485e-03         3.2470327587129984e-02
7                                      0.0000000000000000e+00         0.0000000000000000e+00         0.0000000000000000e+00         0.0000000000000000e+00         0.0000000000000000e+00         0.0000000000000000e+00         3.7127199246153132e-02        -5.4068597280204043e-02
8                                      0.0000000000000000e+00         0.0000000000000000e+00         0.0000000000000000e+00         0.0000000000000000e+00         0.0000000000000000e+00         0.0000000000000000e+00         1.0760829244558130e-02        -7.3552684648471858e-03
9                                      0.0000000000000000e+00         0.0000000000000000e+00         0.0000000000000000e+00         0.0000000000000000e+00         0.0000000000000000e+00         0.0000000000000000e+00        -5.3233347511781820e-03        -2.1092692808086207e-03
10                                     0.0000000000000000e+00         0.0000000000000000e+00         0.0000000000000000e+00         0.0000000000000000e+00         0.0000000000000000e+00         0.0000000000000000e+00         1.7554160976884798e-02         9.5684785900189712e-03
11                                     0.0000000000000000e+00         0.0000000000000000e+00         0.0000000000000000e+00         0.0000000000000000e+00         0.0000000000000000e+00         0.0000000000000000e+00         4.5004016874205773e-03         2.2988478275126976e-02
12                                     0.0000000000000000e+00         0.0000000000000000e+00         0.0000000000000000e+00         0.0000000000000000e+00         0.0000000000000000e+00         0.0000000000000000e+00        -9.3611116456596179e-03         8.0616623420750157e-04
13                                     0.0000000000000000e+00         0.0000000000000000e+00         0.0000000000000000e+00         0.0000000000000000e+00         0.0000000000000000e+00         0.0000000000000000e+00         1.2822491160474679e-02         2.6490990615943011e-02
14                                     0.0000000000000000e+00         0.0000000000000000e+00         0.0000000000000000e+00         0.0000000000000000e+00         0.0000000000000000e+00         0.0000000000000000e+00        -8.6961723485811764e-03         6.1964395211438414e-02
15                                     0.0000000000000000e+00         0.0000000000000000e+00         0.0000000000000000e+00         0.0000000000000000e+00         0.0000000000000000e+00         0.0000000000000000e+00         5.7561196222447779e-03        -4.7899788034399010e-02
16                                     0.0000000000000000e+00         0.0000000000000000e+00         0.0000000000000000e+00         0.0000000000000000e+00         0.0000000000000000e+00         0.0000000000000000e+00         9.4800012678466893e-03         3.4144307181176170e-02
17                                     0.0000000000000000e+00         0.0000000000000000e+00         0.0000000000000000e+00         0.0000000000000000e+00         0.0000000000000000e+00         0.0000000000000000e+00         2.2774320658246940e-02        -4.0198203917222834e-02
18                                     0.0000000000000000e+00         0.0000000000000000e+00         0.0000000000000000e+00         0.0000000000000000e+00         0.0000000000000000e+00         0.0000000000000000e+00        -4.6872390704805174e-03        -3.1260393849028706e-03
19                                     0.0000000000000000e+00         0.0000000000000000e+00         0.0000000000000000e+00         0.0000000000000000e+00         0.0000000000000000e+00         0.0000000000000000e+00         8.6407576053715157e-03         2.4952649064074354e-02
20                                     0.0000000000000000e+00         0.0000000000000000e+00         0.0000000000000000e+00         0.0000000000000000e+00         0.0000000000000000e+00         0.0000000000000000e+00        -1.6595242173689162e-03         4.5623489794633446e-02
21                                     0.0000000000000000e+00         0.0000000000000000e+00         0.0000000000000000e+00         0.0000000000000000e+00         0.0000000000000000e+00         0.0000000000000000e+00         7.1570822715418740e-04        -3.2756009695154653e-03
22                                     0.0000000000000000e+00         0.0000000000000000e+00         0.0000000000000000e+00         0.0000000000000000e+00         0.0000000000000000e+00         0.0000000000000000e+00         1.1859803862100506e-02         1.9750014470867043e-02
23                                     0.0000000000000000e+00         0.0000000000000000e+00         0.0000000000000000e+00         0.0000000000000000e+00         0.0000000000000000e+00         0.0000000000000000e+00         1.4639417170932031e-02         3.3470173539393286e-02
24                                     0.0000000000000000e+00         0.0000000000000000e+00         0.0000000000000000e+00         0.0000000000000000e+00         0.0000000000000000e+00         0.0000000000000000e+00         9.7275066632245659e-03         1.5942656146308591e-03
25                                     0.0000000000000000e+00         0.0000000000000000e+00         0.0000000000000000e+00         0.0000000000000000e+00         0.0000000000000000e+00         0.0000000000000000e+00         2.8053374950043643e-02         3.0664407699124489e-02
26                                     0.0000000000000000e+00         0.0000000000000000e+00         0.0000000000000000e+00         0.0000000000000000e+00         0.0000000000000000e+00         0.0000000000000000e+00         5.1815312618612587e-02         6.0679285353828223e-02
27                                     0.0000000000000000e+00         0.0000000000000000e+00         0.0000000000000000e+00         0.0000000000000000e+00         0.0000000000000000e+00         0.0000000000000000e+00        -1.5577906305698497e-03        -7.5667568865522292e-03
28                                     0.0000000000000000e+00         0.0000000000000000e+00         0.0000000000000000e+00         0.0000000000000000e+00         0.0000000000000000e+00         0.0000000000000000e+00         1.1631794063967438e-03         4.7959608850419904e-03
29                                     0.0000000000000000e+00         0.0000000000000000e+00         0.0000000000000000e+00         0.0000000000000000e+00         0.0000000000000000e+00         0.0000000000000000e+00        -2.8814024777779322e-03        -3.2071136554511215e-03
30                                     0.0000000000000000e+00         0.0000000000000000e+00         0.0000000000000000e+00         0.0000000000000000e+00         0.0000000000000000e+00         0.0000000000000000e+00         3.5294067559303835e-03        -7.0270625006651532e-03
31                                     0.0000000000000000e+00         0.0000000000000000e+00         0.0000000000000000e+00         0.0000000000000000e+00         0.0000000000000000e+00         0.0000000000000000e+00         6.0879142997494629e-03         3.1763625427358539e-03
32                                     0.0000000000000000e+00         0.0000000000000000e+00         0.0000000000000000e+00         0.0000000000000000e+00         0.0000000000000000e+00         0.0000000000000000e+00         1.5943034484882292e-02        -5.1780014695792945e-03
33                                     0.0000000000000000e+00         0.0000000000000000e+00         0.0000000000000000e+00         0.0000000000000000e+00         0.0000000000000000e+00         0.0000000000000000e+00         2.5375625172950167e-02         3.8488949424050053e-02
34                                     0.0000000000000000e+00         0.0000000000000000e+00         0.0000000000000000e+00         0.0000000000000000e+00         0.0000000000000000e+00         0.0000000000000000e+00        -2.9790269186674309e-02        -3.0437812305602444e-02
35                                     0.0000000000000000e+00         0.0000000000000000e+00         0.0000000000000000e+00         0.0000000000000000e+00         0.0000000000000000e+00         0.0000000000000000e+00         3.3751247779866926e-02        -1.5976562498535292e-03
36                                     0.0000000000000000e+00         0.0000000000000000e+00         0.0000000000000000e+00         0.0000000000000000e+00         0.0000000000000000e+00         0.0000000000000000e+00        -9.8477531864191673e-03        -1.5181639034232353e-02
37                                     0.0000000000000000e+00         0.0000000000000000e+00         0.0000000000000000e+00         0.0000000000000000e+00         0.0000000000000000e+00         0.0000000000000000e+00        -1.5127106709403076e-02        -1.2845018462724012e-02
38                                     0.0000000000000000e+00         0.0000000000000000e+00         0.0000000000000000e+00         0.0000000000000000e+00         0.0000000000000000e+00         0.0000000000000000e+00        -4.2774469226392720e-02        -4.8751105314088203e-02
39                                     0.0000000000000000e+00         0.0000000000000000e+00         0.0000000000000000e+00         0.0000000000000000e+00         0.0000000000000000e+00         0.0000000000000000e+00        -3.3108363994450420e-02        -7.1254955883876814e-02
40                                     0.0000000000000000e+00         0.0000000000000000e+00         0.0000000000000000e+00         0.0000000000000000e+00         0.0000000000000000e+00         0.0000000000000000e+00         1.4412101304430724e-02         9.4101408207398832e-03
41                                     0.0000000000000000e+00         0.0000000000000000e+00         0.0000000000000000e+00         0.0000000000000000e+00         0.0000000000000000e+00         0.0000000000000000e+00        -6.9536385547319557e-02        -7.0013850121127874e-02
42                                     0.0000000000000000e+00         0.0000000000000000e+00         0.0000000000000000e+00         0.0000000000000000e+00         0.0000000000000000e+00         0.0000000000000000e+00         9.1462938093484658e-02        -1.3905125649557679e-02
43                                     0.0000000000000000e+00         0.0000000000000000e+00         0.0000000000000000e+00         0.0000000000000000e+00         0.0000000000000000e+00         0.0000000000000000e+00        -2.1086460697288723e-01         5.7916361169472477e-02
44                                     0.0000000000000000e+00         0.0000000000000000e+00         0.0000000000000000e+00         0.0000000000000000e+00         0.0000000000000000e+00         0.0000000000000000e+00        -2.0351264953828230e-01         9.0519821848652871e-02
45                                     0.0000000000000000e+00         0.0000000000000000e+00         0.0000000000000000e+00         0.0000000000000000e+00         0.0000000000000000e+00         0.0000000000000000e+00         2.7490164758824719e-02         9.6108167117893592e-02
46                                     0.0000000000000000e+00         0.0000000000000000e+00         0.0000000000000000e+00         0.0000000000000000e+00         0.0000000000000000e+00         0.0000000000000000e+00        -2.9401948364176161e-01         1.2403951991227133e-01
47                                     0.0000000000000000e+00         0.0000000000000000e+00         0.0000000000000000e+00         0.0000000000000000e+00         0.0000000000000000e+00         0.0000000000000000e+00         6.5960962794181913e-02        -7.0192832150789489e-02
48                                     0.0000000000000000e+00         0.0000000000000000e+00         0.0000000000000000e+00         0.0000000000000000e+00         0.0000000000000000e+00         0.0000000000000000e+00         3.7525422484558958e-02         6.2577900032438474e-02
49                                     0.0000000000000000e+00         0.0000000000000000e+00         0.0000000000000000e+00         0.0000000000000000e+00         0.0000000000000000e+00         0.0000000000000000e+00        -1.5627450400767795e-01        -2.0423477084254512e-02
50                                     0.0000000000000000e+00         0.0000000000000000e+00         0.0000000000000000e+00         0.0000000000000000e+00         0.0000000000000000e+00         0.0000000000000000e+00        -4.4052029294606249e-02        -4.8278424227149251e-02
51                                     0.0000000000000000e+00         0.0000000000000000e+00         0.0000000000000000e+00         0.0000000000000000e+00         0.0000000000000000e+00         0.0000000000000000e+00        -1.2246989092978169e-03         3.3299968749570062e-03
52                                     0.0000000000000000e+00         0.0000000000000000e+00         0.0000000000000000e+00         0.0000000000000000e+00         0.0000000000000000e+00         0.0000000000000000e+00         1.6705671009935749e-01        -2.0126508549467065e-01
53                                     0.0000000000000000e+00         0.0000000000000000e+00         0.0000000000000000e+00         0.0000000000000000e+00         0.0000000000000000e+00         0.0000000000000000e+00        -1.0337473707667484e-01         9.6054879649835178e-03
54                                     0.0000000000000000e+00         0.0000000000000000e+00         0.0000000000000000e+00         0.0000000000000000e+00         0.0000000000000000e+00         0.0000000000000000e+00        -5.3026356336884579e-02         1.0356422833799013e-01
55                                     0.0000000000000000e+00         0.0000000000000000e+00         0.0000000000000000e+00         0.0000000000000000e+00         0.0000000000000000e+00         0.0000000000000000e+00         8.8885829670393129e-02        -1.3944179128986314e-01
56                                     0.0000000000000000e+00         0.0000000000000000e+00         0.0000000000000000e+00         0.0000000000000000e+00         0.0000000000000000e+00         0.0000000000000000e+00         1.6084839421822128e-01        -1.4688223547818555e-01
57                                     0.0000000000000000e+00         0.0000000000000000e+00         0.0000000000000000e+00         0.0000000000000000e+00         0.0000000000000000e+00         0.0000000000000000e+00         9.6463278561048308e-03         3.8168232568958917e-03
58                                     0.0000000000000000e+00         0.0000000000000000e+00         0.0000000000000000e+00         0.0000000000000000e+00         0.0000000000000000e+00         0.0000000000000000e+00         6.0130666031459931e-02         5.5701140820845124e-02
59                                     0.0000000000000000e+00         0.0000000000000000e+00         0.0000000000000000e+00         0.0000000000000000e+00         0.0000000000000000e+00         0.0000000000000000e+00         5.2629449105194258e-02         6.1125674756414179e-02
60                                     0.0000000000000000e+00         0.0000000000000000e+00         0.0000000000000000e+00         0.0000000000000000e+00         0.0000000000000000e+00         0.0000000000000000e+00         1.0905401243027718e-02         2.3885870181428312e-03
61                                     0.0000000000000000e+00         0.0000000000000000e+00         0.0000000000000000e+00         0.0000000000000000e+00         0.0000000000000000e+00         0.0000000000000000e+00         2.3935541913769502e-02         2.6179601517339390e-02
62                                     0.0000000000000000e+00         0.0000000000000000e+00         0.0000000000000000e+00         0.0000000000000000e+00         0.0000000000000000e+00         0.0000000000000000e+00         5.5171566315280959e-02         6.2898407096062078e-02
63                                     0.0000000000000000e+00         0.0000000000000000e+00         0.0000000000000000e+00         0.0000000000000000e+00         0.0000000000000000e+00         0.0000000000000000e+00         1.7003590023721465e-02         6.1865813827370270e-03
64                                     0.0000000000000000e+00         0.0000000000000000e+00         0.0000000000000000e+00         0.0000000000000000e+00         0.0000000000000000e+00         0.0000000000000000e+00         1.4417478526938018e-02         2.0782705324413894e-02
65                                     0.0000000000000000e+00         0.0000000000000000e+00         0.0000000000000000e+00         0.0000000000000000e+00         0.0000000000000000e+00         0.0000000000000000e+00         7.5993415033679734e-02         8.0136297752116392e-02
66                                     0.0000000000000000e+00         0.0000000000000000e+00         0.0000000000000000e+00         0.0000000000000000e+00         0.0000000000000000e+00         0.0000000000000000e+00        -7.9125284192759077e-03        -3.0740826018860686e-02
67                                     0.0000000000000000e+00         0.0000000000000000e+00         0.0000000000000000e+00         0.0000000000000000e+00         0.0000000000000000e+00         0.0000000000000000e+00         1.2761685221003136e-02         3.5771532393779285e-03
68                                     0.0000000000000000e+00         0.0000000000000000e+00         0.0000000000000000e+00         0.0000000000000000e+00         0.0000000000000000e+00         0.0000000000000000e+00        -6.9051699795885813e-03        -4.0560626520699194e-02
69                                     0.0000000000000000e+00         0.0000000000000000e+00         0.0000000000000000e+00         0.0000000000000000e+00         0.0000000000000000e+00         0.0000000000000000e+00         1.1675568904887452e-03        -2.0057764951032547e-02
70                                     0.0000000000000000e+00         0.0000000000000000e+00         0.0000000000000000e+00         0.0000000000000000e+00         0.0000000000000000e+00         0.0000000000000000e+00         3.2250204577761232e-02         2.8737934741623807e-02
71                                     0.0000000000000000e+00         0.0000000000000000e+00         0.0000000000000000e+00         0.0000000000000000e+00         0.0000000000000000e+00         0.0000000000000000e+00         3.8563539599883005e-02         2.4966190946293411e-02
72                                     0.0000000000000000e+00         0.0000000000000000e+00         0.0000000000000000e+00         0.0000000000000000e+00         0.0000000000000000e+00         0.0000000000000000e+00         2.8378511054655869e-02         3.6015813013525161e-02
73                                     0.0000000000000000e+00         0.0000000000000000e+00         0.0000000000000000e+00         0.0000000000000000e+00         0.0000000000000000e+00         0.0000000000000000e+00        -2.5067446446646907e-02        -2.9796770811782738e-02
74                                     0.0000000000000000e+00         0.0000000000000000e+00         0.0000000000000000e+00         0.0000000000000000e+00         0.0000000000000000e+00         0.0000000000000000e+00         4.6477390879631701e-02        -4.3591571414154980e-03
75                                     0.0000000000000000e+00         0.0000000000000000e+00         0.0000000000000000e+00         0.0000000000000000e+00         0.0000000000000000e+00         0.0000000000000000e+00         2.7335980286015749e-02         5.1920790182123623e-02
76                                     0.0000000000000000e+00         0.0000000000000000e+00         0.0000000000000000e+00         0.0000000000000000e+00         0.0000000000000000e+00         0.0000000000000000e+00        -5.5844355667174210e-02        -5.5577736251538071e-02
77                                     0.0000000000000000e+00         0.0000000000000000e+00         0.0000000000000000e+00         0.0000000000000000e+00         0.0000000000000000e+00         0.0000000000000000e+00         1.1118106891819007e-02        -3.2480478302213178e-02
78                                     0.0000000000000000e+00         0.0000000000000000e+00         0.0000000000000000e+00         0.0000000000000000e+00         0.0000000000000000e+00         0.0000000000000000e+00         3.7074637879686866e-02         6.1907423494017982e-02
79                                     0.0000000000000000e+00         0.0000000000000000e+00         0.0000000000000000e+00         0.0000000000000000e+00         0.0000000000000000e+00         0.0000000000000000e+00        -3.6060777345129899e-02        -3.1845409874756835e-02
80                                     0.0000000000000000e+00         0.0000000000000000e+00         0.0000000000000000e+00         0.0000000000000000e+00         0.0000000000000000e+00         0.0000000000000000e+00         5.7196695984646800e-02         3.4343532981803399e-02
81                                     0.0000000000000000e+00         0.0000000000000000e+00         0.0000000000000000e+00         0.0000000000000000e+00         0.0000000000000000e+00         0.0000000000000000e+00        -3.5935499497998635e-03        -1.5053257892693383e-04
82                                     0.0000000000000000e+00         0.0000000000000000e+00         0.0000000000000000e+00         0.0000000000000000e+00         0.0000000000000000e+00         0.0000000000000000e+00        -3.3475147800925364e-02        -3.5642192326373154e-02
83                                     0.0000000000000000e+00         0.0000000000000000e+00         0.0000000000000000e+00         0.0000000000000000e+00         0.0000000000000000e+00         0.0000000000000000e+00        -4.7992549654860391e-02        -7.9125255361639363e-02
84                                     0.0000000000000000e+00         0.0000000000000000e+00         0.0000000000000000e+00         0.0000000000000000e+00         0.0000000000000000e+00         0.0000000000000000e+00        -3.7889027723845806e-03         8.1797181495173645e-03
85                                     0.0000000000000000e+00         0.0000000000000000e+00         0.0000000000000000e+00         0.0000000000000000e+00         0.0000000000000000e+00         0.0000000000000000e+00        -3.2669296327834343e-02        -2.1346549398734878e-02
86                                     0.0000000000000000e+00         0.0000000000000000e+00         0.0000000000000000e+00         0.0000000000000000e+00         0.0000000000000000e+00         0.0000000000000000e+00        -4.7590564117985422e-02        -3.8903579231111415e-02
87                                     0.0000000000000000e+00         0.0000000000000000e+00         0.0000000000000000e+00         0.0000000000000000e+00         0.0000000000000000e+00         0.0000000000000000e+00        -3.9190638801022720e-02        -8.5723630456846001e-02
88                                     0.0000000000000000e+00         0.0000000000000000e+00         0.0000000000000000e+00         0.0000000000000000e+00         0.0000000000000000e+00         0.0000000000000000e+00         3.1557059134131052e-02         3.1750843031511183e-02
89                                     0.0000000000000000e+00         0.0000000000000000e+00         0.0000000000000000e+00         0.0000000000000000e+00         0.0000000000000000e+00         0.0000000000000000e+00        -6.5226724134535494e-02        -4.0970175170135480e-02
90                                     0.0000000000000000e+00         0.0000000000000000e+00         0.0000000000000000e+00         0.0000000000000000e+00         0.0000000000000000e+00         0.0000000000000000e+00        -3.7995704950709724e-02        -7.5351493721390814e-02
91                                     0.0000000000000000e+00         0.0000000000000000e+00         0.0000000000000000e+00         0.0000000000000000e+00         0.0000000000000000e+00         0.0000000000000000e+00         1.1910954253930852e-03        -5.6989990525308423e-03
92                                     0.0000000000000000e+00         0.0000000000000000e+00         0.0000000000000000e+00         0.0000000000000000e+00         0.0000000000000000e+00         0.0000000000000000e+00        -9.9714346280244281e-02        -1.0715479083441327e-01
93                                     0.0000000000000000e+00         0.0000000000000000e+00         0.0000000000000000e+00         0.0000000000000000e+00         0.0000000000000000e+00         0.0000000000000000e+00        -3.9549673029771124e-02        -9.4984933984513950e-02
94                                     0.0000000000000000e+00         0.0000000000000000e+00         0.0000000000000000e+00         0.0000000000000000e+00         0.0000000000000000e+00         0.0000000000000000e+00         3.2894383054782456e-02         1.9230767090944543e-02
95                                     0.0000000000000000e+00         0.0000000000000000e+00         0.0000000000000000e+00         0.0000000000000000e+00         0.0000000000000000e+00         0.0000000000000000e+00        -6.4532333038325493e-02        -7.8951077448622925e-02
                                                         8                           9                          10                          11                          12                          13                          14                          15

0                                      1.0436069983488573e-01        -8.9503680635687616e-03        -6.7905398187369292e-02        -3.4990732544852743e-02         4.6262944863691341e-02         6.4590126137611704e-03         2.4649363806350931e-02        -5.5608670024706651e-04
1                                      3.6670833144902590e-02        -3.6483471635832009e-02        -1.6854514751222193e-02        -8.7049758106765573e-03         2.0078574161948023e-02        -1.8230226032542565e-03         1.2326195871526847e-02         2.6264299983050276e-03
2                                     -4.6950527301044813e-02        -1.1776631170675074e-02         3.0640725264016819e-02        -1.3085212892876744e-04        -1.6848601196417536e-02         1.0593596935252166e-02        -2.3288948448864071e-02        -8.0385390483141642e-03
3                                      3.8510686734124375e-02         9.0167044472395875e-04        -1.5555330743989793e-02        -2.0239773047102526e-02        -3.7904271731357699e-03         6.2581623544092297e-03        -1.3693866291774251e-02        -9.3194395813735887e-03
4                                      6.2886266330534235e-02        -1.0741911174269356e-01         1.2715194325638807e-02        -9.2131722408123895e-03         1.3271088536350659e-02         2.4861712826154134e-03        -1.0796387571743570e-03        -8.3837315521797075e-04
5                                     -2.9279940348755952e-02        -2.8793635122512228e-02         2.7161059929659215e-02        -3.0058661003458903e-03        -8.6891146656529021e-03         1.1311798661000136e-02        -1.8276786576790435e-02        -6.8758338417720978e-03
6                                      3.3040617516324332e-02        -4.5632218541739114e-02         4.8958786821153913e-03        -1.8474172569265892e-02        -8.7973566845897990e-03         5.1439259510792689e-03        -1.6345053417778862e-02        -8.0753914135077553e-03
7                                      3.3827141135526213e-02         1.0130226509190175e-01        -3.1120739133402346e-02        -3.5123026630040771e-03        -6.8728471026629143e-03         4.6320306690345149e-03        -2.0183370454764739e-02        -1.1113634102798456e-02
8                                      1.8788772404832229e-02         2.9033120473368208e-02        -3.1861565922670851e-02        -1.1030459578457602e-02         2.3927896452332460e-02         1.1039834963764756e-02         4.0310145246114119e-03        -2.2650438161691757e-03
9                                     -9.2575921175965773e-04        -7.2098490363728829e-03         1.4583632450971832e-02        -2.3848027225533201e-02        -8.3780630201759805e-03         2.2162778143397638e-04         3.4114678409275594e-03        -1.7561559191943321e-03
10                                    -1.4830895238805370e-02         2.3850630371725030e-02        -1.3764685129315312e-02         7.8553870754108888e-04        -8.1584017786453071e-03         7.7075311711399443e-03        -8.5319423773604110e-03        -1.7181128670816871e-02
11                                     2.1362468760266873e-02        -6.6410995689129750e-03        -3.0401884772246705e-02        -6.9797036059410364e-03         2.2087452056275277e-02         1.4093145501849046e-02        -4.2728621876884912e-03        -6.9841482915154844e-03
12                                    -3.4848358806989421e-03        -8.1829688558588097e-03         5.4451983635704602e-02        -3.0368108149909426e-02         1.5344524132555753e-03         4.5456672091086593e-02        -1.5599440381043326e-02        -4.2062133450470135e-02
13                                    -3.9401908664628477e-02        -4.5289301772893633e-03        -3.1626339561344571e-02         2.7115391943033263e-03        -8.4860757968702981e-03        -2.0812174216437662e-02         1.9134624270080051e-02         2.7865323600446868e-03
14                                    -3.4212733861631144e-02        -6.8693995753815226e-02        -3.6559833584593859e-02        -7.6436366011407852e-03         2.8727649433964289e-02        -1.0335469600215055e-02         3.9715510985186504e-02         3.5940577459938616e-03
15                                    -3.0400334482787894e-02         4.0919978817874354e-02        -3.8789380750671600e-02        -3.4717662296541094e-02         2.2493755005805636e-03        -7.1282672745454786e-02         7.1173728906824704e-02         6.7971348930636555e-02
16                                    -5.2150757141874865e-02        -1.6397895111056132e-02        -3.5554420540567712e-02         2.2415214853138874e-03        -8.0150443913340561e-03        -3.1626661126997663e-02         2.5544658469957217e-02         1.3017641692337061e-02
17                                     5.2901438866240991e-02         7.8458499883913166e-02        -3.5206098328574770e-02        -1.4864374467005947e-02         2.5996934504668008e-02         2.0841634230628320e-02        -3.0673295244560521e-03        -3.7348183121391756e-03
18                                     2.4758297379262260e-05        -7.4655029168716218e-03         6.8175179723787898e-03        -2.1417182813993667e-02        -9.2033382698133454e-03        -8.4974394152084881e-03         5.5440736610929391e-03         4.8218695563857364e-03
19                                     2.2611607765089200e-03         1.5664479995613514e-02         3.2098170033254457e-02        -4.8116331518147934e-03         2.5531269348832487e-03         5.8961574801703290e-02        -4.1740742311636631e-02        -4.7342034782007485e-02
20                                     5.9282810719570950e-02        -2.5045216993031003e-02        -1.5435681952688947e-02         2.8696125480727995e-03         4.9532990000088024e-03         4.2232531731523464e-02        -6.0090730274981345e-02        -1.2679414676749002e-02
21                                    -1.4141756507807024e-02         2.0767276867737841e-03         5.8582021763069611e-03        -8.2598840881698381e-03        -3.1054787718631061e-02        -3.6079577204512517e-05        -1.6446923907926653e-02        -2.7652916246593815e-03
22                                    -7.9728080712809291e-04         1.3934225860550866e-02         3.9842838605722068e-02         7.3237612616544817e-05        -3.0036738101293409e-03         2.9678379050924689e-02        -7.9754479278557472e-03        -2.4172051370027814e-02
23                                     2.8701521208693421e-02        -1.1483097575840455e-02         3.1927312982744762e-03         3.3787127366303744e-02        -4.0793334846984684e-02        -1.3801875019322578e-02        -1.8967893362350531e-02         2.6081369032730527e-02
24                                    -3.0936851144400375e-02         1.1983228931865710e-02         6.0844228120595315e-03         9.2851532955172075e-04        -3.5949370278500037e-02        -1.5982191044382841e-02        -6.6868073981922321e-02        -1.8990982023052248e-02
25                                    -8.4691633604850724e-03         2.0288092639412395e-02         4.7047755116011440e-02         1.7098251178496431e-02        -1.7425812699431519e-02        -1.2605151498714403e-02        -1.5859807377068023e-02        -5.9512634800514289e-02
26                                     3.0257655344341799e-02        -6.4136176790071013e-03         2.8027473154788457e-02         7.3555792317594584e-02        -8.4031192843767005e-02        -1.1748047970579870e-01         3.4595225110691144e-02        -5.6308846895233203e-02
27                                    -1.6457341869095900e-02         2.6102677900369038e-03         5.8694361093007330e-03        -7.5695650411752588e-03        -2.8177895771267655e-02        -5.3805811530200363e-04        -1.5797220137330682e-02         8.7310096947999377e-03
28                                     3.0308414112655379e-03         5.0305195982704304e-03         3.6404426862018890e-02        -2.7501045125771055e-03         1.7751625967633324e-02         9.0982491163053725e-03         1.9086964242284503e-02         2.5337106405930978e-02
29                                    -3.3199944665942270e-04        -4.9506775726712311e-04         1.1892746505228764e-02         3.4310847940891308e-02        -3.7823007220843967e-02         5.1869809371317254e-03        -2.9089619474050303e-02         1.1480320209327367e-01
30                                    -3.5165485557398554e-02         1.4159409333221108e-02         1.6581993908354888e-02        -8.4756712268210070e-03        -3.4795232360610981e-02         4.4348633823791485e-02        -2.2002088622525364e-02         3.2424782155396467e-04
31                                    -1.0480711139384671e-02        -6.9360870745637827e-03         1.9711208112150096e-02        -2.9521195801859256e-02         3.4380083125030048e-02        -2.1970982354423071e-02         3.6571002202203141e-02        -2.0995907705298072e-03
32                                    -5.9944799336999241e-02        -5.1518298665194345e-03        -3.4987140946596065e-03        -2.4178067456481288e-02        -8.8363077425593437e-03         1.6556414639682309e-02        -3.4424679589997375e-03         3.9629312863754221e-02
33                                     1.0144416936982233e-03         3.3549413057040726e-02         1.0399653857338899e-01         8.9020424212419194e-02         6.7268415599405731e-02         3.4934327137934373e-02         2.9893952756266905e-02         7.0808400776085426e-02
34                                     2.4922687735737862e-02        -1.3968994856946118e-02        -2.6541796507152198e-02        -3.1419070532282871e-02        -8.6237979470789719e-02        -3.9860957929428918e-02        -4.3887754297990765e-02         4.7559754349336576e-02
35                                    -1.0798017243332360e-01        -9.6085606150138926e-03        -1.1744411141805142e-02        -7.4594532118835863e-02         3.6574192290231129e-02         3.5729385978074887e-02         3.4675463017165425e-02        -3.8520434688658726e-02
36                                    -3.8528356988925812e-03        -1.0110145163384394e-02        -8.9239600483619636e-03         3.9909766392530353e-03        -1.1008084508628737e-03        -3.1714546502790361e-02         9.6793609416676116e-03        -6.2794588898845336e-04
37                                     1.2303054003941060e-02         3.4540565881427013e-03         3.3411906677320087e-02         3.9361520434045725e-03         4.2892963846082328e-02        -8.4566772591891035e-03         3.9607208480222374e-02        -1.1492395042097074e-03
38                                     8.4704356485770533e-03         1.7139923330869365e-02         3.0323810129424662e-02         3.3367054648314194e-02        -5.8421865370137946e-03         3.1885835706218888e-03        -5.4254999153884303e-03         3.6259007259041992e-02
39                                    -3.7335923334354482e-02        -2.0594424862141133e-02        -9.3783030583800428e-02         1.4637661634148860e-01         3.6861862681595484e-02         5.1677697352401639e-03         8.9562198321564463e-04        -7.9314093314158562e-02
40                                    -1.6001821515957651e-02        -1.6905999143137583e-02        -2.2454120142396616e-02         5.9658264124741463e-02         2.0592121516506651e-02         4.2400142032756508e-02        -9.0156932470739325e-03         8.3686471689738376e-02
41                                     3.2715327784494493e-02         3.5080783976280346e-02         7.8291546959237110e-02        -1.2029376898343953e-02         1.5552977976104176e-02        -4.1371802212855149e-02         3.8848775561175795e-02        -4.1828080713611569e-02
42                                     1.4298448958139065e-01        -1.8946522599527157e-01        -3.4615897097769424e-02        -4.3339115169965463e-02         7.3964639435824250e-02         5.8542385796626299e-03         4.9884282729662194e-02         1.1608869593258958e-02
43                                     2.5179554137941866e-02         2.1551092802621519e-02        -3.2438747263786399e-02        -7.1750618563069949e-03         1.6222093940179979e-02        -2.2111767144105655e-03         9.6931918873515380e-03         2.9690027765602313e-04
44                                    -6.1932609354258761e-02         7.8346222207694716e-02        -9.2488738597764682e-03        -1.4038240991597756e-03        -6.7028572892188542e-03         8.0438442618754012e-03        -9.7612469460872896e-03        -6.5425614021765548e-03
45                                     1.1233052479029702e-01         1.2460128974564764e-01        -1.2521408923272934e-01        -3.8245409372738369e-02         5.6509272320372464e-02         7.4994768896242819e-03         3.0078284762548441e-02        -4.8112061257297931e-03
46                                     4.4175893172983165e-03         1.2439195867147083e-01        -6.0691525405780690e-02        -4.6985983093118296e-03         1.0277592504261782e-02        -2.9922123754525898e-03         6.0199546139628147e-03        -3.5836651148639103e-03
47                                    -7.7671946760476613e-03        -4.2729898507085910e-02         1.9250512038046869e-02        -7.1353408984178562e-03         2.4816702747332245e-03         1.2720800015503833e-02        -1.1977460391493085e-02        -5.9939537019317937e-03
48                                     1.0859593975200833e-01         3.1057811024866544e-02        -8.6701613541142267e-02        -3.6397878772781535e-02         5.0779284452117060e-02         6.7976984896571547e-03         2.7390075785440941e-02        -1.6079444658827582e-03
49                                     6.1356687139887858e-02        -2.0627143079631918e-01         2.0844783428043731e-02        -1.4409312760720020e-02         4.0582550985237435e-02        -3.2310399828241005e-03         3.3374009027339994e-02         1.4175127487164171e-02
50                                    -8.4890266894784655e-02        -5.9594763386024811e-02         8.5412910324888819e-02         1.0446001198627267e-02        -5.2614466898045012e-02         1.0214366377889026e-02        -5.1615784627243304e-02        -1.2280498001167081e-02
51                                     3.0202120632951839e-02        -1.2566476919239092e-01         3.5550083596594603e-02        -1.8336800628155178e-02        -1.1779836741498914e-02         5.5633110193914420e-03        -1.7732110773472864e-02        -6.6656449926714972e-03
52                                     9.3666840952111335e-02        -2.6122551618953038e-01         5.2272845451086333e-02        -1.3232529478152403e-02         2.2345725112483152e-02         3.7430519866775720e-03         4.3954742426539940e-03         3.6582246499131184e-03
53                                    -6.6954036114885623e-02         3.7144422301448208e-03         3.5970948244986617e-02         2.6627435009267835e-03        -2.4963625464389023e-02         9.4655245876361406e-03        -2.7406290002411317e-02        -8.8191234235300581e-03
54                                     2.2038137862356957e-03         1.6996740828057977e-01        -4.4654796956687642e-02        -1.3427374428847970e-02        -2.6337474629493943e-02         6.8445387109298218e-03        -3.2714609116383575e-02        -1.7988426516595206e-02
55                                     7.4076147469271172e-02        -1.6432398242849941e-01         2.7432265154362905e-02        -1.0560934334873420e-02         1.6290589567092013e-02         2.8363940266765372e-03         6.6506758091810342e-04         8.9406606431350179e-04
56                                    -1.5063852507631991e-02        -1.1735655223643648e-01         6.4598695592356190e-02        -2.5678170681170650e-03        -1.6851895320313188e-02         1.4071034826760639e-02        -2.9062357565985811e-02        -8.3173123636116654e-03
57                                    -9.7966546884995440e-02         9.3782398899487657e-03         1.2873889919670631e-02        -5.4752193487587898e-02         2.5607675093687982e-01        -2.4832414530895869e-01        -4.3454160738753067e-01         3.8798917628956528e-02
58                                    -3.7822430917832002e-02         2.5747240884645164e-02         7.6623980329225849e-02         2.7487620358934137e-02         9.9418073026675005e-02        -2.3107755377915878e-01        -1.6258896488734584e-01        -1.1532551013317721e-01
59                                     3.5303279649697143e-02        -6.0463152724931210e-03         2.8223952769513169e-02         7.8524812019009099e-02        -1.0547351573664894e-01        -1.0370125071296139e-01         6.1794450031198433e-02        -6.2954861609189186e-02
60                                    -5.0059728256781665e-03         1.2433576143070980e-02         2.6345633080810562e-03         2.3769034411194677e-02        -1.5321343390584885e-01         7.3211985266614751e-02         7.7435998953000504e-02        -4.4985425304426695e-02
61                                     5.8336158076896872e-03         2.4190640012202554e-02         3.0097059596671385e-02         3.1268242415870610e-02        -1.2187931592921109e-01         9.3400484519762642e-02         7.7275377506592705e-02        -6.4601143871123951e-02
62                                     8.8206070087923638e-02        -4.8634886747991723e-03         2.4721573614124581e-02         1.2422777677647151e-01        -3.3800667469566786e-01         7.3657457874641744e-02         3.5109669681523603e-01        -1.1702623837284241e-01
63                                    -9.4387021732030771e-03         1.8226801642728673e-02         1.7673098319415663e-03         3.2598749838107913e-02        -1.6828791178250438e-01         6.8847436039009349e-02         6.2840388451177648e-02        -5.8349390141147484e-02
64                                    -2.5366563677778494e-03         1.4971786899093485e-02         4.0299697638645646e-02         2.8163035957699443e-03        -1.3379951117408272e-02         3.2672312744818459e-02         2.2910804325944160e-03        -2.9360522265256882e-02
65                                    -2.7634692574724520e-02        -3.3079675485384302e-03         5.6186793279036591e-02         5.2387402506697031e-02         1.6347191214705067e-01        -4.0903419018993148e-01        -2.7038399788932671e-01        -6.5583726810567386e-02
66                                    -5.2936429853504975e-02         3.8876576762190652e-03        -2.9397065624384905e-02        -5.5265982263983701e-02        -8.8482456653402916e-02         4.6059156446144327e-02        -5.1476710024786848e-02        -3.0587640406877378e-02
67                                    -2.6365823080441983e-02        -1.8152765357128522e-02         5.2870614307664633e-03        -5.7371798060230100e-02         6.2479042351301396e-02        -5.1693289268411081e-02         5.6394350896425194e-02        -3.4942194045559365e-02
68                                    -7.2053922957333746e-02        -1.0612095589896748e-02        -5.9482161121580390e-02        -6.9317221169597501e-02        -1.1505480164581133e-01         4.5970571965545028e-02        -6.5476409976727545e-02         2.2580281271260466e-02
69                                    -6.0739281270005760e-02         1.7254435075416942e-02        -2.4932845077171206e-03        -3.5740937014240304e-02        -7.1181487570049426e-02         8.6834863052170835e-02        -4.1987683883604403e-02        -2.3011042598236206e-02
70                                    -3.4669223880036619e-02         5.0466490747981562e-04         5.8085083514494498e-02        -2.2517562703533011e-02         1.2271133298834420e-01        -1.0350773037955643e-02         8.7407922851699835e-02        -2.6362117976691961e-02
71                                    -6.0281418179122935e-02        -1.5038814506319039e-03         4.1781915783906616e-02         2.1668730737708771e-03         9.0636841495610271e-02        -5.8647274443114766e-03         5.2953574650410382e-02         3.8315372273103138e-02
72                                    -1.7332426119501941e-02         4.1539270630205558e-02         1.0542701032296747e-01         8.4485414761485106e-02         4.9192508443452208e-02         1.0611542536958268e-01         2.8533463313631151e-02         5.8332932430522323e-02
73                                     1.3681588563532398e-02        -2.4143578275657933e-02        -3.8459067500162737e-02        -6.1034639925950963e-02        -5.5944089115797409e-02        -8.5743324601753657e-02        -2.5577826013204911e-02         1.0563130512465581e-02
74                                    -1.5567359656962904e-01        -1.4675372022867965e-02        -2.9950955275040145e-02        -1.3232813392934009e-01         6.0578999160923117e-02         6.7550206618377212e-02         6.4060381160998908e-02        -1.2169867001275642e-01
75                                     2.9535934510960253e-02         2.9798438839419843e-02         1.2399731983570293e-01         1.1926387550933727e-01         1.1241788800468354e-01        -4.5112275748652862e-02         4.3607493438889179e-02         1.0243917841508524e-01
76                                     4.9649095109610276e-02        -2.0790672609500016e-02        -6.1273562170625920e-02        -3.5325834463570648e-02        -1.6725145746888764e-01        -6.5693276430548272e-02        -1.0052585776831091e-01         8.1712525302698388e-02
77                                    -1.1035012804757828e-01        -1.2182923320160709e-02        -5.5546781839489481e-02        -1.0161704695003825e-01        -6.4419002739094539e-02         7.7717764911502826e-02        -2.1895048435821591e-02        -3.5638004754304307e-02
78                                     1.8975527471810479e-02         4.4083900538048892e-02         1.4817031794412905e-01         1.4097185481100794e-01         1.1474843014029797e-01         3.1299875183108838e-02         5.1584253281199685e-02         1.0711503465956580e-01
79                                     3.9093520956915012e-02        -2.1173022988076268e-03        -1.4136725251667077e-02         3.5090882824694047e-03        -1.2668416712673311e-01         1.2191194867750495e-02        -7.0335702008376300e-02         9.2069547438092772e-02
80                                    -9.5473673170286516e-02        -5.7424110498144505e-03         4.1190642175949983e-02        -3.2502659898705495e-02         1.4646282230227115e-01        -2.0691301179197173e-02         9.3075130780387941e-02        -2.8870546217251939e-02
81                                     5.3745655161840248e-03        -7.1623119184269293e-03         1.4070722971232751e-02        -3.3402081241119874e-02        -9.7955305003753282e-03        -4.2998440599014150e-02         1.3786202329822849e-02         1.5859487644529009e-02
82                                     2.1071339853354458e-02        -1.9341933735702740e-03         2.0611340203346359e-02         2.6345399950575232e-02         7.3515226912435588e-02        -3.2864009596063413e-02         6.6230726726288713e-02        -4.0064885292917018e-02
83                                    -2.8864535016029751e-02         1.1898377477986945e-02        -3.5278206703452338e-02         1.3897729069012232e-01        -3.3739788918525624e-03         6.0207952017152989e-02        -4.1648985525593450e-02         1.3621384334045089e-02
84                                     2.3276289801532315e-02        -1.3057530541975232e-02         2.6512622006611832e-02        -6.0632589600632537e-02         3.6807297621442208e-03        -7.9095673150226475e-02         3.9518270565939172e-02         2.0907786383838115e-02
85                                     3.2845338010804102e-02         2.2903017248954865e-02         8.6513145556032026e-02        -5.4145696086081573e-02         4.7538797871346801e-02        -3.3907134890444855e-02         6.4603739816301284e-02        -4.3205981864353510e-02
86                                     3.4554512336137419e-02         2.4912423917694465e-02         7.7651045105488675e-02        -3.4142987461923381e-02        -7.1264725360042620e-04        -3.8784460939484365e-02         2.5133863973369398e-02         2.8616688403966684e-02
87                                    -4.5506197202011343e-02        -2.3376591011309331e-02        -1.1533563169968079e-01         1.8319194425142171e-01         4.7992615325595393e-02         1.2725259185443868e-02         5.1976296123756025e-04        -1.0232324015840571e-01
88                                    -2.5195793081285792e-02        -1.2090508920380525e-02        -1.1055096166339706e-02         3.1774724414626011e-02        -2.0757985119098023e-02         8.2189133871662198e-02        -5.1950602140092755e-02         1.3783475032954151e-01
89                                     7.1663310143032677e-02         4.0740948719952430e-02         1.4615651744420718e-01        -1.1779571418385361e-01         1.7145427007197803e-02        -1.1082884823706060e-01         8.5591065747255599e-02        -1.3017104168703067e-02
90                                    -2.5982127022668448e-02        -2.9296465944702810e-02        -1.0005170951072676e-01         1.5562668871570634e-01         6.6900836589849355e-02        -3.5148280159391712e-02         3.7819860805204567e-02        -8.8353615853673170e-02
91                                    -7.0977712595019895e-03        -1.6570549384119535e-02        -2.0334492626235243e-02         6.7142699844627285e-02         4.5695734409857740e-02         1.3150062435450445e-02         2.1679300132054772e-02         4.2518644389915781e-02
92                                     3.8804258262264121e-02         5.1438659208124439e-02         9.5565555736748936e-02        -6.6133022960849584e-03         3.6289692268276705e-02        -5.6434530305960982e-02         6.3987016276789460e-02        -1.4747007742459306e-01
93                                    -6.5470755571929468e-02        -1.6510239379101628e-02        -1.2862758269314625e-01         2.0878206104073946e-01         2.5837740214402390e-02         6.3065149233128490e-02        -3.9133779595224738e-02        -1.1414677840810303e-01
94                                    -3.7500960846808179e-02        -3.7732933400656248e-02        -7.7805470985908648e-02         1.1880061115520710e-01         1.9701634896750867e-02         7.0850268354970533e-02        -3.4218906453985440e-02         1.4494448253630285e-01
95                                     6.5547372382944195e-03         2.7619158137621502e-02         3.2395428681569159e-02         5.1401228244997613e-02         8.8722547900564521e-03         5.0013656113393670e-03         4.1831711206249201e-03        -3.3067399051495035e-02
                                                        16                          17                          18                          19                          20                          21                          22                          23

0                                     -4.8922942936530135e-02         1.8613337874985925e-03         1.3495352679040132e-03         7.0796088548881848e-03         1.1928456300149434e-02         1.7603915230539464e-02         1.1415384620715112e-01        -3.5884786048801104e-02
1                                     -2.9052114264909147e-02        -2.0609504292137277e-03        -7.7060029304052528e-03         2.4540176445770804e-04        -3.4448563048838084e-03        -1.1291403731007535e-03        -4.2160180360146775e-03        -4.3858364688493297e-03
2                                      4.7670181010488422e-02         7.3457672924068379e-03         2.7304225689476731e-02         6.4099984832013631e-04         2.3372991207182614e-02         2.4543655256102154e-02         9.8495602613412656e-02        -1.7312855648373076e-02
3                                      6.2917248123848107e-02         1.3471175654407570e-02         4.9188129449383652e-02        -1.8593489874996972e-02         3.8859988750199789e-02         1.8836940243927149e-02         2.9241919878872356e-03         5.3758471618325594e-02
4                                      1.7019028637180661e-04         9.6773914812065201e-05        -2.8953522861417521e-03         7.1336007142125388e-02         1.2824414750887874e-02         6.0921776975628962e-03        -3.1409834694561017e-02         1.3106074636093640e-02
5                                      3.0627825193369231e-02         5.0662293369972177e-03         1.7126312056827901e-02         2.0892930851581913e-02         1.9188381865380168e-02         2.2330885495939010e-02         9.7178904934380292e-02        -2.7467287524118627e-02
6                                      7.0190955534517444e-02         1.4296370475698600e-02         5.3832639540229363e-02        -4.7637679957081925e-03         4.4976689688746324e-02         3.6623675781801548e-02        -1.7866335932967613e-02         4.7385562562015975e-02
7                                      5.0411808928249958e-02         1.5677981499997724e-03        -1.4309215983037244e-03         2.4393263811829267e-03        -1.0921989668479057e-02        -7.8521606057173579e-02         4.8147476049500884e-02         3.6083130995586174e-02
8                                     -3.1153332127019265e-02        -4.2583510898650872e-03        -1.7299492332045800e-02         4.6876532220295969e-03        -1.6759240761335625e-02        -2.1000850936010767e-02         3.6801582748803199e-02        -1.7699797610185537e-02
9                                      8.6721678053043316e-03         8.9411383514963853e-03         1.7368598990893349e-02         4.0480399716612426e-03         2.3250053403975620e-02        -1.7467370444098487e-02         7.9699356308475479e-04         6.3427648126436580e-03
10                                     1.6657663430362148e-02         1.5415220788854917e-03        -8.7463052100264227e-03        -1.0335593521737848e-02        -5.3179460336778370e-03        -2.6902641129875133e-02         3.3465588413242650e-04         1.1730872033483958e-02
11                                    -7.5177273957075718e-03        -2.2706292680445459e-03        -3.3944337509757587e-03        -2.4307693927441499e-03        -8.6894080523729194e-03         9.9940860209128020e-03        -9.4607653508411403e-03         2.8762350384994731e-03
12                                    -7.5452965465359206e-02         7.8207111533051595e-03        -3.7284779177230179e-02         3.1891062702178077e-02         3.1594641628442215e-02        -1.5450611177327492e-01        -1.9367206761598133e-02         2.9826230429665333e-02
13                                     1.9818048552646753e-02         1.1152833160434741e-03         3.0610955080082589e-03        -5.5567914620223684e-03        -9.5664936473530016e-03         1.4511270935885485e-02        -5.8030287231938755e-03         2.6735550032051966e-02
14                                    -6.9076704039704173e-02        -4.8307385925543756e-03        -2.2998746845475624e-02         3.0089311780704973e-02        -1.3966467035322231e-02        -2.2511017479596731e-03        -4.1137601909923029e-02         5.1279526532685714e-02
15                                    -2.1452841107139870e-02         1.3322999176688954e-02         5.1644864199791626e-02        -2.6582181115537985e-02         6.4295390363754798e-02         5.7735284547492244e-03        -5.5473126172371372e-02        -2.4191701980792693e-02
16                                     1.8311157889114395e-02         3.3336456246619963e-03         8.5616212572932442e-03         1.9935194443615237e-03         1.3195587834006274e-02        -4.6883245984609349e-02         1.7422200972161014e-02        -2.0234335713426092e-02
17                                    -2.7162651562020048e-02        -2.0110837586786025e-03        -5.4990615950419007e-03        -3.9440701883872373e-02        -1.0958662638397107e-02         4.8470116987359195e-02        -6.8492046164543394e-02         2.8811878468855804e-02
18                                     2.3603377110743479e-02         4.4458416304696069e-03         1.1465493974987048e-02         6.2702656842267990e-03        -3.2539637904472583e-03        -2.1522907043956669e-02        -3.1904370047139926e-03         1.3023192701026272e-03
19                                    -1.8603872955989875e-02         3.7835565005328534e-03        -1.1672500258321282e-02        -2.3087399917340955e-02         2.1705405459438394e-02         2.8797666136777537e-02        -3.4876316647181813e-02        -1.9916119715730974e-02
20                                     9.2420467681388244e-02        -5.1166861133386196e-04         1.3035202111567487e-02        -1.4426751526490837e-02        -1.0026661793748426e-02        -2.6707173471205266e-02        -7.6938931209173528e-02        -4.4069489084579506e-02
21                                     3.2054806175696861e-03         4.5971157617324932e-04        -2.6731497051701188e-02         1.3829793738455956e-03        -3.4207418885161878e-02         2.5091140844598345e-04        -6.7140598453610170e-03        -1.8702338612418073e-02
22                                    -2.8042390173123547e-02         4.1884018208865649e-03         7.2625697978301821e-03        -1.4299446565534678e-02         3.4052172150040742e-02         2.4402422164011294e-02        -1.2164530646853371e-02        -1.8492726736639433e-03
23                                     2.7953120712685166e-02        -2.0411834327617165e-03        -2.5028988771698042e-03        -1.7286312570748738e-03        -8.9598038662185246e-03        -3.0536055125589254e-02        -3.2365778590309500e-02        -1.9454048127285961e-02
24                                    -3.3327225701572261e-02        -7.5043390710021760e-03        -4.4239432102758366e-02        -1.1134970454810383e-02        -1.9817673116599838e-02         4.7462105772070974e-02        -1.6621451408196361e-02        -7.7694496339139385e-02
25                                    -5.9954763309490719e-02        -4.8979203346859027e-04         6.6177121802316963e-03        -1.8894362976477730e-02         4.7613593664840997e-02         5.4292610263784812e-02        -6.6397628087597462e-03        -2.3357942922033394e-02
26                                    -1.7433190833162322e-02        -4.9687569455323542e-03         2.1287771132903855e-02         7.7147013665505929e-03         8.3290206128505185e-04        -2.3989879717536588e-02         3.5573253265335299e-03         2.7650297402491753e-03
27                                    -8.6956261784326650e-05         1.4641073258093214e-04        -3.1375650293887912e-02         3.0464703532829271e-03        -4.4738466630197586e-02         6.7675852260900178e-03        -2.9762230763807811e-03        -1.2129058553940229e-02
28                                    -6.2201675498267835e-03        -2.8024260660710512e-03         1.4564337871011650e-02        -3.4049764156914096e-04        -4.1493391276263090e-03         1.7674439825875968e-02         1.7061678957412580e-03         1.3023140279978006e-03
29                                    -7.7993075698251386e-03         3.3902333131853205e-04        -2.5441785658571411e-02         5.0024299561455951e-03         8.1254231478401669e-03        -3.4411781655691136e-02         1.5335041308902418e-04         5.6021865892915128e-04
30                                    -3.5460399997569114e-02        -1.2252193155171452e-02        -1.5474524434004596e-02        -5.3021116130215120e-03        -1.1351904325349309e-02         5.2409293887627106e-02         7.1620421615243976e-03         7.2373238718444824e-03
31                                     2.3266515182806667e-02         4.6940211667180019e-03         5.7734584476665219e-04         6.4784955257034199e-03        -5.9050067042765109e-02         1.7829585132720208e-02         6.4385538609913620e-03         2.7689255698275829e-02
32                                    -5.5098497244527511e-03         8.0252984545294069e-04        -1.8273059467967760e-02         3.3686437227517098e-03        -1.2859638706633916e-02         9.6372394337798286e-03         1.7624326752651600e-02         6.0731636636814260e-02
33                                    -3.5619007886005471e-03        -7.9607255558744004e-03        -7.8820810356327996e-03         5.9074332066590979e-03        -4.4635814600127888e-02         3.3976187926519408e-02         1.9394590422855369e-02         6.1480291804599831e-02
34                                    -2.7559654581493353e-02         5.3577667169401261e-03        -2.7543130115319801e-02         4.8063262820978343e-03        -4.9513242988944724e-02         4.0260057877593694e-02         2.4221572752556621e-02         7.8950423307596024e-02
35                                     1.8807140783101514e-02        -1.9421271752865590e-03        -7.7620434806809058e-04        -8.6369851640300964e-04        -9.8569810657135118e-03         9.2594325562886746e-03         6.6282650262800610e-04         5.3020922235479419e-03
36                                     4.7647965341268646e-02        -3.4539818524611625e-02        -5.0503826330089555e-02         1.0101466308574794e-02        -1.0674043667520425e-01        -1.0198450511678801e-02        -2.0832116578012559e-02        -6.8727496393303500e-02
37                                     1.5566755201020145e-02        -1.7685210844073519e-02         1.6294697199920192e-02         9.6477549102108205e-04        -1.9378326385747914e-02         1.3060845605702729e-02        -9.6054070065466034e-03        -5.2238784932309101e-02
38                                    -1.8453663234370411e-02         1.1765576543799018e-02         6.2740357424046732e-03        -1.4930502380912187e-03         4.9867875536958838e-02        -2.0884050135028788e-02         4.2879463285218992e-05        -3.0965257433022871e-02
39                                     1.0003785555153818e-02        -1.0593443639808400e-02        -1.1253535051078198e-02        -2.9298109530501940e-03        -1.1047030984830003e-02         4.9474172114325034e-03        -1.0885578791916142e-03         2.3326848581308096e-02
40                                    -4.1220578494504858e-03        -4.9305656025998949e-03         1.5832890954173687e-02        -1.5957565225353959e-03         3.9125560039881359e-02        -1.1860891168677858e-02        -9.5937244502786213e-03        -8.2302414719872818e-02
41                                    -2.0655971502119880e-03         8.1945462045537767e-04         9.8018128088973814e-03         3.1696926027015803e-04         4.1557535745252111e-03         6.3459472113427517e-04        -8.2907917656806674e-04        -1.5388022312730853e-02
42                                    -1.4051122413461853e-01        -5.8910065905880943e-04         6.3991256426252415e-03        -4.6009977128286261e-01        -7.3329014341701498e-02        -7.2634849116118547e-02         2.4647570509951056e-01        -6.3324933184386228e-02
43                                    -1.5636475498579251e-02        -2.2444731413386433e-03        -1.1893006129278471e-02         1.0668552560968138e-01         1.4257679896673205e-02         2.0095716102361716e-02        -2.0805268143595956e-02        -6.7371047535300880e-03
44                                     1.7195807325064049e-02         3.9316540781080718e-03         1.2522114753703807e-02         2.6878298549297738e-02         1.9926419391343712e-02         3.3036524965194249e-02         1.5572556664673043e-01        -5.7192003637331242e-02
45                                    -5.2825002545543696e-02        -3.3664257777063829e-03        -3.3592777451680288e-02         3.9384365869782445e-01         6.4701505557341721e-02         9.5707075983819348e-02         1.4228023654261782e-01        -9.9771952130258426e-02
46                                     4.8416253055717368e-03        -2.7284370789980544e-03        -1.9823199151097589e-02         2.8832615209579737e-01         4.4278880544422479e-02         5.7668693382258288e-02        -3.8196732273702134e-02        -1.6588199499094968e-02
47                                     1.0736102737457870e-02         3.0297182642703285e-03         5.9939704841846944e-03         8.4825607534500566e-02         2.6526949711914227e-02         4.0702013747091037e-02         1.5857006156687670e-01        -6.5921960068819813e-02
48                                    -5.3246969110168775e-02        -4.3470317775305827e-05        -1.0613105303911874e-02         1.2672475213163778e-01         2.7562382849804241e-02         4.2088225416751265e-02         1.2645732473472096e-01        -5.8410900709011962e-02
49                                    -1.0692371010790121e-01        -2.9350795022117879e-03         5.5415158417696673e-03        -5.0833120377382368e-01        -9.2198334047749783e-02        -1.0168149628270104e-01         1.0010720139525989e-01        -9.6047694112327761e-03
50                                     1.2653019271121313e-01         1.6597806293085146e-02         7.0611306757579914e-02        -1.4080703447955531e-01         2.2639865567599581e-02        -6.2211972143082920e-03        -3.0194943406867368e-02         8.4960880468284122e-02
51                                     7.4043298447813155e-02         1.7276802895125662e-02         6.6051099894912355e-02         9.6882860672607603e-03         6.3782729381942418e-02         7.3703570553643488e-02        -2.9382054402445828e-02         4.7173209100056929e-02
52                                    -1.9941172657231939e-02        -4.9235468844791568e-05        -3.3205993244353575e-03         1.2677778731076450e-01         2.9820972436826274e-02         5.4632141844557440e-02        -6.3630149145999071e-02        -5.8016071494932956e-03
53                                     6.0784035190705125e-02         8.8114709605150963e-03         3.3484649719537886e-02        -6.6728732654193238e-03         2.6180903488575217e-02         2.6284715444378048e-02         9.9890578722596268e-02        -1.5305012793347212e-02
54                                     1.1749336531409221e-01         1.6247389142799221e-02         5.7315194031701544e-02        -6.5600951638764421e-02         2.6595772960518176e-02        -4.1989844034802631e-02         5.5399228504742166e-02         8.0809386505378666e-02
55                                    -5.8751454212750010e-03         1.5135903211743116e-04        -2.2963135035689616e-03         9.1479610698090713e-02         1.9361108453902817e-02         2.4761222331274209e-02        -4.6210607279235094e-02         7.8652124240301095e-03
56                                     5.5010222043707042e-02         8.0463083834612040e-03         2.7036700931762345e-02         6.5109972412658187e-02         3.6845124750123456e-02         4.4656157526907513e-02         8.4031843759666047e-02        -2.3704709117306325e-02
57                                    -6.2394074750389689e-02        -3.4389096777296013e-02         4.6558865228469252e-03        -6.1586947876298721e-03        -8.7434995222951395e-03         2.0010646439092488e-02        -2.5648640429211274e-02        -5.9189857425093820e-02
58                                    -1.1793307555316219e-01        -1.7477120020467415e-02         5.6291051678281502e-02        -9.9958052529529433e-03         6.8717772123054494e-02         5.2357324066220179e-02         1.9749128886119450e-02        -5.0507187518960472e-03
59                                    -1.6293064412403899e-02        -3.1959508324291958e-03         1.8760723422510416e-02         7.5333270665933327e-03         6.2762073161739271e-04        -2.1903914139516551e-02         4.9149466675995875e-03         1.5563703266262138e-03
60                                    -2.2541401215077091e-02         2.4550778717281055e-03        -6.2589209321672015e-02        -1.4150342475322661e-02        -2.2103396523461036e-02         6.1642118137173262e-02        -1.4505835045608670e-02        -9.1006977529217631e-02
61                                    -5.3760917253474955e-02         2.7313773608126819e-03        -2.4448265632945824e-02        -3.3719994436610543e-02         5.3561605579356804e-02         1.0154599628921132e-01        -2.2813362090859091e-02        -8.6406628209343708e-02
62                                     3.7746949269143741e-03         1.7279629958584501e-02        -1.7777732685269693e-02         2.5056371258776414e-03        -5.7498797265714031e-03         4.0930668649151502e-03         1.0697202083369694e-02        -1.7390058467834296e-02
63                                    -4.3998835688888384e-02        -3.8790230914848909e-03        -6.6488572917645719e-02        -2.2458848294706017e-02        -6.4893418386943571e-03         9.9098095169863606e-02        -1.8563919515304932e-02        -1.3172603753516282e-01
64                                    -3.2076946804967685e-02         6.4078848622533737e-03        -2.7721866589735855e-04        -1.5179608943558562e-02         3.2130986076227726e-02         2.6483033836773452e-02        -1.1686512391073938e-02         3.6521195530437914e-03
65                                    -7.5760392911875779e-02        -3.1842134300641228e-02         8.5694106540426765e-02         1.8837077613650499e-02         2.0435831255723645e-02        -4.5087228563484280e-02         2.0984283184287380e-02         3.2517370934780777e-02
66                                    -5.4896997674695309e-02        -1.6775640207519583e-02        -1.9681900982954689e-02        -9.5359097998478186e-03        -4.1932964670821924e-03         7.0561620861517890e-02         7.6522819978576788e-03         2.7101810739450821e-03
67                                     5.8222989691200620e-02         2.6307383396385126e-02        -1.8127933739154511e-02         1.0687250495531025e-02        -9.1718244307953029e-02        -8.8431999172560577e-04         4.0269757249542333e-03         3.3419389817138656e-02
68                                    -6.5657583081974946e-02        -2.5865003797662121e-02        -7.6274497888945570e-03        -6.7256525458900904e-03         2.6451976947646665e-02         5.3615669347062488e-02         2.0274660149706674e-02         4.8631757773946925e-02
69                                    -7.5001441657664772e-02        -3.8689273121203162e-02         4.6417083703135277e-03        -1.4016910659721878e-02         1.8097963048840267e-02         9.8153253039645685e-02         1.0985801891652686e-02         5.1105623402540974e-03
70                                     5.2134714205757653e-02         6.5436375086517853e-03         1.5687105566504090e-02         8.2418942947447872e-03        -7.1955169640070135e-02         1.7302718288815529e-02         5.7324378339008424e-03         3.3643575255727962e-02
71                                     4.8667103022324590e-02         2.2795858110678070e-02        -2.2748831608160627e-02         1.1250054510275753e-02        -4.6121646624714595e-02        -2.5328976211053178e-02         1.3733051036691523e-02         6.5124065633572079e-02
72                                    -6.9800425160113352e-02        -3.1305604983093283e-01         2.7692990301327830e-01         4.4798032546462051e-02        -1.4476069362892313e-01        -1.5670391907058850e-02         9.7476772540370793e-03         4.9302348889664123e-02
73                                     3.8412808553971008e-02         2.5263392997055795e-01        -2.4929719088678551e-01        -3.0923872471362270e-02         4.4597588262345986e-02         7.1876115306568011e-02         1.4432159801235250e-02         2.9943270323521939e-02
74                                     2.9299222796961042e-02        -5.1839185895683468e-02         6.1608144612992272e-02        -1.7896704042674226e-03        -3.2589964379493267e-03        -1.4397957040677376e-02        -3.1609371668578447e-02        -9.9748714230256899e-02
75                                     7.4262430295528092e-02         3.1730944221871804e-01        -3.0909619290901480e-01        -3.1901888098309489e-02         4.9184940055914866e-02         8.4976372341287729e-02         3.5955322738901493e-02         9.8726963192881614e-02
76                                    -5.1707116873517874e-02         6.7083238106615595e-02        -1.0608269641211945e-01        -4.3080304258449591e-03        -2.3974440174498204e-02         7.2487521568019159e-02         4.3090526889106640e-02         1.3044395732761849e-01
77                                    -6.1807341896294228e-02        -2.0762869649666349e-01         1.7223661602610310e-01         2.1472190823967049e-02        -6.2965305254060258e-02        -4.8441980123993793e-03         2.8518103821699764e-03         1.7665243999671142e-02
78                                     2.9180353877508365e-03        -3.7920917850663212e-02         2.4757125367454644e-02         1.6584503898827267e-02        -7.7572988704098289e-02         2.4138598629120673e-02         2.9469521616458529e-02         1.0367210464828691e-01
79                                    -1.0900463219386274e-01        -2.8812303695112212e-01         2.3437718569836324e-01         4.7086245055138101e-02        -1.6179622443051264e-01         6.2726992603039699e-03         3.7862132802305895e-02         1.4417369247884482e-01
80                                     1.0882025179180428e-01         2.4328640220378439e-01        -2.1093991869284504e-01        -2.6811672717597684e-02         5.2107288740037831e-02         2.8183165450191817e-02         1.9465658485958576e-03         3.1027400601720519e-03
81                                     5.8807658579602372e-02        -4.3783617761104614e-02        -6.2609487493829441e-02         1.3054993405534883e-02        -1.3296883283145686e-01        -1.2719873195412949e-02        -2.5619318717246577e-02        -8.3895314759924608e-02
82                                     4.5822990409731354e-02        -4.9384812716958604e-02         6.2786899536721921e-03         1.7909297608541105e-03        -4.0788815161994424e-02         7.0212988022046695e-03        -1.9336800654845349e-02        -8.5788935964830823e-02
83                                    -8.1283588353324540e-02         6.9351630490239985e-02         5.5305825964813912e-02        -1.1893845591854432e-02         1.5439310525416483e-01        -8.3403532900017327e-03         2.3439948101911582e-02         4.6744111974377979e-02
84                                     1.0852551295101363e-01        -9.3801439892778324e-02        -9.7630142662446559e-02         1.8774612037477972e-02        -1.9892794622614748e-01        -2.5286482540710836e-02        -4.3388456909425749e-02        -1.3414103045798834e-01
85                                     1.8890535950340858e-02        -1.5901524938576134e-02         2.2485695549285548e-02         1.5386056349577675e-03        -3.8369059317522859e-02         2.6941626993595345e-02        -1.0406787012229008e-02        -6.1274943082293379e-02
86                                     2.0152335973489859e-02        -2.4025111040501000e-02        -2.0714393047519489e-02         4.1277045600851773e-03        -1.7030829596139562e-02        -2.2867327483673958e-02        -1.3904102328165734e-02        -7.5397424446805861e-02
87                                     3.6177040451109413e-03        -1.7614395468102090e-02        -1.0483626434070834e-02        -8.8485124464134854e-03         2.3594015377449328e-02         1.1710425094944830e-02         6.6061783706027853e-03         6.1380079846575904e-02
88                                    -7.6188179054187871e-02         2.8089645076711123e-01         2.0894228619976563e-01         4.9220786207255264e-02        -1.6713498802793506e-01        -5.0484696207747363e-02        -3.9162043631240498e-02        -2.0720942591195288e-01
89                                     9.4114947926345949e-02        -2.6612687853909384e-01        -1.9021596336015628e-01        -2.9822900448192764e-02         8.9290209611247687e-02         1.5479499965332072e-02         2.3415644714476127e-03        -2.5568409773241922e-02
90                                     9.7447181277005412e-02        -3.4860561031470394e-01        -2.4855368464179756e-01        -5.9562118244105247e-02         2.2827176937968546e-01         3.3960075202297116e-02         2.6031681134449418e-02         1.1223658952648959e-01
91                                     3.7597764352082425e-02        -1.6295215248749526e-01        -8.9387992775897096e-02        -2.8897755812275456e-02         1.4370266515564259e-01         1.2819329003407497e-02         6.7854635793230707e-03        -1.0221905853512030e-02
92                                    -3.3959208341748925e-02         1.3340933519362325e-01         1.1950005747582654e-01         2.0106660368293797e-02        -1.1186558617183223e-01         2.2387521324762322e-02        -3.6173839073223326e-04         4.1993618239423214e-02
93                                    -9.7126894589978502e-02         3.3841106614355532e-01         2.4520772612464045e-01         4.6176911258285935e-02        -1.9815504917752461e-01        -1.2974728214775844e-02        -1.4512015058427254e-02         4.1484200824916575e-03
94                                     1.3888067624593393e-02        -1.3833560916603496e-01        -8.3889551439852938e-02        -2.9788100627248258e-02         2.0689114545931028e-01        -2.2039878735656552e-02         2.6599821178431189e-03        -7.7050601210392658e-02
95                                    -5.4676173008929053e-02         1.3757087022493708e-01         1.0940728354460405e-01         1.5142195025929377e-02        -2.4138683580623852e-02        -1.4429059022713466e-02        -2.7713030354292825e-03        -2.3913182587088935e-02
                                                        24                          25                          26                          27                          28                          29                          30                          31

0                                      1.8171045925656448e-02        -1.8910941066346342e-02         2.7419015352276144e-02        -1.6992760510588123e-02        -4.6103753377707779e-04        -2.5086257554245060e-02        -4.0485799337444464e-03        -1.4638099245314033e-02
1                                      5.6025049565201716e-03         1.9196402564009853e-03         3.0615205930071524e-03         7.5481030566427489e-04        -2.4974662370687737e-03         4.3607262121328934e-03         6.1694770337246039e-04         4.5940067801041110e-03
2                                      2.0575058261519254e-03        -2.5100890395075324e-02         2.1666106369938497e-02        -1.2391055944613821e-02         7.6968954023988916e-03        -3.6293487115724499e-02        -6.1337563155473823e-03        -2.8257164436097652e-02
3                                     -5.8372562624841043e-02        -2.6235624253482769e-02        -3.2762287196066921e-02         3.7151623585902779e-02         4.5329793863324856e-02         4.4975792458074280e-03         9.4701621927585564e-03        -3.0286909990638180e-02
4                                     -8.6516714612586195e-03         2.6080945274054353e-03        -1.9110257958167089e-02         6.3835148904916351e-03         9.6089398088974546e-03         8.2027073435733851e-03         5.4538429385118129e-03        -4.9066245545523138e-03
5                                      1.3117037367782776e-02        -1.6718810695426557e-02         2.1907161029305646e-02        -1.6600417789102501e-02        -1.1419023101110726e-03        -2.3182096819819906e-02        -3.9887761193944668e-03        -9.6815226396424828e-03
6                                     -4.5897903848894854e-02        -3.1083136801851523e-02         1.7818285149760854e-04         3.2706633270032405e-02         2.9561489002546758e-02        -1.3991191776174562e-02        -2.7854704718969754e-03        -2.4685979826304313e-02
7                                     -5.0863597096768819e-02         2.3837047829608021e-02        -9.9672899101699561e-02        -5.6351315718514761e-02         1.3673051798361128e-02        -2.3047922617486245e-02         7.6101521029430632e-03        -2.9037662646361234e-02
8                                      1.1379697950255088e-02         3.0760954794257271e-02        -5.4352146694422371e-02         1.3911644816401059e-02         4.2437223079602772e-03         6.7073523105427024e-02         2.2865271034032231e-02         4.0161283216364287e-02
9                                     -3.5768309115205101e-03         1.0872512641107503e-02         2.7104361687484307e-03        -3.5000001948705811e-02        -2.9593976155289744e-02         4.8859826666628768e-02         1.3635322850338371e-02         8.6869473176673193e-02
10                                    -5.7891071727744657e-03        -1.9924676048457997e-02         7.1187031465443654e-02         2.7587786592370871e-02        -1.3726860008930194e-02        -6.2632514441745557e-03        -1.9139057954311783e-02         2.3690441201493183e-02
11                                    -1.5044823943277325e-03         1.1020416145721126e-02        -2.5440100791994109e-02         6.7123733049119366e-02         2.0412397571494375e-02         5.7498211426681552e-02         9.6573535356839473e-03         1.5083123210240371e-02
12                                     1.0886730346688826e-02        -2.6852499182616833e-02         2.2462008882854198e-02         4.1071061746227364e-02         1.2775836597788697e-02        -5.8416449578421049e-02        -2.7251780597697839e-02        -2.1009090597608464e-02
13                                    -4.4779223792773305e-02        -1.1717249334764899e-02         5.7549829127927679e-02        -7.2041145487007588e-02        -4.1595657021092580e-02        -1.7717406699673220e-02        -1.0622131114049920e-02         4.8290384878299307e-02
14                                    -7.4972129531067785e-02         2.9298012868293265e-03        -5.3681659704192183e-02        -8.7303135734715209e-02        -2.0148919231644325e-03        -4.4873147618632522e-02         2.1382921114881676e-03        -3.6355271299802254e-02
15                                     7.0788314747608619e-02        -3.0017373385326264e-03        -1.7864210956609467e-02        -1.5324078563395575e-02         1.3672830994423743e-02        -3.5292398035411739e-02         1.2914436174025733e-02        -3.1200783934731125e-02
16                                     5.1114069457503457e-02         8.3472389064531329e-03        -4.1947611062897218e-03         8.9290877866311860e-02         2.8807595296338952e-02         2.0356537947125407e-02        -6.9125599594229868e-04        -2.0149472965894578e-02
17                                    -3.2090772223163824e-02        -3.3398539293334736e-02         8.3841031533497520e-02         2.2670785928430744e-02        -1.0934146241350617e-02        -2.0015871061208900e-02        -2.1425748684077109e-02        -3.1694594305655020e-03
18                                    -5.1566579669876994e-03         3.1535642389483587e-02         9.5229793463510095e-03        -2.2068085064531732e-02        -4.4784389826882078e-02         3.9484235154289296e-02        -1.9410251070619361e-02         7.2205550271811414e-02
19                                     5.4657732475975565e-02        -1.1734741835760513e-02         1.1216334542406848e-02        -4.4416041210984185e-02         1.7734295800795608e-02         2.7915267918642074e-03         9.6668521679916478e-02        -5.6810915283255679e-02
20                                     1.0441229393732977e-01         5.9810283708041881e-02        -2.4433533211978480e-02        -3.6276398004049429e-02        -6.1606709237971111e-02        -7.8811551591105658e-02         1.1293229103652175e-02         2.0669468884977300e-02
21                                    -9.8230042776941660e-03         3.7041124806918737e-03         2.1459623944004049e-02        -1.5670406226577102e-02        -4.5801603230711467e-02         5.5525432013295538e-02         2.0348682563848409e-02        -4.2889187174369618e-02
22                                     3.4056286612322836e-02        -8.0299066576123308e-03         4.3979821572573867e-03        -5.6445655538967708e-02         4.6278998499875879e-02         5.1337547224265263e-02         9.4518112514270242e-03        -5.7367365359321919e-03
23                                     5.1729707601853706e-02        -1.6700457787428825e-02         1.6886531087693638e-03        -5.3741219198529908e-02         2.4427125828842749e-02         3.5657147655963513e-02        -1.1151863075072659e-01        -4.6147137966858653e-02
24                                    -2.4049678444820550e-02        -8.2049708509237637e-02        -8.5432726975146048e-02         3.4724662700626435e-02        -6.5501945362060610e-02        -2.0498776203440056e-02        -6.2645428464502703e-02         4.5399277362802529e-03
25                                     1.1653124373078971e-02        -3.8836868705972159e-02        -4.2470422947145474e-02        -2.3298206779012887e-02         5.2736250901385243e-02         5.2052082030273642e-03         4.4055970201043224e-02         4.6346410749105810e-02
26                                    -1.1733372692736404e-02         4.1390123569309066e-02         2.7465015365044587e-02         8.2821876409751635e-03        -1.3649656677694105e-02        -6.0136005124826735e-04        -1.0889156958390198e-02        -2.3213927383416950e-02
27                                    -1.1513475254093753e-02         1.0097457289483075e-02         2.3193226657779717e-02        -1.0010327544539066e-02        -3.0028962928233725e-02         5.4874764811558542e-02         3.1770463468416298e-02        -6.6869250890770671e-02
28                                     3.3371652325649348e-03         1.6057759839434822e-02        -4.5659778522763664e-03        -2.1469405743920068e-02         1.9971402268559639e-02         4.0777589559805351e-02        -7.0624867602841840e-02        -9.7487499485796169e-03
29                                    -5.2258713565491203e-04        -8.0953878292175610e-02         1.7959989441310532e-02        -4.6550573435274099e-02         7.2527019056540354e-02         5.5274073367715601e-02        -1.4764187004472348e-02         1.4109091492095020e-02
30                                    -1.0113908919674317e-02         1.3684939379767957e-01         2.3074136346639091e-02         2.0347694075107605e-03         3.2002717829006579e-02         6.0334125758808380e-03        -3.1311543711483397e-02        -4.5884544201443056e-02
31                                     2.7034523553403605e-02        -3.4301097254880543e-02        -2.5956603086749658e-02         1.1788476048437968e-02        -7.5236260930678325e-02         3.2543489720245102e-02        -1.4327256227381603e-02        -5.6594113346785976e-02
32                                     3.1552397974121828e-02        -1.6393877969415140e-02        -9.8252254752099234e-03         1.8020261774260252e-02         2.0887654218458580e-02        -5.6293948548211112e-02         3.4882259188143160e-02         6.7949459001430332e-02
33                                     3.2334574046200833e-02         2.8457670443386918e-02        -1.1593284653136604e-02         2.1515374406170056e-02        -8.3102298091829938e-03        -2.5664819927569325e-02         3.4738926503064151e-04        -2.0846770117795817e-03
34                                     4.3182753944164869e-02         1.3640991724759348e-02        -1.8224230539962485e-02         2.7187599793909945e-02        -2.9054537427074173e-02        -2.4579492000443914e-02         1.1357978299907067e-02        -7.1132660789154107e-03
35                                     5.1818948051678007e-03         1.1448323190225096e-02        -4.8488297587932824e-03         8.7326681217822708e-03        -6.9036185656850216e-03        -1.1310323367532413e-02         1.6969612911574997e-03         8.6124198348421941e-04
36                                    -2.7376271089026238e-02        -1.4910391355414934e-02         2.7814084691005072e-02        -4.9688388969964829e-03         7.5567565499759709e-02        -2.0404413900967845e-02         7.2246506748221209e-02        -8.8265012315677169e-03
37                                    -3.1513239928422504e-02         3.6968839938169608e-02        -1.2164035535690943e-02         1.0790673875187956e-02         3.0851757071996642e-02        -2.9492544559988485e-02        -6.9396845165970306e-02         2.3453485987890342e-02
38                                    -4.6057642417013073e-02         2.5116614639799652e-03         1.0447464802168738e-02         1.5552376003294148e-02        -5.2157572682092077e-02         5.9647470959628690e-03         6.5982729121833672e-02        -2.1984866399345552e-02
39                                     3.1433798766351627e-02        -1.3412042354464505e-02         1.3429654262432486e-03        -1.2047670106147540e-02         2.5634088452022114e-02         1.0890049332414602e-03         2.6211223477930366e-03         3.7706204301738875e-03
40                                    -7.8956483941677008e-02         3.9720067822422878e-02         7.5709107578699939e-04         2.8359387500042955e-02        -2.6402912986996874e-02        -2.7254667654559715e-02         4.0379908714911822e-03         3.9627672123909797e-03
41                                    -1.5872332886504376e-02         1.1711766117512543e-02        -2.1903358251056364e-03         9.8543838690135308e-03        -1.4604383597051738e-02        -7.4215786644867103e-03        -6.6556084130404633e-04        -3.3999278631831214e-03
42                                     2.6476881770824433e-02        -1.4015089773711298e-02         4.2953782506645576e-02        -6.7133979612027661e-02        -2.4941517844716446e-02        -6.4366546421184972e-02        -1.7465867188825982e-02        -1.8174156897469408e-02
43                                     1.0532521711463069e-02        -6.1021570899430369e-04         9.0411495107616136e-03         6.0732422046736508e-03        -1.9497758982076866e-03         6.3898641599028890e-03         6.1591005326129653e-04         5.5744517716079800e-03
44                                     3.4675426646913039e-02        -3.2468968012514546e-02         6.7531704897852124e-02        -3.9152299306823929e-02        -1.5344919844011070e-02        -6.9090389032366570e-02        -2.0680014611649335e-02        -2.8459990878883810e-02
45                                     8.0266583465981631e-02        -3.1208171951110288e-02         9.3664194555511865e-02        -4.8020982902924926e-02        -2.8680295040047994e-02        -6.1415114103102859e-02        -1.8310241221240996e-02        -1.5760557621542264e-02
46                                     2.3226689145871601e-02        -6.6282784178619096e-03         2.6655710262580404e-02         9.4868407944209126e-03        -4.8645522013737574e-03         3.7185026791262074e-03        -1.8679712326002548e-03         7.4126376458798328e-03
47                                     4.3667858429394156e-02        -2.8350365046437353e-02         6.1353352844851758e-02        -5.0724789971729523e-02        -1.6830627730480122e-02        -7.0742976754649384e-02        -1.7388927518120191e-02        -3.2513193118474677e-02
48                                     3.9723013313993687e-02        -2.2820165501957951e-02         5.0405185189658856e-02        -2.8267036174433168e-02        -1.0670854004865851e-02        -3.7573821248274845e-02        -9.0233524913333318e-03        -1.4549722668485719e-02
49                                    -5.0571861856405307e-03         1.0537815074344207e-02        -3.2414190890303193e-03        -3.2305892126540156e-02        -1.5838648610604047e-02        -1.6435692234559700e-02        -6.6117330592510301e-03         4.6424496955527238e-03
50                                    -8.4575396686340842e-02        -1.6440211198730681e-02        -7.2259017350162963e-02         6.0327146772024595e-02         6.2987806154819193e-02         2.9002757034211832e-02         1.9944012659578538e-02        -3.2944282166024547e-02
51                                    -4.1974411691375051e-02        -5.3962708987295202e-02         3.5276952717684641e-02         5.4062808738938394e-02         3.9569390840155309e-02        -2.3500785772211097e-02        -4.8156273290171003e-03        -4.1786970301584507e-02
52                                     2.0614876303771120e-02        -1.2749011418529979e-02         3.8125255597607453e-02         2.9621303324654680e-02         1.1835699983423758e-03         7.8065955179977085e-03        -1.5521353946869923e-03         3.0406536822176278e-03
53                                    -2.8512794788401475e-04        -2.7618437522048601e-02         2.8171898336625374e-02        -2.2658696700390283e-02         2.6762824645693481e-03        -4.7308649871583640e-02        -9.6874025662075213e-03        -2.8008734858966759e-02
54                                    -9.9551117866429867e-02        -1.4819398648046902e-02        -9.4339124412340949e-02        -1.0856062500721643e-02         5.2141855742539919e-02        -3.2423209508851698e-02         6.9358957115227705e-03        -5.9995120647657781e-02
55                                     5.5270442883931963e-04        -2.6102744886073903e-03        -3.1976555773147842e-04         1.7015567578302457e-02         7.7629331849599498e-03         1.1523988709696013e-02         4.1114808117302280e-03        -6.9805457573150135e-04
56                                     1.2833915404416306e-02        -2.9495383872987266e-02         4.3361351317465310e-02        -1.3380839139451140e-02        -4.8456058108579600e-04        -4.1524541586842351e-02        -1.1286760208275815e-02        -1.9722704094069798e-02
57                                    -3.1943934108344028e-03        -4.8574553180111890e-02        -5.8242802363219486e-02        -5.5223317482331839e-03        -2.1473083530581763e-02         4.3405718548256058e-03        -1.8722844517826784e-01        -1.2362088832226906e-02
58                                    -5.1870636177913765e-02         4.5588735942591711e-02        -7.6432575444614148e-03         4.3523960283801844e-02         1.6344205003065146e-02        -7.7051248607504369e-02         2.1307093853108938e-01         1.1568459810708721e-01
59                                    -1.5531845784386466e-02         4.1448431210209684e-02         2.6287996999772564e-02         1.3990872070089541e-02        -1.9024574575534012e-02        -5.8654464958156462e-03         5.4347768572402706e-03        -1.9319271602148008e-02
60                                    -3.2129749347820397e-02        -9.6754047356855957e-02        -1.0741162701503998e-01         5.9196668532122944e-02        -8.9408977380535201e-02        -4.7595116138192159e-02        -2.2824219564083956e-02         2.5516274031144610e-02
61                                     1.5964938934646716e-02        -1.3492746856671628e-01        -1.6987527179942999e-01         2.9225760124717337e-02         3.2033669473772383e-02        -8.1296971301485152e-02        -1.0585664379846238e-01         1.3022586722077389e-01
62                                    -3.3103353659592591e-02         2.1140369834663265e-02        -3.9023019533844836e-04         5.3637945969730594e-02        -6.3607306429059013e-02        -4.7861611568315518e-02         1.1040929561831982e-01         1.4029190931847178e-02
63                                    -4.5150637017097560e-02        -1.4005236732008006e-01        -1.9977916849946695e-01         1.0533420996214733e-01        -9.8710885977873322e-02        -1.2283707852094525e-01        -1.1939964133212247e-01         1.0288319857125289e-01
64                                     4.0725049395532238e-02        -2.4861539120142662e-02         1.8436090590856904e-02        -8.1570169259344502e-02         7.9631513843700527e-02         8.8660655052533927e-02         5.3616555404150161e-02        -3.3751096794907620e-02
65                                    -5.1572001394613917e-02         1.2348432809334046e-01         8.0737498893673890e-02         3.3362585399788564e-02        -1.9940422256377585e-02        -3.7871199640824325e-02         7.5964971967812753e-02         1.1843178704664874e-02
66                                    -1.8837380987854296e-02         1.9480827027181169e-01         2.8167901444660640e-02         1.3059232357821329e-02         4.5262775450118919e-02        -1.9306296759413547e-02        -4.1499197470440875e-02        -3.9784285932212178e-02
67                                     3.7061879152450475e-02        -1.1638551743936451e-01        -3.3494203832759695e-02         2.7411178279638203e-02        -1.6889984901151761e-01         5.1194811535318394e-02         8.9287817013479445e-02        -9.4548809149936047e-02
68                                     1.0333655327360480e-02         1.4276483018610633e-01         4.0471945481481229e-03         1.9701709848217171e-02         1.2565181011190979e-01        -1.1084820876690611e-01        -7.4713252502135563e-02         1.1320665868566281e-01
69                                    -1.8651962609621611e-02         2.6952836235784977e-01         1.7384897051885281e-02         1.7958298562547714e-02         1.1842346505651989e-01        -7.1957742253959747e-02        -1.3183728929994781e-01         1.5809005109991725e-02
70                                     3.7500103983960635e-02        -5.0317843982198754e-02        -3.9216486053750957e-02         2.4019564256431643e-02        -1.0751687318674059e-01         2.2821606844649154e-02         6.3897543009481942e-04        -6.1444295255604964e-02
71                                     4.6099315478552789e-02        -1.3541268896688688e-01        -1.9228077993917451e-02         1.6935378395706559e-02        -7.2879437986365689e-02        -6.3004381814748501e-03         1.2303924984617426e-01         1.9827559640159052e-02
72                                     3.8327371080153230e-02        -4.8188662343839783e-02        -1.7357043018077355e-02         1.4445266605801957e-02        -5.4168517775652875e-02         1.2104529404807130e-02         3.6662372412156019e-03        -3.6609779020648499e-02
73                                     7.4490752626447040e-03         9.2609275435179730e-02         2.3679145859538822e-03         5.0858674431551211e-03         7.9652548735160006e-03         1.5083026341597800e-02        -3.5126104359105965e-02        -5.7698824527416509e-02
74                                    -4.8030591932657185e-02         2.7235086563331803e-02         2.2035921487100468e-02        -4.1464970503320132e-02        -1.4234893482603759e-02         1.1770941086818158e-01        -7.4219237814902708e-02        -1.3984572368536358e-01
75                                     4.2604066945006625e-02         7.7834263886842323e-02        -2.1162531279979826e-02         4.4699814367894733e-02         2.0296324545178251e-02        -9.4272443287220217e-02         1.5101990805252798e-02         6.6199598393266751e-02
76                                     5.8079175757364675e-02         7.8366198233024473e-02        -1.1710806779657299e-02         5.0271584948175518e-02         1.7929330987785898e-02        -1.0268844269080080e-01         5.3420242441655781e-02         6.5486237295848682e-02
77                                     9.1955118752976937e-03         2.4991308989052434e-02         8.1355401788940733e-03         9.0543938721160781e-03         9.2949996948530414e-03        -2.0680580149408587e-02         2.4218771493216874e-02         5.8211065501718251e-03
78                                     6.3886015547626324e-02        -4.4050523978540042e-02        -4.1719756197378381e-02         4.6346887472577494e-02        -4.6991552113353853e-02        -6.9297063543213591e-02         2.9845599584024097e-02         5.1308969628372968e-02
79                                     8.9132853956275918e-02        -7.4121354939228043e-02        -4.3983179951524329e-02         5.8321352058918433e-02        -7.1928811290096123e-02        -8.3591115765320856e-02         7.2639578608468328e-02         6.0951826978976158e-02
80                                     6.5989558290209145e-03        -1.0179567571879921e-02        -2.4368116391188983e-02         1.4838072779510224e-02        -2.2184273635493960e-02        -1.7630886179076335e-02        -1.4905997453167017e-02         1.2402402887905896e-02
81                                    -3.2007389525075737e-02        -2.1982254177305132e-02         3.3645732187608239e-02        -1.1775041312932959e-02         1.0705913150461756e-01        -2.3489258605807545e-02         7.6429460009731151e-02         3.0767458700589382e-03
82                                    -4.1399204591550130e-02         3.3047116139755667e-02        -1.3363043307481490e-02         2.1323099211021115e-02         1.0633798019949663e-01        -1.0669813683908852e-01        -3.7044371433768680e-02         1.0008813634209097e-01
83                                    -2.2111445804180670e-02         2.7022123058216801e-02        -7.2245948556806973e-03         2.7993332483862831e-02        -2.1845090694363206e-01         8.3143224260534582e-02         2.6428557899087629e-02        -1.2940423252728994e-01
84                                    -3.8145715228203356e-02        -4.8955481353197619e-02         4.2818590216822508e-02        -2.4394272902930090e-02         2.6400214626113738e-01        -1.0387886313912964e-01         8.9947163373990405e-02         1.1403785627376212e-01
85                                    -3.9215906465696851e-02         6.5721613582494801e-02        -1.4820865220956209e-02         2.5268575181020079e-02        -8.7733508440322287e-03        -3.1441906269915908e-02        -5.7268870221918955e-02         2.6447769434345429e-03
86                                    -5.7003316261863411e-02        -5.4345107510438070e-03         1.8627700324468272e-02         1.1817763436863483e-02         4.3909266952290027e-02        -4.6469860480535148e-02         8.4570495467815796e-02         4.0159314559583513e-02
87                                     5.7934676746964536e-02        -1.7541440879836976e-02        -8.0279242690006972e-03        -2.1296129220368575e-02         1.5361345399438323e-02         1.6155942037762376e-02        -3.6168628269160862e-02         1.6983027641411092e-02
88                                    -1.5694623434189184e-01         4.1330572515748086e-02         2.4840161956382389e-02         5.4893772450045869e-02        -2.1782774558916154e-03        -7.3250453016269326e-02         1.1909425583386712e-01        -1.6666236665309100e-02
89                                    -3.3537368625306291e-02         2.4491718385829517e-02         7.3320820295706994e-03         1.5872011960425866e-02        -4.1475284351670446e-04        -1.3722023900194542e-02         2.0255727626543908e-02        -2.7919042762989683e-02
90                                     6.6869292314059012e-02        -2.9562699646894699e-03        -1.0659818102920186e-02        -1.7591520617371802e-02        -2.9799215538822085e-02         3.3995139707129626e-02        -3.6034292270678031e-02        -1.1672157154433839e-03
91                                    -3.0070959332770413e-02         3.8439691896692552e-02        -1.4405892551723648e-02         1.0419888797727957e-02        -2.9808394676239892e-02        -1.2423561687848177e-03        -7.5025028258374107e-02         2.0401945234490473e-02
92                                     6.7755949038086807e-02        -1.1765608617200324e-02        -2.5827870473564087e-02        -3.4511137043894538e-02         7.5471154106446545e-02         1.2516151930571331e-02        -1.6745549545234598e-01         5.3092321922929481e-02
93                                     4.6166476990592412e-02        -3.3550510138374130e-02        -4.4546978767552757e-03        -2.6291840381767715e-02         6.5434699144499939e-02        -7.9424126442605983e-04        -3.8459929148473848e-02         3.8302859658843572e-02
94                                    -1.1828211182292636e-01         5.6936730001101866e-02         7.6423165821686203e-03         5.8906880399680270e-02        -1.3422282347919159e-01        -2.5271491100485759e-02         1.0515851109214999e-01        -2.7959694750100936e-02
95                                    -2.5826366151781889e-02         8.0511627580898883e-03        -2.2250930054877826e-03         1.5921776489539914e-02        -4.2518381672678733e-02        -7.4302717318000880e-03         2.3532890886844807e-02         1.4278751837745324e-03
                                                        32                          33                          34                          35                          36                          37                          38                          39

0                                      5.6255338272948160e-04         7.7736734269556584e-03         2.1031689758248751e-02        -8.9181101143460072e-04         6.5223594341555493e-03         2.2678428580392148e-02         4.2477391347711259e-02         1.8147964824333621e-02
1                                     -6.7708245916269102e-04         1.7038130151228032e-03         9.0332387234170791e-04         2.2509168179025505e-04        -9.0226344569624406e-04        -3.6509547255110804e-02         1.8327911572882910e-02         1.0638892272127365e-04
2                                      2.6867152727320931e-03         4.9323688378151691e-04         7.5002405302829096e-03        -3.0161984407131024e-05         3.4950987065753107e-03        -2.3006267841580350e-03         2.7094648631006933e-02         1.7774170917390340e-02
3                                     -5.7444569300796134e-03         3.1239354591612367e-02         5.0785562248214400e-02        -9.5529718428399553e-04         1.2124734514504555e-02         3.3025065417792154e-02         6.2892652638892363e-02         1.4583199063135309e-02
4                                     -1.7814590645825064e-03         7.4197663601624419e-03         7.5523823121235335e-03         5.2498814817959890e-04         3.3437816496207869e-04        -5.1006180808913532e-02         3.7442084813135948e-02         6.0153036824479858e-03
5                                      1.0494920896501863e-03        -2.6436729900738152e-03        -6.8622549291667652e-03         5.1905638916092489e-04        -2.6451555175420203e-03        -1.8774231121083139e-02        -9.9771495875204952e-03        -9.5390802342549472e-03
6                                      2.4564957249283413e-03        -1.1927755660083236e-02        -2.3020730065634241e-02         2.9417567581101103e-04        -4.8920571706753775e-03        -1.6206127945641326e-02        -3.9842850094466468e-02        -1.0670092065967257e-02
7                                      2.8735790144760027e-03        -1.4017293715085430e-02        -3.4920417080238013e-02         2.8181644473427810e-03        -9.0196584431414036e-03         8.3258556237917197e-03        -4.6674123308965906e-02        -7.7367064369522325e-03
8                                     -1.0072709127933899e-02         4.3931672868404506e-02         7.5315796295717163e-02        -4.9472196601180280e-03         1.7466009185064042e-02         3.5309941110700287e-02         9.3669597447798514e-02         7.0511188527647029e-03
9                                     -1.4640077342205231e-02         1.5557702772442216e-02        -2.9740809769624562e-02         7.0533663882380417e-03        -2.6356414976791403e-02         1.3656301948078047e-03        -1.1780146423100142e-03        -6.7923739911785422e-02
10                                    -1.9602902788543766e-03         8.1893103725754184e-03         5.7546154594175197e-02        -8.4985391821371901e-03         2.3983717203886038e-02        -1.7435340144061454e-02        -3.1617522215389486e-02         1.8261932109798092e-02
11                                    -3.8299242869027231e-03         1.3015771558823217e-03         1.2089304023720243e-02        -3.9774450184476874e-03         9.4658971927436830e-03        -3.5499318564629484e-02        -8.9971048999788375e-02         1.1816632706041215e-03
12                                     5.4685570650285032e-03        -5.4202026189645262e-03         1.9357254341642153e-02        -2.8007684885508416e-03         7.6965732332670081e-03        -5.3901754828250667e-04         4.0405330802204126e-03         1.3899351811190175e-03
13                                    -7.3545522033746924e-03         1.9065209421104481e-02         4.9642072854676943e-02        -4.9164936395906375e-03         1.1495508491600736e-02         6.4624029436307099e-04         1.6690933487583985e-02        -1.5541024957752492e-02
14                                     3.9143801381989560e-03        -1.0757587008815293e-02        -2.5975966340648710e-02         2.9409644664213138e-03        -6.6185372194385210e-03         4.2940645898659879e-03        -5.8148438264935269e-04         6.9840659679765507e-03
15                                     9.3699167022897006e-04         1.8139582948258574e-02         4.3568863912050004e-02        -4.9747975685867406e-03         1.7492666026685966e-02        -1.5184112729572100e-02        -3.1187386818305646e-02         1.3288913937437490e-02
16                                     8.7909113769148138e-03        -2.9174286999400667e-02        -9.9790405239233534e-02         1.3307893841177473e-02        -3.9401506126859262e-02         3.0304756367790762e-02         6.1040949321582452e-02        -2.3217723960936007e-02
17                                     6.3997319366765754e-03        -2.7514602277726997e-02        -6.9660714899706641e-02         8.7298959980329754e-03        -2.7135260110478846e-02         2.2335728510305939e-02         5.0266322604379764e-02        -1.6022237702534001e-02
18                                     9.5869778838066529e-03        -6.8293734940478093e-02        -3.3798586596730219e-02        -7.4647150360747545e-03         9.9885922047718151e-03         4.2129697486984440e-03         4.0290897755289644e-03         8.1620717746392221e-02
19                                    -1.8123306584920699e-03         1.1554909088753879e-01        -1.3051594132727422e-02         1.6796077216279726e-02        -2.7871370928629374e-02        -3.1208075456149341e-03        -1.1155326266251469e-02        -4.7164759202166888e-02
20                                     6.3372253024023786e-02        -2.7701803017109467e-02         6.1385080988262605e-03        -7.0624256629074310e-03         1.0430649138911036e-02         5.4601203253578662e-03         1.6171843867190509e-02         1.8762936813391549e-02
21                                    -1.5713689091310767e-02         3.7011249550268362e-02        -4.1485832013868740e-02         4.2935780126189772e-03        -6.3914337582546095e-03         1.4918329375985149e-03        -5.9688467229741526e-03         7.8850238646343426e-02
22                                    -5.8957587405518069e-02        -8.6216598971568699e-03        -1.9831070125060253e-02         4.4558810276596455e-03        -8.1733573035836886e-03         1.8285378254630348e-03        -1.8502214524901094e-04         3.0438474788639204e-03
23                                    -1.3606089129401974e-01        -2.9708710186276729e-02         1.4505261417352349e-02        -1.8134578851457064e-03         6.1915364480531485e-03         2.0698166333726490e-03         8.4948795677963658e-03        -3.6972339507494773e-03
24                                     2.0861004809779156e-04         5.3251755544412319e-02        -1.8762610591087681e-02         1.4513440595896319e-02        -4.7257457800928358e-03         4.1250202722685210e-04        -1.9355644923379253e-03         8.5083981235421297e-05
25                                    -9.3222631082296812e-03        -1.2238782102642017e-01         4.2990493036169173e-03        -2.6103023118993891e-02         2.1116905204663531e-02         4.1206627839611657e-03         9.8091646984880491e-03         6.1775990486984844e-02
26                                    -1.6023717429798537e-02         3.9702908383921418e-02         9.7431651727968363e-04         1.0356957630990359e-02        -6.8736063412324138e-03        -2.6144951121803662e-03        -5.9889906254038863e-03        -2.5963004528845583e-02
27                                     2.4266511935217620e-02        -1.6220864925596819e-03        -1.5583372386567649e-02        -6.7807194990747782e-03         1.0115728936904671e-02        -7.5503423616449765e-05        -4.7256449600787936e-03         7.4777334032924775e-02
28                                     7.6354450588668049e-02         4.6564232848680118e-03         5.5034346804909667e-04        -2.0517823854769423e-03        -1.7001116188997971e-03        -1.7058703236226769e-04        -4.3553234266262102e-04        -3.7504574504709557e-03
29                                     1.2525104919737579e-01         1.2915464937170358e-02         7.3580216561270641e-04        -2.6080334991426585e-04         2.3891241080448260e-03        -1.1651514714728548e-03        -2.1938905101553121e-03        -9.9385584174820837e-03
30                                     2.6188219766796975e-02        -3.1211182954663502e-02         8.2765924139066964e-03         2.3626105866098771e-02         6.1094730122575491e-02        -2.3221057528932058e-04         6.7150260074717609e-03        -2.6495924463204937e-02
31                                     2.8209163697366584e-02        -3.6562088189804845e-02         4.2581631476819488e-02         9.9840577194254890e-03        -5.0867494967525621e-02        -1.5518996342704389e-04         5.4139156931199653e-04        -1.4753983607972195e-02
32                                    -4.2704210925858452e-02         4.3893157401308815e-02        -4.0919497780764806e-02        -1.9977104044901231e-02         9.4121850791305563e-03         5.2346068950554446e-04        -4.4819035863954519e-03         4.9456951538768036e-02
33                                    -4.9864103504987977e-03        -1.4886472881310103e-02         1.0944818240444085e-02         1.1247447610389429e-02         2.3773922124702092e-02        -3.6671833213738724e-04         4.3791643410519198e-03        -4.4357316042464408e-02
34                                    -5.8362870562548271e-03        -2.0517925321011318e-02         2.6594085280343949e-02         1.0323451061480410e-02        -2.2445728074763426e-02        -5.2815912440193325e-04         9.9720176023329393e-04        -3.1048648856876380e-02
35                                    -7.7997912208418218e-03        -3.4733909119764820e-03         3.4504812405388241e-03         2.0678812847884807e-03         2.4641952041380530e-03        -8.1224549586831184e-05         1.0187301322804919e-03        -1.4399450378188343e-02
36                                    -1.9042036215782692e-02        -3.4903631110021524e-02         1.6784574985276836e-02        -7.3619284455910400e-02        -1.0869364026071474e-02         2.8312602966361144e-04         4.5055420264027944e-03        -2.8513096709290482e-02
37                                     8.2282126785370602e-03         6.4774459339292739e-02        -3.4890921229170611e-02        -3.0038042414384809e-02         2.2027211579744573e-02        -1.0438407226560135e-04        -2.3538288468452624e-03         1.8743183952126579e-02
38                                    -2.1215239319548069e-02        -5.5038108210753299e-02         3.2500707315554447e-02         2.5639904645835637e-02        -1.9284497136249260e-02        -7.3750126954507105e-05         2.4540123885178396e-03        -3.3627927846972341e-02
39                                     9.3196311071930304e-04        -8.9288221687910518e-03         5.6919313926173032e-03        -3.1529943041843839e-02        -2.2466069679584534e-03         7.5186536206672361e-05         2.5272149698037211e-03        -2.8573522014877957e-02
40                                    -2.4810248026258776e-02         3.0423612886022865e-02        -2.3213421467328101e-02        -1.1263016526320510e-02         1.4888912222248878e-02         2.4427845122128653e-04        -1.8165963102122625e-03         3.4975974768638583e-02
41                                    -1.9916193997706926e-02         4.6995549347831761e-03        -3.1871774497453137e-03         1.2854443819908055e-02         1.8845089450557954e-03         7.7018976871340130e-06        -1.0848692106841566e-03         1.6073951454964319e-02
42                                     7.9460637487918078e-03        -3.7192298342118367e-02        -6.9900299001515440e-02         3.6227302699307373e-03        -1.8062280713027165e-02        -5.8188737292032090e-02        -1.0416047315102096e-01        -2.9579564220992387e-02
43                                    -1.0090945922149653e-03         4.9982881712386587e-03         1.3363791056696094e-02        -1.1074469504194250e-03         4.8801758441361460e-03         6.7740890354553593e-02        -7.1565556251353794e-03         3.0865829661260108e-03
44                                     9.2965023512931316e-03        -3.0845322351110913e-02        -2.6563857944947093e-02        -1.8459973323477975e-03         6.0236848810049483e-03         4.0360134971995371e-01        -2.3630400528182310e-01        -1.3404905134344185e-02
45                                     7.7811916706306567e-03        -3.4802905314692316e-02        -6.6781447119102638e-02         3.6416416995252512e-03        -1.7791609229547447e-02        -7.5750563668607121e-02        -8.6230823601427906e-02        -2.6050693325164253e-02
46                                    -4.6612760254460372e-04        -1.2883438637583221e-05         1.0259866054251063e-02        -2.0986476283415155e-03         8.0201234053804953e-03         2.4867251096041229e-01        -1.1236731286273718e-01        -1.3067281591569601e-02
47                                     9.5051542172695496e-03        -3.8366857422636312e-02        -8.4405636361691433e-02         6.4397582544229517e-03        -2.7924630304252695e-02        -3.7089157334603412e-01         3.3697901345753178e-02        -1.0000357140009856e-02
48                                     3.0394226683249982e-03        -6.9983758742207525e-03        -1.0597795755024614e-02         8.7733652249236669e-04        -2.8588323390463821e-03        -3.6765248197699461e-02         8.1220841317156747e-03         2.8430483375517655e-03
49                                     3.1307392970481782e-03        -2.1408248226204178e-02        -3.4742446311845802e-02         4.9767069105976266e-04        -5.6482168710413573e-03         1.3318618595958831e-01        -1.3993730055830822e-01        -2.9038337575081882e-02
50                                    -1.0283828767495836e-02         8.1077481250696234e-02         1.7110702628257723e-01        -7.8696032713758569e-03         4.8060598524085917e-02         1.3068579816307652e-01         2.9638089786739202e-01         1.0862955463361933e-01
51                                     5.9441315020701264e-04         8.9245956366502000e-03         1.4198272014348260e-02         2.5006979143728648e-04         4.2723497978980479e-03         6.5923816023077147e-02         1.1736730054860627e-02         2.2514721690975025e-03
52                                    -9.4322375109069450e-04         8.6570182433493674e-03         3.2716005082737483e-02        -3.6481310504691464e-03         1.6155916841700237e-02         3.0963357707308969e-01        -8.7787380632594697e-02         5.0398008824337924e-03
53                                     5.4872204649986855e-03        -2.2987960413741335e-02        -6.3297663052447342e-02         5.7254469047683743e-03        -2.4897649674085875e-02        -3.3793293435240368e-01         6.1089967180374849e-02        -2.0668744579998184e-02
54                                     1.3526933149253910e-03         1.3459577049025979e-03        -9.1111383291105318e-03         2.3934912233023360e-03        -4.9284909197605782e-03        -1.2002235727920753e-01         5.1657251481621161e-02         4.1015420665854556e-03
55                                    -2.3087107968679924e-03         1.0686778759203857e-02         2.0522925855531553e-02        -1.0190398849157410e-03         6.7083469083372279e-03         8.0097622057716270e-02        -5.6362693936053447e-03         4.8464214400649342e-03
56                                     4.3222087002178101e-03        -1.4349537734765168e-02        -5.1883560535980382e-03        -2.7249874042742550e-03         8.9862245863998602e-03         4.1045682372215564e-01        -2.1654673810142869e-01        -2.7568905891113188e-02
57                                    -1.2491721114048540e-01         1.1348257299300024e-02         2.1927415362243456e-02         1.8473589582034534e-02        -7.2727876556669142e-03         1.2584859359330142e-03         1.0020309617372236e-02        -1.1065279917599045e-01
58                                     2.9205661960353729e-01        -1.0004034494696433e-01         1.1325959473296184e-02        -3.9726851064183978e-02         2.1890305342029924e-02         4.4600391894727967e-03         1.2946081382398049e-02         8.5832202414920455e-02
59                                     5.5868254655871419e-03         4.5276121785082155e-02        -2.4056157807254507e-03         9.9209647328255268e-03        -6.9305336324233940e-03        -2.7712356272361397e-03        -7.1532415457827795e-03        -1.6884685127019704e-02
60                                     7.2066292637384108e-02         6.5976379789162362e-02        -2.3667060651644808e-02         1.3379529124631003e-02        -4.0289794650300434e-03         1.4033796072897356e-03         2.3389043475986954e-04         5.8677810458445173e-03
61                                    -3.1760722566391997e-03        -2.3176228661965576e-01         1.0894339047662567e-01        -3.7848364215270325e-02         5.7808642129236365e-02        -3.1681112696900875e-03         1.9522118171449800e-02        -1.0703497709283306e-01
62                                     1.5012951449048681e-01         7.7484002545417957e-02        -2.8451459126958945e-02         7.1497968885242229e-03        -1.0037977448419087e-02         2.1202015745330131e-03         2.9449742923487991e-04         2.4714440099362314e-02
63                                     1.1146701072162098e-01        -8.1733981365218131e-03         5.3129914719234929e-02         7.3488220687013559e-03         2.2176170714957402e-03        -2.8792165384857460e-03         9.1700381490085539e-03        -1.6256307042375756e-01
64                                    -1.4373878492975234e-01        -9.1768767799438558e-02        -4.4412887455205927e-02        -2.0615593924073184e-02         1.6938736550082038e-02         6.0042003354944095e-03         9.4904611896010798e-04         1.7660649217055388e-01
65                                     1.5052091657794320e-01         6.0773405991402796e-02         1.8029462354385876e-03         5.6678677504679673e-03        -9.6240512901641217e-03        -1.0871478123132500e-03        -1.4861926868370296e-03        -2.4082916707236286e-02
66                                     5.9594624401303684e-03        -2.5951328083930345e-02         6.1384282747074158e-02        -1.2448164403576358e-02        -1.6012982707895079e-01        -4.8463693866395867e-04        -1.1295554383642537e-02         7.2135327206390806e-02
67                                    -2.5464992289491624e-02        -4.4398298845365468e-02        -2.0637278434689861e-03         2.6035217969217112e-02         4.2538231226690502e-02        -2.4801946877162377e-04        -8.4911693965691415e-04         6.8353044058498957e-02
68                                    -2.4907449095350011e-02         6.0703456819548092e-02         7.6609758030707700e-02        -8.8178607356522221e-02        -4.0405878145518426e-01         3.4487160002981610e-04        -2.9975383509322391e-02         1.2149571832337241e-01
69                                     8.3450846287133965e-03        -1.0852870161758834e-02         7.0361948328704044e-02        -2.1955553131032424e-02        -1.4582790669724585e-01        -3.3027822492171345e-04        -3.1675464482780360e-03        -3.2757218647453352e-02
70                                    -7.0663148298244710e-03        -4.0066763506535354e-02        -2.3505813560114802e-02         3.8802839650130150e-02         1.9758416247536212e-01         2.8481616291155839e-04         1.9309472690017402e-02        -9.0587916641691163e-02
71                                    -5.7884982129943967e-02         2.7869654063318570e-02        -1.4321452596571976e-01         3.7462237785201372e-02         3.6669067518204473e-01         1.0218684807163708e-03         1.8017661045348517e-02        -4.8695922323886394e-03
72                                     2.2509060513340017e-02        -3.7205411146724605e-02         7.1812929466569392e-02         2.7595958155843796e-03        -1.3311639734056632e-01        -1.0880862722852287e-03        -5.6581581456908153e-03        -1.5256369515240837e-02
73                                     5.2603111528930886e-02        -6.4272209832342983e-02         3.8692179844533062e-02         5.0445206899942439e-02         1.0800949051070138e-01        -1.5070280026522553e-03         1.6530129985669113e-02        -1.5270691333655304e-01
74                                     1.3772676040018078e-01        -1.1238974786727800e-01         1.1797216531293565e-01         5.7578385514509070e-02        -1.7750064848080227e-02        -2.8253541553863002e-03         1.2048016513018898e-02        -1.7699302129965064e-01
75                                    -7.0679874549185076e-02         3.4244550344022601e-02        -2.8215050292830873e-02        -2.0709015983531611e-02        -9.2626131292201513e-03         8.1400496775201970e-04        -3.4158801008215018e-03         4.0847158118491003e-02
76                                    -8.7855875017755700e-02         3.2082206819337676e-02        -1.0792096928291722e-01         2.0654932657681899e-02         2.9174247395100844e-01         1.0316222070355715e-03         1.8613598339883353e-02        -6.0986305104107436e-02
77                                    -2.2465948287546302e-02         1.1239492729869942e-04        -7.3243961311356576e-02         3.5503297506608945e-02         2.7964105865779354e-01         2.0213073245833765e-04         2.1155286128332895e-02        -1.0552690076219524e-01
78                                    -5.7249991540783314e-02         2.4755109536662986e-02         4.1518176690664745e-02        -4.4274961101323958e-02        -2.3827038934878494e-01         2.1682969430884816e-04        -1.9552069870458311e-02         9.7752946991182948e-02
79                                    -9.0196912621862468e-02         3.6352070208528708e-02        -1.3792703306477980e-02        -3.0032604099064358e-02        -9.2676174267743702e-02         8.5044894885760800e-04        -1.1081528539616404e-02         8.3786280101683944e-02
80                                    -1.1006311841321992e-03        -1.9115586181058855e-03         8.8481784425810825e-02        -3.9336917594180662e-02        -3.1067170244350634e-01        -6.4576617989151595e-04        -2.1960649607564078e-02         7.7772548840630867e-02
81                                    -7.7574910469724164e-03        -3.8004349064272032e-02         2.7068373793561768e-02         6.6045800315013711e-02        -1.7727546906975662e-02        -7.2766855793020974e-04        -2.4640618563234458e-03         1.6130751098584792e-02
82                                    -6.2014432437118849e-02         5.1594466832263562e-02        -1.7435223527511125e-02        -1.0317516752854786e-03         1.2521000561359526e-02         2.0210392325580533e-04         3.6665503548186573e-03        -9.3549986622579226e-02
83                                    -6.9436322360609613e-04        -3.9157132648406680e-02        -1.2347427687810180e-02        -4.5727546435145278e-01         1.1418080489792355e-02         2.8256084326385850e-03         2.0398118480649041e-02        -8.7894286890081150e-02
84                                    -2.4310075346466235e-02        -3.2541510572670483e-02         5.3184637337913149e-02         2.9460676537922248e-01        -2.9519450532346125e-02        -2.3219225086897458e-03        -7.2229956888739573e-03        -3.3317121406514279e-02
85                                    -3.5289965075543162e-02         4.3204362425670537e-02        -1.6483056606423484e-02         1.4345962891941386e-01        -2.1701242608420761e-03        -4.2033317474616811e-04        -9.9741947813050263e-03         7.5735867783360375e-02
86                                    -4.6066248740375272e-02        -6.3615770937919397e-02         6.4715517347678914e-02         3.3033314799902902e-01        -4.2370484252957967e-02        -1.9252255019665721e-03        -8.3388422743594977e-03        -1.2017006841404596e-02
87                                     2.9509181990856396e-02         1.3095873015911962e-02        -6.6025089217573328e-04         1.2340612598823815e-01        -1.4980724945757140e-03        -6.1052203042528160e-04        -6.2638170560597155e-03         4.2459987129932222e-02
88                                    -1.1212817577072615e-01        -5.8152458747724123e-02         2.7025954848627180e-02        -1.6884724926574099e-01        -1.1188870193902958e-02         7.7546553105357040e-04         1.2226436848595933e-02        -1.0686063147948265e-01
89                                    -3.4552136004698190e-02         1.6030295780481239e-02        -3.2628702972904829e-02        -3.7309654033676459e-01         2.5616057421678839e-02         1.9610329395305785e-03         1.5531639135194229e-02        -8.6607327958602709e-02
90                                     2.5651135327984704e-02         7.1864611911027455e-03         2.5946534436545568e-03         1.5062956528333424e-01        -5.3392852051744981e-03        -7.7575824764644435e-04        -8.0758941615891745e-03         6.1202180008093986e-02
91                                     2.7584716015759275e-02         9.5725121394030888e-02        -6.2437594076479502e-02         7.7450420489814112e-02         3.4699460027133470e-02         8.6068020752422221e-06        -1.1180175179483026e-02         1.3517745964298078e-01
92                                     9.4927161951428418e-02         1.6757911487892094e-01        -1.1191875642764629e-01        -4.7828813849353766e-02         6.5800004273223064e-02         7.0127053342528402e-04        -1.0006046802269655e-02         1.5176553190914069e-01
93                                     3.4346943733477756e-02         2.2957285640374671e-02        -5.8775602805821291e-03         1.6200684816803504e-01         7.5560643679089504e-04        -7.3972967015620175e-04        -8.8683082618423378e-03         6.9219891997070959e-02
94                                    -9.9973503548007062e-02        -8.5532411190712726e-02         6.4877002970581840e-02         2.8653289965822809e-01        -4.4325323944442878e-02        -1.2817194433095277e-03        -7.5938794823045596e-03         2.9129089183716296e-02
95                                    -3.6240781421434207e-02        -3.1049378660137027e-02         3.0884751486498902e-02         2.6075433417593075e-01        -2.3911547845258528e-02        -1.1279634110909881e-03        -1.0183514452670654e-02         6.9145080744494589e-02
                                                        40                          41                          42                          43                          44                          45                          46                          47

0                                     -7.9671861547825178e-03         8.0013253624510505e-02         1.0991155891298194e-02        -5.6891796800651474e-04         4.5278209629264054e-03        -4.8969959467283601e-03        -1.4423966001604074e-02        -2.9269693291401694e-02
1                                      7.2627815080769317e-04        -8.7994487071654422e-03        -1.6002310530102446e-03        -6.1472909578044895e-04         3.4096782479358073e-04        -4.8941049788939108e-04         2.1878661414538396e-03         2.4339088946567153e-03
2                                     -9.2146557156963915e-03         9.5297250947024681e-02         1.3849148521020913e-02         1.3673706932965780e-03         3.6515882884605604e-03        -3.3179928533777891e-03        -2.0534892960046704e-02        -3.5723263427736171e-02
3                                     -5.8729068127669681e-04        -3.6546269762401987e-03         1.1061018153671336e-04         2.9952538308191589e-03        -2.2258337635130708e-02         2.9196862389570838e-02         6.5226362224790876e-02         1.4310061373933741e-01
4                                     -1.9315942501677810e-03         1.9270587858764548e-02         3.0731183832289062e-03         1.1162156783980713e-03        -3.3469771708178504e-03         4.5582667313846820e-03         7.2757836890457363e-03         1.8214852074916129e-02
5                                      6.5170995240654058e-03        -7.0614123252761368e-02        -1.0234203787513389e-02        -7.7289408932408013e-04        -7.2304404038188259e-03         8.3569880763209974e-03         2.9771660143259590e-02         5.6961356847545296e-02
6                                      5.8235505365605063e-03        -7.7861143841047836e-02        -1.5171703552402434e-02        -3.0786876745377018e-03         2.1303296221896178e-02        -3.1159103487317954e-02        -5.3455962538264998e-02        -1.2834063710354723e-01
7                                     -8.5251803600178155e-04         1.7114646077795510e-02         4.0507809590850583e-03         1.2150932623403968e-03         1.6634777230994855e-03        -8.1447888104402841e-04        -8.2235985671470849e-03        -1.4099235496532315e-02
8                                      7.4482676627655097e-03        -1.1464662767365169e-01        -2.2053092923223258e-02        -4.4854933386754099e-03         1.3344839780977134e-02        -1.9308447070277967e-02        -1.5910394204661341e-02        -5.2107961227314759e-02
9                                      1.2745363620036511e-02         2.2951879468026692e-02         2.6449007100093243e-02         2.6298009419622893e-03        -2.5380953368339374e-02         3.1725525896333831e-02        -1.9140154819092630e-02         4.0851750359929637e-03
10                                    -2.3630380530062787e-03         2.8219337654590520e-03        -5.3976880793174305e-03        -1.4131731143487321e-04         2.8960714366360130e-03        -8.8946786531116616e-03         7.6481895989113403e-03         6.5368832603833601e-04
11                                    -2.5393178232033767e-03         4.0497572334218288e-02         7.0032747074801434e-03         3.0763171874126282e-03        -6.9539071833336595e-03         7.2906399374715073e-03        -3.1447836419762016e-05         1.0794315897326386e-02
12                                     3.0404716182748587e-03        -8.9940244421174501e-03         6.8249819911641674e-04        -7.9747963808613344e-04        -9.8634855231227968e-03         8.0589290386585636e-03        -7.0613702883572937e-03        -3.6178930991286047e-03
13                                     8.2888889252895840e-03        -2.1529208202549721e-02         5.1724356572458233e-03        -7.4044952232782087e-04        -1.8742545907713744e-02         1.9431436017697826e-02        -2.0481951164122443e-02        -1.0652766256577307e-02
14                                    -3.8310095269313469e-03         9.5350737072092059e-03        -2.1209918672473018e-03         6.8666335799823263e-04         8.7093475966318855e-03        -8.5517311096447637e-03         1.0645933017550435e-02         7.0681823968740719e-03
15                                    -1.5996514587489059e-03         1.0488764654344575e-03        -2.9401686551255397e-03        -4.8796696684199015e-04        -5.4423859492900347e-04        -2.2641593954781055e-03         2.3917741120665814e-03        -3.3366631200538316e-04
16                                     2.2246999620804770e-03        -2.4159856434775723e-03         4.3419017162220543e-03        -4.3280946027090378e-04         4.8082019657433593e-04         3.7946620087837262e-03        -2.3559564738616684e-03         1.4236570511462258e-03
17                                     1.7201126305431394e-03        -5.9355731877583525e-04         3.4752732869192150e-03        -7.2930649821233021e-04        -5.6265588091913669e-04         3.5247448860998521e-03        -3.9038799000328087e-04         4.0589112265843183e-03
18                                    -2.6709618784247206e-02         1.5598790532591994e-02        -4.6201145123810808e-02        -5.3493722364779239e-03         7.1857288877484757e-02        -8.7324749710079155e-02         6.0285886655151319e-02         1.5778124540071010e-02
19                                    -5.5065129059327081e-03         1.9950439350678944e-03         1.2348151155227643e-02        -2.4994540962318475e-03         4.1893325200541461e-02        -1.6174974968840978e-02         6.8242496738607321e-03        -3.3707940263994407e-03
20                                     9.7613458678637527e-04         1.3894377024496849e-03        -4.7689134328818879e-03        -2.9489075830787925e-02        -1.8487547153966999e-02         1.0178981952222528e-02        -8.9212847220364615e-04         7.0139240200444049e-03
21                                     1.8479698646521440e-03         3.1126877181110483e-03        -2.4168203832997798e-02         1.7513885809516672e-02         1.1387152417193592e-02         1.2874275129442843e-02         3.4679795133063761e-03         1.1171136186276454e-02
22                                    -2.3646215090558108e-02         1.3057882735874623e-02        -1.6438913534758202e-02         4.2544921862235678e-02         3.9196918281939643e-02        -7.2988087694476400e-02         4.8790798226306435e-02         1.4088269827772285e-02
23                                     9.9532197692558631e-03        -1.0308135194575524e-02         1.4484208870595594e-02         1.3394119967873463e-01        -1.7681120702014236e-02         2.0497881730694924e-02        -2.8919710753644197e-02         1.7548692461339207e-04
24                                    -6.1824726703814184e-03         9.9343704823698746e-03        -6.6587283325967819e-02        -1.0986253927286239e-02        -8.3420362219565738e-02        -2.5442575933348838e-02         8.6325756898970075e-03        -1.2442180025822652e-02
25                                     3.3373689164953188e-02        -6.4892581599892956e-03        -1.1078827620671397e-02        -4.8465060155403049e-02        -4.6763999640498190e-02         4.5221174986946840e-02        -2.3384341969755557e-02        -8.1289240132106245e-03
26                                    -9.7243993825619907e-03         5.1986458411595621e-03         7.4437358275753042e-03        -1.1630440431528205e-01         2.8312479052200190e-02        -2.5071610599181563e-03         1.8229468554429119e-02        -9.9737563119316414e-04
27                                    -1.7244687538401180e-03        -1.7584615434657610e-02         2.5985934340494472e-02        -2.7103910111634269e-03         5.5394925136830538e-02         4.0589732757300427e-02        -2.2735692832429533e-02         3.7980028856656948e-03
28                                    -8.8267658854860015e-02        -4.5077787947327601e-03        -1.5353435721967563e-03        -9.4778037616774259e-03         5.4401937888559210e-03        -2.4821102931290834e-02         4.0468508665354015e-02        -1.6858027859360782e-02
29                                     2.7073162577476583e-03         1.1416426063358286e-03        -7.5647873394573111e-04        -2.1050297496560962e-02        -1.1697465424690136e-02         5.1769898608544614e-03        -3.1770003361236872e-04        -5.0232657695561218e-03
30                                    -1.0020482550776730e-02        -1.1351429047378486e-02         5.2786962537188391e-02        -1.0353962187376539e-02        -3.3455952610632930e-02         8.1811275163426820e-03        -5.3968975563041095e-02         3.4974346792143729e-02
31                                    -3.5171760720884501e-02        -1.2818603864268951e-02         6.3823934362395141e-02        -8.0359742370814686e-03        -8.7047638801705518e-02        -3.1475613370055534e-02        -1.6281936237850767e-02         2.8328361742860774e-03
32                                    -4.7852515199983577e-02        -1.1302417117717059e-02         1.7837209455415077e-02        -1.5135203513086131e-02         1.1280733050590186e-02        -4.9440173239162062e-02        -1.0625242541879518e-01         5.7066400603284849e-02
33                                     4.7728980257727358e-02         1.6114987841860582e-02        -4.9082327712403229e-02         5.1368925321550940e-03         6.6118693188312108e-03        -1.2647325371333586e-02         8.9137558319132507e-03        -1.0884144902726938e-02
34                                     8.4143417374104648e-02         1.9188106784898320e-02        -5.8164702421801266e-02         3.4920309392620181e-03         4.2503859356343980e-02         8.9756982032741812e-03        -1.3502353364384247e-02         1.3066248209370246e-02
35                                     2.5566292758810578e-02         9.4656442918575352e-03        -2.6723531424621968e-02         1.6292914643377752e-02         1.5447018864209267e-02         5.0702186332068473e-02         1.0061143706053495e-01        -5.3279514641235960e-02
36                                    -9.0073103803641336e-03        -4.4072849739443523e-03         3.1413436712824705e-02         3.0641558606571860e-03         4.9564425090318437e-03         3.4304486834873214e-02         2.2650432792152713e-02        -3.4427494103100503e-02
37                                    -3.8502023697025836e-02        -1.9643074599887212e-04        -7.0725585113758080e-02         5.4294795768981222e-03         3.4324694098066287e-02         9.8124849025412075e-02        -5.9637106837400713e-02         1.2007518836359655e-02
38                                    -5.4773137112844844e-02         4.7738609081701645e-03        -2.6797317352697216e-02        -6.7928855389492440e-04        -1.0775461852453934e-02         5.9684596266137591e-02         2.9775077303103081e-02         3.8033867892973867e-03
39                                    -2.1404936339811789e-02         6.4624339483232004e-03        -2.4870790158631129e-02        -3.5605188204527699e-03        -5.7551999681776968e-03        -5.0749618842316858e-02        -7.0211560465245973e-03         2.0330260694099492e-02
40                                     1.0199448992920526e-01        -2.3672314232488882e-03         6.4083885174118310e-02        -3.2453139684009459e-03        -1.5983195435969804e-02        -3.1112103149890789e-02         2.4559716532784111e-02        -1.4673434974506448e-03
41                                     3.5828603095902169e-02        -4.8871472246205310e-03         3.4816627119080311e-02        -7.5698142051629203e-04         1.2050769622670354e-03        -6.9840578406417900e-02        -8.6563960975405280e-03        -9.2245351338597140e-03
42                                     9.8161486056070908e-03        -9.1976584267381534e-02        -1.1433702172504273e-02         2.7464199520296317e-03        -1.0714083113159344e-02         1.3017788750315281e-02         2.6907924952916013e-02         6.1040612831384101e-02
43                                    -1.2646564855620663e-03         1.2020527190512047e-02         1.3357838398706551e-03        -8.5151148458871952e-04         2.6636311171051833e-03        -3.4880654948863474e-03        -5.5405511198095680e-03        -1.3893854844900150e-02
44                                    -2.2660640326848734e-03         3.3729452044696059e-02         6.4203577932426901e-03         3.2907451345860024e-03         3.4463960441599782e-03        -4.4976769169128277e-03        -2.6401977146398692e-02        -4.5595725659778839e-02
45                                     8.1379210189098192e-03        -7.5083531030021938e-02        -9.1091410588885219e-03         2.4570801991797356e-03        -8.0227039219616988e-03         9.8272194003383249e-03         1.8985252596650626e-02         4.4197944701870391e-02
46                                     5.0941549263433961e-03        -4.9371936459544387e-02        -5.9597236115617154e-03         8.4359042043830501e-04        -8.8568020770748660e-03         1.1095414551937096e-02         2.6618641306772779e-02         5.6913927578316974e-02
47                                     1.1083617203726413e-03        -5.9377414734229838e-03        -2.7577996383014989e-04         2.6984402624603784e-03         2.2103759836579490e-03        -2.4912229374488841e-03        -1.6730944452540763e-02        -2.7916290311353623e-02
48                                    -1.9266671048606731e-03         2.0265477757959036e-02         2.8874228140487210e-03         5.7784794485966220e-05         6.8884257898112254e-04        -6.5735643419604793e-04        -2.5101153300059742e-03        -4.8386045815300947e-03
49                                     1.0455299363415774e-02        -1.0065213827135198e-01        -1.3227175681087623e-02         7.8021536629459872e-04        -7.1016752547592007e-03         7.4053063586664858e-03         2.1464995137198004e-02         4.3263420037499910e-02
50                                    -4.3960379677461622e-02         4.3389935974949573e-01         5.8955123088938008e-02        -2.0222772163943268e-03         2.5932719936187974e-02        -2.7230579957672498e-02        -8.6099313572673378e-02        -1.7014449418874020e-01
51                                     7.0140180316375454e-03        -1.1998615936827906e-01        -2.3289377169674840e-02        -1.2739120505066792e-03        -8.2782036100945509e-03         1.2070092971272756e-02         6.9450325068218549e-02         1.2929061010800427e-01
52                                    -3.1096285567936560e-03         2.4726510626696698e-02         2.2792861331879855e-03        -5.2867647109803521e-04         5.2753148487668516e-03        -5.3210978640424386e-03        -1.1117562861073967e-02        -2.3660203441794602e-02
53                                     1.4681896640435519e-02        -1.7842041250331472e-01        -2.9443959178944084e-02        -2.4984400867072176e-03        -6.0572148973545466e-03         6.2410437558640475e-03         5.7053505542856202e-02         9.8660209968997895e-02
54                                     5.7247803493704194e-03        -1.0787694059739644e-01        -2.2081101571704429e-02         6.5913831715275640e-04        -9.9841106076418891e-03         9.9501070800561680e-03         7.4741288800100711e-02         1.3511346025328530e-01
55                                    -1.7058130821060479e-03         1.7778878489690415e-02         3.1136377603342628e-03         1.0893232690869904e-03        -4.4297230370174403e-03         6.3915693956402477e-03         9.7360303481731133e-03         2.4410864030119377e-02
56                                     1.4129760964866601e-02        -1.7036701085698319e-01        -2.7976326291480814e-02        -1.8842448185993283e-03        -8.5879990922027478e-03         8.4913253513113438e-03         6.3889149556666400e-02         1.1199963542283825e-01
57                                    -3.7555209740748337e-02        -3.2200025309147819e-04         1.1923980094775695e-01        -1.9979200001069972e-01         2.1454344569304434e-01        -1.1968041972945553e-02         4.6460934676155710e-02         2.7439359414231285e-02
58                                     2.0935661615359126e-02        -2.5235359371657589e-02         2.1327808526457433e-02         4.8118020131330508e-01        -2.9061869679489954e-02         2.6478691465157970e-02        -7.0574491958508581e-02         1.4687579407608800e-02
59                                    -8.3801266512114926e-03         5.8435796386493988e-03        -7.9287710496131533e-03        -7.7326609102262800e-02         2.4480228099170095e-03        -7.0094099237928724e-03         1.4426762983239338e-02        -3.6340392920776341e-03
60                                    -1.3256099622944892e-02         7.3341939803131355e-03        -7.0061147608719246e-02         1.5521614526595945e-01        -8.9347666687375094e-02        -5.0314322610949473e-02         1.4334489059207591e-03        -4.0428306258532207e-03
61                                    -1.7327221271911889e-02        -3.7196448985737367e-02         3.0571461171023856e-01        -3.3991033051718057e-02         3.6849047917491312e-01         9.4415867345733318e-02        -2.9619376060537533e-02         5.6564496709229944e-02
62                                    -1.1957774946233173e-02         2.6633429950292521e-03        -5.6732152770186214e-02         2.6800519571440262e-01        -6.6881179989187703e-02        -5.9179472707614388e-02        -3.4879771362198212e-03         6.2953385892465874e-03
63                                    -6.0410599005810778e-02        -8.6321074586509939e-03         1.9738054556314619e-01         8.0210940941328204e-02         2.9130096831732549e-01        -2.7555390225400607e-02         3.3915625835454238e-02         4.1412277165202342e-02
64                                     7.5722657666745366e-02         7.2700974151885013e-03        -1.8826555342524803e-01        -2.5115046548317366e-01        -2.8730897751879447e-01         6.7514155620108166e-02        -3.3850143191500058e-02        -4.8954331659746921e-02
65                                    -1.9311498672664282e-02        -4.0580784579655004e-04        -1.9727303763890538e-03         2.8472854644328094e-01        -2.0838442649148765e-02        -4.9847271367915183e-02        -6.5945255964077343e-03         8.8734950490469856e-03
66                                    -2.6543212021885261e-02        -3.6678212313187915e-02         1.2380176646641605e-01        -1.3600618994610151e-02        -4.5370303240316219e-02         3.3910374008639513e-02        -6.5509931746521408e-02         3.3491483670365647e-02
67                                    -2.4784875879850093e-02        -4.7460756843858178e-02         1.6849128461788301e-01        -2.2415260164947770e-02        -5.9167364851217832e-05         3.1699521045407901e-02        -1.2474324851541578e-01         8.0534969225133007e-02
68                                    -8.4574471987118982e-02        -1.7435516506405568e-02         2.9468864701400699e-02        -6.4974719671840571e-03        -8.7946434592111031e-02        -7.1975500210506069e-02        -3.1186926257572554e-02        -1.1907862922691463e-02
69                                    -1.3108877465710156e-01        -2.0063303766719404e-02         8.6340379181693711e-02         6.7918215133589846e-03        -1.6423722087832651e-01        -7.7787834627383909e-02         9.2399162767520263e-02        -7.5417293551507378e-02
70                                    -1.6342910267402869e-01        -3.1486671207464151e-02         1.4878178429277603e-01         2.1577754683459513e-04        -1.9562400137948036e-01        -7.6422367111450201e-02         5.1457385453589098e-02        -4.0662141277218067e-02
71                                    -5.9673812881311010e-02        -1.9814202737827826e-02         6.0770010165704713e-02        -2.2381831649567401e-02         2.4785009496664200e-02        -2.0151775166030235e-02        -1.7165388268562065e-01         1.1097995956047489e-01
72                                     1.3887609226045394e-01         2.4114665977014886e-02        -8.0594409744493847e-02        -9.3817597634009986e-03         7.5941321835528403e-02        -2.2000860132991261e-03        -1.0192704702169902e-01         6.6738462375112093e-02
73                                     1.6292746536896427e-01         4.9867801677795726e-02        -1.4998824284541246e-01         4.2308469725803781e-03         3.6249446561429845e-02        -6.7144196887876248e-02        -4.9212346808222604e-02         1.5854951976699679e-02
74                                     3.0006282200318729e-01         7.4336290802697352e-02        -2.3244450810974157e-01        -7.1603863879303176e-03         1.1166202462816406e-01        -7.0538383095153367e-02        -1.4846570251611654e-01         8.0940342107662017e-02
75                                    -7.2597363381309746e-02        -1.5068441652209628e-02         5.0361865775278208e-02         2.1042755421801642e-02        -3.0530641870420629e-02         9.0017686548239620e-02         1.7440106778971784e-01        -9.4543969575761708e-02
76                                    -8.1345964043563895e-02         1.3951418983104552e-03         1.4341450940879854e-03         3.6965751704734581e-02        -4.4314969874258869e-02         6.5494016301403585e-02         2.4423257490254388e-01        -1.4720062301138734e-01
77                                    -8.4787892529175901e-03         2.0666416193316280e-02        -6.1517761691294581e-02         3.1356339459874080e-02        -2.0563345731458547e-02         1.8244227479349628e-02         1.8063817523370826e-01        -1.1774900809316356e-01
78                                     1.0840135697961826e-02        -7.9426042879318266e-03         2.0820131999239936e-02         1.2813623410214053e-02         4.8569621728700565e-02         8.4447635608121074e-02         8.3067252475284833e-02        -2.9093589883662053e-02
79                                    -4.6881191428815888e-02        -1.6743330276195324e-02         5.7751902159950748e-02         2.6181094032813844e-02         1.0443071310772548e-02         1.2274617477915009e-01         1.9339525974338095e-01        -9.2305256328480093e-02
80                                     1.0460078433613926e-01         1.1057787087723456e-02        -4.3103787240228231e-02         8.5205311285442391e-03         1.1489444689259455e-01         8.2073317378761418e-02         1.3444665467255359e-02         1.9648585681087925e-02
81                                     7.2246614627172632e-03        -1.5777448071920240e-02         7.0477150267799674e-02         3.7630124983637774e-03         9.6698793053844097e-03         3.3029737873472305e-02         4.0474532638468341e-02        -4.6974190301179240e-02
82                                    -6.5449734435568674e-02         4.6812382095392215e-02        -2.0533538301042228e-01        -6.7733584541873337e-03        -2.6280482616435473e-02        -1.0413398398215260e-02        -6.9935426045404717e-02         1.0738613481622079e-01
83                                    -9.1327034324424253e-02         1.1474854274686297e-03        -4.2160604052278984e-02         8.2859421309581915e-03         2.7566543710011330e-02         1.6353652523431891e-01        -1.7623195933570257e-02        -3.7528660631576879e-02
84                                     5.1087922145069305e-02         1.6293553478945306e-02         1.9279722417923289e-02        -1.5308131485105498e-02        -6.6507690866098479e-02        -1.1706222456813076e-01         5.2760462305603467e-02         4.9058126287302474e-02
85                                    -1.7563788500882910e-01        -1.7910400544307793e-02        -1.3728041016806583e-01         2.4575655537346527e-02         1.1658684376181846e-01         2.2091269059302757e-01        -1.3486838066886164e-01        -6.8699873226887413e-03
86                                    -8.5420128412553295e-02         8.2181665511218121e-03        -6.5909225781548578e-02        -3.4261948289176203e-03        -1.5366745027816663e-02         3.2888206395777664e-02         9.6651865520001774e-03         4.4982842999011431e-02
87                                     7.8333164750738187e-03        -7.2100212164606364e-03         1.5388850550329965e-02         3.1100434944079953e-03         6.9085216160762368e-03         4.8916381177587800e-02         3.9676468920324713e-03        -1.2887075436963786e-02
88                                    -5.3270252130542282e-02         1.6886379809136452e-02        -5.8956310714359306e-02        -8.3878108030816904e-03        -5.4888793224245665e-03        -2.3416651772107847e-01        -5.0173030183696142e-02         4.3602680944758755e-02
89                                     9.9456480904498462e-02         2.3375833923726500e-02         2.6694167544995498e-02        -1.8830811635558973e-02        -5.5251906955793038e-02        -2.2735505493975972e-01         3.2815834528493029e-02         5.9470509935018116e-02
90                                     1.9295063502152911e-03        -1.4919945426305916e-02         3.0554796975856207e-02         9.3828979942861320e-03         2.3302533938936328e-02         6.5599939165952831e-02        -2.6120289426799365e-03        -4.0793473559231651e-02
91                                     2.2282046449649620e-01        -1.6699169976278651e-02         1.5963084248011641e-01         2.6482072935600249e-03        -1.8009600365249061e-02         6.7536682521699795e-02         6.3139186811701525e-02        -3.9749008585436167e-02
92                                     3.4524436237055267e-01        -9.9188900001849836e-03         2.1658115496045083e-01        -6.4865864500579925e-03        -5.5857542755259823e-02         3.0045334734014592e-02         1.0220008706401087e-01        -1.5587885378120730e-02
93                                     5.4467156483328581e-02        -1.1924919557619630e-02         6.0625513235072058e-02         4.3991823681859528e-03         1.3651885264410024e-03         8.0015518701996954e-02         3.6498091602997468e-02        -3.6310092496120189e-02
94                                    -8.9660095349236857e-02        -1.8584622324793146e-02        -1.4152854375666525e-03         9.4727874476131183e-03         4.0318293826944636e-02        -9.6772243778776440e-02        -6.5208470956424305e-02        -3.4976707319921731e-02
95                                    -6.2140278060650719e-03        -2.2702917477737932e-02         5.6320686736257897e-02         9.5080444475721341e-03         2.9614991571937598e-02        -3.1326913489543667e-02        -2.4303645479169377e-02        -5.6564704846828871e-02
                                                        48                          49                          50                          51                          52                          53                          54                          55

0                                      7.6229283682248622e-03        -1.3258659914781949e-04         8.8521924265659954e-02         1.6874689519881646e-02         5.5136175984038408e-04        -1.7883624605152489e-03        -9.0542741041451692e-03        -1.0167028674085496e-02
1                                     -1.1343356399041685e-05        -5.3577955730777535e-04         4.0620599553377608e-02        -9.6035212852972424e-02        -7.8127307798750044e-04         3.8036662911240062e-03         4.1325739334613573e-02         5.4979709444819461e-02
2                                      7.5443112912791811e-03         1.6561325149394598e-03        -9.6712558258102418e-02        -2.0736812226113902e-02         4.2106725721973901e-04         4.2290742255673383e-04         9.8275391174244119e-03         1.4554393076845829e-02
3                                     -4.0121243418729413e-02         2.9392556271821388e-04        -5.5829184161719142e-02        -2.7877200407614513e-02        -3.3335793269505115e-03        -3.7567104937418687e-04        -7.9008982276834675e-03         2.0704156114246387e-03
4                                     -5.6764478164597143e-03         4.5597084197649350e-04        -4.2074382239983853e-02         1.3526642002504788e-01         4.6738997362689126e-04         7.9343077619059153e-04        -3.6817780621640965e-03        -7.9285391430097569e-03
5                                     -1.3763050640600362e-02        -1.6589191449196915e-03         1.4072437482950628e-01         2.8213501072464942e-02        -6.0490723071350875e-04        -5.5306718167817360e-03        -1.9212556255425960e-02        -2.5962155553717900e-03
6                                      3.9002416310572628e-02        -1.6850105990992878e-03         9.6006461357695007e-03         9.8796841295109884e-03         3.5671907272037738e-03        -8.6996062426006793e-04         5.8564040117669381e-03         2.4096970387030223e-03
7                                      2.9304536474148344e-03         4.9511018343950577e-04         1.1738909362095968e-02        -3.9959364322113049e-02         5.5251378947862898e-04        -4.6184403290961736e-03        -2.3893499241728011e-02        -2.1687434629546899e-02
8                                      1.9299210391625951e-02        -2.3839008232794706e-03        -4.0166443659981975e-02        -4.5828540889175581e-03         1.3447196354816485e-03         6.0133440385658835e-03         9.8057768425014458e-03        -1.4331669170457702e-02
9                                     -1.4504585126626482e-02         8.5760139939977092e-03         2.0209958417760246e-03        -2.9982323551952088e-04         3.4377781333249312e-03         7.9138481372377945e-04         3.0729877985555553e-02        -1.9595319794311186e-02
10                                     4.5453200137312378e-03        -3.2768313537203204e-03         3.7389273775376743e-03         2.5057531836794677e-06         6.4914816703706159e-04         3.0433185576029004e-02         6.6241907873942754e-02        -4.9457249696331938e-02
11                                    -6.2384695207061804e-03         1.7036316260761210e-03         4.8868443785003903e-03        -1.8988135102909658e-03        -1.3015870488870072e-03        -1.4499603624713307e-02        -3.2169393570584529e-02         2.2531066269690862e-02
12                                    -2.8889247570884360e-03         3.1348044982221612e-03        -2.7249107912082501e-03        -5.4251413014822178e-05        -1.5047676394693210e-03        -2.1147661165835600e-02        -4.0690050346709875e-02         3.0024475039927705e-02
13                                    -7.7126848831142233e-03         7.8530273468175142e-03        -1.1197223880336912e-02         1.1000147331050149e-03        -4.3078148426964075e-03        -5.5285108065578348e-02        -1.1277891752087937e-01         8.2803664039926686e-02
14                                     3.2016651820078209e-03        -3.6054621852191814e-03         5.3790648398647995e-03        -1.4061857874824936e-03         1.9234939978567817e-03         2.5456987811176800e-02         5.1730539402314410e-02        -3.7812506806118279e-02
15                                     1.3509194790098124e-03        -7.0751020272229919e-04         1.0346238270017673e-03        -1.2241241542685518e-05        -2.5565083125997525e-04         1.0623495528510900e-03         1.2581944882793952e-03        -1.5948190401978677e-03
16                                    -2.1778083887387528e-03         9.6439412671341215e-04        -7.0458179310886691e-04         6.4745827266264578e-04         9.0877267650055465e-04        -2.8325388669695395e-03        -4.3205914668628092e-03         4.3750064391485845e-03
17                                    -2.3847496906891337e-03         8.4134088895846304e-04        -6.2385381462416907e-04         1.2197440406738951e-03         2.0198628168394126e-04        -1.5898034326669232e-03        -2.0202074409800949e-03         2.5026106889226812e-03
18                                     3.2708864907660805e-02        -2.5205072999368031e-02        -4.6044746242558500e-03        -2.1870607025621121e-04        -2.1199181627899650e-02         4.6275839538891334e-02        -2.9062132102598597e-02         1.4292832255154451e-02
19                                     5.4844023925075163e-03        -7.8461192751469230e-03         3.2968787664751408e-04         3.2940587405986952e-04         1.0899196227928580e-02         1.8817539654561084e-02        -3.4825370091893194e-03        -6.4724413617667719e-04
20                                    -9.0337604264221372e-03         5.2363778838494229e-03        -1.4889294311423516e-03         5.7346114451856914e-04        -2.5684147717585787e-03        -9.2029050714482630e-03         2.6020387472638494e-03         6.2642335628800022e-05
21                                    -5.6244297822637089e-03         1.8925118791818147e-03        -7.0942506062505756e-04        -2.3482541014254355e-04         8.3506695666148920e-02        -9.7808423851711464e-03         2.4173137031157740e-02        -2.5101873126363038e-02
22                                     3.3264463595225183e-02        -2.0158119961863966e-02        -2.6237432807256740e-03         8.2818118104962168e-04        -6.0418028668977983e-02         2.2084625020996722e-02        -3.1283090380573142e-02         2.5396207961587675e-02
23                                    -2.5564813347522027e-04         5.0629910873945987e-03         1.7965909350971354e-03        -2.5298468267339133e-04         1.1948456026665770e-02        -7.9318933842702014e-03         7.8657033028990842e-03        -5.5344438386496376e-03
24                                     4.3623760197697642e-03        -4.2591436074197958e-03         3.2496120561298499e-04         2.0289142039143769e-04        -5.1088726175233572e-02        -5.4581200980662794e-03        -3.6414257294965966e-03         5.4339205803901926e-03
25                                    -1.9115090923194595e-02         1.3111178096834762e-02         7.7320841643964769e-04        -2.4305312641174760e-04         1.8772778993969671e-02        -6.0242114438681989e-03         3.6428798174246982e-03        -1.2472779147492897e-03
26                                     2.3020751441482773e-03        -4.9193052826172904e-03        -1.2761948215549396e-03         2.2565198526098583e-04         5.7923513778441592e-04         2.6085006585896027e-03        -6.9832601846131427e-04        -4.4073265883165156e-04
27                                    -1.7599086315886848e-02         1.6203870437856725e-02         2.5728759796001769e-04        -9.9031019197350680e-05         5.8482196477760248e-02        -3.0310805563196767e-02        -6.3576361162394658e-03         7.5415572414323654e-03
28                                    -2.8761078246736505e-02        -1.4966457545695148e-02        -1.5049267101185191e-03         2.7157020043160735e-04        -3.9347620143863941e-02        -1.0982873260092461e-01         1.6437200749631776e-02        -1.2575314130914793e-03
29                                    -4.2914109236110278e-03         5.3202522198736127e-02         1.0170005472740931e-03        -1.4060794300122298e-04         1.0692710529465249e-02         5.1856670386372400e-02        -6.3272134761977097e-03        -2.6156047645454670e-04
30                                     6.4667097317096661e-02         5.9537876367739752e-02         1.4738327005709064e-03         4.6608791975988047e-04        -7.2444525167157089e-02         9.9077080972782734e-03         1.1125540047524867e-02        -9.4352414281259050e-03
31                                     6.0362895118755569e-03        -2.8974733104697937e-02         5.7199941419839684e-04        -6.0518801943230472e-04         6.4601575667029093e-02         5.8559703718887558e-02        -1.0134662299873788e-02         3.1435549546278397e-03
32                                    -1.4946212718603757e-02        -7.6677096193826622e-02        -9.3826125514075728e-05         1.2315406281206498e-04        -7.4932072656631165e-03        -2.7891273231501694e-02         5.4774654062201764e-03        -1.6109752450457345e-03
33                                    -3.9977240158564284e-02        -4.8833788262386553e-02        -4.9213535315010583e-04        -3.7764532536862334e-04         5.7157113009087733e-02         2.2228643218509533e-02        -2.0127443560774724e-02         1.7836916213825042e-02
34                                     8.0802134239631746e-03         1.1662438998098075e-02        -3.6222289062908172e-05         3.5962120737214470e-04        -4.6524367481941116e-02        -2.8856032938624765e-02         1.9727416275812707e-02        -1.6370379933914346e-02
35                                    -5.4315671599540266e-04         6.3647144821544224e-02        -2.7598560486688181e-04        -3.0327448887734149e-05         8.2921677164377386e-03        -3.2944069709500861e-03        -1.8781033091069065e-04         9.2677109141241438e-04
36                                    -5.8424586231127278e-02        -7.2393206013176628e-02         3.1131171440047925e-04         6.4099429622692090e-04        -9.0016932722298104e-02         2.6202834435883490e-02        -1.9188196556695844e-03        -6.1787284110177099e-05
37                                     6.5711449174807009e-03         1.0472570776048420e-02         1.9856268788729582e-03         3.6961351698234616e-05         6.4999618874316744e-03         5.6234946798689289e-02        -1.3348643819197526e-02         6.5265881769911950e-03
38                                     1.0819514948900492e-01        -8.7291422763195223e-02        -1.4903841871842852e-03        -6.3772236437551123e-05         6.5337675786911022e-03        -3.0230322510517632e-02         1.3180040893349563e-03         2.1294979925385480e-03
39                                     2.1241112904690520e-02         5.5879363020021736e-02        -4.5734895591732598e-04        -3.5502700574305648e-04         4.9988461375900912e-02        -5.7798808083611340e-02         9.7482973903478334e-03        -4.7590681615602049e-04
40                                     2.3501405513643957e-02        -1.6076142167091179e-02        -9.1089413753691923e-04        -1.3368537767295167e-04         1.2400010531128994e-02        -2.9438757261803186e-02         5.0657054250345425e-03        -8.5760534376099959e-04
41                                    -9.2506987835045018e-02         6.3483877379108378e-02         7.8808572394970650e-04         9.3959758091395119e-05        -1.8874445376759644e-02         1.7606211000649512e-02        -3.1718087454975746e-03         5.3073194235077727e-04
42                                    -1.7714154427027520e-02         1.3778156901533692e-03        -2.3360387596968035e-01        -3.5907365108856157e-02        -1.6416249465237252e-03         5.2106791061170016e-03         2.0790434380436800e-02         1.8097474973770969e-02
43                                     4.4085630361222613e-03        -5.8660191292158768e-04         7.0190597527206397e-02        -6.2209409206121563e-03         1.8254098280400685e-04         1.2454747933759386e-03         1.1622526968486745e-02         1.1613806633106686e-02
44                                     9.4792318934987293e-03         2.9897874287222832e-03        -3.0376547566986861e-01         3.3083315368963251e-01         2.9391165630719041e-03        -2.7602306466481845e-03        -9.7095536096438950e-02        -1.6626354662862045e-01
45                                    -1.3113856786944093e-02         1.3504321246333706e-03        -2.1386398466314413e-01         1.9941170096686535e-02        -7.7163365682903146e-04         4.2779629009494988e-03         4.0759762993227075e-03        -1.0202964382647528e-02
46                                    -1.5604410794102127e-02        -6.9446542413000229e-05         1.1225385279229028e-03         1.6176988530772632e-01         1.5607660259027052e-04        -8.5473150303912882e-03        -6.9597499151697342e-02        -7.4201666875055958e-02
47                                     5.5064118362092851e-03         2.6151928656845264e-03        -3.4877918894727128e-01        -2.6204260436433846e-01        -1.5816846243831882e-03         1.8926472485514621e-02         1.3323106623098865e-01         1.4151357690470867e-01
48                                     1.2065221316350154e-03        -2.5145136591966647e-05         2.0223362898375417e-02        -4.6755916236724017e-02        -2.6039246247662261e-04         3.1935422707138916e-05         9.8968190415070923e-03         1.8195210168410421e-02
49                                    -1.1147506969460534e-02        -1.8878783414298257e-04        -4.2969113661246984e-02         1.9924908724596083e-01         9.0034641167706614e-04        -6.1545522479493717e-03        -6.1264647440452694e-02        -7.4745373102404228e-02
50                                     4.2908089776631506e-02         1.1476383715960411e-03         2.2279211541357971e-01         3.7209353311915994e-02         2.4080115202696566e-03         1.9226135755432889e-03         7.9825793596943629e-03        -1.2710335168021452e-02
51                                    -2.9537281060996960e-02        -3.8920588703641838e-03        -6.7108920493456736e-02        -3.4278592837573718e-01        -6.9694113380189141e-03         1.2397259962240934e-03        -2.2572915513715827e-01        -3.8453886455297925e-01
52                                     6.5093266084463230e-03         1.8959826813532267e-04        -6.7063845201219802e-02        -2.2918226783743043e-01        -1.5684958985645876e-03         2.6008691022143724e-03        -5.6951938490817462e-03        -1.9210520655277671e-02
53                                    -2.0183005158351076e-02        -4.9775323690665358e-03         1.6681125427128085e-01         9.9996924851534066e-02        -2.0068273171378846e-03        -7.0368079161145149e-03        -2.1450316005755421e-01        -3.3638461609988252e-01
54                                    -2.9339184779755879e-02        -5.2927744297740489e-03        -2.3141528737450741e-02         3.8796267945623975e-01        -3.1593502382145414e-03         5.3171117539184749e-02         3.3627868099578867e-01         3.7215731223326387e-01
55                                    -7.6646787574318510e-03         6.6120813578603556e-04        -5.0072542396081589e-02         4.5934236249825441e-03        -4.4163173032362097e-04        -1.5410108286265336e-04        -6.5045966522540057e-03        -9.4379530441256916e-03
56                                    -2.3409351372292428e-02        -5.3603761386391315e-03         1.6863849620678212e-01        -1.7190014845700216e-01        -4.8915830678944398e-03         3.6068067220299753e-02         2.8368953375926342e-01         3.4504389726876294e-01
57                                     1.1563553504061191e-02        -2.0352652008191550e-02        -6.2447389439707459e-03         5.5212106038169512e-04         5.8004444311609393e-02         2.2760776322900526e-02        -1.4789217203667942e-02         4.2982637813677223e-03
58                                    -1.4781528221949784e-02         1.3682823197546908e-02         4.8432408234958318e-03        -1.3479568022555632e-03         9.6051229639301419e-02        -2.6282700871662519e-02         4.5346043236173375e-02        -4.6072173936607744e-02
59                                     2.9392660187035342e-03        -4.4598030859374976e-03        -5.5208067380471692e-04         2.1415419695050504e-04        -9.2330000914203764e-03         9.0953420659905192e-04         5.7905483958103584e-04        -9.0221315805012932e-04
60                                     1.2223317506083230e-02        -8.6525428758535642e-03         8.5043130551032897e-04         1.5110680819434771e-04        -6.0214195360506831e-02        -2.5698229873496857e-04        -9.6876750734819061e-03         9.8300155048148107e-03
61                                    -1.4520159665818846e-02         5.0295562491094476e-03        -1.5783222285360760e-03        -1.4651795902045890e-03         1.9807734687901321e-01        -3.8761105654362611e-03         5.3339757756969870e-02        -5.4168209203939846e-02
62                                     1.6163504563133681e-02        -1.0321813567688312e-02         5.6861217672875936e-04         1.3267721591481461e-06        -4.5633076714863108e-02         1.2353795183959307e-02        -1.9974680052221010e-02         1.6038985904009057e-02
63                                     2.5422612023035668e-02        -1.6248685736981131e-02        -3.2404836277533169e-03         3.5919078293992612e-04         3.6998476079818453e-02         1.8249388547083498e-02        -3.5604357479894259e-02         2.8557561087327325e-02
64                                    -4.1653279637815753e-02         2.2729269744966710e-02         2.1931731619108125e-03        -2.9284137818640077e-04        -9.6986778813464864e-03        -2.7162552817572572e-02         3.5410037304265840e-02        -2.9042154902063900e-02
65                                     2.1368841896881409e-02        -5.3567929125118109e-03         1.8324882361883184e-03        -6.0076573913504413e-05        -7.2351358311581945e-02         1.1730126709105075e-02        -2.2575588174906274e-02         2.7459902006822311e-02
66                                     1.0666893320781834e-01         1.0028057451149050e-01         2.7540993867947441e-03         2.0217583164454436e-05        -3.1227025781473648e-03         1.7716136058028706e-01        -1.2892687949055329e-01         1.1481618409214821e-01
67                                     1.6845328770282045e-01         1.4032507004973069e-01         3.0573777071999319e-03         4.8431483912450243e-04        -5.2161781127329859e-02         1.9840812754062570e-01        -1.7134012126593831e-01         1.5650129684699407e-01
68                                    -1.0203886149026124e-01        -1.7398874829514993e-01        -4.1779571005947616e-04        -1.5408414782681172e-03         2.0552892319115509e-01         9.5202122330285896e-02        -5.5642864499429040e-02         4.3234819269430326e-02
69                                    -6.6199361634337678e-02        -1.1991116585942659e-01        -7.4164595034480500e-04        -1.2487983970510927e-03         5.1808277466348113e-02        -6.7814241827510776e-03         7.1535379911099539e-02        -8.7047326480763909e-02
70                                     1.3198160288278032e-02        -5.5082713658222315e-02         4.2994724467351986e-04        -6.0175262788063387e-04        -6.3055935427585752e-02        -1.3437982889962079e-02         1.1061684860815849e-01        -1.2581181596796281e-01
71                                     9.0762498868648192e-02         3.6784127823613219e-02         1.5408552119524483e-03         1.4545022022749046e-03        -2.0445861449876676e-01        -7.3738065282126161e-02         5.7198107488296894e-02        -4.6431960578858317e-02
72                                     3.7147265530635826e-02         8.7537763818482887e-03         4.9021851893645994e-04         9.0069860277041498e-04        -1.1801305647901031e-01        -4.7885677629563486e-02         3.7224857549050430e-02        -3.2289938565924312e-02
73                                    -9.3849754280926234e-02        -1.5638612305508912e-01        -1.2517220502324632e-03        -6.5892982635105675e-04         9.5035069498612360e-02         3.7171815022598781e-02        -3.4081351555804808e-02         2.8694224694851410e-02
74                                    -5.7872769897025944e-02        -1.4608305407212729e-01        -8.3239847823041136e-04         2.1963781970231155e-04        -1.9648781053347737e-02        -2.0566638929357750e-03        -1.7266608284932058e-03        -5.9679541437286654e-04
75                                     3.0486644809741781e-02         1.3890349428348300e-01         2.3613312110171912e-04        -8.5458650679384472e-05         3.0837696675400515e-03         2.0469451239788050e-02        -3.0763507483940774e-03         2.5473594043182651e-04
76                                    -6.2665092762812902e-02         4.1925621585571622e-02        -1.1954534659688197e-03        -1.0061016378818839e-03         1.2727208422693825e-01         6.0326426489347114e-02        -4.8159394380741988e-02         3.8865647986024258e-02
77                                    -1.1205458421243268e-01        -5.6160238258745228e-02        -1.7987747475645855e-03        -1.3332791548012388e-03         1.8729989921604129e-01         6.9160858364895036e-02        -6.8919965249324838e-02         5.9807717135038123e-02
78                                     7.5871138472652283e-02         1.5607082681348231e-01         3.9875308369701715e-04         7.7226689517995682e-04        -1.0238277962194833e-01        -3.2470654705188493e-02         1.8389434209558998e-02        -1.6241513926514746e-02
79                                     7.5774375913213940e-02         2.1502724159645728e-01         3.6604296164935570e-04         4.4201122310164005e-04        -6.3892630294526923e-02        -1.1004957645903972e-02         1.2715497990450852e-02        -1.2460579024073192e-02
80                                     9.9420634403321537e-02         1.6313196565487698e-01         5.0893310997721976e-04         1.5605175614398111e-03        -2.0693259685915485e-01        -1.0233548911273153e-01         6.1897485934603008e-02        -5.1853216926961765e-02
81                                    -5.8543311095300900e-02        -9.4199315724202967e-02        -2.1215714004176189e-04         6.3753153463593545e-04        -7.7443286963927813e-02        -1.2091964740603620e-01         1.6370906032896811e-02         8.6917172313334314e-03
82                                     2.1648103580195130e-01         1.2451470669761880e-01        -1.2313463061946488e-04        -9.3259621873763982e-04         1.2491994067848664e-01         3.4027135293497396e-01        -4.9195435418125995e-02        -1.9415254237129229e-02
83                                    -5.9174278397676916e-02        -1.2199011439203875e-01         1.9508770537928237e-03         8.0618543905922946e-04        -1.4292266210630639e-01         2.1679929793958178e-01        -3.1156645504874302e-02        -3.1897499419938501e-03
84                                     2.0780639170866172e-01         3.1115375002355974e-02        -3.6161049533829349e-03        -1.0961878760850495e-03         7.4907909276929488e-02         3.5009445624657153e-02        -2.4017323470292992e-02         6.5528256401477152e-03
85                                    -1.6000407637640335e-01         9.6062780634357178e-03         4.8440097482282327e-03         5.1105438631277587e-04         8.1029404478482142e-02        -2.1363201397956616e-01         8.0692617811756587e-02        -2.7442484474518955e-02
86                                     1.9231700201615379e-01        -2.7955701138408506e-02        -2.3574405292289707e-03        -9.3941578115805738e-04         1.4249208802638633e-01        -1.5412201315420770e-01         3.3163995067998824e-02        -1.0085184522725978e-02
87                                    -1.0802583467634692e-03        -4.4096545661152828e-02         2.5896185670848078e-04         1.4725589464649328e-04        -1.9290236788953100e-02         9.8635813029343579e-03        -3.0579334368474602e-03         1.9838265892111904e-03
88                                    -1.0782093196595212e-01         2.6236114673958161e-01         6.4824373412404265e-04        -6.1516054588068756e-04         8.3899799908780881e-02        -6.1968086132563334e-02         1.4709202005509564e-02        -4.7715078523845912e-03
89                                     1.0690383885130944e-01         1.3578870627621858e-01        -3.4101258599840106e-03        -1.1410873771631363e-03         1.4792671504044055e-01        -1.9081988031188646e-01         3.4014077121817435e-02        -5.5182576769055173e-03
90                                    -1.0159252924181394e-01        -5.4146342237731793e-02         1.5628816769827150e-03         7.7172191953096022e-04        -9.9096638771002776e-02         9.7593937632317676e-02        -1.4547250577789802e-02        -5.7259833860079867e-04
91                                     2.9963984142509895e-02        -1.5771875371696290e-01        -1.0459750919620183e-03         4.6092970912420110e-04        -6.4367064969685708e-02         4.5991325966290256e-02        -5.2387964587226115e-03        -2.7536907904634604e-03
92                                     1.6165531580824102e-01        -1.7860775870509452e-01        -3.3707021095993636e-03        -1.2817505588648401e-04         1.3917472186361338e-02        -3.7585958326349624e-02         7.4653294948176649e-03        -2.8320230601311361e-03
93                                    -3.0478254932569740e-03        -1.2365297259449416e-01        -2.5910903431302631e-04         5.9465599567165128e-04        -7.8073203486238238e-02         4.7481114085713830e-02        -6.6918438166083359e-03        -1.4296985914894922e-03
94                                    -3.1171639886529467e-01         1.5897076713256580e-01         3.9100729332787491e-03         5.9882420738612691e-04        -7.5130494705945114e-02         1.0051902021324800e-01        -1.2994028990687757e-02        -7.7755114869556511e-04
95                                    -2.6267199720213741e-01         4.4868898119797287e-02         3.0819657145601904e-03         9.6158577541176566e-04        -1.3098851760820948e-01         1.3700197725356494e-01        -2.0501357858448973e-02        -2.7623504202447250e-04
                                                        56                          57                          58                          59                          60                          61                          62                          63

0                                      1.1572186354604761e-03        -6.6152764107817167e-05        -5.7238948488417163e-04        -4.2191130024504236e-03        -3.7010295539028097e-04         4.6528567748015490e-05         1.1267400046684683e-03         9.8058478550417652e-05
1                                     -5.6692133467851191e-03        -6.9476607742372356e-04        -2.2204311078646592e-03        -2.2611727711596266e-02        -1.4864750616238908e-03        -4.1592654083970625e-04        -7.8925402119552871e-04        -2.8081440682830173e-04
2                                     -3.6179883150978596e-03         1.1563659682693149e-03         9.6839081301311990e-03         1.0300095575561403e-01         6.8840226340296717e-03         5.1179294411177884e-04         4.0599124935765266e-03         1.1095252768659489e-03
3                                     -2.2841504264478935e-03        -1.2937186138366574e-03         2.8951550946071805e-03         3.9844356979473361e-02         3.4960228594828314e-03        -6.3605195500575698e-04         6.2061833790509889e-05         2.8992162929785705e-04
4                                      1.9521138505556497e-03        -4.0529819240044579e-04        -9.4460854471247380e-04        -4.2136863973337262e-03         2.2161283173880271e-04        -1.3017425987035012e-05         5.4914213749305348e-04         2.6300699055930053e-04
5                                     -6.0554214096269687e-03         3.4558628137370151e-04         5.2597264787735904e-03         4.8007230523045841e-02         2.5971628673244688e-03        -3.2266805895879452e-04        -1.6204733582082245e-03        -3.2081773925527618e-04
6                                     -3.7648988583403372e-03         3.6000472678605960e-03         5.0372754751773809e-03         1.8197246895557323e-02        -1.8808180377536507e-03         1.0575161769688483e-03        -2.3459657730096127e-03        -1.1283066139449874e-03
7                                     -3.3716426354265979e-04         2.7721592695683164e-04         3.9498545733149428e-04         2.0886091661772269e-03         3.9076444311455923e-05        -1.6775370466699577e-04        -2.4183338696226044e-04        -6.3021346666634599e-05
8                                      5.2021352771959668e-03         2.0131232092534053e-03         1.3980406174394844e-03        -1.1749546539686186e-03        -1.4119830561058176e-03         9.6678616142921133e-04        -7.8798161359891266e-04        -4.4572284329729968e-04
9                                      2.0218730216295333e-02         8.1735785999512423e-03         2.2436157148621317e-03        -5.7902455005791494e-04         2.6689870882043421e-03         7.9395252011696792e-03         5.8406645977467433e-04         3.6731184712352201e-03
10                                     3.4780169946983235e-02         5.5784965788745764e-03         2.1712675059911389e-03         8.7628613843885438e-03         2.3594304730241664e-04         6.9096680661082325e-03         2.2124827114542849e-04         2.2869901997292340e-03
11                                    -1.5627459566937084e-02        -3.2296802260948993e-03        -1.8524727012636541e-03        -9.7846222504139047e-03        -1.4368013365293113e-03        -2.5122371136813118e-03        -1.3156352855479649e-04        -9.7978360279999278e-04
12                                    -2.0077612017155067e-02        -1.9978659171999104e-03         4.2640353390817142e-04        -4.8048339634953465e-03        -2.2627319103397173e-03        -2.3437866703584103e-03        -1.2954166068091517e-03        -1.5655471308579729e-03
13                                    -5.4910065351555133e-02        -8.1942300300288495e-03        -1.8746086742265739e-03        -1.4958340566689547e-02        -3.2306686116071225e-03        -8.8313626159386080e-03        -1.6169343377966713e-03        -3.7963211603419243e-03
14                                     2.5138352311349275e-02         3.7640894563369196e-03         9.6020424930461903e-04         7.8181115470076050e-03         1.7717680486092006e-03         3.8419502253599540e-03         7.4947383694533201e-04         1.7081584890436443e-03
15                                     1.5678666622110922e-04         1.8322970080582329e-04         5.9288455019870345e-04         3.6801015493591228e-05        -1.3039277353519175e-03         4.2501799711357370e-04        -6.2556259850545730e-04        -3.1209417214011700e-04
16                                    -2.6132062315680125e-03        -7.9911892645104983e-05        -4.3177498808126178e-04         2.5093133372021230e-04         1.5332884148943934e-03        -9.1274840615081807e-04         4.7964483046215048e-04         7.2510122526640630e-05
17                                    -8.5935425206671234e-04         2.6659056264168190e-06        -1.1903795696686326e-04         1.1656522370299489e-03         1.1309156630207064e-03        -5.4419232769333426e-04         3.4875347741302154e-04         9.9863277583032558e-05
18                                    -1.6051650976175585e-02        -4.0328121646987236e-02        -2.1201540722691942e-02         2.2049697262339477e-03         4.4144186531638986e-03        -3.6199638055209593e-02         7.8775500248185124e-03        -1.0024482269205650e-02
19                                    -1.6151865470084584e-02        -1.3703474142619914e-02        -1.4600846085962790e-02        -1.0300239765795804e-03         8.4782519686385036e-03        -1.3122685257023830e-02         9.4018835791535669e-03        -6.5731996523515142e-04
20                                     6.1962822796536787e-03         6.5615507091166033e-03         6.9388783173235345e-03         1.1489253681895202e-03        -4.3212558365376503e-03         7.5413897824429307e-03        -3.7900278195801408e-03         4.9350169248846049e-04
21                                    -7.6841677444785705e-02         3.0778204029899621e-02         1.0102912784306854e-02        -6.8637922562984931e-04        -8.0816445045709499e-03         2.9847253849321995e-02        -3.3652222642265119e-03         8.1386552940411368e-03
22                                     2.8899527182515202e-02        -2.5053337733224042e-02         7.1182930705857130e-03         3.6113997849836189e-03        -1.0608150822853673e-02        -3.0320791385943468e-02        -1.1601559059009831e-02        -1.7738068338306760e-02
23                                    -1.4949020724560973e-03         9.8847579174132384e-03        -2.3734653810381506e-03        -2.3017029287458867e-03         1.1739692782887603e-02         1.8994075481791480e-03         4.2165905358137884e-03         4.2011901989874693e-03
24                                     2.6302469063172247e-02         1.0153245244721099e-02         4.8090266219579592e-03        -2.3672902336953705e-03         3.4538121276417012e-02        -3.2400254678636824e-02         5.0264229843325042e-04        -7.5716369839314221e-03
25                                     3.4344217359275268e-03        -1.7820583716229493e-02        -7.4197327016554109e-03         3.0630854932382520e-03        -6.3909391126855022e-02         7.4517021883808904e-02         7.2446298121643651e-03         1.1974149579898818e-02
26                                    -6.1724911906645427e-03         8.1822695981465451e-03         1.9676689322438183e-03        -2.5230360417319952e-03         3.4953158406132855e-02        -3.9417379831930201e-02        -5.9437952544366007e-04        -7.1186239735322151e-03
27                                    -3.5956533277601917e-03         1.1566917817970633e-02         5.9466610931999044e-04        -3.6526101903829452e-03        -3.1167396251685917e-03         3.6640215690791532e-02         6.4348851554070852e-03         1.5383131845791242e-02
28                                     2.1789066522766996e-02         1.0654820565633491e-01         4.7180039974791511e-02        -8.7676645291615684e-03         2.7712603583920400e-02         5.6217222480126734e-02        -2.0089909002440086e-02         2.7074705211036203e-02
29                                    -7.4624709293156155e-03        -5.9053088629661188e-02        -3.8476026109072392e-03         2.3849908273585532e-03        -2.3438001826662598e-03        -2.1612123228324998e-02        -1.1065180583629781e-02        -1.8983485189628358e-03
30                                    -3.3327947018610259e-03         1.4891597476927712e-02        -6.5001902116552657e-03         4.3604041982945327e-03        -3.9418825247372398e-02        -3.4894664282978945e-02         1.2693759912806393e-03        -5.8367798522136818e-02
31                                    -2.3846803473763578e-03         7.3173189563716145e-03        -2.1172916779068057e-02         6.5139519363558432e-03        -6.0170056614681028e-02        -4.3680012765307419e-02         9.1244727373017472e-03        -8.3071927473542168e-02
32                                     9.7532750371243072e-04         3.2959366997675155e-02         3.5486878298627423e-03        -2.4907114153877735e-04        -1.6582894520748136e-02         4.5641669627810915e-03         3.0217479916667339e-03        -4.2505045439724859e-02
33                                     3.7797183267915986e-02         1.0405944401028473e-02         1.9564868035100613e-03         8.5201956421845698e-04        -8.5068643647164908e-03        -1.7192300152732390e-02        -1.1025114844216385e-02         5.8279753275839188e-02
34                                    -3.0936119329698447e-02        -4.2338771710745829e-03        -5.7868742609724841e-03         1.3056016246838248e-03        -2.1720197225811224e-02        -3.0060265780623222e-02        -1.3477842332747673e-02         7.7795212073028794e-02
35                                     5.4374188281621407e-03         2.5381686791209303e-02        -8.2087068682103383e-03         3.9574629473185857e-03        -5.4657559408288418e-02        -5.6403568554073337e-02        -1.3581733607147614e-02         4.5311745462843521e-02
36                                     3.1385105882536135e-03         7.2609738563763455e-04         2.4496932042934915e-02        -5.8839559832007222e-04        -2.2621010979587282e-03        -1.2167849454686540e-02        -2.6670760259770779e-02        -1.0006536699330408e-02
37                                     3.7849818302732883e-03        -8.8255466198064146e-03        -8.1089329718839920e-02         7.1558869872716006e-03         1.4655724386457279e-03        -1.1980546600720766e-02         1.0182822892992138e-01         1.5612132733145753e-02
38                                     1.0168053727850622e-02         1.7406567871115323e-02        -1.6584356577324398e-02         6.0286767157456114e-04         4.9762895546769529e-03         2.4899101005797591e-03         4.9359032617484262e-02         1.1192337864473066e-02
39                                     2.7932787928079204e-02        -2.2295896743401471e-02        -1.7690851563055953e-02         2.2924919223503534e-03         3.5055701594705699e-03        -6.3848835733540266e-03         1.9556829163046172e-02         3.2137472557676760e-03
40                                     1.0675677943692239e-02        -9.8813532437864397e-03        -4.6291707653756869e-02         5.7506171713446620e-03         8.7916821607656286e-03         7.8160587703488237e-03        -8.9594072574794195e-02        -1.4542174140261085e-02
41                                    -7.0669689335933102e-03         2.5007237738910601e-02        -8.2843188693862688e-02         7.9318582115057851e-03         1.5390413215587069e-02         1.8879802116562826e-02        -5.2202782744345977e-02        -3.7070794834469026e-03
42                                     1.2705068750186207e-03        -1.3378246718254193e-03        -7.8037786442717262e-03        -8.2116678113126854e-02        -4.6474367024210862e-03        -6.7934275932168072e-04        -7.3965027958239329e-03        -9.6313372116376393e-04
43                                     1.0901589737441486e-03        -9.4067241373052568e-04        -8.8555819866170081e-03        -9.3816994526568512e-02        -6.4619894172630137e-03        -3.4604023379143070e-04        -1.8970345838833439e-03        -8.6056558025839351e-04
44                                     3.1592400918432552e-02        -1.7119724237527527e-03        -3.3271607118985212e-02        -3.5562857380220075e-01        -2.3842863261760917e-02         1.7350996695182037e-04        -1.0406899229188074e-02        -2.8851132053979382e-03
45                                     6.8777871902071935e-03        -1.6696203134460416e-03        -1.5317476868535284e-02        -1.6080106738046657e-01        -9.5482412514323722e-03        -8.4349095378246752e-04        -8.3275429149839830e-03        -1.5695143025256529e-03
46                                     1.3686187783844468e-03         1.8808896964878294e-03         1.8069079120946605e-02         1.9197474234671158e-01         1.3324291706472525e-02         5.3509714587250559e-04         3.2691184012638495e-03         1.7511464480500013e-03
47                                    -4.3407476066202218e-03        -3.0265876856710549e-03        -2.5510430341926939e-02        -2.6887321717662377e-01        -1.7131785167316459e-02        -1.2945072445300874e-03        -8.9777535952881397e-03        -2.5208585965569908e-03
48                                    -4.2123738377773320e-03         5.9182016558093542e-04         8.2340072558237127e-03         8.9605774867165644e-02         5.7709972780918498e-03         3.0626899957826858e-04         4.3789542082829222e-03         9.7018273904321843e-04
49                                     4.8435218650492414e-03         1.7465550032628163e-03         1.1275675201221124e-02         1.1969317944889335e-01         8.1343416245804670e-03         7.2345796180191160e-04         5.1198067271574889e-03         1.2443417114731011e-03
50                                     1.4162638813035750e-02        -4.2482406842500467e-03        -4.2224453539025548e-02        -4.4369644365473615e-01        -2.8705900630650837e-02        -1.6785629357629595e-03        -1.5205401564733845e-02        -3.9258449482726535e-03
51                                     7.3256103742187093e-02        -6.3567520336674163e-03        -3.2744224158813492e-02        -2.7168601391448105e-01        -1.4160415370828948e-02         3.1870583454254582e-04         7.2652978643127832e-03         1.3378198464603186e-03
52                                     4.7641760097086568e-03        -1.8287834233646514e-04         4.2288249617447281e-03         5.7020991103961735e-02         4.5990538857980569e-03         1.9130555940446311e-04         2.9315866636483116e-03         1.0140910260661702e-03
53                                     5.7959974050505465e-02        -4.5583752875721596e-03        -3.2717322103303734e-02        -3.0225863288769445e-01        -1.8362679855393815e-02         2.0884020307776561e-04         2.0823758513463311e-03        -2.7869263939408546e-04
54                                    -1.4897649693697770e-02        -1.2405927071658258e-02        -2.9586052396712748e-02        -2.0852279791153100e-01        -7.1660075922237842e-03        -4.0994241527137930e-03         9.1144790775812695e-03         1.7042507671739381e-03
55                                     1.6492383518008551e-03        -1.3928333558291817e-04        -1.5461888199361019e-03        -1.6271812472565799e-02        -9.3401038039931403e-04         1.8765827224806278e-05        -4.0460812503981215e-04        -8.5980695634468540e-05
56                                    -2.3094755280559879e-02        -9.4475834253015274e-03        -3.0598746445321453e-02        -2.6916798227407440e-01        -1.4733210604844803e-02        -4.0502690180836132e-03         1.5045604316990522e-03        -1.0675502370670676e-03
57                                    -7.0063160077218870e-02        -3.9482341204260453e-02        -6.2405699743364965e-03         1.8403107889345058e-02        -1.5573117023522118e-01         8.6915764826825226e-02        -5.0723380678426827e-02         4.9716702108665863e-02
58                                    -1.2260880059747151e-01         1.4771472141206138e-01         3.3311288656428108e-02        -2.9888745433651831e-02         3.7758437207022411e-01        -3.8529889824679830e-01        -3.6659977901184457e-02        -4.2826720196127974e-02
59                                    -1.4523627076404053e-04         1.3288887174426962e-02         3.0858528236858973e-03        -4.6105699757653367e-03         5.6964024993495295e-02        -5.7103137223503589e-02         2.7512611689694947e-03        -1.2410672582528488e-02
60                                     2.4616056171894607e-02        -1.6766014116230962e-02         6.2631641251253783e-04         8.6783534209097235e-03        -6.5833160822617393e-02         5.2491117654365399e-02        -1.6435204190099716e-02         2.1827706140023904e-02
61                                    -1.0153554163893376e-01         8.7403018473082308e-02         1.1214051455174904e-02        -6.2863968901269258e-03         1.6381947857256804e-01        -1.1199012356742069e-01         9.9792001996602368e-03         6.6512703962347622e-04
62                                     6.6372177261771184e-03        -7.0697812852207914e-02        -1.1707465334700021e-02         2.4497549255905682e-02        -2.3420653026012234e-01         1.9262372828138768e-01        -3.7246274398533549e-02         6.3366083659151654e-02
63                                     2.8638647706065198e-03        -5.4952403801975504e-02        -1.0244429828731083e-02         2.6599024396099281e-04        -1.2084914569807136e-01         9.1078654522292760e-02         1.0295152585746915e-02        -1.4004013298986843e-02
64                                    -2.8692321218267702e-02         6.7768256985117042e-02         1.1951475011245802e-02        -7.5454391492535506e-03         1.5610283276636550e-01        -1.3524278839539638e-01        -1.5364652243823693e-02         4.6812479680481342e-03
65                                     1.1399018510494291e-01        -9.5137192113412497e-02        -2.1368150777281183e-02         2.1137259119970050e-02        -2.7105016859014935e-01         3.0545089188003333e-01         4.1280600232689132e-02         2.9103674129736069e-02
66                                     2.7632045260224131e-01        -7.5391060053188935e-02         8.1154375657348496e-02        -1.3797471369662669e-02         2.4463247196749249e-01         8.7620358959223807e-02        -5.3016884448046392e-02         2.3576059185134973e-01
67                                     3.7111003765760608e-01        -3.6626217691908103e-02         1.0997467431074281e-01        -1.7591747983476722e-02         2.5076557681403572e-01         8.6651954066009326e-02        -7.5607326920318463e-02         2.1982299530116825e-01
68                                     7.7374446895613749e-02        -6.5114881805442462e-02         1.3582982929576869e-02        -5.2831016096158241e-03         1.3023385697264137e-01         7.3635754896771544e-02         1.9331505339917725e-03         1.1936592177195850e-01
69                                    -2.8194180490206117e-01        -2.7159689874290344e-01        -5.9673935176645147e-02        -6.5964716781158591e-03         7.4378336188992963e-02         4.9199360300812699e-02         2.8607135572968560e-02         1.2477448359780635e-01
70                                    -3.5838239754999612e-01        -4.0705672323398273e-01        -6.3110757249748670e-02        -1.0763957461593972e-02         2.0418670955403864e-01         1.0550593041058437e-01         3.5485923538957520e-02         2.7867535035017948e-01
71                                    -7.2101210693931814e-02        -7.9250802178497740e-02         1.1040255342809438e-02        -6.0267540560977381e-03         1.1447813901506300e-01         6.5313750738114032e-02         5.3068848849770617e-03         1.0831651634448099e-01
72                                    -6.7330247417675931e-02        -3.0137329584166987e-02         1.8530483179410789e-02        -6.8121582519356412e-03         7.2823853456387547e-02         5.0739545316797960e-02        -6.6882333968599694e-03        -3.5468117921540039e-02
73                                     5.2040639262247314e-02        -4.9021246250364504e-02         3.6340361559700969e-03        -4.2762680262639413e-03         9.0838548467736924e-02         9.1525843242343780e-02         4.6159309502031912e-02        -9.3997649959581167e-02
74                                    -1.6025418302024839e-02        -1.0570054624271756e-01         3.3797131743721752e-02        -1.6987287940675409e-02         2.5452223671088675e-01         2.5186587008534450e-01         9.1862200993541851e-02        -3.8234707691917114e-01
75                                    -2.6948241930689872e-03         9.9855889965904162e-03         1.3018014399707339e-03         3.5721606999796998e-04         9.8517001806319327e-03         2.2545909956213934e-03         2.5637694901464832e-02        -2.4788625182129545e-01
76                                     6.0147467037057534e-02        -4.1030159113153941e-02         4.8816544039325338e-02        -1.6596092096298493e-02         2.1266273328276264e-01         2.2512066501413963e-01         4.8336123056934618e-02        -2.6573278984132048e-01
77                                     1.1093559618026406e-01        -7.0686097970420842e-03         3.9999831732343991e-02        -1.1212869076278083e-02         1.3160840045451244e-01         1.4431273520936305e-01         6.9452093569844298e-03         7.4434393387161389e-03
78                                    -4.1644442283474123e-02        -7.5481624057649799e-02         1.6982853128790977e-02        -1.1660548080321327e-02         1.5939735595596036e-01         1.8926502042347723e-01         6.6759055238965123e-02        -2.0590070226700943e-01
79                                    -2.9403034470263885e-02        -3.8019939709839079e-02        -1.6212583893236654e-02         1.1786980980974799e-04         3.3979761737516566e-02         5.8586365258721455e-02         7.2168663077979450e-02        -2.8131842995039841e-01
80                                    -1.1254748164231870e-01        -7.6429038562798507e-02         2.5426515798155476e-02        -1.4290504026783449e-02         1.4923438649204543e-01         1.7535514280436290e-01         1.9922405140609223e-02         1.0391483084250079e-02
81                                     1.2453472172911290e-01        -5.6291112429809130e-02        -1.3670796830935122e-01         1.7576829350265659e-02         1.4439387603122180e-02        -6.1219663854275519e-02         1.3976716262384889e-01         9.3420748464659623e-04
82                                    -3.2619967257081151e-01         1.8154726718069369e-01         3.5092579921750910e-01        -4.2348150743039756e-02        -3.2169536991458032e-02         1.4693728569150469e-01        -3.3164092115133498e-01        -2.3362702139669354e-03
83                                    -1.1095661337112102e-01         4.0522320205137095e-02         1.6174409637044512e-01        -1.8785165369432553e-02        -2.8482215268606718e-02         2.3641895304191876e-02        -1.3045389606342356e-01        -1.2765986134816587e-02
84                                    -9.0445551961364626e-02         1.8028562419800789e-01        -1.6787398502075633e-02        -1.2297047742629906e-02         1.7980674221051051e-02         1.0235323681618411e-01         6.4146849475309173e-02         5.5583427748918675e-02
85                                     1.8800114993899827e-01        -4.8952751464246458e-01         2.5320336920277747e-01         2.0093923589509432e-03        -8.2218706598838037e-02        -1.9936237589775885e-01        -3.4958191459522620e-01        -1.5251939818560883e-01
86                                     4.4116932907559830e-02        -1.0832138453913417e-01         1.2350732569171813e-01        -9.2706891775878458e-03        -2.5081975401631922e-02        -2.0850291401949321e-02        -1.1294021493731932e-01        -3.2091096739731706e-02
87                                     3.8963479848976097e-03         2.0630163892012714e-02        -1.7009236893338325e-01         1.7204896464100030e-02         3.3073510738159652e-02         3.3836633639779332e-02        -1.2469367034064353e-01        -5.6167127107592868e-03
88                                     1.8083585654932940e-02        -4.5634268098595637e-02         1.5980286104415783e-01        -1.6170928423570000e-02        -4.5408703436133652e-02        -6.1966523277159895e-02         3.1457638693585249e-01         1.9433593616931772e-02
89                                     6.8438866295799275e-02        -9.7603128773752601e-02         2.8633258222660213e-01        -2.5972869809472013e-02        -4.1525517957456820e-02        -6.0450938324565190e-02         5.2606509719079174e-02        -1.0843060281065619e-02
90                                    -4.7674951657301470e-02         2.5675483909784656e-02         9.0055459356702533e-02        -9.3761815729851965e-03        -3.3785796855281734e-02        -2.4926003529392369e-02         9.8941632973631441e-02        -1.3607065241480802e-02
91                                    -3.2034881545897072e-02        -1.6661102094314314e-02         1.7458282439053890e-01        -1.6848603164870669e-02        -4.1390434004194905e-02        -3.4200616174878039e-02         9.1475511441433094e-02        -8.3869618948478435e-03
92                                     5.0892037122729477e-03        -7.4696807051783221e-02         3.5819924408438342e-01        -3.6322590925990876e-02        -6.2452714527689669e-02        -6.9161150738496102e-02         3.2445264014657216e-01         4.2279470132606557e-02
93                                    -3.0790942042100318e-02         8.3781273811150917e-03         1.5550563002370810e-01        -1.4302774045564830e-02        -2.6574469531165549e-02        -1.3130390783737808e-02        -1.1391858732525438e-01        -3.5675632368408872e-02
94                                    -4.1427438498861296e-02         1.2516265300081606e-02         2.9130337632396569e-01        -3.2844450905883213e-02        -3.9253737717020662e-02        -3.1737235841499151e-02         3.0470965889384272e-01         6.2318731169293054e-02
95                                    -6.5392797825364640e-02         5.2371579916884903e-02         1.8650842327952147e-01        -2.0859734268621841e-02        -2.4880305655236162e-02        -3.4747969049434700e-03         5.6574913443918497e-02         1.1307870576442502e-02
                                                        64                          65                          66                          67                          68                          69                          70                          71

0                                     -4.7997079594151018e-02         2.9150903981104041e-02        -8.9317291366498661e-03         2.9211935308519728e-04         9.6281733788771676e-04        -1.0776869620090967e-03        -1.1749000984865407e-03         2.4611456393612334e-02
1                                      1.0791576862657073e-02        -5.7339279188602715e-03         4.0984595562163877e-02         7.9397427256594971e-05         2.3287512056633327e-04        -3.5392053175865282e-04        -3.6995229234020684e-04         1.9263049346288186e-02
2                                     -7.4329940903300251e-02         4.1975768281907522e-02         1.0338624509282053e-02        -4.5358391922732761e-05         2.1737839020135523e-04        -8.5507832706370552e-05         2.0982108423841576e-04        -4.7921442411314845e-02
3                                      4.4721412766265387e-02        -2.8213203263653005e-02        -6.3834663175175409e-03        -2.7717587315829486e-04        -3.2739961739730486e-04         1.6940238084655479e-04         2.6185370982094160e-04         3.1316772344617681e-02
4                                     -1.2376242005469197e-02         7.4000521853829233e-03         2.4108941221786005e-02        -5.4120032684846105e-05         3.0685399804819422e-04        -3.2918822618887748e-04        -1.8096506115201797e-04        -8.0354457263431597e-03
5                                      8.4007182752399628e-02        -5.1506495345376234e-02         4.0819425267382085e-03        -3.7253425357088558e-04        -1.0668116772167373e-03         9.3721062923909297e-04         8.5736944300068179e-04         5.8427921179997087e-02
6                                      1.9182057774975295e-02        -9.0294427824443649e-03         1.0796458889401087e-04         3.7669703184265758e-04        -3.5720584230882157e-04         5.8691630129607418e-04        -1.8917694282491693e-04        -1.2186093337319831e-03
7                                      4.3004268112422960e-03        -2.1028089755131835e-03        -2.2391647095603450e-03        -9.9707230271454370e-05         2.5077447166493069e-04        -3.1114031061351251e-04        -1.6417814433022706e-04        -9.2303038469307371e-05
8                                     -4.6372655491314866e-03         3.3980744536630777e-03        -4.7983039370472197e-04         3.3957614710100712e-04        -2.1005521423018565e-04         3.2396674062900048e-04        -1.3623998552103194e-04        -2.6961901368965533e-03
9                                     -5.7239391744293784e-04         3.3960786077271788e-03         1.1698583494698748e-04        -4.1159050283757738e-04        -5.3221565414386023e-04         2.8012899061266626e-03         1.3444976747940475e-03        -7.4557891270112344e-04
10                                     6.7002770875828717e-03         2.7596794643842303e-04        -1.6557391766935033e-04        -4.5994282998900235e-04        -1.7074863351861428e-03         3.5228130122941918e-03         1.8905825378531871e-03         1.2012717332871281e-03
11                                    -7.2973666742184870e-03         4.6676736407550374e-03         1.4338329709046211e-04        -5.1877294466357451e-05         6.9335161748312771e-04        -1.2586160551207014e-03        -6.6141325194438486e-04        -2.2512270953089645e-03
12                                    -2.6313058537041027e-03         1.7522411383457711e-03        -2.7124212698191000e-05         5.7610708156411426e-04         2.5479217595962257e-04        -7.3496853381751603e-04        -8.0421802776045527e-04        -8.6100113136827316e-04
13                                    -1.0020575102191960e-02         3.2644432638720784e-03         1.3957189716555336e-04         9.1634579996859879e-04         1.4394402790435413e-03        -3.3664355032224816e-03        -2.2030617735915138e-03        -2.3786241620839033e-03
14                                     5.1958465816666832e-03        -2.2726345354748966e-03        -1.1616409208348830e-04        -3.9864062475248766e-04        -6.7240452260233059e-04         1.5144054784814879e-03         1.0089818021374790e-03         1.3755576609370682e-03
15                                     4.8456735034779335e-04         9.7628919898421916e-04         3.5658979913212032e-05         2.5529413049800881e-04        -3.0753474926672851e-04         3.2093613572057369e-04        -7.8006865768264193e-05        -4.0913062379368082e-05
16                                    -3.7268372496323274e-04        -1.9037079700765982e-03        -3.4635562250407219e-05        -4.6861170907002510e-05         3.8647484310012892e-04        -6.2150570339038755e-04        -1.8708383472235750e-04         1.9611524756927778e-04
17                                     6.2520069284747537e-04        -1.7812820194681835e-03        -8.2990478670089707e-05         2.4659218106848055e-05         1.4722300906253868e-04        -2.1373346064792380e-04        -1.7776332305418650e-05         5.0793143126050570e-04
18                                    -7.9608843653404121e-03        -1.6060656410377176e-02        -3.5985854605157835e-05        -4.7532163361235615e-03         2.6245904435504251e-03        -1.1555523215460127e-02        -6.8877189111326708e-04         6.3888455070557591e-04
19                                    -1.0865524771831005e-02        -1.7248484222421930e-02         1.2962297124578326e-04        -1.6846828646110480e-03         4.7902522833299576e-03        -1.1611118214949957e-02        -2.6831989694068572e-03        -4.9839648824217641e-04
20                                     4.4769345692161231e-03         5.9052724970347307e-03        -4.3202927769362450e-06         1.3968571238824720e-03        -1.1064238995980406e-03         3.8024047257297663e-03         6.1285579298960685e-04         6.5853922896584507e-04
21                                     4.6456636320871512e-03         5.8792502097626820e-03        -5.2924756524105930e-05         2.2428539656078422e-02         4.1613148323350023e-03        -5.7547935432795735e-03        -1.3145573413829412e-02         1.0539009115464811e-03
22                                     8.0092518810617221e-03         9.5367732263289921e-03        -3.2150028338818165e-05         2.7601594132014895e-04        -9.8529311534701104e-03         1.1872837426481356e-02         5.1102157960630024e-03         1.7599184350929943e-03
23                                    -7.3805283168936874e-03        -9.3101208069090238e-03         9.3292131246271908e-05        -3.9595678649927206e-04        -3.6789554901201730e-03         4.1237795168940806e-03         2.9678876004453083e-03        -1.5651157795775607e-03
24                                    -2.2363234650343938e-02        -3.9555361500104046e-02         1.4346167133602448e-04        -1.4613817540567939e-03         3.4194918935681867e-03        -8.4001916092545474e-03        -2.5484776036341595e-03         1.3581879704437512e-03
25                                    -8.6120558210283377e-03        -1.0585768177597845e-02         3.9220701302477158e-05         6.5000068866082382e-03        -1.1110426426934095e-02         1.1738656368560550e-02         6.3211787780940772e-03        -2.8049831206400444e-03
26                                    -3.2806758441029042e-03        -4.5246965125267337e-03         9.4858833070241390e-05         9.5797574522581510e-04        -8.2732637538253107e-03         1.1483118988787802e-02         5.3939438819272968e-03        -6.3126727409159038e-04
27                                    -1.3847159633902756e-02        -1.8823904764468012e-02         1.8383965665336080e-04        -7.8660046222745646e-03        -2.3053258288924256e-03         8.2930651129333576e-03         8.3890093285492618e-03        -1.9274833342318466e-03
28                                     4.0362417435342780e-04         4.4972348009085237e-03        -6.9508264433475070e-06        -8.2725008263964186e-03         1.2802758486863675e-02        -1.6349552744882056e-03        -6.6596546190762869e-03        -1.0123510134797786e-03
29                                     1.8625697576319590e-03         1.8450130208544141e-03        -2.7338251863508912e-05         8.8009219632563928e-03        -7.5631168729714945e-03         4.6050726957857347e-04        -7.3253637322087185e-04         7.5529895187676280e-04
30                                     1.3491590868206073e-03         1.6439366717494570e-03        -7.9344567355779580e-06         2.2809834776827405e-03        -3.0140467778426256e-03         1.5747350331969726e-02        -3.0113217955858775e-03         2.3138250068999509e-03
31                                    -1.6378839843578590e-03        -2.6890141025114837e-03         1.0688048788766997e-05         5.2966370795266317e-03        -2.0107313405956975e-02        -6.4051219389183369e-03         1.9061290663980001e-02         2.1131826261381811e-03
32                                    -4.5043029062811661e-04         2.0595073064049460e-03         6.0801207335406455e-05         2.5568181359007310e-03        -2.7595327010155699e-02         2.2209990011652646e-02         1.2683652542681114e-02        -4.9989659540217645e-04
33                                    -2.3926469844971262e-03        -4.5551930105994631e-03         3.3406854196037754e-05         4.0077521770699032e-04         8.7251891834918584e-03         2.8752781926912257e-02        -9.2535482483652939e-03         8.5163507618097017e-04
34                                    -3.5556963395317106e-03        -5.5233992407221983e-03        -2.4030188240154247e-06         4.2915780424302059e-03        -1.0599939671707420e-02        -2.2507706563316358e-02         1.4694609022865139e-02        -2.7884326914628732e-04
35                                    -3.6062538792474984e-03        -5.5026503908565836e-03        -3.3753953390874284e-05        -8.2587549346528379e-03         2.2218501251488967e-02        -1.5949939139970639e-02        -2.1799091111172789e-02        -2.2303027442104367e-03
36                                     3.1113793447757440e-03         5.1197455152192884e-03        -4.8216317555678321e-05         3.8051954351551441e-03        -2.0190649463232489e-02        -5.1220919104055492e-03        -2.3691688152421640e-02         1.6230520182348824e-03
37                                     7.8648346473996003e-03         6.2295938585911551e-03        -8.5543459003143471e-06         8.6062692616075513e-03        -1.2230251464736793e-03         3.4834883979485096e-04        -1.2719284784572238e-03        -1.8126450233522465e-03
38                                     8.8480577045921358e-03         1.1263906854751322e-02        -5.2350211249010911e-05         5.2549006850485268e-02        -1.2337016895655349e-02        -5.6541235621000510e-03        -2.0603410105667359e-02         9.5044917146604603e-04
39                                     2.2378247488407999e-03         1.8310606602983234e-03         9.0928421830150313e-06        -2.7121862609377091e-02        -2.5810134534483293e-02        -4.6315627964468760e-03        -1.5631720015612839e-02         7.8371470804235036e-04
40                                    -5.1685598898972996e-03        -4.7216229738620396e-03         1.1040622175612148e-05        -2.8213712062724167e-03        -7.2106955788242321e-03        -8.8577295475716867e-04        -1.1958213768327428e-02        -8.1049695111304397e-04
41                                    -2.1105913540691501e-03        -2.4052285208965131e-03         1.8850661392957387e-05        -1.2070985620162773e-02         1.0394535155188721e-02         3.1121327889287258e-03         1.9112960270556478e-02         1.7588237964349942e-03
42                                     2.7130829178665200e-01        -1.6333411103917853e-01         4.2040920445781366e-01        -2.2645955423336106e-03        -7.0552725706587898e-03         8.2062035295606892e-03         1.0176814574505796e-02        -3.8960462940216856e-01
43                                    -2.0203831168278348e-02         1.6057886803412448e-02        -1.0152735802015523e-02         9.7230045786479799e-04         2.6361478139409113e-03        -3.2924926883150132e-03        -4.2094730886909158e-03         1.9575571284595317e-01
44                                     9.3380594744261344e-02        -4.2683331286500738e-02         2.5638550208106808e-01         1.7869855490403232e-03         4.1086292163123057e-03        -5.3399909686447167e-03        -7.3062868818753743e-03         3.9548397879736735e-01
45                                     2.3765228394618867e-01        -1.4314882638884766e-01        -4.0370878964605927e-01        -1.6441394010739273e-03        -5.5020189010463625e-03         6.6429180532035781e-03         7.0071760180748397e-03        -2.3559734694570422e-01
46                                     7.8596773113372015e-02        -5.6721018094752787e-02        -6.7343996278178636e-02        -2.5350738759351982e-03        -6.9877053499833464e-03         8.7431413927594095e-03         1.0921134629491975e-02        -4.9840605938274701e-01
47                                     1.2491734876655874e-01        -6.8067592981087527e-02        -2.7306909002955781e-01         7.5365202623224863e-04         1.3591799134974002e-03        -1.9055169482139424e-03        -3.3868201594018672e-03         2.2222163326195574e-01
48                                    -1.0563128389528013e-01         6.2404976632329988e-02         1.4957394674763269e-01         4.5756676156676388e-04         1.8005790143365505e-03        -2.1157101835724648e-03        -2.0056556414872490e-03         4.5689522904054321e-02
49                                    -1.0776082369097070e-01         5.9713737087341463e-02        -6.5065432332244166e-01         2.4653358246682212e-04         9.6272374825961428e-04        -7.5702622499976377e-04        -1.6288872757809852e-03         6.0998363778736700e-02
50                                     2.8310889035970682e-01        -1.6239990604553875e-01        -1.6359966940468185e-01        -1.0823702961871974e-03        -4.5131046849385395e-03         5.3939014483284729e-03         5.6239067279736663e-03        -2.1580345933934619e-01
51                                    -2.9857886280839918e-01         1.7879503899337584e-01        -9.9529974037063478e-03         7.9485511771558589e-04         2.2703333753626323e-03        -2.2244675067528753e-03        -1.4870459667744515e-03        -5.5253863587318902e-02
52                                    -7.1564221647521719e-03        -1.6087713221767223e-03        -2.1713421222084899e-02        -5.0209204855038712e-04        -1.3771879973057816e-03         1.0932641941382736e-03         1.3389544407725719e-03         1.7326449330181348e-01
53                                    -2.2666333237748529e-01         1.4222846193218275e-01         5.0174480243664575e-02         1.0661105480911182e-03         3.0418947400813047e-03        -2.7480925976165879e-03        -2.3325590554813557e-03        -2.0385297504249383e-01
54                                    -2.7194457446319248e-01         1.5739951826891474e-01         2.1010696873650068e-02        -1.5827900919955347e-04         3.0561100357221851e-03        -4.0200292271749772e-03        -1.6069259030734872e-03         1.4533921686191475e-02
55                                    -9.2306408100257305e-03         7.3319479330742066e-03         1.2284495666203449e-02         1.9050873627323610e-04         6.2490922691565650e-04        -4.9692400015016508e-04        -5.8075856918972748e-04        -6.7853663176896520e-02
56                                    -1.9389382621906898e-01         1.2067184832682790e-01        -3.5753474682139491e-02         9.3896518792217353e-04         3.9104352829229189e-03        -4.1958387673433888e-03        -3.0710378159180367e-03        -2.4780068222394755e-01
57                                     3.2146972486795344e-01         5.4497053163029940e-01        -2.3900806626907210e-03        -6.7524362706273294e-02         3.6705679526948677e-02         1.8610125870608993e-02         6.2733149022885870e-03        -2.5190362746787746e-03
58                                     9.3468251727110624e-02         1.7461581322481898e-01        -9.4307086858585838e-05        -2.1372308065588177e-02        -4.6773303379727196e-02         1.0404718111193162e-01         4.4296702126008787e-02        -6.8786200663630854e-03
59                                    -2.8856889582186969e-02        -4.8026958710606853e-02         2.9223745242059961e-04         5.4488291094727881e-03        -1.0493825750488739e-02         8.6601779303319970e-03         4.5929526409109155e-03        -1.3672384544350595e-04
60                                     9.1012909187641156e-02         1.4565347605568277e-01        -9.1764264954667706e-04        -3.2340748862675205e-02         5.1515638721572519e-02        -5.0966967565024314e-02        -2.3273431205839492e-02         5.0556178039686686e-03
61                                    -5.0137979601555097e-02        -1.2202402702817459e-01        -2.3897845233674718e-04        -3.9538360246796763e-03         1.5640562205688080e-01        -2.2204156919641355e-01        -1.1585115827601658e-01         2.5967233003279914e-02
62                                     2.5518872624935840e-01         4.2321485621028898e-01        -2.2876223972375007e-03        -6.6186198758606374e-02         7.6123969099231720e-02        -5.1933964783770159e-02        -2.4233123628969643e-02         3.5341590547863311e-03
63                                    -5.5304031542030806e-02        -6.3364363325406653e-02         8.4758256437943483e-04         4.5023383850490740e-02        -1.3186866149882098e-01         1.6134336228990406e-01         7.9324451885802102e-02        -2.0206417695928857e-02
64                                     7.9954426769262329e-02         1.2627938327738064e-01        -6.1148577145427637e-04        -3.7878938336196856e-02         5.3587308618493146e-02        -4.3053536448577637e-02        -2.3085181884896968e-02         7.0371563834727875e-03
65                                    -1.6967711092521420e-01        -3.1131146820383754e-01         4.2391339493843449e-04         3.2107858570174501e-02         7.7448250042041519e-02        -1.6481632782168898e-01        -7.2864915296797866e-02         1.4164679141652760e-02
66                                     2.7355840159972684e-02         3.3317392589491616e-02        -4.1080373347011061e-04        -5.1072408282512626e-03         1.1825123991263266e-01        -8.3113943208780836e-02        -6.3283380162737407e-02        -2.0764063276771934e-03
67                                     3.9706036965279391e-02         6.6872160219045310e-02        -1.3763487682393502e-04         3.4799397022656484e-02        -9.3766129050077598e-02         6.0544156669579366e-02         5.5925625353543257e-02        -4.7048544978251896e-03
68                                     1.7775661198309505e-03        -1.3205750067347689e-02        -4.3128592800809133e-04        -3.7865804535561452e-02         2.2948036872376423e-01        -1.9760576227366675e-01        -1.1413542365541980e-01        -1.1304093176134275e-03
69                                    -1.1042270178956683e-02        -8.1505104709826918e-03         4.3143382172098986e-04         3.8481545212124643e-02        -1.7090127421675477e-01         1.3402880861738700e-01         8.3383642916616915e-02        -5.7984846659232423e-03
70                                    -1.1588174852113548e-02        -2.7720055573457924e-02        -1.8725429513989440e-05        -8.3932149520954385e-03         1.0766272224403803e-01        -3.9314066478119296e-02        -7.2509811457354731e-02        -5.6309356736612710e-03
71                                     1.6509301231596731e-03        -1.0200978107506146e-02        -3.1251915358036076e-04        -3.6781209729550179e-02         2.1320994983196662e-01        -9.7366760699051286e-02        -1.3512023916413668e-01        -6.0035058750808443e-04
72                                     2.1332421887720724e-02         3.8440973108016710e-02        -5.1585877375517767e-04         3.2416656227423638e-02        -1.5297420417937893e-01        -4.3593293357592894e-01         2.1185002128877659e-01        -8.2783601308977876e-03
73                                     4.9107417537965924e-04        -5.4228862363075152e-03         2.4179431024347396e-04        -4.6116733586903227e-02         1.8921247851495981e-01         3.2045914581435614e-01        -2.3419143340689677e-01         6.3827270033485419e-04
74                                     3.8637662569524091e-02         5.9278522682976537e-02        -4.3502596700025609e-04        -4.0161981852697766e-02         1.0023853337445449e-01        -1.3953065168045090e-01        -9.3828742908263707e-02        -1.3750340486303306e-02
75                                     2.9803261108776662e-02         5.0112153963549157e-02        -7.7816204588763201e-04        -4.4593012618027492e-02         6.8037877332133359e-02        -4.1958277854900367e-01        -3.0842403770827247e-02        -2.3436240238896310e-02
76                                     2.7847651931620556e-02         4.7307315668303380e-02        -1.7810106100529184e-04         4.5240475241981638e-02        -1.8828092338236627e-01        -2.1973363482944486e-01         2.3090432391423105e-01         4.6016084264842430e-03
77                                    -2.7039056286378761e-03        -4.2178626258417406e-03         4.5788475341686024e-04         6.2769666739546065e-02        -1.7787338496233757e-01         1.6773133671837440e-01         1.8177437255817380e-01         2.1121708848058529e-02
78                                     3.4774098723043614e-03         2.7363090487550366e-03         4.0566495015771913e-04         2.3807543878458896e-03         1.8100834491441974e-02         3.0241619946663517e-01        -5.5336466733282838e-02         1.2477527526025522e-02
79                                     7.4177104425131243e-03         7.4127422983163837e-03         8.5600647744571766e-06        -8.2593819000380167e-02         2.6430526613176675e-01         2.2647702555390797e-01        -3.1443994198363084e-01        -9.2022980808846178e-03
80                                    -7.5477103361811949e-03        -1.0566398176442837e-02         5.5276383744419901e-04         8.1241945525377571e-02        -2.3564903384774508e-01         1.6675561858399998e-01         2.3350473359916854e-01         2.4639579035113962e-02
81                                     3.3682347310585906e-02         4.0223421936879097e-02        -2.5733075432116478e-04         1.1125033487399061e-01        -3.3476532910365689e-02        -2.0923780664793484e-02        -5.0220734645825445e-02         2.0886694777991640e-03
82                                    -3.9772780829186678e-02        -3.6722107475871291e-02         2.2439098611536499e-04         1.6264248193082834e-01        -1.0385745786819146e-01         1.4594305674959589e-03        -1.4129620264327983e-01         5.6143265805160226e-03
83                                    -5.5479119924630484e-02        -7.3423873758691444e-02         4.8029046575983318e-04        -4.7085144063647921e-01         1.2119074526981267e-01         4.7586257910865903e-02         1.9461372159166024e-01        -7.1305609405766159e-03
84                                    -4.3238716565461972e-02        -6.1274225318567827e-02         4.9380930210887774e-04        -3.9534674119473062e-01         1.5631251542272118e-01         4.6508988378310336e-02         2.1188739718208652e-01        -1.1534219628757891e-02
85                                    -1.8025316592485793e-02        -1.8140206506028787e-02        -6.4554676630588248e-05        -9.3170091063141836e-02         9.9471768733493289e-03         6.3040663742111166e-03         5.2823265275084283e-02         7.5486397797715861e-03
86                                    -3.2279554376810647e-02        -4.1428083540711549e-02         2.4584521389771265e-04        -2.4148055076529185e-01         1.0151292718476113e-01         2.9248250862430786e-02         1.5256006063065555e-01        -2.3536912312295726e-03
87                                    -6.1288199106044891e-03        -7.3086268453114080e-03         9.1364253255549346e-05        -1.1642117927329347e-01        -1.0523742603007376e-01        -1.2533756114327641e-02        -7.4626583841391883e-02         3.1502200749520515e-03
88                                     1.8176530121723929e-02         1.4313194302697811e-02        -1.0995284636916184e-04         5.4810771018522310e-02         2.6596545628513929e-01         4.4285467257406876e-02         3.4060677591035171e-01         1.6153409809073992e-02
89                                     4.3914256878678452e-03         1.1904859632847292e-02        -1.6461805226330705e-04         2.7802859872427466e-01         4.0146707716162154e-02        -1.1878450709272572e-02        -1.1537609180113909e-01        -2.4663326890898066e-02
90                                     6.9660760747335916e-03         7.6988609295553416e-03        -1.6735202805482903e-04         2.2135703752614355e-01         3.6306100179572603e-01         5.8058541652616369e-02         3.5853419055784269e-01         7.1474414482655940e-03
91                                     1.0972480191730287e-03        -1.0189444028201286e-04        -4.6340074829022719e-05         5.3092819107973914e-02         1.5865995379951733e-01         2.7500669641660928e-02         1.8188278540911698e-01         7.0533692800028728e-03
92                                     8.3104966510330197e-03         2.2495790873578044e-03         1.4676044728234458e-04        -2.5972725728849066e-01        -1.8742032335049436e-01        -2.5361831843246124e-02        -8.2433890401170495e-02         1.2023459827996888e-02
93                                    -4.5460410384723119e-03         4.2926260892995035e-03        -1.9443241914285324e-04         3.7716862910777105e-01         1.8941923838197894e-01         1.6617701817906602e-02         1.5761749849016359e-02        -2.2803841172696702e-02
94                                     1.0246442419097323e-02         7.2425940707964960e-03         1.2003738763287251e-04        -1.7928421002661979e-01        -2.8528735310298148e-01        -4.8612003645013092e-02        -2.7230170625527250e-01        -4.2862646385101004e-03
95                                     1.0120086101020793e-03         4.4539860080484786e-03        -4.4425344126974145e-05         1.3425650460273980e-01        -5.6703641022435285e-03        -8.8230324955389863e-03        -9.6087521098678241e-02        -1.3820069608763207e-02
                                                        72                          73                          74                          75                          76                          77                          78                          79

0                                      2.3008780280812775e-04        -8.6857294163892720e-05        -3.0755188149754757e-04        -1.0437178903278801e-02        -2.5386520033833873e-04         1.0883642421926584e-03        -9.9827219146994356e-06        -9.9405898065640772e-06
1                                      5.4493410623892267e-04         1.1140532834163137e-03        -1.7427804219743864e-05        -1.7823372000845509e-03         1.1804161876159581e-04         1.1479879567073227e-04        -7.6563806326164402e-06        -1.2554115410340541e-05
2                                     -1.5229408867755085e-03        -4.2787350901169283e-03         8.5834816747613015e-05        -1.8667716115602631e-03        -1.6925407616576025e-04         9.8405060637319199e-05         4.3416983085981211e-05         6.2877041900277764e-05
3                                      1.5799208171605129e-03         2.6015990054723596e-03        -2.7053898707097651e-04        -5.8411126441392208e-02         2.7828987425825027e-03        -8.1305793053907671e-03         1.9213287825320234e-04         2.2955837922159761e-04
4                                     -3.1966677199300910e-04        -1.6993116361185309e-03        -2.0687617780241555e-04        -2.4532745878757877e-02         7.3498530541882495e-04        -1.8414296816008167e-03         4.7002667996912391e-05         6.3152676384478843e-05
5                                      3.3184324641678089e-03         8.3989881832369304e-03         1.5743737644351773e-03         4.9143287155179259e-02         8.1923927175855493e-04        -1.9317769273691559e-03        -2.5477185888782993e-04        -2.9966928547855650e-04
6                                     -2.0305718439143495e-03        -1.7581662735459479e-04        -3.0431612769031909e-03        -1.2904404681717425e-02        -2.0935957965833147e-03         9.3131872446701111e-03         4.5779719618929519e-05         5.6346897646816076e-05
7                                      1.3154952657994272e-04        -8.0039055663869759e-04         2.2076015433342670e-04        -1.7491853133225776e-03         6.2445785134731331e-04         9.4480002306551790e-05         1.9274355341708632e-07         1.0574581937655754e-06
8                                     -1.3074062133836013e-03        -1.5584272817833011e-04        -1.5182122889183609e-03        -3.1441018242486813e-03        -1.7204301289579830e-03         5.1386262452857946e-03         2.9696887508764978e-05         3.0125865846214391e-05
9                                      2.4062973178762314e-04         3.9054741861709987e-03         2.8744986451148037e-03         9.1660782550678571e-04        -1.4283468854087577e-02        -2.5836905386064416e-03        -9.1824908173090625e-05        -8.2715927657565479e-05
10                                    -3.0554122033094294e-04         5.7933546925813539e-03        -3.3626832711350520e-04        -2.8824510599814090e-03        -6.9034670226953360e-03        -2.5199988530975690e-03        -1.3507178177099404e-05        -1.0070350179396975e-05
11                                     1.8084557633900067e-04        -2.1713153699740666e-03        -1.1233385912757168e-04         5.0303192867822595e-03         3.1416508856020151e-03         7.2683301756991728e-04        -1.0221294768501936e-06         4.6438807316372087e-06
12                                    -1.3518577656619415e-03        -1.5645415509520318e-03        -1.7596046052228717e-03         9.9297420266331472e-04        -9.4927308794940583e-04         7.1603916679635685e-03         2.5439529548068029e-05         2.4116577099957083e-05
13                                    -1.1618494771477811e-03        -5.8350516465050699e-03        -1.7558045254589163e-03         4.5337634825044753e-03         3.7805843183429015e-03         7.6934022634328513e-03         2.3513131553620634e-05         1.8621917413708339e-05
14                                     5.2944962854342714e-04         2.6424160066162551e-03         8.1533583829358303e-04        -2.5982291390021124e-03        -1.7705378318260650e-03        -3.4161071012678568e-03        -8.4919649552042495e-06        -6.1031251997263668e-06
15                                    -8.0326309349933417e-04         3.4968466782889007e-04        -1.1521952827912994e-03         1.4037895345598439e-05        -6.4696076848836759e-04         3.5840734766862522e-03         2.1054695691510908e-05         1.4513662001202984e-05
16                                     6.0122389595674858e-04        -9.1874235856048627e-04         1.0798915864729823e-03        -5.0296589698873239e-04         1.3122209660544381e-03        -2.1948872853190561e-03        -1.1956913205764223e-05        -7.9983859933906303e-06
17                                     3.1322354816096232e-04        -1.9235935247423187e-04         5.7553188370387408e-04        -9.5318373851823108e-04         5.6921094227141232e-05        -1.4416278080606009e-03        -6.9200509439403206e-06        -7.0193524568783304e-06
18                                     1.3628778367771639e-02        -1.6185387897902758e-02         6.2342356736269679e-03         9.3349700817283712e-04         7.4047826426229105e-02        -7.4976774353869083e-02         2.9095516048219976e-04         2.1886967168558856e-04
19                                     1.2421953700723225e-02        -1.2944202410353938e-02         1.0800553479779077e-02         2.6765447006711048e-03         8.2889272666822125e-02        -7.8718043568751325e-02         1.9998482728906280e-04         2.8435170594818155e-04
20                                    -4.9176542040343585e-03         3.6962213129436189e-03        -3.0781003969128453e-03        -1.6359089800824203e-03        -3.4519693380038755e-02         3.2862785774840197e-02        -1.1021638366414313e-04        -1.4796865537705495e-05
21                                    -2.0832250230596799e-02         3.8909404450219709e-03        -2.5155068160549524e-02        -1.7945489230996091e-03         8.6020737087889473e-02         1.7293113455971640e-01        -4.4180557240233319e-04        -5.3994010309842296e-04
22                                    -1.3354920336317062e-02         6.2950479008296294e-03        -1.8599711238290614e-02        -4.4730414553476022e-03        -1.4793445966395613e-01         1.1231762205801264e-01        -2.4684977462767678e-05        -3.0589145380433951e-04
23                                     2.8175153837464773e-03         1.4790993904411090e-02         4.9363606574654817e-04         1.4311584806195009e-03         4.4491555616216802e-02        -5.7735619658407310e-02         1.3421062147293849e-04         1.2929358902774151e-04
24                                     3.1715323498301726e-03        -1.8929806005567162e-02         1.4800568812455206e-02        -4.0593832305892472e-04        -2.2565038425715420e-02        -1.1009094682285989e-02         6.6133977721681718e-05         5.1936196923952519e-05
25                                    -7.5667179314538920e-03         4.4844697327583796e-02        -1.8220617179452631e-02         7.0149845920767918e-05         4.1458711539594462e-02        -1.6975927575352101e-02         7.3102400945657814e-04         8.0479471907154497e-06
26                                    -4.5695879073946923e-03         1.8937422273169673e-02        -1.2057136040805041e-02        -8.2141880806403775e-04        -8.9808160050971180e-03         5.3780850569731089e-03        -3.5692262073851893e-04        -1.8230694317363393e-05
27                                     6.5786498249141047e-03         1.8116884510147733e-02         2.0720492628509106e-02        -2.0355244007574699e-04        -1.4366727881357702e-01        -9.9715991054946204e-02         3.1785232924497924e-04         1.9968360494159994e-04
28                                    -1.3385817527372180e-02         8.4489053240748378e-03         6.6496592862410903e-03         1.3507396458029611e-03         3.5083316410987525e-02        -1.2189949282952382e-02        -3.6611804900042829e-05         1.9258567460474936e-06
29                                    -1.8867477794535937e-03        -6.1269216033256685e-03         4.5279045807310172e-03        -5.1981416904246000e-04         5.0217320284334909e-03         1.5900871330373822e-02         1.2376565789251048e-04        -1.5485940336753634e-04
30                                     4.1872461303946373e-03        -3.2470432527916690e-02        -3.4883781631696309e-02         2.1867088233365143e-03         2.7759494430026274e-02         2.4213552495918776e-03        -1.4225385005307359e-03         3.6278544809099689e-04
31                                     1.0920812133552425e-02        -3.0230225983675568e-02        -3.7166096777411145e-02         1.9297883857093479e-03        -3.6411680960790546e-03        -6.0296511062141915e-03        -1.5121319395907534e-03        -2.6801037603663180e-04
32                                     2.1680186221674914e-03         1.0402784644969517e-02         5.7015359748730975e-02        -1.9838822899796477e-03         2.1492425363222392e-03         3.2663123337828845e-03        -9.6737036650101915e-04        -1.6462376848021306e-04
33                                    -1.3912924283882579e-03        -7.6420712496687616e-03        -1.8712595582200664e-03        -1.6064008038120754e-05         2.6583144116290765e-03         4.1501422991061052e-03         1.6927927976486769e-02         8.2670152405974590e-04
34                                     1.0020951502404806e-03         5.5601476904193758e-03        -5.6314930785677565e-04        -3.9319803874955037e-04        -6.4466240750435866e-04         3.4393794512808541e-03         2.8031944249761642e-02         1.3613557122144457e-03
35                                    -9.1209776086648223e-03         2.4355595322845397e-02         1.5336610289584742e-02        -5.2818845593477221e-04        -1.6524930266834672e-03        -2.9426649161731168e-03         3.8781577581986387e-02         2.0362038347027400e-03
36                                    -2.9929539042018147e-02        -1.3795366816682191e-02        -6.5920785602075968e-03         1.2441407576933099e-03         1.8515280663459626e-02         7.0440944425298798e-03        -2.7409073298571759e-05        -1.1572187448103195e-03
37                                     5.2592740980275290e-02         1.3273053879558874e-02        -1.4863055420177461e-03        -2.7573378804847250e-03        -1.3851391075485863e-02         1.8914193010321559e-02        -1.1667772042558144e-04         1.4517477645952725e-03
38                                    -3.1924872547772307e-02        -6.0067087418227945e-03         2.0066480211784915e-03         9.7413401257065793e-04        -1.0374746220996279e-03        -8.3812349998685105e-03        -4.4624931379207952e-04         1.3417779755706782e-03
39                                    -8.7592662901049227e-03        -4.3418224078725018e-03        -2.6948911269703214e-03        -2.9585886821812412e-05         2.7015807177175073e-03         3.3612039351519972e-03        -2.6863526237965357e-04         4.8388488909903186e-03
40                                     1.3973416695767451e-02         1.3478392299057411e-03        -2.1663552976462753e-03         1.4896189626278792e-04        -9.9782367092012838e-04        -3.4836039966394221e-03         1.5673812142886214e-03        -3.0259271682864401e-02
41                                    -3.3324906879441306e-02        -5.3737335276255833e-03         2.1058259450935737e-03         2.4876271659911260e-04        -5.9476072588485543e-04         2.6699386219276064e-03         2.0059751932955455e-03        -4.0119922805646600e-02
42                                    -8.8217899808873609e-03        -1.6151846015158521e-02         1.9363235683700823e-03         1.3408931529056681e-01        -8.4467734777023855e-04         1.7385223491973864e-03         6.7475930619817441e-05         1.1244922094546331e-04
43                                     4.7489753525327199e-03         1.0136550486905739e-02        -9.1798740896237459e-04        -5.3095844523489269e-02         3.8771776518755973e-04        -4.0627822982367229e-04         3.7042539540975937e-04         5.7624436048199403e-04
44                                     9.7570622254594640e-03         2.3017637071090832e-02        -2.0176342521158845e-03        -1.0694022382767746e-01         5.1375940763416820e-04        -2.0787841747088973e-03        -6.2250054643312900e-05        -1.0097196683385354e-04
45                                    -5.2225890552687528e-03        -8.3998457763955932e-03         9.8503117889095905e-04         8.5667522327829107e-02        -7.0399499685796715e-04         1.1462258772660986e-03         2.5246196832551449e-04         3.8414275218332032e-04
46                                    -1.2033636740951242e-02        -2.5219860803099126e-02         2.3512172330482049e-03         1.4595131318171706e-01        -1.1073466077429392e-03         2.1031234472238744e-03        -2.7972222399606734e-04        -4.1645587804650327e-04
47                                     5.8183827201450091e-03         1.3961576508919032e-02        -1.0652098380231510e-03        -5.8629358738357923e-02         6.4301303024687489e-04        -1.9522183529032944e-03        -2.6375165650004026e-04        -3.9411321463365360e-04
48                                     8.2179335483111254e-04         1.8855380452055252e-04        -2.7067435255583006e-04        -2.9779786057327038e-02         3.7679781743149169e-04        -8.1950274043655219e-04        -1.9913025580275195e-04        -3.5202058901424610e-04
49                                     1.4249869037479045e-03         2.1806724155354709e-03        -3.2736453101095306e-04        -3.6057466012673484e-02         5.3237669730331490e-04        -2.3860896434125104e-03        -3.1333568462406209e-05        -5.7375061519272009e-05
50                                    -6.0092252681416478e-03        -9.1214396887456650e-03         5.6861613436879672e-05         1.0469924693982177e-01        -2.7982214631597762e-03         8.8765286531374936e-03        -4.4498783638575864e-05        -8.0457789707573849e-05
51                                     1.8512279861980941e-04        -2.7728243124088181e-03         7.5945797572233853e-03         3.1059193909665062e-01        -6.1561467076193524e-03         1.4262061556658346e-02        -2.0126407517079242e-03        -2.3566812486949407e-03
52                                     1.2901893810089726e-02         2.9307589289116764e-02         1.4548122814944039e-02         5.3097371131093685e-01        -5.7209160914027304e-03         1.2853798808727203e-02         2.2658259425422846e-03         2.6511361656206497e-03
53                                    -1.1409135161991628e-02        -2.8084447976440666e-02        -6.2582451452211389e-03        -1.7417045536528855e-01        -1.1130889137416398e-03         5.7564922019624331e-03         2.2473785523883390e-03         2.6284089703140084e-03
54                                     7.0850719082591520e-03         4.9901679394550357e-03         1.5114081234110139e-02         4.8745005336142250e-01        -3.3387380985471053e-03         1.3943831556108300e-02        -5.6180015711471826e-04        -6.7257532943660030e-04
55                                    -5.0287188845048016e-03        -1.1716204501299805e-02        -5.7595696319199374e-03        -2.2355082126823081e-01         2.8387935211447828e-03        -7.5646558746577438e-03        -2.8685287539819563e-03        -3.4324784595631142e-03
56                                    -1.4167800648620331e-02        -3.8284760010022720e-02        -1.0158855680313595e-02        -3.6472315965226321e-01         4.1532685830727306e-03        -2.2427031067525477e-03         5.8169842696947796e-04         6.9641752903456340e-04
57                                     4.0091108630207026e-02        -5.0912687353620582e-02        -1.0220909334846772e-02         9.6451937430623962e-03         5.7182245155546416e-03        -4.9384336110762372e-02         3.0672203267092450e-04         1.5763916242095464e-04
58                                    -1.0192510169699952e-02         1.1644161984702425e-01        -7.1681989511469452e-02         9.2704691961694114e-04        -1.4856232554684374e-02        -3.9110947226349356e-02        -4.6467619968778873e-04        -1.9995456714870581e-04
59                                    -6.3268907402705393e-03         1.7480473313372349e-02        -6.5666771411379832e-03        -1.5238207693983711e-03        -1.3380580943276547e-02         8.5614616863474626e-03         7.1929516382640314e-03         2.2820033992441941e-04
60                                     3.8203573868366661e-02        -1.3521814571156460e-01         6.9064070736186589e-02         4.9776340661889318e-03        -3.2917968861069472e-02        -2.9901742780385793e-02         3.4161665874728889e-03        -1.3942088472434794e-04
61                                     7.6909814507062801e-02        -4.6743366157358207e-01         2.3199916704678863e-01         4.2273732247093496e-03        -4.2476965387130840e-02         1.4405770639052484e-01        -1.3360863055389535e-04        -1.8214504938287145e-04
62                                     6.3223448414105377e-02        -1.6957302230044555e-01         7.7555595022032964e-02         1.0582764596498212e-02        -8.3615990154866683e-03        -7.1040413013183368e-02        -1.4476916793183764e-03         1.6431351946100099e-04
63                                    -9.6234119846313554e-02         4.1011493436283269e-01        -2.3205054375938164e-01        -7.1489620094092364e-03         6.8221372484150791e-02         1.6235275560428461e-02        -5.1180156988055543e-03         1.0195493249072378e-05
64                                     5.3156094890138735e-02        -1.6943857819628105e-01         9.8657578110735458e-02         5.3979551224185877e-03        -1.7629940669958571e-02        -6.2538549133625276e-02        -8.3610865017815679e-03        -6.0433168041642960e-05
65                                     2.3814355146725141e-02        -2.3119473810213395e-01         1.4667376044507294e-01        -1.3933186519956332e-03        -5.9276417320043824e-03         8.0010961542400047e-02        -2.5345899239014960e-03        -2.3540294030134724e-05
66                                    -4.5145776032235574e-02         3.2301248792608067e-02        -9.0675151665923423e-02         1.4837750509239858e-03         7.7874070649947877e-02         3.8697506419246172e-02         8.1859464744961710e-03        -3.3097466523576060e-03
67                                    -2.8750721189679671e-02         1.1502652899643236e-01         3.6044923762950348e-01        -1.6989834815218357e-02         1.5519834995549944e-01         1.2522090786208512e-01        -2.4769730151740030e-03         2.0336751619555865e-03
68                                    -3.6363893439860531e-02        -2.1141978684207030e-02        -4.0498837070469940e-01         1.4291292929904506e-02        -6.8989881669305947e-02        -5.3419028610532993e-02        -4.1222125732424137e-03         1.9753327808263929e-03
69                                     2.2788333856177064e-02         1.1529883672975821e-01         4.4728643094233278e-01        -1.9820519768171171e-02        -3.6914521651603548e-02         4.5779625120397592e-02        -1.9281268514610595e-03        -5.9092986018296947e-04
70                                    -1.7735744493985007e-02         7.3054958958956390e-02        -5.0195982348079954e-02        -1.9063502114741475e-03        -8.8147343840838541e-02        -1.0354596790437371e-02         4.7922014516136773e-03         3.9496703871426056e-04
71                                    -3.7315900213111465e-02        -1.9505899096023977e-02        -3.3262993744993113e-01         1.2078604153488021e-02        -1.5470811231903621e-02        -3.0401005410304931e-02        -3.0042747476218506e-03        -1.0114365171201860e-03
72                                     1.3280826954419608e-02         1.0276707872000461e-01         5.7770043455535329e-04        -3.2658082068857579e-03        -1.0105962847724144e-02         7.5187393145866588e-03        -3.2363178999206793e-01        -1.6067917057897479e-02
73                                    -3.4665830563012617e-02        -9.1267246657246760e-03         5.0108158399087471e-02        -6.9843007864021098e-04         1.1772885904343364e-02         1.3370143607203571e-02        -3.5634402557656075e-01        -1.7772752809772370e-02
74                                    -4.3872674924596428e-02         1.5987275103280471e-01         1.0229729344412172e-01        -6.0324283936868837e-03        -2.3583985028090220e-05         2.3332353443603144e-02         2.1585880444676411e-01         1.0594744359668444e-02
75                                    -5.8979656478385191e-02         2.6516847142522298e-01         1.2772213406783683e-01        -7.3271954331324326e-03        -1.0747766592979593e-02        -8.1954069133381735e-04        -3.0093792908383732e-01        -1.5441127514988204e-02
76                                     5.4531821801747649e-02        -5.3699471720441018e-02        -8.1929186486351835e-02         2.0761865899857818e-03        -6.1955427769692008e-03        -3.4858677292765598e-03         3.1848225342626280e-01         1.6493058697452132e-02
77                                     8.1902679977101281e-02        -2.4166364098775833e-01        -1.5445342058840536e-01         7.3248886528350654e-03         4.5751246229091503e-03        -5.8758802066731586e-03        -3.7804529092932737e-01        -1.9409242037729112e-02
78                                     2.8694066097539713e-02        -1.5311069425183060e-01        -5.6787193540787297e-02         4.8051203525832130e-03         8.1308214900683868e-03        -5.2306177433784767e-03         4.3223264468158168e-01         2.1934200396172866e-02
79                                    -6.4833478212965479e-02         9.1107249287461403e-02         1.1295321486643224e-01        -2.3504578207144545e-03         2.7003442054796606e-03        -5.5804845736756124e-03        -2.8130250002569329e-01        -1.4229366071213553e-02
80                                     1.0265393431706570e-01        -2.8440059004634305e-01        -1.8152064878685342e-01         8.7194386402963502e-03         1.4971877960559057e-03        -9.5587825228530144e-03        -2.8146557767732655e-01        -1.4180683883896409e-02
81                                    -2.3649206486635117e-02        -1.7659612111882904e-02        -1.5307661557702530e-02        -9.9020198316946439e-05         3.3369685509132198e-02         2.8993026939042175e-02         2.6083378301547232e-03         1.3023796388294694e-02
82                                    -2.7780173680228459e-01        -4.1506555928527034e-02         3.1872252083870449e-02         1.3005409137524704e-02        -1.1621317492412089e-01        -1.6660417600021660e-01         8.8143382446028351e-04         9.6059917061500056e-04
83                                     2.3974562612432415e-01         5.3013720207206454e-02        -2.0481748981725149e-03        -7.7709911648085259e-03         3.4047494347250414e-02         6.8575769801258540e-02         8.9293402180105636e-04         3.2123776602087698e-03
84                                     2.9322213677369696e-01         9.2819757207859621e-02         9.7084370802010232e-03        -1.0602185489396563e-02        -1.7785614389043757e-02         5.8106482098883978e-02        -1.5322118217540913e-03        -4.9097347977649307e-04
85                                    -7.7383415517587775e-02        -6.2021429571791763e-02        -1.5673179231647461e-02         3.7146592071265220e-03         6.9847085580715423e-02         1.4390225552727121e-02        -9.3508388230479592e-04        -1.7864638480625916e-03
86                                     9.9182804187008713e-02         2.0820632736487911e-02         6.5627034546849820e-03        -2.8723859795719330e-03         1.7603298243978098e-02         1.3195095733458014e-02         2.9319764027342225e-03        -3.6669931696423845e-04
87                                    -5.1956752159243259e-02        -1.9402901208911503e-02        -1.1345278750551678e-02         1.0686188687496791e-03        -2.5225395990503580e-04         8.0024557246743417e-03        -2.5284838880583364e-02         4.9726740915183820e-01
88                                    -2.9514169662149359e-01        -4.8277703381569344e-02         4.5930936648083544e-02         2.7987801099727335e-03         1.0805395238774346e-02        -1.1248258725392561e-02        -6.9957439989415471e-03         1.3634963733787087e-01
89                                     4.4640768988601992e-01         1.0250048110867106e-01        -1.5806170593810964e-02        -6.5188596353155468e-03        -1.1713228248292555e-03        -1.9045647299506044e-03        -6.7336501952479444e-03         1.3076735837525955e-01
90                                    -1.5094596854850609e-01        -6.6458514415041470e-03         4.8962163209480214e-02         9.8372526288445787e-04         4.8338196647820932e-04        -1.5049838436181094e-02         1.3799837365902885e-02        -2.7011245017622704e-01
91                                    -1.3891925017777632e-01        -2.4041268899366322e-02         2.4694003742798627e-02         2.6181077320751762e-03         1.4857963271558714e-03        -2.2069683440863547e-02        -2.2760187056601603e-02         4.4783013544714129e-01
92                                    -2.0592089906406949e-01        -6.9852271378116809e-02        -1.0292165361682414e-02         5.5807053524559759e-03         1.0916479742091428e-02        -2.5338679455953337e-02         8.2646320311294524e-03        -1.6038043111483197e-01
93                                     3.9377537338042545e-01         1.0412770531909736e-01         1.6560547068426262e-03        -5.9770052543585556e-03        -9.1061025453552675e-03        -3.1309645147393006e-03         1.4247729745943226e-02        -2.8302573217805155e-01
94                                     9.7978175682166962e-02        -3.4138210931408810e-04        -4.0714538837425887e-02        -3.5229163202176182e-04         1.5065168587412407e-03         9.3013602412260026e-03         1.1982361993092168e-02        -2.3980303024871644e-01
95                                     2.4414753861216110e-01         5.7254843700482616e-02        -1.4847267676330650e-02        -3.4472763686164876e-03        -6.3647647001561121e-03         5.3069873997526728e-03        -2.4604373848170161e-02         4.8891101210009974e-01
                                                        80                          81                          82                          83                          84                          85                          86                          87

0                                      7.2324585893455634e-03         1.3798807055095843e-03        -2.4418463357590428e-05         4.2656671245205486e-06        -2.5888573613114696e-05        -3.5561940986514281e-03         2.5381602399267614e-07         1.2797773371924162e-05
1                                     -9.9221356518153659e-03         4.1955152937535609e-03        -1.3404328925927661e-05         3.8970219657530340e-08        -1.2195464577276728e-05         1.9000048499294698e-02         2.1290867963291083e-06        -4.3640723198476135e-06
2                                      4.5131183491213755e-02        -1.9529119583389404e-02         4.2189785106747957e-05        -6.9937179168750060e-06         4.7987222048498661e-05         4.3566293997670735e-03         2.3284534427199411e-07        -4.1845026634108689e-06
3                                     -1.5843935164843632e-02        -3.9836813762929940e-02         2.3507790262654476e-04        -2.1276820050225541e-05         1.7419836895666668e-04         1.3527333500650213e-02         3.6527901567194764e-06        -1.0926480616674336e-05
4                                     -3.2302186570366312e-03        -9.9768789539329116e-03         6.1048208157973296e-05         7.9259771043184217e-06         2.8903652263593998e-05        -8.6677807944712262e-02        -2.0498385413762857e-06        -4.7057658486566298e-06
5                                      1.4980503935345731e-02         4.8094940831732942e-02        -2.2850004101463201e-04         1.8009513845800152e-05        -1.4296021805384047e-04        -1.5530829578609141e-02        -4.9496162588973064e-06         6.4403542318412264e-06
6                                     -3.6540157442458429e-04        -1.6092101428771398e-03        -4.6312576259167283e-05         2.0032008032518434e-05        -1.0478969428909189e-04        -3.1004150170682067e-04        -9.5462598516649096e-06         6.9975718447884992e-06
7                                     -1.7483305862116977e-05         1.8106618067418869e-05        -7.4095484226351251e-05         8.4091982079302896e-07        -9.1253716854805032e-07         4.3100768411496657e-04         1.0640663169156698e-06         1.3207029672979387e-06
8                                     -3.7690824878527793e-04        -1.5555147471911564e-03         6.2861011096722601e-05        -6.8549130024308123e-07        -4.9518386093042034e-05         2.1274844553594648e-05        -9.1772570827743636e-06         5.6184515371379786e-06
9                                     -9.0163835427041118e-06         1.7850386617787126e-04         1.1399369068253733e-05         2.8163476742051835e-06         2.1993320314888509e-04         6.0320106052478057e-06         1.9425434292873725e-05        -2.0408179015946406e-05
10                                    -5.7565538954991193e-05        -2.3411458819421594e-04        -6.7781534431789466e-05         9.3679049950076599e-06         1.6510028970214116e-05        -7.9104634478615297e-05        -4.8663514697009205e-07        -1.0464390965047736e-05
11                                     1.5166712018002299e-04         7.8938387192336429e-04        -8.3422548705404127e-05         8.5316008099918337e-06        -6.8541183695231599e-06         8.3239320854482909e-05         3.2713796489501677e-06         4.5389952967021581e-06
12                                     7.2378460061026429e-05         1.3637058145196922e-04         1.8064152158683177e-05        -3.1666934442708740e-06        -6.7627129841336137e-05         1.7238648363583400e-04        -8.6969936510349518e-06         6.7208884480130950e-06
13                                     6.1887305023881965e-05         2.6049091088849912e-04         3.0068528063675541e-05        -9.6901740628387059e-07        -5.9779172613174037e-05         1.0376709679474234e-04        -5.6624822101064120e-06         7.1089917946296112e-06
14                                    -3.5402830155533316e-05        -2.4712581165828253e-04         1.3112557244661340e-05         2.7971399418795919e-06         1.5119420967318308e-05         9.5305076906953109e-06         1.0418618379995659e-06        -3.5985138552336506e-06
15                                     2.0210293739892667e-05         5.2942532823888583e-05        -1.4258787096626049e-04        -1.7417687711298918e-05        -4.5890975672163249e-05        -4.4910797700993695e-05        -9.4847280989520600e-06         1.1713323882937749e-05
16                                    -1.9673395320171597e-05        -9.7166453648647996e-05        -6.0766526411594728e-05         8.7466334644894839e-06         2.8328566969178726e-05         2.7870083499839454e-05         5.9515209742671988e-06        -3.6971351333624429e-06
17                                    -5.6992616074293555e-05        -2.4018210460123590e-04         1.5447555251607339e-04         6.1885697033274954e-06         1.5460990872093870e-05         3.9401230624724610e-05         2.5238380159439181e-06        -9.5253337015588641e-06
18                                    -5.7217241304611991e-05        -4.6357653786034805e-04        -2.4808951093642593e-04        -2.8327225939659345e-04        -4.7798376016081669e-04        -3.3132428036930255e-05        -1.1541651218193919e-04         1.7938334236757358e-04
19                                    -8.3454866190548630e-06        -1.4960131275830907e-04        -1.8181204384765291e-04         1.1099983687110888e-04        -6.0970557195656402e-04        -2.2958077244126469e-05        -1.2064628466434633e-05        -3.6798128438428339e-05
20                                    -2.0136222716240258e-05        -9.5186568200008209e-05         4.3019641133996637e-05        -1.0495090634972855e-04         4.4494645283355634e-04        -3.5527034957566546e-05         3.0812793670700825e-05         1.4108121002407844e-04
21                                     4.4101573319958921e-05         3.6372441517747205e-04         9.8220126787088523e-04        -1.1892555438332308e-04         2.1821577023620644e-03         9.7892673788324882e-06         1.7382068103920795e-04         9.5793648303545331e-06
22                                     2.0122377799191824e-05         2.4721395071489318e-04        -1.7824026982957370e-03         2.3782848070958650e-05         2.9637587013279864e-04         2.4259228025798468e-06        -2.0112385085523660e-04         2.1500945094084280e-04
23                                    -1.3983742961497483e-05        -1.3846347094434696e-04         3.7482216009379317e-04         1.3885441194539272e-04        -3.5228551472389868e-04        -1.4335997772362924e-05        -1.1230378680473381e-05         4.9898676684404083e-05
24                                    -4.2801168784644870e-05        -1.8179011877170531e-04        -1.3944046144406435e-02         1.1268403487575752e-03         9.6112073520678606e-04         3.3240469768072241e-05         2.8771199089304899e-03         1.8953710700346516e-04
25                                     3.1746865073862239e-05         8.8432037994785469e-05         3.6722453636995667e-02         2.5413514224212927e-04         6.4884538290723923e-04         1.1377310222628647e-05         3.4414782534073957e-03         2.9598346891667745e-04
26                                    -3.8602107375403112e-05        -2.0582184519219202e-04        -3.8965867658215504e-02         1.6655154108094720e-03         1.4480954756624996e-03        -5.2895176086882340e-05         5.1766418044236397e-03         5.1464156784836418e-04
27                                    -1.8166648735719128e-05        -1.6682508513866446e-04         3.7831289164031454e-04        -2.0128851911184972e-05        -8.1148108178874154e-04        -6.1970197334286957e-06         8.1848726937392571e-05        -2.6019882605606537e-05
28                                     6.8966781659694470e-08        -1.0259453231921736e-05         1.9511628395748543e-04        -2.9392000041367764e-04         2.3562737704743058e-04         1.0998703387079474e-06         2.3441630302994410e-05         3.2860662120791140e-04
29                                     3.7748983833664961e-06         2.9751800459519689e-05        -1.0805278900425494e-04        -3.0792451873899539e-04         1.1868804429503409e-05         3.2187924142238041e-06        -1.1490551753939896e-04        -9.5962348383430950e-05
30                                    -5.0851635623928850e-06        -4.6168529168742220e-05         1.8837942213470563e-04        -2.3537417399172686e-02        -2.3007957366831686e-02        -5.2303007500823588e-06         2.6495952920918147e-02         1.9607556150252150e-03
31                                     3.1242129615524332e-06         3.9257315186202198e-05        -4.7807356724851544e-04         8.8102932820571783e-03         7.0573664621590756e-03         7.5593344867297322e-06        -2.3576264771067546e-02        -1.6031312085161018e-03
32                                     1.2003064365209624e-05         1.1968233539799229e-04         1.5349094671285625e-03         4.3018541739162627e-02         4.4103868932154101e-02        -1.4290155179383415e-06         1.4631886411956388e-02        -9.4646723414577185e-05
33                                     1.7950618251681180e-05         7.1941525729713908e-05        -1.0638953832344674e-03         3.8708708112244693e-03         4.0860595230601078e-03        -2.8372191910509498e-06        -5.8615951916083202e-02        -7.8680337204148163e-03
34                                     3.3211487308645765e-05         1.3419907389726008e-04         1.0385903905335314e-04        -1.7757575241740463e-04         1.9910254386192294e-04        -1.0636328067664931e-06         5.2477853254107566e-02         6.1601497748364261e-03
35                                     4.7215769150094365e-05         2.1048499397841500e-04        -4.4940065840148630e-04        -3.3276054726515208e-03        -4.1537604171819863e-03         3.6506201182529670e-06        -1.2368235988379663e-02        -9.3082730211828586e-04
36                                    -1.3570114538350440e-05        -1.2466498097999561e-04         7.9289254479643527e-05         3.0946216819047526e-02        -2.9744409837373368e-02         2.0024466761752720e-05        -3.2789459896510700e-03         2.7007573545779442e-02
37                                    -3.8673666818929643e-06        -3.8000212462617868e-05        -9.4454194002906453e-06         3.0768390600205425e-04         1.1290907460658663e-03         1.2436993104257529e-06        -1.6006607825338685e-03         1.3063068463920680e-02
38                                    -8.1349882109588509e-06        -1.0101687719726477e-04         2.7482208104478393e-04         3.8036181818810133e-02        -3.8750683325143018e-02         8.5080790314896610e-06         2.5635711778686722e-03        -1.4351439131259315e-02
39                                     3.2389813742490305e-06         4.9956466219661507e-07        -8.1971002285454451e-05        -3.8946559196073086e-03         3.7406118452304967e-03         5.7708521629210899e-06         3.9798133513914138e-03        -3.6816554761431280e-02
40                                    -3.0364974610885552e-05        -1.5791824575632133e-04        -4.8982983811860313e-05         5.9076612934224834e-04        -2.2224646075757197e-03         3.3792950724937392e-06         6.2611245359142347e-03        -5.7251695627137091e-02
41                                    -4.2096204577914584e-05        -2.3011161285522731e-04        -2.7858861879307551e-05        -2.7358321645203250e-03         3.5561551732126639e-03        -9.8716762052748722e-06        -5.0041549709981467e-03         4.6316504916933010e-02
42                                     1.1292822182581323e-01        -4.1513261122794888e-02         1.0388389908431119e-04        -6.0551165474191422e-06         9.9687029820285573e-05        -3.3765001538509004e-02        -7.0715647683064509e-06        -2.7635912661450641e-06
43                                     5.1773477738651286e-01        -1.9861002282075327e-01         4.5184756429848084e-04        -3.4316722159419979e-05         4.5567272376117410e-04        -1.4445232849833808e-01        -3.1450629771898190e-05        -1.5691403781320004e-05
44                                    -1.0090036197937310e-01         3.7088497743882530e-02        -9.1123127991001303e-05         4.5447865814021886e-06        -8.6062217666147819e-05         2.7555388377991135e-02         5.4930378985000381e-06         1.9239690027546811e-06
45                                     3.0365506352811622e-01        -1.2531044658485122e-01         2.5786278771247102e-04        -3.9924116617851673e-05         3.1934618739801158e-04         8.3196583312751760e-02         1.6462234632614728e-05        -6.1928436579145754e-05
46                                    -3.1537596476940277e-01         1.3250372649045228e-01        -2.6545663890209341e-04         4.0553550947072479e-05        -3.2828588397167862e-04        -8.2924597062490529e-02        -1.7899325744888751e-05         6.2758094383329492e-05
47                                    -3.1212823751715102e-01         1.2868207466129375e-01        -2.5416254164167449e-04         3.9500282510322405e-05        -3.2087520924769061e-04        -8.3120603205403681e-02        -1.7453629016331172e-05         6.7258984824193873e-05
48                                    -4.9640829947495202e-01         1.5241955145679781e-01        -8.4050723883111097e-05         2.4230585966828075e-05        -2.4502734147560315e-04        -6.3217925677902199e-03        -2.2491387310718974e-05        -8.3729912967010975e-05
49                                    -8.7386105874751457e-02         2.5212214544051398e-02        -2.3476737778688420e-06         2.8600724868667361e-06        -2.6968738985336923e-05         2.8263309708633881e-03        -4.6558443796560496e-06        -1.8156817763287134e-05
50                                    -1.0529674074010580e-01         3.7050711618687615e-02        -4.3517958987223952e-05         1.2081318570263966e-05        -1.1699875066774412e-04         2.9025686735442078e-04        -9.3627067747797281e-06        -1.4801513516751798e-05
51                                     1.4520649887399475e-01         3.8472160895996066e-01        -1.9648700525304571e-03         2.0067466776119784e-04        -1.3519279576250369e-03        -3.0611493773609494e-01        -3.5770720271648719e-05         4.2977625465957170e-05
52                                    -1.5936625423060807e-01        -4.2531780182081502e-01         2.1225026238470232e-03        -1.9897480961705150e-04         1.3675212287370350e-03         3.2822516846767147e-01         3.3578123609331378e-05        -4.5779052450348443e-05
53                                    -1.5561886919156515e-01        -4.2230478842045022e-01         2.0950200001221028e-03        -2.0451554261127837e-04         1.3630352411678098e-03         3.4165129752356627e-01         3.4175077940070905e-05        -4.5426801308759216e-05
54                                     4.2258906608232519e-02         1.0926124815524196e-01        -8.2806623969020163e-04         1.2287916421286151e-05        -3.4732951751640165e-04         1.4743525484170183e-01         4.1829753504138994e-06         4.0109937137526189e-05
55                                     2.0240147157804478e-01         5.3908513551789061e-01        -3.1447076324479036e-03         6.7999367751089045e-05        -1.5110472994660602e-03         6.9635696057978946e-01        -4.6025587098410773e-06         1.2407982889488543e-04
56                                    -3.9057805132563871e-02        -1.0964543583519706e-01         6.1040646317700020e-04        -1.2443252571594665e-05         3.0753978169019848e-04        -1.5641690903184557e-01         1.9053168691638809e-06        -2.4144286400314425e-05
57                                     1.1668191977091677e-04         4.0168156543179186e-04         6.4120598888568234e-02        -1.4733866156682598e-03        -1.5624633374980174e-03         4.9148890299526482e-05        -4.0438745177680925e-03        -4.5778549507425020e-04
58                                    -6.2460135384267282e-06        -7.8211605942806389e-05        -1.5861737386412465e-02         4.1797149824504001e-04         9.1841766316106018e-04         1.1703228089387216e-05         1.3526095039615665e-03         2.0226172396284428e-04
59                                     8.3544083494332933e-04         3.8461754681723705e-03         7.5889745000491193e-01        -2.1871493455887941e-02        -1.8723934202713548e-02         5.6530425453311624e-04        -5.0873076107092151e-02        -5.3980671576308176e-03
60                                     6.7101115540789999e-04         2.5334481716864816e-03         3.5090410568824493e-01        -5.2577881153648880e-03        -2.3030890347443306e-03        -3.3347106324790155e-04         8.1991935169867377e-04         4.8850485967408415e-04
61                                     1.9799729359276850e-05         2.0632787184783386e-04        -2.2687577922555578e-02         9.2181908047471862e-04         1.3215426443696913e-03         6.2187309242538646e-05         1.0194689904617425e-03         2.3417390248089181e-05
62                                    -2.3320630990349251e-04        -9.9882379346889457e-04        -1.5862914460181357e-01         2.6189165885762795e-03         1.0776498460190033e-03         1.1504764300672103e-04         4.4435368551725064e-04        -1.5968308725239699e-04
63                                    -2.9062611571378490e-04        -9.3640405050562795e-04        -2.6130435057422313e-01        -1.5563020831025069e-03        -4.8043609910475224e-03        -6.6679034045354971e-05        -2.7437196846578363e-02        -2.4592737637811443e-03
64                                    -3.5573798682032322e-04        -1.2129880062613960e-03        -3.7053500220714836e-01        -4.0378498900439869e-03        -9.2261017421861550e-03        -1.0720350864517436e-04        -4.2615205791987111e-02        -4.1376500682168945e-03
65                                    -1.2768747572814744e-04        -3.6132594767716917e-04        -1.4128034735951664e-01        -1.6616962718032759e-03        -3.3124324016894553e-03        -3.9717518713357030e-05        -1.4390248078417749e-02        -1.2674119158569859e-03
66                                     1.3351271874742238e-04         1.2156739012664640e-03         1.0068811645205102e-02         4.4527146838964698e-01         4.4297874784663660e-01         1.2937121878916549e-05        -1.2455507006111276e-01        -1.5697535045846436e-02
67                                    -8.9924021374742134e-05        -8.4553177987061379e-04        -6.4193052507516331e-03        -2.7274152227545506e-01        -2.6996887647138856e-01        -1.9421501191209651e-05         7.4076731165270499e-02         9.8052881319573484e-03
68                                    -8.6079605170607759e-05        -7.9191837169595219e-04        -5.4778143447110393e-03        -2.9118284435709424e-01        -2.8820048538148912e-01        -9.6243501593215090e-06         8.3842009964025729e-02         1.0669487325410548e-02
69                                    -5.8329604565367776e-05        -6.1942424137940055e-04        -1.0259716530811936e-02        -1.6843138174865843e-01        -1.7615224227381651e-01         4.0960215179360218e-05        -1.9565662144382059e-01        -8.4071721344210187e-03
70                                     6.0046860883468808e-05         5.8279415602314208e-04         9.0618492907016904e-03         1.7404468572615481e-01         1.8460494193182969e-01        -4.8465770053420698e-05         2.0703713345668906e-01         9.2621467832862594e-03
71                                    -7.5217418301385576e-05        -7.4147961696826735e-04        -1.2556278447955838e-02        -2.0715515549368241e-01        -2.1974723456286177e-01         6.0400620891748650e-05        -2.5292602390232777e-01        -1.0696029148652775e-02
72                                    -3.7931776583556489e-04        -1.6051464294384687e-03         5.2995954144494590e-03        -2.0001039188577294e-02        -2.1071403524151718e-02         1.4973509013427210e-05        -3.4060371252956752e-02         5.5551901837229000e-04
73                                    -4.1751921990899611e-04        -1.7718140064134000e-03         6.3278029261366175e-03        -2.2911182434157091e-02        -2.3786770497033635e-02         1.5986978482890056e-05        -2.1409877347020170e-02         2.5619545165428991e-03
74                                     2.4705197885245236e-04         1.0213362462606779e-03        -3.6014500991171055e-03         1.5983339703535757e-02         1.7511253848107561e-02        -7.9153167192086984e-06         1.5938423672440104e-02        -1.2889867466008890e-03
75                                    -3.5043279202583546e-04        -1.5230799056476379e-03         6.8898674200942849e-03        -5.2039352723932627e-04         4.4967954862392438e-03        -1.1536492218919822e-06         3.1687650701519932e-01         3.7931557709046042e-02
76                                     3.7192902591043944e-04         1.6196947874554824e-03        -7.4556487317562290e-03         1.7844432563001150e-03        -2.7478984561049653e-03        -1.0015215670658497e-06        -3.3475381502503765e-01        -4.0320977543930908e-02
77                                    -4.3906560740513648e-04        -1.9172249394497382e-03         9.3383078742794359e-03        -3.7597080349414318e-03         2.5473099766932447e-03         5.6558942487255013e-07         4.1066871018892165e-01         4.9431551734949668e-02
78                                     5.2356007746455057e-04         2.2630921808150391e-03         1.4694301479147413e-03        -2.8786926665748280e-02        -3.2069711506092433e-02         2.0416993561040545e-05         4.1504986328250215e-01         5.4915172625669396e-02
79                                    -3.3823699937102978e-04        -1.4586147604099739e-03        -3.9089563925814142e-04         1.9028466338916961e-02         2.1062546961382274e-02        -1.5175696853003645e-05        -2.6999729804917050e-01        -3.5966743685168216e-02
80                                    -3.3843470998692752e-04        -1.4620303830582694e-03        -1.5154177386159946e-05         1.7342826290589943e-02         1.9521625240072164e-02        -1.0520772882756233e-05        -2.8151279292203291e-01        -3.7276902725848937e-02
81                                     2.2012221088383611e-04         2.0450346544208116e-03        -3.8765878067968731e-03        -5.3949183648216403e-01         5.2725218216824610e-01        -2.6218291120672267e-04         1.8183221170785569e-02        -1.8569009318106933e-01
82                                     5.9772310621115177e-05         5.5212492769236355e-04        -6.7082747915557040e-04        -1.3961625047339130e-01         1.3507796804072328e-01        -6.6143796482367087e-05         4.2279175788385841e-03        -4.6905746956197376e-02
83                                     7.1392491392003365e-05         6.5903123708843355e-04        -1.1998432306759355e-03        -1.5757896936161833e-01         1.5334073411329344e-01        -7.4030752212381529e-05         5.2563607777723212e-03        -5.5458790419667253e-02
84                                    -3.8876234897291578e-05        -4.0383492917530538e-04         1.6013972595933571e-03         1.7919268262586380e-01        -1.8285576568870798e-01         2.9210104527544653e-05         2.0670485161593755e-02        -1.3841089685994346e-01
85                                    -3.3660157919394405e-05        -3.6357775486674823e-04         1.1096646057954370e-03         1.4156046566630986e-01        -1.4624786105960735e-01         1.5952170149093856e-05         1.6631491343949849e-02        -1.1344929085122714e-01
86                                     7.4423744188251538e-05         7.8041187865768920e-04        -2.4683177983452005e-03        -2.8481139176846587e-01         2.9302886919504972e-01        -3.5778859606519885e-05        -3.4656732402313359e-02         2.2929932342444323e-01
87                                     5.4778695481302528e-04         2.9541885399239905e-03         9.8529855067773378e-04         3.6643178645970290e-02        -2.9807876589674487e-02        -1.6943064176427634e-05        -3.7426895769593335e-02         3.4151467718750822e-01
88                                     1.4437020382579630e-04         7.7432994009520386e-04         2.3518115827423234e-04         1.0548702143490005e-02        -8.6689828161266615e-03        -6.4771908644611344e-06        -9.5919444278514260e-03         8.8389587634835926e-02
89                                     1.4293815898793754e-04         7.4586358857905641e-04         2.7790063664535572e-04         8.5858579842764543e-03        -6.6373825903764533e-03        -7.9088269112335679e-06        -1.0886912766360947e-02         1.0020856225002234e-01
90                                    -2.7567076197390552e-04        -1.4496521020198705e-03        -5.9266114506627417e-05         1.3094255556903302e-02        -2.0352299205077373e-02        -9.6185231822494291e-06         2.3435075228732682e-02        -2.1218951902038663e-01
91                                     4.5863584107001478e-04         2.4172736637279521e-03         5.2269481888598920e-05        -2.1743478331445871e-02         3.2397390326404721e-02         1.8101631854496017e-05        -3.6981177116816970e-02         3.3539500903203318e-01
92                                    -1.5711169496448506e-04        -8.1525130226024365e-04         1.9004795753285286e-05         1.0042931988343698e-02        -1.4566704583660365e-02        -5.7756425557978861e-06         1.2522282027322071e-02        -1.1304507303883199e-01
93                                    -2.9941281427919852e-04        -1.5554526649185758e-03         5.5251705416623284e-05        -4.4883991499761839e-03         8.6367808597957469e-03        -5.2054183776255397e-05        -3.3492906805274517e-02         3.1090459539031673e-01
94                                    -2.5519881982130193e-04        -1.3132852476604538e-03         6.7641180706012001e-05        -2.0200182081057646e-03         5.5275076101746149e-03        -4.1131655735934318e-05        -2.7679773449827919e-02         2.5749264702974273e-01
95                                     5.2102927787680555e-04         2.6882546261110564e-03        -9.0062977762285992e-05         3.7298472674553496e-03        -1.1460132772232377e-02         8.9148270567007839e-05         5.8323583791848231e-02        -5.4104163010299211e-01
                                                        88                          89                          90                          91                          92                          93                          94                          95

0                                     -2.2903564580986543e-05        -3.3660078759242616e-02        -1.8954535372877108e-04        -8.1426200654744332e-02         3.3697089117083425e-04         6.8511256927825446e-05         4.6222469428198691e-05         1.0453176073580745e-05
1                                     -1.5300853421880591e-05         7.7894290327256713e-02         3.4301882898585116e-04        -3.5993367642151317e-02         1.9350222153111270e-04        -5.6588341357562325e-06         2.3225047412819902e-05        -1.1076783113073200e-05
2                                      4.4758598839536702e-06         2.2229388421444195e-02         1.0868845401848035e-04         5.4199667860783509e-03        -1.1389478613894497e-05        -6.7993709452706021e-06         7.4072344713916361e-06         1.8316746365496120e-06
3                                      1.7191597922795350e-05        -4.0680630043301424e-03        -7.5667235638274442e-08        -1.8851411999129786e-03         7.1935241187376271e-06         4.7989870040859125e-05         4.7367157442662114e-05         1.1742855885042671e-04
4                                      5.8930945963352623e-06         1.9261541728700288e-02         9.4973706537354108e-05        -4.7479492908411702e-03         3.9192230775160415e-05        -1.5213433197871571e-05         5.0033113776698587e-05        -6.6866828070659968e-05
5                                     -7.2832112187758447e-06         4.5515923681730772e-03         1.3560285602485652e-05         1.3125452996582314e-03         2.8479712564261177e-06        -2.9534381179621774e-05        -1.1446138844728394e-05        -4.1878010924153585e-05
6                                     -1.8264515999892791e-05         1.3984866024408193e-04        -1.9177560429407748e-05         3.6138157870755294e-04         1.0713771345747890e-05        -2.8282394018437690e-05        -8.3077016390499358e-06        -1.1107247781052995e-04
7                                     -1.8214585000966292e-06        -2.0618586837941935e-04        -1.5091382061077735e-06         9.2109507613424203e-05        -7.2195592553327649e-06        -6.5370763733628717e-06         1.3238403558710823e-05        -1.1225948768190520e-04
8                                     -9.3547301737926082e-06        -4.1799954707041258e-05        -9.5107896857820979e-06         1.3059466277059268e-04         1.2643192958029047e-05        -2.7369707448601425e-05         1.0469304174952455e-05        -3.7331928609043322e-06
9                                      3.9032583739077131e-05         1.4528876103977585e-05         4.5131145391606705e-05         5.0269688363578584e-05        -3.0496188444529127e-05         8.5578066022732867e-05         6.5946342918311526e-05         8.7181326598006036e-05
10                                     7.5752404731773531e-06        -2.0014545740880537e-06        -5.9396296544466367e-07        -8.4052418477979019e-06         1.3891320140602509e-05         4.4505343730938117e-05         5.4749185170931540e-05        -1.3363051335015673e-05
11                                    -2.2638052439082864e-06         3.7840967348248836e-06        -1.2297995875034981e-07         6.1810141944042071e-05        -5.0050101099892994e-06        -1.0751105807433632e-05         1.8407323780054965e-06        -1.1718276422671398e-04
12                                    -1.0854763134431452e-05        -2.8613096269878349e-05        -8.9767889260872969e-06         3.0400237610629665e-06         1.1425235909661445e-05        -3.1039406343084830e-05        -2.7441261317797025e-05        -1.1124554660504298e-05
13                                    -9.4121112620278052e-06        -1.5416241801013039e-05        -1.2301368949884368e-05         2.7892700500437363e-05         4.7453199365903299e-06        -2.8089069330716266e-05        -4.2089230384803191e-05         1.9317630480725372e-05
14                                     4.4445673853752571e-06         1.2134399801081409e-07         1.3607128704169647e-06        -2.9617664471223572e-05         1.5388855399094152e-06         1.7125401338874331e-05         9.8354174548913521e-06         3.2993143145558328e-05
15                                    -7.8746610630335654e-06         6.1980738178434197e-06        -4.7151870505824821e-06        -3.4698827844951596e-06         2.0039061543241541e-05        -4.7583166541381592e-05         7.2530332287923236e-05        -2.8501085010461359e-04
16                                     1.6751547464119575e-06        -1.2256484569105586e-05         2.4216524392217837e-06        -7.8269962253394365e-06        -9.5212923543583811e-06         2.0137278095607618e-05         7.5078044969834472e-05        -1.6664375088953294e-04
17                                     4.9255321525805033e-06        -2.3581259092168652e-05        -5.3466873774184536e-07        -1.8570483070692799e-05        -1.1023908769615933e-05         2.9343962387923568e-05        -9.7801843780213595e-05         2.9083676117082428e-04
18                                    -1.0529413465582528e-04        -1.8117390024071829e-06         2.3697381111337029e-05        -1.7519745341587562e-05         1.9849090481035420e-04        -4.6796428878843806e-04        -2.2470337112499457e-04         2.0900683663706683e-04
19                                    -1.0378848473289570e-04         7.7122781810056626e-06        -1.3172351592540544e-04        -1.1285632931512231e-05        -2.8853357856026651e-05         4.4545348517541103e-04        -1.6769498647271083e-04         1.6569289037388687e-04
20                                     5.3915489599730578e-05         6.6461652255737373e-06         2.4339723259789747e-04         8.9421753905567160e-07        -5.4443217785527527e-05        -1.6067464640008588e-04        -1.3683715312733173e-04        -2.3089685117026783e-04
21                                     3.1198735486394574e-04         3.6032257936260064e-06         4.3521287883741227e-04         1.4358596233621456e-05        -2.9840738776629075e-04        -4.6421355644683462e-04        -5.9650282138231031e-04        -2.1132188729814215e-04
22                                     1.8533396448829236e-04         3.4352714469895830e-06         2.2882807706374263e-04         1.2630785198929174e-05         7.0207911856596530e-04        -7.7090765374521002e-04         1.1162250841025944e-03        -7.7385333050044138e-04
23                                    -2.5895731651898438e-05         1.9992599227976231e-06        -6.6774861285331298e-05        -6.1176487361343033e-06         9.3806308420700660e-06         5.3539152199495747e-05        -5.0581491656404389e-04         3.6678187836672462e-04
24                                     5.4355884463574890e-04        -1.5620397220328644e-05        -7.2779171765028621e-05        -3.9341425744008497e-05        -4.1615034722561756e-03        -1.2695134251707887e-04        -1.2212338628403884e-02        -8.1703433469418343e-02
25                                     8.9369893825291358e-04         3.2282891527625271e-06         1.2956512000828391e-04        -7.2040582053769055e-05        -7.1296585946266514e-03        -8.8854579214918655e-04        -4.6698472666025843e-02        -2.3459493157200407e-02
26                                     1.4769450822617462e-03         2.4264085832022926e-05         2.4159960722822568e-04        -8.0611484135463264e-05        -9.6285137065097413e-03        -1.3735819287895744e-03        -7.1035162859027640e-02         2.7136774806819308e-02
27                                     1.7400070322302793e-04        -8.0313458049294317e-07        -4.5507545641166652e-05        -7.2393836844839127e-06         1.0047122595824329e-04         3.5872885948505295e-04         1.4787036838386687e-04         2.3502572480802152e-04
28                                     2.6154245545455810e-04        -1.0700821404667731e-07        -1.2425406145267359e-04        -2.5135738265535171e-06        -3.3065506825960501e-04        -3.9595167475861228e-04         4.9412808245707606e-05        -2.5189379756958844e-04
29                                    -4.2059419466287434e-05        -4.4170907233846375e-07        -1.1691707486399054e-06         1.8317483944313494e-06         1.7797326354548239e-04         2.7089928332184410e-05        -7.8206058275703114e-05         1.8623276973914717e-04
30                                    -8.9612627403235119e-03         2.8198386698646269e-05        -3.9503563459146072e-04        -2.3407287647548474e-04        -5.6111678711159005e-02        -3.8113056171133509e-03         8.8868540872308836e-03         1.4259181254431801e-03
31                                     6.0373111379747506e-03        -2.2140864391849478e-05         7.2622240838251791e-05         2.0656974009687428e-04         4.8472724234516602e-02         3.4596148600301645e-03        -8.3789079762821416e-03        -1.3532740976885643e-03
32                                     2.1492466224180481e-03         1.1398549170513963e-05        -1.6399285606358789e-04        -1.0719650300783065e-04        -2.4615874821540210e-02        -9.1552639031475659e-04         6.3898455037822814e-03         1.3273471574606957e-03
33                                    -5.3615477328564878e-02         1.1698494223924178e-05        -2.8978033703040728e-04        -9.1988438854452996e-05        -2.3617525857898017e-02        -1.2595677894045229e-03        -1.9113347189863795e-03        -7.4913538526673274e-04
34                                    -4.0141171289429567e-02        -2.0824038673053748e-05         4.6328594599795149e-04         1.4719852232501223e-04         3.0881133793308379e-02         1.1907742539388930e-03        -1.1654998974016265e-03         2.6834934816734031e-04
35                                     5.8116982451980201e-02         1.1400449985447332e-05        -2.6798157781241048e-04        -6.3937620500142405e-05        -1.1909300404530389e-02        -1.9524341271354588e-04         2.0298048421249089e-03         3.2676008504240307e-04
36                                    -7.9533259944726157e-05        -1.2757027871918155e-04         2.2017124178472784e-02        -3.4952707956526769e-05         2.5537368582103275e-03        -6.1856388305027411e-02         8.2653681235843183e-04        -7.9196402594671419e-05
37                                     1.6601695963049972e-04        -7.2454443429831680e-05         1.3011270443014224e-02        -2.2758947545736252e-05         1.1891986312313528e-03        -3.0421534888893025e-02         4.9042315026132826e-04        -7.1175410266639613e-05
38                                    -5.0434509237192511e-04         1.0186921812130294e-04        -1.9084661119539534e-02         2.4015911630817059e-05        -2.3727213922730339e-03         3.4162827000487818e-02        -6.0310589028831089e-04         1.0364717072339360e-04
39                                     6.8777399376594023e-04         2.8754252346250246e-04        -6.7898421378058099e-02         7.7624713455648273e-06         4.2430905870236048e-03        -4.4640809758794503e-02         8.2952720036348783e-05        -3.4525082949596192e-05
40                                     7.5623140561738268e-04        -1.7268083690007055e-04         3.5126106341892782e-02        -2.0183410311299297e-05         1.6398528748065668e-03        -1.0482129481926816e-02         1.2014147543133098e-04        -2.2578983005393335e-05
41                                    -6.1674874596732976e-04         1.6132599085444998e-04        -3.3138982411111483e-02         1.3780029645671529e-05        -1.4026513322702781e-03         6.6350586746928555e-03        -3.4109337411274107e-05         2.3440734511474388e-05
42                                     4.1419150731033142e-05        -1.2675713778934225e-01        -5.4108665777749705e-04         9.0280714884455729e-02        -4.5438768469976043e-04         5.1242039668603180e-06        -2.6172189692059165e-05         2.9066339793019482e-05
43                                     1.9492955962740878e-04        -5.5527771102213119e-01        -2.3498950023528933e-03         4.5487849340924247e-01        -2.2582251479413653e-03        -3.2214421527991766e-05        -2.1907829850988979e-04         6.8977698171546184e-05
44                                    -3.8338231883532379e-05         1.1752436999614593e-01         5.0051465914156519e-04        -9.2103775709786576e-02         4.5866192384859974e-04         3.0853116229690814e-06         3.1196042699181861e-05        -1.8489026915447646e-05
45                                     3.2333054232932473e-05         3.9772221301170757e-01         1.9063488793070599e-03         1.3245011173137980e-01        -3.7763365015750536e-04        -2.0787664411132318e-04         3.6593396620008185e-05        -1.1789126720849504e-05
46                                    -3.6358653171978960e-05        -4.0642961863405264e-01        -1.9510133806951672e-03        -1.5143404005942673e-01         4.5322227718490044e-04         2.3039749325942001e-04        -2.1365119992354922e-05         2.3719772943472093e-05
47                                    -3.4208300460277232e-05        -4.1601332668160756e-01        -1.9911734972514993e-03        -1.4697649959523756e-01         4.3275381509068724e-04         2.3165997915734014e-04        -2.5874060519165020e-05         3.3941891487159978e-05
48                                     1.7381818339278897e-04         1.3100217539341441e-01         8.7567845206370056e-04         7.5047954500850844e-01        -3.1919804701467207e-03        -6.5100718712544122e-04        -5.5403824058337079e-04        -1.8878479599934757e-04
49                                     3.2423271150304884e-05         3.2014394708789362e-02         1.9554674165995470e-04         1.2753723087462374e-01        -5.4056168284229611e-04        -1.0357243404593971e-04        -8.8844874395475342e-05        -2.8181354992702863e-05
50                                     3.0687012877545689e-05         3.2418258023858407e-02         2.0051174965018294e-04         1.6956781328712683e-01        -7.1588155312434486e-04        -1.6819805188494100e-04        -1.5847676910896196e-04        -8.4973945443443303e-05
51                                    -9.4440619853942612e-05         7.3208474190583239e-02         2.2943605595302890e-04         9.5779849256703777e-04         7.1734878690678082e-05        -2.8543639119264346e-04        -1.2339165904178080e-04        -7.1398212757697009e-04
52                                     8.6260816670583404e-05        -8.1232905690006713e-02        -2.8444844799737067e-04         5.9518868611610726e-04        -8.3597452365242778e-05         3.0117699265814818e-04         7.4401862469662699e-05         6.5208964206135353e-04
53                                     8.5044680869864145e-05        -8.5362217433080201e-02        -3.0317411532483304e-04        -7.6346920896230180e-04        -8.3261832420664490e-05         3.0442897719345840e-04         5.4407969539422307e-05         6.7433291390512013e-04
54                                    -3.7349567157832699e-05        -2.7960462391911581e-02        -1.5107831358820176e-04         1.1405847828621968e-02        -1.0415152827660021e-04        -8.1814517821259477e-05        -1.5761918461743561e-04        -3.3159034573989639e-04
55                                    -1.2197416346764550e-04        -1.4308695671151581e-01        -7.6574742048717828e-04         5.2450203247765642e-02        -4.0896394236874346e-04        -1.6493642113854225e-04        -5.6745605263172313e-04        -2.9669826400261401e-04
56                                     2.5193179411364326e-05         3.3210931468324344e-02         1.7413414235976929e-04        -1.3098056631534873e-02         9.4420843459381312e-05         2.3612518422087204e-05         1.0653726165954841e-04         1.5865742477876610e-05
57                                    -1.3882344888248533e-03        -4.3827830135178397e-05        -2.5410423887034950e-04         7.3657410959073212e-05         5.9254790707363387e-03         8.5901504202874276e-04         4.4960551874607450e-02        -2.0040884470873318e-02
58                                     2.9530159596025558e-04         7.5588079349856301e-06         2.1216287821559056e-04        -2.1424387602279767e-05        -2.8779956964776459e-03        -4.4830189677639058e-04        -1.9314266750020744e-02        -1.7902391191337332e-04
59                                    -1.4254596513379623e-02        -1.6883100366410229e-04        -2.3237126755880628e-03         6.2653023431082880e-04         8.1681378027480225e-02         1.0879985950774303e-02         5.5553661008967359e-01        -1.2962663953051176e-01
60                                     1.0008245972412053e-03         2.1128780056763841e-04         1.5869824778782496e-03        -1.6845844534956660e-04        -2.1111243110983367e-02        -6.0104543997031006e-03        -2.7050763688345686e-01         7.5533006280406123e-01
61                                    -1.3497525268913322e-04        -2.8810764437145583e-05        -1.3490962833378847e-05         3.5508759281066731e-05        -9.6674877344683384e-04         9.5271494305852289e-05         1.4530948111304816e-02        -5.5154071152875662e-02
62                                    -3.4816969444555331e-04        -1.2824147168780049e-04        -7.0225966113753382e-04         9.7911646282680765e-05         7.4832989254408431e-03         2.5427977570629955e-03         1.0818840715121011e-01        -3.3061782175182169e-01
63                                    -6.6878902772860033e-03        -1.7557177451214555e-05        -1.1210506118544312e-03         5.6316127547160154e-04         5.9499896323846384e-02         7.4832922270689425e-03         3.8404372931144876e-01         2.4015538876480663e-01
64                                    -1.1398668445635158e-02        -2.7564259363565238e-05        -1.8721084020519459e-03         8.2784089323638735e-04         8.4387251251700129e-02         1.1309834406041750e-02         5.4524180821916901e-01         3.4868237277079528e-01
65                                    -3.2700953815941632e-03        -4.8017257326984607e-06        -5.3622931462530220e-04         2.9882510652775852e-04         3.0481313398857377e-02         3.7884103971478934e-03         1.9023868464310834e-01         1.3013132382587222e-01
66                                     7.6828506435677443e-02        -1.4585220032582643e-04         1.7002237672424586e-03         1.2178550591611190e-03         2.9652433773914327e-01         2.4344785235755808e-02        -3.5630048027225115e-02        -4.4975483828335527e-03
67                                    -4.7434667460556433e-02         9.3749434618572983e-05        -1.5269113095325666e-03        -7.5563063655635664e-04        -1.8272634553047590e-01        -1.3490097343280395e-02         2.1777395008452216e-02         2.7442389594642242e-03
68                                    -5.3311483890121289e-02         9.8750480806274760e-05        -1.1502700660759445e-03        -8.3098134425983326e-04        -2.0182117486582057e-01        -1.6544385782841054e-02         2.4691760204023489e-02         2.6247059864512061e-03
69                                     2.6209103470570008e-02        -1.8252680614231061e-04         1.9247004717085582e-03         1.5975539284896114e-03         3.7507775853074748e-01         2.2489581522561992e-02        -7.7102487992869409e-02        -1.3693595193716403e-02
70                                    -2.7449184184495833e-02         1.8633896140616692e-04        -1.7298524692438845e-03        -1.6621161027320294e-03        -3.9020213056914205e-01        -2.3524579937085583e-02         7.8564686805326939e-02         1.4865772131507232e-02
71                                     3.2776758752930429e-02        -2.3485021815702556e-04         2.5434016196376318e-03         2.0655231530226081e-03         4.8483291400292799e-01         2.8528308650693751e-02        -9.5094541886930645e-02        -1.7389711233851069e-02
72                                     4.8548896166811872e-01         6.5780744939555121e-05        -1.2134135537988085e-03        -4.2762203754346948e-04        -6.7844019286708079e-02        -5.0603635429741331e-04         1.5094457963795237e-02         1.5955695936022635e-03
73                                     5.3711813377684092e-01         6.8918078369062182e-05        -1.2623813506738772e-03        -4.5358310502084160e-04        -7.0411751497543557e-02        -3.6915831309726455e-04         1.7114789276072306e-02         1.8697881888955488e-03
74                                    -3.1375603585938266e-01        -4.1525860678527295e-05         7.7375746560012001e-04         2.6022530463310249e-04         4.0661153755663114e-02         3.9895809208546619e-04        -9.4479087225204338e-03        -1.0421160529928708e-03
75                                    -1.5536204564707887e-01        -1.1874972615369068e-04         2.8243108842447959e-03         8.1372219336940492e-04         1.7633235871725636e-01         6.9522294897264624e-03        -5.7765733644393608e-03         8.3917795241942651e-04
76                                     1.5138267285806631e-01         1.2356972288329575e-04        -3.0540851758486267e-03        -8.3478520379486759e-04        -1.8121253014314631e-01        -6.7117936097066139e-03         5.5345788990039833e-03        -9.3073218661290805e-04
77                                    -1.8127070841724433e-01        -1.5239753697567500e-04         3.6025843201286782e-03         1.0414121054777810e-03         2.2665218116361813e-01         9.0441662377033927e-03        -7.6013732628356159e-03         7.4851587811079160e-04
78                                     3.0790765908237172e-01        -8.1631280418584083e-05         1.7111648366421096e-03         7.2118559480826769e-04         1.7365927671678288e-01         9.8383391765366271e-03         1.2548124452080041e-02         5.7844150539573093e-03
79                                    -2.1169860248802086e-01         5.4079478589187881e-05        -1.0770711905383594e-03        -4.7344056933328065e-04        -1.1472132580614364e-01        -6.8121149653214775e-03        -8.3823439583106934e-03        -3.8377804924479226e-03
80                                    -2.0143003949860727e-01         5.7795255871996637e-05        -1.1834711863411211e-03        -4.9980547261624299e-04        -1.2042164950538065e-01        -6.8873510078522665e-03        -9.0157241985957901e-03        -4.3159623424581309e-03
81                                     3.1582612953978142e-03         7.1993524463687206e-04        -1.1631001751597532e-01         2.1416299002225520e-04        -1.2415265269216491e-02         4.1917791368793883e-01        -5.2824641880049907e-03         1.0555108005453858e-03
82                                     9.8671042241346664e-04         1.8668362967274652e-04        -2.9905639166798181e-02         5.0772036359714509e-05        -4.9956022911997779e-03         1.1005475004164711e-01        -1.2229431961458027e-03         2.5030129305718846e-04
83                                     1.0370454631024675e-03         2.0678272053561273e-04        -3.2977862580349307e-02         6.7455289995918714e-05        -3.4358359688703910e-03         1.2628982203443934e-01        -1.6256270214865570e-03         2.5939015751948695e-04
84                                    -2.4359770825629124e-03         8.3808491323731195e-04        -1.5293015968053711e-01         2.1797749475482365e-04        -1.7655097656191967e-02         3.1942326332031346e-01        -4.7944423436018044e-03         6.5571339912551263e-04
85                                    -1.9993126096925625e-03         6.7668741553968397e-04        -1.2380819424094978e-01         1.7621629244640412e-04        -1.3901112014799905e-02         2.5617724344937198e-01        -3.7482869307599869e-03         7.9077683003533461e-04
86                                     4.2690976818480029e-03        -1.3954332449806731e-03         2.5515309018452631e-01        -3.5516864683029397e-04         3.0079442928775339e-02        -5.3118467357007892e-01         7.7010937337218576e-03        -1.3545619808340795e-03
87                                    -6.0897022647006136e-03        -2.2722978989545947e-03         5.3936443882216134e-01        -3.7268986407915577e-05        -3.3498747573967549e-02         3.6963462829620636e-01        -1.1052786803384172e-03         2.4221380862853896e-04
88                                    -1.6261994198945688e-03        -6.6160145508076273e-04         1.5621555635086237e-01        -1.4036396642617794e-05        -9.1690369991123538e-03         1.0516681952873920e-01        -3.2038504345104334e-04         9.4596181617353589e-05
89                                    -1.7883880583466321e-03        -6.0640657459788607e-04         1.4447953666551039e-01        -1.0097604356605034e-05        -9.3761523949456981e-03         1.0393836840231589e-01        -3.1316620977131428e-04         1.0870023495928406e-04
90                                     2.5200322555683518e-03        -1.4838299782491229e-03         3.2198162393099494e-01        -1.2463339299461184e-04        -8.7853242321649495e-04         4.5233441412135304e-02         5.5552771433857169e-04        -9.9944190608301675e-05
91                                    -4.0653482980729377e-03         2.4991778351612414e-03        -5.4344906753196331e-01         2.0648546358825357e-04         2.0484296002248122e-03        -8.1494980537707595e-02        -9.4390822426747550e-04         2.1699308041205900e-04
92                                     1.2346171953430205e-03        -8.5526341444841188e-04         1.8602969687582444e-01        -6.8941020732067704e-05        -9.8635328102449809e-04         2.9149600911049893e-02         2.2760505423734270e-04        -2.7388547907075212e-05
93                                    -4.5386914026590624e-03         3.2133966821410890e-04        -4.9324518280931484e-02         6.3089346749326320e-05        -1.5425721330729022e-02         1.1809241378366979e-01        -3.8156808120038191e-04         1.8956985576542074e-04
94                                    -3.7733263577725534e-03         2.1433124186054112e-04        -2.9289026331107079e-02         4.8468196462099326e-05        -1.3074014023907560e-02         9.9935320533432043e-02        -2.8245585132048717e-04         1.2144273223235489e-04
95                                     7.9225678853184368e-03        -4.8433416927746119e-04         6.8375557528793457e-02        -1.0897335327805212e-04         2.7331157509919667e-02        -2.1527903559745451e-01         7.3322206770387512e-04        -3.1392940620587483e-04
                              

0                             
1                             
2                             
3                             
4                             
5                             
6                             
7                             
8                             
9                             
10                            
11                            
12                            
13                            
14                            
15                            
16                            
17                            
18                            
19                            
20                            
21                            
22                            
23                            
24                            
25                            
26                            
27                            
28                            
29                            
30                            
31                            
32                            
33                            
34                            
35                            
36                            
37                            
38                            
39                            
40                            
41                            
42                            
43                            
44                            
45                            
46                            
47                            
48                            
49                            
50                            
51                            
52                            
53                            
54                            
55                            
56                            
57                            
58                            
59                            
60                            
61                            
62                            
63                            
64                            
65                            
66                            
67                            
68                            
69                            
70                            
71                            
72                            
73                            
74                            
75                            
76                            
77                            
78                            
79                            
80                            
81                            
82                            
83                            
84                            
85                            
86                            
87                            
88                            
89                            
90                            
91                            
92                            
93                            
94                            
95                            
$End
$Calculation_Info
   &GeometryIndex 15
   &Mult [&Type "Integer"] 1
   &Charge [&Type "Integer"] 0
   &NumOfAtoms [&Type "Integer"] 32
   &NumOfElectrons [&Type "Integer"] 120
   &NumOfBasisFuncts [&Type "Integer"] 290
   &NumOfAuxCBasisFuncts [&Type "Integer"] 0
   &NumOfAuxJBasisFuncts [&Type "Integer"] 886
   &NumOfAuxJKBasisFuncts [&Type "Integer"] 0
   &NumOfCABSBasisFuncts [&Type "Integer"] 0
$End
$Calculation_Timings
   &GeometryIndex 15
   &GTOINT [&Type "Double"]       6.0527839000000341e+01
   &SCF [&Type "Double"]       7.7813885899999991e+02
   &SCFGRAD [&Type "Double"]       2.1066026200000002e+02
   &GSTEP [&Type "Double"]       1.5171849999998348e+00
   &PROPINT [&Type "Double"]       1.1987704600000018e+02
   &RESPONSE [&Type "Double"]       2.1915843399999994e+02
   &PROP [&Type "Double"]       1.6230662499999994e+02
   &SUM [&Type "Double"]       1.5521862500000004e+03
$End
